#
# A fatal error has been detected by the Java Runtime Environment:
#
#  EXCEPTION_ACCESS_VIOLATION (0xc0000005) at pc=0x00007ff857b7028b, pid=10180, tid=15540
#
# JRE version: OpenJDK Runtime Environment Microsoft-11926163 (17.0.16+8) (build 17.0.16+8-LTS)
# Java VM: OpenJDK 64-Bit Server VM Microsoft-11926163 (17.0.16+8-LTS, mixed mode, sharing, tiered, compressed oops, compressed class ptrs, g1 gc, windows-amd64)
# Problematic frame:
# V  [jvm.dll+0x76028b]
#
# No core dump will be written. Minidumps are not enabled by default on client versions of Windows
#
# If you would like to submit a bug report, please visit:
#   https://github.com/microsoft/openjdk/issues
#

---------------  S U M M A R Y ------------

Command Line: --add-opens=java.base/java.lang=ALL-UNNAMED --add-opens=java.base/java.lang.invoke=ALL-UNNAMED --add-opens=java.base/java.util=ALL-UNNAMED --add-opens=java.prefs/java.util.prefs=ALL-UNNAMED --add-exports=jdk.compiler/com.sun.tools.javac.api=ALL-UNNAMED --add-exports=jdk.compiler/com.sun.tools.javac.util=ALL-UNNAMED --add-opens=java.base/java.util=ALL-UNNAMED --add-opens=java.prefs/java.util.prefs=ALL-UNNAMED --add-opens=java.base/java.nio.charset=ALL-UNNAMED --add-opens=java.base/java.net=ALL-UNNAMED --add-opens=java.base/java.util.concurrent.atomic=ALL-UNNAMED --add-opens=java.xml/javax.xml.namespace=ALL-UNNAMED -Xmx2048m -Dfile.encoding=UTF-8 -Duser.country=IN -Duser.language=en -Duser.variant -javaagent:C:\Users\HP\.gradle\wrapper\dists\gradle-8.13-bin\5xuhj0ry160q40clulazy9h7d\gradle-8.13\lib\agents\gradle-instrumentation-agent-8.13.jar org.gradle.launcher.daemon.bootstrap.GradleDaemon 8.13

Host: Intel(R) Core(TM) i5-6400 CPU @ 2.70GHz, 4 cores, 7G,  Windows 11 , 64 bit Build 26100 (10.0.26100.7309)
Time: Sat Dec 13 11:50:52 2025 India Standard Time elapsed time: 4881.547267 seconds (0d 1h 21m 21s)

---------------  T H R E A D  ---------------

Current thread (0x000002697ac74c40):  JavaThread "Daemon worker Thread 15" [_thread_in_vm, id=15540, stack(0x000000fdbfe00000,0x000000fdbff00000)]

Stack: [0x000000fdbfe00000,0x000000fdbff00000],  sp=0x000000fdbfefa1c0,  free space=1000k
Native frames: (J=compiled Java code, j=interpreted, Vv=VM code, C=native code)
V  [jvm.dll+0x76028b]
V  [jvm.dll+0x2d2a43]
V  [jvm.dll+0x391220]
V  [jvm.dll+0x390a1c]
C  0x00000269103fa919

The last pc belongs to invokeinterface (printed below).
Java frames: (J=compiled Java code, j=interpreted, Vv=VM code)
j  org.gradle.kotlin.dsl.accessors.ProjectSchema.map(Lkotlin/jvm/functions/Function1;)Lorg/gradle/kotlin/dsl/accessors/ProjectSchema;+91
j  org.gradle.kotlin.dsl.provider.plugins.DefaultProjectSchemaProvider.schemaFor(Ljava/lang/Object;Lorg/gradle/api/internal/initialization/ClassLoaderScope;)Lorg/gradle/kotlin/dsl/accessors/ProjectSchema;+207
j  org.gradle.kotlin.dsl.accessors.ProjectAccessorsClassPathGenerator.configuredProjectSchemaOf(Ljava/lang/Object;Lorg/gradle/api/internal/initialization/ClassLoaderScope;)Lorg/gradle/kotlin/dsl/accessors/ProjectSchema;+32
j  org.gradle.kotlin.dsl.accessors.ProjectAccessorsClassPathGenerator.buildAccessorsClassPathFor(Ljava/lang/Object;Lorg/gradle/internal/classpath/ClassPath;)Lorg/gradle/kotlin/dsl/accessors/AccessorsClassPath;+19
j  org.gradle.kotlin.dsl.accessors.ProjectAccessorsClassPathGenerator.access$buildAccessorsClassPathFor(Lorg/gradle/kotlin/dsl/accessors/ProjectAccessorsClassPathGenerator;Ljava/lang/Object;Lorg/gradle/internal/classpath/ClassPath;)Lorg/gradle/kotlin/dsl/accessors/AccessorsClassPath;+3
j  org.gradle.kotlin.dsl.accessors.ProjectAccessorsClassPathGenerator.projectAccessorsClassPath(Lorg/gradle/api/plugins/ExtensionAware;Lorg/gradle/internal/classpath/ClassPath;)Lorg/gradle/kotlin/dsl/accessors/AccessorsClassPath;+77
j  org.gradle.kotlin.dsl.provider.StandardKotlinScriptEvaluator$InterpreterHost.accessorsClassPathFor(Lorg/gradle/kotlin/dsl/support/KotlinScriptHost;)Lorg/gradle/internal/classpath/ClassPath;+51
j  org.gradle.kotlin.dsl.execution.Interpreter$ProgramHost.accessorsClassPathFor(Lorg/gradle/kotlin/dsl/support/KotlinScriptHost;)Lorg/gradle/internal/classpath/ClassPath;+14
j  Program.execute(Lorg/gradle/kotlin/dsl/execution/ExecutableProgram$Host;Lorg/gradle/kotlin/dsl/support/KotlinScriptHost;)V+176
j  org.gradle.kotlin.dsl.execution.Interpreter$ProgramHost.eval(Lorg/gradle/kotlin/dsl/execution/CompiledScript;Lorg/gradle/kotlin/dsl/support/KotlinScriptHost;)V+88
j  org.gradle.kotlin.dsl.execution.Interpreter.eval(Ljava/lang/Object;Lorg/gradle/groovy/scripts/ScriptSource;Lorg/gradle/internal/hash/HashCode;Lorg/gradle/api/initialization/dsl/ScriptHandler;Lorg/gradle/api/internal/initialization/ClassLoaderScope;Lorg/gradle/api/internal/initialization/ClassLoaderScope;ZLjava/util/EnumSet;)V+171
j  org.gradle.kotlin.dsl.provider.StandardKotlinScriptEvaluator.evaluate(Ljava/lang/Object;Lorg/gradle/groovy/scripts/ScriptSource;Lorg/gradle/api/initialization/dsl/ScriptHandler;Lorg/gradle/api/internal/initialization/ClassLoaderScope;Lorg/gradle/api/internal/initialization/ClassLoaderScope;ZLjava/util/EnumSet;)V+163
j  org.gradle.kotlin.dsl.provider.KotlinScriptPluginFactory$create$1.invoke(Ljava/lang/Object;)V+72
j  org.gradle.kotlin.dsl.provider.KotlinScriptPluginFactory$create$1.invoke(Ljava/lang/Object;)Ljava/lang/Object;+2
j  org.gradle.kotlin.dsl.provider.KotlinScriptPlugin.apply(Ljava/lang/Object;)V+22
j  org.gradle.configuration.BuildOperationScriptPlugin$1.run(Lorg/gradle/internal/operations/BuildOperationContext;)V+11
J 29369 c2 org.gradle.internal.operations.DefaultBuildOperationRunner$1.execute(Lorg/gradle/internal/operations/BuildOperation;Lorg/gradle/internal/operations/BuildOperationContext;)V (10 bytes) @ 0x0000026911bfa374 [0x0000026911bf97a0+0x0000000000000bd4]
J 31625 c2 org.gradle.internal.operations.DefaultBuildOperationRunner.execute(Lorg/gradle/internal/operations/BuildOperationDescriptor$Builder;Lorg/gradle/internal/operations/BuildOperationState;Lorg/gradle/internal/operations/DefaultBuildOperationRunner$BuildOperationExecution;)Ljava/lang/Object; (147 bytes) @ 0x0000026911e83048 [0x0000026911e82820+0x0000000000000828]
J 29849 c2 org.gradle.internal.operations.DefaultBuildOperationRunner.run(Lorg/gradle/internal/operations/RunnableBuildOperation;)V (13 bytes) @ 0x0000026911c90a5c [0x0000026911c908c0+0x000000000000019c]
j  org.gradle.configuration.BuildOperationScriptPlugin.lambda$apply$0(Ljava/lang/Object;Lorg/gradle/internal/code/UserCodeApplicationId;)V+14
j  org.gradle.configuration.BuildOperationScriptPlugin$$Lambda$438+0x00000269203f4748.execute(Ljava/lang/Object;)V+12
J 51086 c1 org.gradle.internal.code.DefaultUserCodeApplicationContext.apply(Lorg/gradle/internal/code/UserCodeSource;Lorg/gradle/api/Action;)V (67 bytes) @ 0x0000026909982a9c [0x0000026909982460+0x000000000000063c]
j  org.gradle.configuration.BuildOperationScriptPlugin.apply(Ljava/lang/Object;)V+71
j  org.gradle.initialization.ScriptEvaluatingSettingsProcessor.applySettingsScript(Lorg/gradle/groovy/scripts/TextResourceScriptSource;Lorg/gradle/api/internal/SettingsInternal;)V+32
j  org.gradle.initialization.ScriptEvaluatingSettingsProcessor.process(Lorg/gradle/api/internal/GradleInternal;Lorg/gradle/initialization/SettingsLocation;Lorg/gradle/api/internal/initialization/ClassLoaderScope;Lorg/gradle/StartParameter;)Lorg/gradle/initialization/SettingsState;+90
j  org.gradle.initialization.SettingsEvaluatedCallbackFiringSettingsProcessor.process(Lorg/gradle/api/internal/GradleInternal;Lorg/gradle/initialization/SettingsLocation;Lorg/gradle/api/internal/initialization/ClassLoaderScope;Lorg/gradle/StartParameter;)Lorg/gradle/initialization/SettingsState;+9
j  org.gradle.initialization.RootBuildCacheControllerSettingsProcessor.process(Lorg/gradle/api/internal/GradleInternal;Lorg/gradle/initialization/SettingsLocation;Lorg/gradle/api/internal/initialization/ClassLoaderScope;Lorg/gradle/StartParameter;)Lorg/gradle/initialization/SettingsState;+9
j  org.gradle.initialization.BuildOperationSettingsProcessor$2.call(Lorg/gradle/internal/operations/BuildOperationContext;)Lorg/gradle/initialization/SettingsState;+23
j  org.gradle.initialization.BuildOperationSettingsProcessor$2.call(Lorg/gradle/internal/operations/BuildOperationContext;)Ljava/lang/Object;+2
J 29229 c2 org.gradle.internal.operations.DefaultBuildOperationRunner$CallableBuildOperationWorker.execute(Lorg/gradle/internal/operations/BuildOperation;Lorg/gradle/internal/operations/BuildOperationContext;)V (10 bytes) @ 0x0000026911bad210 [0x0000026911bad1a0+0x0000000000000070]
J 31625 c2 org.gradle.internal.operations.DefaultBuildOperationRunner.execute(Lorg/gradle/internal/operations/BuildOperationDescriptor$Builder;Lorg/gradle/internal/operations/BuildOperationState;Lorg/gradle/internal/operations/DefaultBuildOperationRunner$BuildOperationExecution;)Ljava/lang/Object; (147 bytes) @ 0x0000026911e83048 [0x0000026911e82820+0x0000000000000828]
J 29230 c2 org.gradle.internal.operations.DefaultBuildOperationRunner.call(Lorg/gradle/internal/operations/CallableBuildOperation;)Ljava/lang/Object; (24 bytes) @ 0x0000026911bad8b8 [0x0000026911bad6c0+0x00000000000001f8]
j  org.gradle.initialization.BuildOperationSettingsProcessor.process(Lorg/gradle/api/internal/GradleInternal;Lorg/gradle/initialization/SettingsLocation;Lorg/gradle/api/internal/initialization/ClassLoaderScope;Lorg/gradle/StartParameter;)Lorg/gradle/initialization/SettingsState;+17
j  org.gradle.initialization.DefaultSettingsLoader.findSettingsAndLoadIfAppropriate(Lorg/gradle/api/internal/GradleInternal;Lorg/gradle/StartParameter;Lorg/gradle/initialization/SettingsLocation;Lorg/gradle/api/internal/initialization/ClassLoaderScope;)Lorg/gradle/initialization/SettingsState;+9
j  org.gradle.initialization.DefaultSettingsLoader.findAndLoadSettings(Lorg/gradle/api/internal/GradleInternal;)Lorg/gradle/initialization/SettingsState;+103
j  org.gradle.initialization.SettingsAttachingSettingsLoader.findAndLoadSettings(Lorg/gradle/api/internal/GradleInternal;)Lorg/gradle/initialization/SettingsState;+5
j  org.gradle.internal.composite.CommandLineIncludedBuildSettingsLoader.findAndLoadSettings(Lorg/gradle/api/internal/GradleInternal;)Lorg/gradle/initialization/SettingsState;+5
j  org.gradle.internal.composite.ChildBuildRegisteringSettingsLoader.findAndLoadSettings(Lorg/gradle/api/internal/GradleInternal;)Lorg/gradle/initialization/SettingsState;+5
j  org.gradle.internal.composite.CompositeBuildSettingsLoader.findAndLoadSettings(Lorg/gradle/api/internal/GradleInternal;)Lorg/gradle/initialization/SettingsState;+5
j  org.gradle.initialization.InitScriptHandlingSettingsLoader.findAndLoadSettings(Lorg/gradle/api/internal/GradleInternal;)Lorg/gradle/initialization/SettingsState;+13
j  org.gradle.api.internal.initialization.CacheConfigurationsHandlingSettingsLoader.findAndLoadSettings(Lorg/gradle/api/internal/GradleInternal;)Lorg/gradle/initialization/SettingsState;+15
j  org.gradle.initialization.GradlePropertiesHandlingSettingsLoader.findAndLoadSettings(Lorg/gradle/api/internal/GradleInternal;)Lorg/gradle/initialization/SettingsState;+40
j  org.gradle.initialization.DefaultSettingsPreparer.prepareSettings(Lorg/gradle/api/internal/GradleInternal;)V+33
j  org.gradle.initialization.BuildOperationFiringSettingsPreparer$LoadBuild.doLoadBuild()V+11
j  org.gradle.initialization.BuildOperationFiringSettingsPreparer$LoadBuild.run(Lorg/gradle/internal/operations/BuildOperationContext;)V+1
J 29369 c2 org.gradle.internal.operations.DefaultBuildOperationRunner$1.execute(Lorg/gradle/internal/operations/BuildOperation;Lorg/gradle/internal/operations/BuildOperationContext;)V (10 bytes) @ 0x0000026911bfa374 [0x0000026911bf97a0+0x0000000000000bd4]
J 31625 c2 org.gradle.internal.operations.DefaultBuildOperationRunner.execute(Lorg/gradle/internal/operations/BuildOperationDescriptor$Builder;Lorg/gradle/internal/operations/BuildOperationState;Lorg/gradle/internal/operations/DefaultBuildOperationRunner$BuildOperationExecution;)Ljava/lang/Object; (147 bytes) @ 0x0000026911e83048 [0x0000026911e82820+0x0000000000000828]
J 29849 c2 org.gradle.internal.operations.DefaultBuildOperationRunner.run(Lorg/gradle/internal/operations/RunnableBuildOperation;)V (13 bytes) @ 0x0000026911c90a5c [0x0000026911c908c0+0x000000000000019c]
j  org.gradle.initialization.BuildOperationFiringSettingsPreparer.prepareSettings(Lorg/gradle/api/internal/GradleInternal;)V+31
j  org.gradle.initialization.VintageBuildModelController.lambda$prepareSettings$1()V+8
j  org.gradle.initialization.VintageBuildModelController$$Lambda$416+0x00000269203cd3a8.run()V+4
j  org.gradle.internal.model.StateTransitionController.lambda$doTransition$14(Ljava/lang/Runnable;)Lorg/gradle/internal/build/ExecutionResult;+1
j  org.gradle.internal.model.StateTransitionController$$Lambda$418+0x00000269203cd7e8.get()Ljava/lang/Object;+4
j  org.gradle.internal.model.StateTransitionController.doTransition(Lorg/gradle/internal/model/StateTransitionController$State;Lorg/gradle/internal/model/StateTransitionController$State;Ljava/util/function/Supplier;)Lorg/gradle/internal/build/ExecutionResult;+24
J 23390 c1 org.gradle.internal.model.StateTransitionController$$Lambda$417+0x00000269203cd5c8.run()V (20 bytes) @ 0x000002690bb014f4 [0x000002690bb00e60+0x0000000000000694]
J 23201 c1 org.gradle.internal.model.StateTransitionController.transitionIfNotPreviously(Lorg/gradle/internal/model/StateTransitionController$State;Lorg/gradle/internal/model/StateTransitionController$State;Ljava/lang/Runnable;)V (19 bytes) @ 0x000002690baa8a24 [0x000002690baa83a0+0x0000000000000684]
J 23388 c1 org.gradle.initialization.VintageBuildModelController.prepareSettings()V (20 bytes) @ 0x000002690bb03304 [0x000002690bb02ea0+0x0000000000000464]
j  org.gradle.initialization.VintageBuildModelController.prepareToScheduleTasks()V+1
j  org.gradle.internal.build.DefaultBuildLifecycleController.lambda$prepareToScheduleTasks$6()V+9
j  org.gradle.internal.build.DefaultBuildLifecycleController$$Lambda$2716+0x00000269213563a8.run()V+4
j  org.gradle.internal.model.StateTransitionController.lambda$doTransition$14(Ljava/lang/Runnable;)Lorg/gradle/internal/build/ExecutionResult;+1
j  org.gradle.internal.model.StateTransitionController$$Lambda$418+0x00000269203cd7e8.get()Ljava/lang/Object;+4
j  org.gradle.internal.model.StateTransitionController.doTransition(Lorg/gradle/internal/model/StateTransitionController$State;Lorg/gradle/internal/model/StateTransitionController$State;Ljava/util/function/Supplier;)Lorg/gradle/internal/build/ExecutionResult;+24
j  org.gradle.internal.model.StateTransitionController.doTransition(Lorg/gradle/internal/model/StateTransitionController$State;Lorg/gradle/internal/model/StateTransitionController$State;Ljava/lang/Runnable;)V+9
j  org.gradle.internal.model.StateTransitionController.lambda$maybeTransition$9(Lorg/gradle/internal/model/StateTransitionController$State;Lorg/gradle/internal/model/StateTransitionController$State;Ljava/lang/Runnable;)V+16
j  org.gradle.internal.model.StateTransitionController$$Lambda$2717+0x00000269213565c8.run()V+16
J 19178 c1 org.gradle.internal.work.DefaultSynchronizer.withLock(Ljava/lang/Runnable;)V (28 bytes) @ 0x000002690b18023c [0x000002690b180100+0x000000000000013c]
j  org.gradle.internal.model.StateTransitionController.maybeTransition(Lorg/gradle/internal/model/StateTransitionController$State;Lorg/gradle/internal/model/StateTransitionController$State;Ljava/lang/Runnable;)V+13
j  org.gradle.internal.build.DefaultBuildLifecycleController.prepareToScheduleTasks()V+16
j  org.gradle.internal.buildtree.DefaultBuildTreeWorkPreparer.scheduleRequestedTasks(Lorg/gradle/internal/buildtree/BuildTreeWorkGraph;Lorg/gradle/execution/EntryTaskSelector;)Lorg/gradle/internal/buildtree/BuildTreeWorkGraph$FinalizedGraph;+4
j  org.gradle.internal.cc.impl.VintageBuildTreeWorkController$scheduleAndRunRequestedTasks$1.apply(Lorg/gradle/internal/buildtree/BuildTreeWorkGraph;)Lorg/gradle/internal/build/ExecutionResult;+18
j  org.gradle.internal.cc.impl.VintageBuildTreeWorkController$scheduleAndRunRequestedTasks$1.apply(Ljava/lang/Object;)Ljava/lang/Object;+5
j  org.gradle.composite.internal.DefaultIncludedBuildTaskGraph.withNewWorkGraph(Ljava/util/function/Function;)Ljava/lang/Object;+30
j  org.gradle.internal.cc.impl.VintageBuildTreeWorkController.scheduleAndRunRequestedTasks(Lorg/gradle/execution/EntryTaskSelector;)Lorg/gradle/internal/build/ExecutionResult;+16
j  org.gradle.internal.buildtree.DefaultBuildTreeLifecycleController.lambda$scheduleAndRunTasks$1(Lorg/gradle/execution/EntryTaskSelector;)Lorg/gradle/internal/build/ExecutionResult;+5
j  org.gradle.internal.buildtree.DefaultBuildTreeLifecycleController$$Lambda$3274+0x00000269217a6bc8.get()Ljava/lang/Object;+8
j  org.gradle.internal.buildtree.DefaultBuildTreeLifecycleController.lambda$runBuild$4(Ljava/util/function/Supplier;)Ljava/lang/Object;+1
j  org.gradle.internal.buildtree.DefaultBuildTreeLifecycleController$$Lambda$386+0x000002692037f5c0.get()Ljava/lang/Object;+8
j  org.gradle.internal.model.StateTransitionController.lambda$transition$6(Ljava/util/function/Supplier;)Lorg/gradle/internal/build/ExecutionResult;+1
j  org.gradle.internal.model.StateTransitionController$$Lambda$388+0x000002692037fa00.get()Ljava/lang/Object;+4
j  org.gradle.internal.model.StateTransitionController.doTransition(Lorg/gradle/internal/model/StateTransitionController$State;Lorg/gradle/internal/model/StateTransitionController$State;Ljava/util/function/Supplier;)Lorg/gradle/internal/build/ExecutionResult;+24
j  org.gradle.internal.model.StateTransitionController.lambda$transition$7(Lorg/gradle/internal/model/StateTransitionController$State;Lorg/gradle/internal/model/StateTransitionController$State;Ljava/util/function/Supplier;)Ljava/lang/Object;+9
j  org.gradle.internal.model.StateTransitionController$$Lambda$387+0x000002692037f7e0.create()Ljava/lang/Object;+16
J 23363 c1 org.gradle.internal.work.DefaultSynchronizer.withLock(Lorg/gradle/internal/Factory;)Ljava/lang/Object; (29 bytes) @ 0x000002690baf013c [0x000002690baf0000+0x000000000000013c]
j  org.gradle.internal.model.StateTransitionController.transition(Lorg/gradle/internal/model/StateTransitionController$State;Lorg/gradle/internal/model/StateTransitionController$State;Ljava/util/function/Supplier;)Ljava/lang/Object;+13
j  org.gradle.internal.buildtree.DefaultBuildTreeLifecycleController.runBuild(Ljava/util/function/Supplier;)Ljava/lang/Object;+17
j  org.gradle.internal.buildtree.DefaultBuildTreeLifecycleController.scheduleAndRunTasks(Lorg/gradle/execution/EntryTaskSelector;)V+8
j  org.gradle.internal.buildtree.DefaultBuildTreeLifecycleController.scheduleAndRunTasks()V+2
j  org.gradle.tooling.internal.provider.runner.BuildModelActionRunner.run(Lorg/gradle/internal/invocation/BuildAction;Lorg/gradle/internal/buildtree/BuildTreeLifecycleController;)Lorg/gradle/internal/buildtree/BuildActionRunner$Result;+65
j  org.gradle.launcher.exec.ChainingBuildActionRunner.run(Lorg/gradle/internal/invocation/BuildAction;Lorg/gradle/internal/buildtree/BuildTreeLifecycleController;)Lorg/gradle/internal/buildtree/BuildActionRunner$Result;+34
j  org.gradle.internal.buildtree.ProblemReportingBuildActionRunner.run(Lorg/gradle/internal/invocation/BuildAction;Lorg/gradle/internal/buildtree/BuildTreeLifecycleController;)Lorg/gradle/internal/buildtree/BuildActionRunner$Result;+12
j  org.gradle.launcher.exec.BuildOutcomeReportingBuildActionRunner.run(Lorg/gradle/internal/invocation/BuildAction;Lorg/gradle/internal/buildtree/BuildTreeLifecycleController;)Lorg/gradle/internal/buildtree/BuildActionRunner$Result;+69
j  org.gradle.tooling.internal.provider.FileSystemWatchingBuildActionRunner.run(Lorg/gradle/internal/invocation/BuildAction;Lorg/gradle/internal/buildtree/BuildTreeLifecycleController;)Lorg/gradle/internal/buildtree/BuildActionRunner$Result;+317
j  org.gradle.launcher.exec.BuildCompletionNotifyingBuildActionRunner.run(Lorg/gradle/internal/invocation/BuildAction;Lorg/gradle/internal/buildtree/BuildTreeLifecycleController;)Lorg/gradle/internal/buildtree/BuildActionRunner$Result;+6
j  org.gradle.launcher.exec.RootBuildLifecycleBuildActionExecutor.lambda$execute$0(Lorg/gradle/internal/invocation/BuildAction;Lorg/gradle/internal/buildtree/BuildTreeLifecycleController;)Lorg/gradle/internal/buildtree/BuildActionRunner$Result;+6
j  org.gradle.launcher.exec.RootBuildLifecycleBuildActionExecutor$$Lambda$296+0x000002692034ef88.apply(Ljava/lang/Object;)Ljava/lang/Object;+12
j  org.gradle.composite.internal.DefaultRootBuildState.run(Ljava/util/function/Function;)Ljava/lang/Object;+87
j  org.gradle.launcher.exec.RootBuildLifecycleBuildActionExecutor.execute(Lorg/gradle/internal/invocation/BuildAction;Lorg/gradle/internal/buildtree/BuildTreeContext;)Lorg/gradle/internal/buildtree/BuildActionRunner$Result;+75
j  org.gradle.internal.buildtree.InitDeprecationLoggingActionExecutor.execute(Lorg/gradle/internal/invocation/BuildAction;Lorg/gradle/internal/buildtree/BuildTreeContext;)Lorg/gradle/internal/buildtree/BuildActionRunner$Result;+83
j  org.gradle.internal.buildtree.InitProblems.execute(Lorg/gradle/internal/invocation/BuildAction;Lorg/gradle/internal/buildtree/BuildTreeContext;)Lorg/gradle/internal/buildtree/BuildActionRunner$Result;+13
j  org.gradle.internal.buildtree.DefaultBuildTreeContext.execute(Lorg/gradle/internal/invocation/BuildAction;)Lorg/gradle/internal/buildtree/BuildActionRunner$Result;+64
j  org.gradle.launcher.exec.BuildTreeLifecycleBuildActionExecutor.lambda$execute$0(Lorg/gradle/internal/invocation/BuildAction;Lorg/gradle/internal/buildtree/BuildTreeContext;)Lorg/gradle/internal/buildtree/BuildActionRunner$Result;+2
j  org.gradle.launcher.exec.BuildTreeLifecycleBuildActionExecutor$$Lambda$243+0x0000026920299d00.apply(Ljava/lang/Object;)Ljava/lang/Object;+8
j  org.gradle.internal.buildtree.BuildTreeState.run(Ljava/util/function/Function;)Ljava/lang/Object;+47
j  org.gradle.launcher.exec.BuildTreeLifecycleBuildActionExecutor.execute(Lorg/gradle/internal/invocation/BuildAction;Lorg/gradle/internal/session/BuildSessionContext;)Lorg/gradle/internal/buildtree/BuildActionRunner$Result;+74
j  org.gradle.launcher.exec.RunAsBuildOperationBuildActionExecutor$2.call(Lorg/gradle/internal/operations/BuildOperationContext;)Lorg/gradle/internal/buildtree/BuildActionRunner$Result;+25
j  org.gradle.launcher.exec.RunAsBuildOperationBuildActionExecutor$2.call(Lorg/gradle/internal/operations/BuildOperationContext;)Ljava/lang/Object;+2
J 29229 c2 org.gradle.internal.operations.DefaultBuildOperationRunner$CallableBuildOperationWorker.execute(Lorg/gradle/internal/operations/BuildOperation;Lorg/gradle/internal/operations/BuildOperationContext;)V (10 bytes) @ 0x0000026911bad210 [0x0000026911bad1a0+0x0000000000000070]
J 31625 c2 org.gradle.internal.operations.DefaultBuildOperationRunner.execute(Lorg/gradle/internal/operations/BuildOperationDescriptor$Builder;Lorg/gradle/internal/operations/BuildOperationState;Lorg/gradle/internal/operations/DefaultBuildOperationRunner$BuildOperationExecution;)Ljava/lang/Object; (147 bytes) @ 0x0000026911e83048 [0x0000026911e82820+0x0000000000000828]
J 29230 c2 org.gradle.internal.operations.DefaultBuildOperationRunner.call(Lorg/gradle/internal/operations/CallableBuildOperation;)Ljava/lang/Object; (24 bytes) @ 0x0000026911bad8b8 [0x0000026911bad6c0+0x00000000000001f8]
j  org.gradle.launcher.exec.RunAsBuildOperationBuildActionExecutor.execute(Lorg/gradle/internal/invocation/BuildAction;Lorg/gradle/internal/session/BuildSessionContext;)Lorg/gradle/internal/buildtree/BuildActionRunner$Result;+23
j  org.gradle.launcher.exec.RunAsWorkerThreadBuildActionExecutor.lambda$execute$0(Lorg/gradle/internal/invocation/BuildAction;Lorg/gradle/internal/session/BuildSessionContext;)Lorg/gradle/internal/buildtree/BuildActionRunner$Result;+6
j  org.gradle.launcher.exec.RunAsWorkerThreadBuildActionExecutor$$Lambda$236+0x0000026920269838.create()Ljava/lang/Object;+12
J 34863 c1 org.gradle.internal.work.DefaultWorkerLeaseService.withLocks(Ljava/util/Collection;Lorg/gradle/internal/Factory;)Ljava/lang/Object; (53 bytes) @ 0x000002690cd26824 [0x000002690cd263c0+0x0000000000000464]
J 28243 c1 org.gradle.internal.work.DefaultWorkerLeaseService.runAsWorkerThread(Lorg/gradle/internal/Factory;)Ljava/lang/Object; (37 bytes) @ 0x000002690c51d074 [0x000002690c51cae0+0x0000000000000594]
j  org.gradle.launcher.exec.RunAsWorkerThreadBuildActionExecutor.execute(Lorg/gradle/internal/invocation/BuildAction;Lorg/gradle/internal/session/BuildSessionContext;)Lorg/gradle/internal/buildtree/BuildActionRunner$Result;+12
j  org.gradle.tooling.internal.provider.continuous.ContinuousBuildActionExecutor.execute(Lorg/gradle/internal/invocation/BuildAction;Lorg/gradle/internal/session/BuildSessionContext;)Lorg/gradle/internal/buildtree/BuildActionRunner$Result;+58
j  org.gradle.tooling.internal.provider.SubscribableBuildActionExecutor.execute(Lorg/gradle/internal/invocation/BuildAction;Lorg/gradle/internal/session/BuildSessionContext;)Lorg/gradle/internal/buildtree/BuildActionRunner$Result;+30
j  org.gradle.internal.session.DefaultBuildSessionContext.execute(Lorg/gradle/internal/invocation/BuildAction;)Lorg/gradle/internal/buildtree/BuildActionRunner$Result;+64
j  org.gradle.internal.buildprocess.execution.BuildSessionLifecycleBuildActionExecutor$ActionImpl.apply(Lorg/gradle/internal/session/BuildSessionContext;)Lorg/gradle/launcher/exec/BuildActionResult;+6
j  org.gradle.internal.buildprocess.execution.BuildSessionLifecycleBuildActionExecutor$ActionImpl.apply(Ljava/lang/Object;)Ljava/lang/Object;+5
j  org.gradle.internal.session.BuildSessionState.run(Ljava/util/function/Function;)Ljava/lang/Object;+5
j  org.gradle.internal.buildprocess.execution.BuildSessionLifecycleBuildActionExecutor.execute(Lorg/gradle/internal/invocation/BuildAction;Lorg/gradle/launcher/exec/BuildActionParameters;Lorg/gradle/initialization/BuildRequestContext;)Lorg/gradle/launcher/exec/BuildActionResult;+95
j  org.gradle.internal.buildprocess.execution.BuildSessionLifecycleBuildActionExecutor.execute(Lorg/gradle/internal/invocation/BuildAction;Ljava/lang/Object;Ljava/lang/Object;)Lorg/gradle/launcher/exec/BuildActionResult;+10
j  org.gradle.internal.buildprocess.execution.StartParamsValidatingActionExecutor.execute(Lorg/gradle/internal/invocation/BuildAction;Lorg/gradle/launcher/exec/BuildActionParameters;Lorg/gradle/initialization/BuildRequestContext;)Lorg/gradle/launcher/exec/BuildActionResult;+203
j  org.gradle.internal.buildprocess.execution.StartParamsValidatingActionExecutor.execute(Lorg/gradle/internal/invocation/BuildAction;Ljava/lang/Object;Ljava/lang/Object;)Lorg/gradle/launcher/exec/BuildActionResult;+10
j  org.gradle.internal.buildprocess.execution.SessionFailureReportingActionExecutor.execute(Lorg/gradle/internal/invocation/BuildAction;Lorg/gradle/launcher/exec/BuildActionParameters;Lorg/gradle/initialization/BuildRequestContext;)Lorg/gradle/launcher/exec/BuildActionResult;+7
j  org.gradle.internal.buildprocess.execution.SessionFailureReportingActionExecutor.execute(Lorg/gradle/internal/invocation/BuildAction;Ljava/lang/Object;Ljava/lang/Object;)Lorg/gradle/launcher/exec/BuildActionResult;+10
j  org.gradle.internal.buildprocess.execution.SetupLoggingActionExecutor.execute(Lorg/gradle/internal/invocation/BuildAction;Lorg/gradle/launcher/exec/BuildActionParameters;Lorg/gradle/initialization/BuildRequestContext;)Lorg/gradle/launcher/exec/BuildActionResult;+50
j  org.gradle.internal.buildprocess.execution.SetupLoggingActionExecutor.execute(Lorg/gradle/internal/invocation/BuildAction;Ljava/lang/Object;Ljava/lang/Object;)Lorg/gradle/launcher/exec/BuildActionResult;+10
j  org.gradle.launcher.daemon.server.exec.ExecuteBuild.doBuild(Lorg/gradle/launcher/daemon/server/api/DaemonCommandExecution;Lorg/gradle/launcher/daemon/protocol/Build;)V+147
j  org.gradle.launcher.daemon.server.exec.BuildCommandOnly.execute(Lorg/gradle/launcher/daemon/server/api/DaemonCommandExecution;)V+49
J 55544 c1 org.gradle.launcher.daemon.server.api.DaemonCommandExecution.proceed()Z (30 bytes) @ 0x000002690deedde4 [0x000002690deed8a0+0x0000000000000544]
j  org.gradle.launcher.daemon.server.exec.WatchForDisconnection.execute(Lorg/gradle/launcher/daemon/server/api/DaemonCommandExecution;)V+19
J 55544 c1 org.gradle.launcher.daemon.server.api.DaemonCommandExecution.proceed()Z (30 bytes) @ 0x000002690deedde4 [0x000002690deed8a0+0x0000000000000544]
j  org.gradle.launcher.daemon.server.exec.ResetDeprecationLogger.execute(Lorg/gradle/launcher/daemon/server/api/DaemonCommandExecution;)V+7
J 55544 c1 org.gradle.launcher.daemon.server.api.DaemonCommandExecution.proceed()Z (30 bytes) @ 0x000002690deedde4 [0x000002690deed8a0+0x0000000000000544]
j  org.gradle.launcher.daemon.server.exec.RequestStopIfSingleUsedDaemon.execute(Lorg/gradle/launcher/daemon/server/api/DaemonCommandExecution;)V+33
J 55544 c1 org.gradle.launcher.daemon.server.api.DaemonCommandExecution.proceed()Z (30 bytes) @ 0x000002690deedde4 [0x000002690deed8a0+0x0000000000000544]
j  org.gradle.launcher.daemon.server.exec.ForwardClientInput.lambda$execute$0(Lorg/gradle/launcher/daemon/server/api/DaemonCommandExecution;Lorg/gradle/internal/daemon/clientinput/StdinHandler;)Ljava/lang/Object;+11
j  org.gradle.launcher.daemon.server.exec.ForwardClientInput$$Lambda$127+0x0000026920186490.apply(Ljava/lang/Object;)Ljava/lang/Object;+8
j  org.gradle.internal.daemon.clientinput.ClientInputForwarder.forwardInput(Ljava/util/function/Function;)Ljava/lang/Object;+46
j  org.gradle.launcher.daemon.server.exec.ForwardClientInput.execute(Lorg/gradle/launcher/daemon/server/api/DaemonCommandExecution;)V+10
J 55544 c1 org.gradle.launcher.daemon.server.api.DaemonCommandExecution.proceed()Z (30 bytes) @ 0x000002690deedde4 [0x000002690deed8a0+0x0000000000000544]
j  org.gradle.launcher.daemon.server.exec.LogAndCheckHealth.execute(Lorg/gradle/launcher/daemon/server/api/DaemonCommandExecution;)V+51
J 55544 c1 org.gradle.launcher.daemon.server.api.DaemonCommandExecution.proceed()Z (30 bytes) @ 0x000002690deedde4 [0x000002690deed8a0+0x0000000000000544]
j  org.gradle.launcher.daemon.server.exec.LogToClient.doBuild(Lorg/gradle/launcher/daemon/server/api/DaemonCommandExecution;Lorg/gradle/launcher/daemon/protocol/Build;)V+87
j  org.gradle.launcher.daemon.server.exec.BuildCommandOnly.execute(Lorg/gradle/launcher/daemon/server/api/DaemonCommandExecution;)V+49
J 55544 c1 org.gradle.launcher.daemon.server.api.DaemonCommandExecution.proceed()Z (30 bytes) @ 0x000002690deedde4 [0x000002690deed8a0+0x0000000000000544]
j  org.gradle.launcher.daemon.server.exec.EstablishBuildEnvironment.doBuild(Lorg/gradle/launcher/daemon/server/api/DaemonCommandExecution;Lorg/gradle/launcher/daemon/protocol/Build;)V+356
j  org.gradle.launcher.daemon.server.exec.BuildCommandOnly.execute(Lorg/gradle/launcher/daemon/server/api/DaemonCommandExecution;)V+49
J 55544 c1 org.gradle.launcher.daemon.server.api.DaemonCommandExecution.proceed()Z (30 bytes) @ 0x000002690deedde4 [0x000002690deed8a0+0x0000000000000544]
j  org.gradle.launcher.daemon.server.exec.StartBuildOrRespondWithBusy$1.run()V+44
j  org.gradle.launcher.daemon.server.DaemonStateCoordinator.lambda$runCommand$0(Ljava/lang/Runnable;)V+1
j  org.gradle.launcher.daemon.server.DaemonStateCoordinator$$Lambda$126+0x0000026920184ef8.run()V+8
J 54870 c2 org.gradle.internal.concurrent.AbstractManagedExecutor$1.run()V (57 bytes) @ 0x000002691317d7b0 [0x000002691317d700+0x00000000000000b0]
J 29110 c1 java.util.concurrent.ThreadPoolExecutor.runWorker(Ljava/util/concurrent/ThreadPoolExecutor$Worker;)V java.base@17.0.16 (187 bytes) @ 0x0000026908f38c74 [0x0000026908f383a0+0x00000000000008d4]
J 29167 c1 java.util.concurrent.ThreadPoolExecutor$Worker.run()V java.base@17.0.16 (9 bytes) @ 0x000002690a2825bc [0x000002690a282540+0x000000000000007c]
J 28945 c1 java.lang.Thread.run()V java.base@17.0.16 (17 bytes) @ 0x00000269097ac9fc [0x00000269097ac8c0+0x000000000000013c]
v  ~StubRoutines::call_stub

siginfo: EXCEPTION_ACCESS_VIOLATION (0xc0000005), reading address 0x0000000000000004


Registers:
RAX=0x0000000000000000, RBX=0x0000000000000000, RCX=0x000000fdbfefa1e0, RDX=0x0000000000000000
RSP=0x000000fdbfefa1c0, RBP=0x000000fdbfefa370, RSI=0x00000269780635f0, RDI=0x000002697ac74c40
R8 =0x0000000000000000, R9 =0x0000026973a6ecc0, R10=0x00000269103e0000, R11=0x0000000000000000
R12=0x000002691ef0e290, R13=0x000002691ef0e2a0, R14=0x000000fdbfefa240, R15=0x000002691ef0e678
RIP=0x00007ff857b7028b, EFLAGS=0x0000000000010246

XMM[0]=0x000000fdbfefa4d8 0x000000fdbfefa530
XMM[1]=0x0000026900000000 0x00000269103e8e10
XMM[2]=0x0000000000000000 0x00000000d8b1fe98
XMM[3]=0x0000000000000000 0x00000000d8b206e0
XMM[4]=0x0000000000000000 0x000000000000007a
XMM[5]=0x0000000000000000 0x00000000d8ca6ce8
XMM[6]=0x0000000000000000 0x000000000000003d
XMM[7]=0x0000000000000000 0x0000000001040000
XMM[8]=0x0000000000000000 0x0000000000000038
XMM[9]=0x0000000000000000 0x000002691f068650
XMM[10]=0x0000000000000000 0x0b0a090803020100
XMM[11]=0x0000000000000000 0x0000000000000000
XMM[12]=0x0000000000000000 0xffffffffffffffff
XMM[13]=0x0000000000000000 0x0405060700010203
XMM[14]=0x0000000000000000 0x0000000000000000
XMM[15]=0x0000000000000000 0x0000000000000000
  MXCSR=0x00001fa0


Register to memory mapping:

RIP=0x00007ff857b7028b jvm.dll
RAX=0x0 is NULL
RBX=0x0 is NULL
RCX=0x000000fdbfefa1e0 is pointing into the stack for thread: 0x000002697ac74c40
RDX=0x0 is NULL
RSP=0x000000fdbfefa1c0 is pointing into the stack for thread: 0x000002697ac74c40
RBP=0x000000fdbfefa370 is pointing into the stack for thread: 0x000002697ac74c40
RSI=0x00000269780635f0 points into unknown readable memory: 0x0065004400000002 | 02 00 00 00 44 00 65 00
RDI=0x000002697ac74c40 is a thread
R8 =0x0 is NULL
R9 =0x0000026973a6ecc0 is pointing into metadata
R10=0x00000269103e0000 points into unknown readable memory: 0x0000000000000006 | 06 00 00 00 00 00 00 00
R11=0x0 is NULL
R12=0x000002691ef0e290 points into unknown readable memory: 0x0000000000000000 | 00 00 00 00 00 00 00 00
R13=0x000002691ef0e2a0 points into unknown readable memory: 0x0000026968041364 | 64 13 04 68 69 02 00 00
R14=0x000000fdbfefa240 is pointing into the stack for thread: 0x000002697ac74c40
R15=0x000002691ef0e678 points into unknown readable memory: 0x80000b69abb40366 | 66 03 b4 ab 69 0b 00 80


Top of Stack: (sp=0x000000fdbfefa1c0)
0x000000fdbfefa1c0:   000000fdbfefa240 00000269103e9aff
0x000000fdbfefa1d0:   000000fdd8b1fb28 00007ff8576e48bf
0x000000fdbfefa1e0:   d8b4a928e6dafbfb 0000000080d6fac8
0x000000fdbfefa1f0:   00000000d8cb1428 00000000d8b453f4
0x000000fdbfefa200:   000002697ac74c40 00007ff8576e484c
0x000000fdbfefa210:   00000000000000b9 00007ff8576e2a43
0x000000fdbfefa220:   00000000d8b57110 000000fdbfefa2d0
0x000000fdbfefa230:   000002697ac74c40 00007ff85765481e
0x000000fdbfefa240:   0000000000000000 0000000000000063
0x000000fdbfefa250:   0000000000000000 0000000000000000
0x000000fdbfefa260:   0000026973a6ff38 00007ff8577a1220
0x000000fdbfefa270:   00000000da020598 0000000000000000
0x000000fdbfefa280:   0000000082d35280 00000000da020618
0x000000fdbfefa290:   00000000833c9990 00000269103e9aff
0x000000fdbfefa2a0:   0000026973a6ff38 000002697ac74c40
0x000000fdbfefa2b0:   0000000087c675a8 00000000d8cb13b8
0x000000fdbfefa2c0:   000000fdbfefa2c0 00000269625c4cda
0x000000fdbfefa2d0:   000000fdbfefa4d8 00000269103fa8bd
0x000000fdbfefa2e0:   00000269103e8e10 0000026900000000
0x000000fdbfefa2f0:   000000fdbfefa530 000000fdbfefa4d8
0x000000fdbfefa300:   0000026973a7408b 00000269000000b9
0x000000fdbfefa310:   0000026973a6ff38 0000026900000000
0x000000fdbfefa320:   000000fdbfefa530 000000fdbfefa4d8
0x000000fdbfefa330:   0000000000000000 00000000da028e60
0x000000fdbfefa340:   0000000083a10268 00000000da028e50
0x000000fdbfefa350:   00000000cf19b235 0000000000000000
0x000000fdbfefa360:   00000000da6168f8 00007ff8576e48bf
0x000000fdbfefa370:   000002697ac74c40 0000026973a7408b
0x000000fdbfefa380:   000000fdbfefa618 000002697ac74c40
0x000000fdbfefa390:   0000000082d35280 00000000000000b9
0x000000fdbfefa3a0:   000000fdbfefa449 00007ff8577a0a1c
0x000000fdbfefa3b0:   0000026973a6ff38 0000000000000000 

Instructions: (pc=0x00007ff857b7028b)
0x00007ff857b7018b:   c7 44 24 2c 01 00 00 00 c7 44 24 28 01 00 00 00
0x00007ff857b7019b:   89 5c 24 34 48 89 5c 24 48 e8 67 0d 00 00 83 7c
0x00007ff857b701ab:   24 3c 03 74 26 8b fb 0f 1f 40 00 66 66 0f 1f 84
0x00007ff857b701bb:   00 00 00 00 00 ff c7 48 8d 4c 24 20 89 7e 18 e8
0x00007ff857b701cb:   41 0d 00 00 83 7c 24 3c 03 75 ea 8b 44 24 38 48
0x00007ff857b701db:   8b 4c 24 40 89 46 08 48 3b 0d 6f b3 45 00 74 55
0x00007ff857b701eb:   48 89 6c 24 60 e8 0b 22 05 00 48 8b 6c 24 48 48
0x00007ff857b701fb:   85 ed 74 29 39 5d 00 7e 24 48 8b fb 66 0f 1f 84
0x00007ff857b7020b:   00 00 00 00 00 48 8b 4d 08 48 8b 0c 0f e8 e3 21
0x00007ff857b7021b:   05 00 ff c3 48 8d 7f 08 3b 5d 00 7c e8 48 8b 6c
0x00007ff857b7022b:   24 60 48 8b c6 48 8b 5c 24 68 48 8b 74 24 70 48
0x00007ff857b7023b:   83 c4 50 5f c3 48 8b 5c 24 68 48 8b c6 48 8b 74
0x00007ff857b7024b:   24 70 48 83 c4 50 5f c3 cc cc cc cc cc cc cc cc
0x00007ff857b7025b:   cc cc cc cc cc 48 89 5c 24 10 48 89 7c 24 18 41
0x00007ff857b7026b:   56 48 83 ec 50 33 db 48 89 11 48 89 59 10 4c 8b
0x00007ff857b7027b:   f1 89 59 18 c7 41 08 63 00 00 00 48 8d 4c 24 20
0x00007ff857b7028b:   0f b7 42 04 89 44 24 30 48 8b 05 be b2 45 00 48
0x00007ff857b7029b:   89 44 24 40 48 89 54 24 20 c7 44 24 3c 01 00 00
0x00007ff857b702ab:   00 c7 44 24 2c 01 00 00 00 c7 44 24 28 01 00 00
0x00007ff857b702bb:   00 89 5c 24 34 48 89 5c 24 48 e8 46 0c 00 00 83
0x00007ff857b702cb:   7c 24 3c 03 74 37 8b fb 0f 1f 40 00 66 0f 1f 84
0x00007ff857b702db:   00 00 00 00 00 8b 44 24 38 83 c0 f9 83 e0 fb f7
0x00007ff857b702eb:   d8 1b c9 83 c1 02 03 f9 48 8d 4c 24 20 41 89 7e
0x00007ff857b702fb:   18 e8 0f 0c 00 00 83 7c 24 3c 03 75 d8 8b 44 24
0x00007ff857b7030b:   38 48 8b 4c 24 40 41 89 46 08 48 3b 0d 3c b2 45
0x00007ff857b7031b:   00 74 52 48 89 74 24 60 e8 d8 20 05 00 48 8b 74
0x00007ff857b7032b:   24 48 48 85 f6 74 25 39 1e 7e 21 48 8b fb 0f 1f
0x00007ff857b7033b:   80 00 00 00 00 48 8b 4e 08 48 8b 0c 39 e8 b3 20
0x00007ff857b7034b:   05 00 ff c3 48 8d 7f 08 3b 1e 7c e9 48 8b 74 24
0x00007ff857b7035b:   60 49 8b c6 48 8b 5c 24 68 48 8b 7c 24 70 48 83
0x00007ff857b7036b:   c4 50 41 5e c3 48 8b 5c 24 68 49 8b c6 48 8b 7c
0x00007ff857b7037b:   24 70 48 83 c4 50 41 5e c3 cc cc cc cc cc cc cc 


Stack slot to memory mapping:
stack at sp + 0 slots: 0x000000fdbfefa240 is pointing into the stack for thread: 0x000002697ac74c40
stack at sp + 1 slots: 0x00000269103e9aff is at code_begin+2655 in an Interpreter codelet
return entry points  [0x00000269103e90a0, 0x00000269103e9c00]  2912 bytes
stack at sp + 2 slots: 0x000000fdd8b1fb28 is an unknown value
stack at sp + 3 slots: 0x00007ff8576e48bf jvm.dll
stack at sp + 4 slots: 0xd8b4a928e6dafbfb is an unknown value
stack at sp + 5 slots: 0x0000000080d6fac8 is an oop: org.gradle.internal.classloader.FilteringClassLoader 
{0x0000000080d6fac8} - klass: 'org/gradle/internal/classloader/FilteringClassLoader'
 - ---- fields (total size 14 words):
 - private 'defaultAssertionStatus' 'Z' @12  false
 - private final 'parent' 'Ljava/lang/ClassLoader;' @24  a 'org/gradle/initialization/MixInLegacyTypesClassLoader'{0x0000000080688d98} (80688d98)
 - private final 'name' 'Ljava/lang/String;' @28  NULL (0)
 - private final 'unnamedModule' 'Ljava/lang/Module;' @32  a 'java/lang/Module'{0x0000000080d6fb38} (80d6fb38)
 - private final 'nameAndId' 'Ljava/lang/String;' @36  "org.gradle.internal.classloader.FilteringClassLoader @75d2da2d"{0x0000000080d6fb70} (80d6fb70)
 - private final 'parallelLockMap' 'Ljava/util/concurrent/ConcurrentHashMap;' @40  a 'java/util/concurrent/ConcurrentHashMap'{0x0000000080d6fbd8} (80d6fbd8)
 - private final 'package2certs' 'Ljava/util/concurrent/ConcurrentHashMap;' @44  a 'java/util/concurrent/ConcurrentHashMap'{0x0000000080d6fc18} (80d6fc18)
 - private final 'classes' 'Ljava/util/ArrayList;' @48  a 'java/util/ArrayList'{0x0000000080d6fc58} (80d6fc58)
 - private final 'defaultDomain' 'Ljava/security/ProtectionDomain;' @52  a 'java/security/ProtectionDomain'{0x0000000080d6fc70} (80d6fc70)
 - private final 'packages' 'Ljava/util/concurrent/ConcurrentHashMap;' @56  a 'java/util/concurrent/ConcurrentHashMap'{0x0000000080d6fce0} (80d6fce0)
 - private final 'libraries' 'Ljdk/internal/loader/NativeLibraries;' @60  a 'jdk/internal/loader/NativeLibraries'{0x0000000080d6fd20} (80d6fd20)
 - final 'assertionLock' 'Ljava/lang/Object;' @64  a 'java/lang/Object'{0x0000000080d6fd80} (80d6fd80)
 - private 'packageAssertionStatus' 'Ljava/util/Map;' @68  NULL (0)
 - 'classAssertionStatus' 'Ljava/util/Map;' @72  NULL (0)
 - private volatile 'classLoaderValueMap' 'Ljava/util/concurrent/ConcurrentHashMap;' @76  a 'java/util/concurrent/ConcurrentHashMap'{0x00000000856b4678} (856b4678)
 - private final 'packageNames' 'Ljava/util/Set;' @80  a 'java/util/HashSet'{0x0000000080d6fd90} (80d6fd90)
 - private final 'packagePrefixes' 'Lorg/gradle/internal/classloader/FilteringClassLoader$TrieSet;' @84  a 'org/gradle/internal/classloader/FilteringClassLoader$TrieSet'{0x0000000080d6ffe0} (80d6ffe0)
 - private final 'resourcePrefixes' 'Lorg/gradle/internal/classloader/FilteringClassLoader$TrieSet;' @88  a 'org/gradle/internal/classloader/FilteringClassLoader$TrieSet'{0x0000000080d71d58} (80d71d58)
 - private final 'resourceNames' 'Ljava/util/Set;' @92  a 'java/util/HashSet'{0x0000000080d73fb8} (80d73fb8)
 - private final 'classNames' 'Ljava/util/Set;' @96  a 'java/util/HashSet'{0x0000000080d74088} (80d74088)
 - private final 'disallowedClassNames' 'Ljava/util/Set;' @100  a 'java/util/HashSet'{0x0000000080d74158} (80d74158)
 - private final 'disallowedPackagePrefixes' 'Lorg/gradle/internal/classloader/FilteringClassLoader$TrieSet;' @104  a 'org/gradle/internal/classloader/FilteringClassLoader$TrieSet'{0x0000000080d74198} (80d74198)
stack at sp + 6 slots: 0x00000000d8cb1428 is an oop: java.util.LinkedHashSet 
{0x00000000d8cb1428} - klass: 'java/util/LinkedHashSet'
 - ---- fields (total size 2 words):
 - private transient 'map' 'Ljava/util/HashMap;' @12  a 'java/util/LinkedHashMap'{0x00000000d8cb1438} (d8cb1438)
stack at sp + 7 slots: 0x00000000d8b453f4 is pointing into object: [Ljava.util.HashMap$Node; 
{0x00000000d8b44bf8} - klass: 'java/util/HashMap$Node'[]
 - length: 512

invokeinterface  185 invokeinterface  [0x00000269103fa860, 0x00000269103fb3e0]  2944 bytes
[MachCode]
  0x00000269103fa860: 4883 ec08 | c5fa 1104 | 24eb 1f48 | 83ec 10c5 | fb11 0424 | eb14 4883 | ec10 4889 | 0424 48c7 
  0x00000269103fa880: 4424 0800 | 0000 00eb | 0150 4c89 | 6dc0 410f | b755 0148 | 8b4d d0c1 | e202 8b5c | d120 c1eb 
  0x00000269103fa8a0: 1081 e3ff | 0000 0081 | fbb9 0000 | 000f 84b6 | 0000 00bb | b900 0000 | e805 0000 | 00e9 9b00 
  0x00000269103fa8c0: 0000 488b | d348 8d44 | 2408 4c89 | 6dc0 498b | cfc5 f877 | 4989 afa8 | 0200 0049 | 8987 9802 
  0x00000269103fa8e0: 0000 4883 | ec20 f7c4 | 0f00 0000 | 0f84 1a00 | 0000 4883 | ec08 49ba | b009 7a57 | f87f 0000 
  0x00000269103fa900: 41ff d248 | 83c4 08e9 | 0d00 0000 | 49ba b009 | 7a57 f87f | 0000 41ff | d248 83c4 | 2049 c787 
  0x00000269103fa920: 9802 0000 | 0000 0000 | 49c7 87a8 | 0200 0000 | 0000 0049 | c787 a002 | 0000 0000 | 0000 c5f8 
  0x00000269103fa940: 7749 817f | 0800 0000 | 000f 8405 | 0000 00e9 | ac65 feff | 4c8b 6dc0 | 4c8b 75c8 | c341 0fb7 
  0x00000269103fa960: 5501 488b | 4dd0 c1e2 | 0248 8b44 | d128 488b | 5cd1 308b | 54d1 388b | ca81 e1ff | 0000 0048 
  0x00000269103fa980: 8b4c ccf8 | 448b eac1 | ea1c 49ba | 80e9 fc57 | f87f 0000 | 498b 14d2 | 5241 8bd5 | 4c8b 6dc0 
  0x00000269103fa9a0: 448b f241 | 81e6 0000 | 8000 0f84 | ca03 0000 | 8bc2 81e0 | 0000 1000 | 0f84 9201 | 0000 483b 
  0x00000269103fa9c0: 0148 8b45 | d848 85c0 | 0f84 1200 | 0000 4883 | 4008 0148 | 8358 0800 | 4883 c038 | 4889 45d8 
  0x00000269103fa9e0: 488b 45d8 | 4885 c00f | 8457 0100 | 0080 78c8 | 0b0f 854d | 0100 0048 | 83c0 084c | 8b68 f841 
  0x00000269103faa00: 83ed 0041 | 83fd 020f | 8c2c 0100 | 004c 8b6b | 0845 0fb7 | 6d2c 4c2b | 2841 83ed | 014e 8b6c 
  0x00000269103faa20: ec08 4d85 | ed75 1248 | f740 0801 | 0000 0075 | 61f0 4883 | 4808 01eb | 5945 8b6d | 0849 ba00 
  0x00000269103faa40: 0000 1f69 | 0200 004d | 03ea 4d8b | d54c 3368 | 0849 f7c5 | fcff ffff | 7438 49f7 | c502 0000 
  0x00000269103faa60: 0075 2f48 | 8178 0800 | 0000 0074 | 2148 8178 | 0801 0000 | 0074 174d | 8bea 4c33 | 6808 49f7 
  0x00000269103faa80: c5fc ffff | ff74 0b48 | 8348 0802 | eb04 4c89 | 6808 4883 | c010 4c8b | 68e8 4183 | ed02 4183 
  0x00000269103faaa0: fd02 0f8c | 9100 0000 | 4c8b 6b08 | 450f b76d | 2c4c 2b28 | 4183 ed01 | 4e8b 6cec | 084d 85ed 
  0x00000269103faac0: 7512 48f7 | 4008 0100 | 0000 7561 | f048 8348 | 0801 eb59 | 458b 6d08 | 49ba 0000 | 001f 6902 
  0x00000269103faae0: 0000 4d03 | ea4d 8bd5 | 4c33 6808 | 49f7 c5fc | ffff ff74 | 3849 f7c5 | 0200 0000 | 752f 4881 
  0x00000269103fab00: 7808 0000 | 0000 7421 | 4881 7808 | 0100 0000 | 7417 4d8b | ea4c 3368 | 0849 f7c5 | fcff ffff 
  0x00000269103fab20: 740b 4883 | 4808 02eb | 044c 8968 | 0848 83c0 | 104c 8b68 | d841 83ed | 0441 c1e5 | 0349 03c5 
  0x00000269103fab40: 4889 45d8 | 4c8d 6c24 | 084c 896d | f0ff 6350 | 8b41 0849 | ba00 0000 | 1f69 0200 | 0049 03c2 
  0x00000269103fab60: 4c8b 75d8 | 4d85 f60f | 8495 0000 | 0049 8b56 | 1848 3bd0 | 0f85 0f00 | 0000 4983 | 4620 0149 
  0x00000269103fab80: 835e 2000 | e971 0000 | 0048 85d2 | 0f84 4200 | 0000 498b | 5628 483b | d00f 850f | 0000 0049 
  0x00000269103faba0: 8346 3001 | 4983 5e30 | 00e9 4c00 | 0000 4885 | d274 0f49 | 8346 0801 | 4983 5e08 | 00e9 3800 
  0x00000269103fabc0: 0000 4989 | 4628 ba01 | 0000 0049 | 8956 30e9 | 2600 0000 | 493b 4628 | 0f85 0f00 | 0000 4983 
  0x00000269103fabe0: 4630 0149 | 835e 3000 | e90d 0000 | 0049 8946 | 18ba 0100 | 0000 4989 | 5620 4983 | c638 4c89 
  0x00000269103fac00: 75d8 488b | 9cd8 c801 | 0000 488b | 55d8 4885 | d20f 8457 | 0100 0080 | 7ac8 0b0f | 854d 0100 
  0x00000269103fac20: 0048 83c2 | 084c 8b6a | f841 83ed | 0041 83fd | 020f 8c2c | 0100 004c | 8b6b 0845 | 0fb7 6d2c 
  0x00000269103fac40: 4c2b 2a41 | 83ed 014e | 8b6c ec08 | 4d85 ed75 | 1248 f742 | 0801 0000 | 0075 61f0 | 4883 4a08 
  0x00000269103fac60: 01eb 5945 | 8b6d 0849 | ba00 0000 | 1f69 0200 | 004d 03ea | 4d8b d54c | 336a 0849 | f7c5 fcff 
  0x00000269103fac80: ffff 7438 | 49f7 c502 | 0000 0075 | 2f48 817a | 0800 0000 | 0074 2148 | 817a 0801 | 0000 0074 
  0x00000269103faca0: 174d 8bea | 4c33 6a08 | 49f7 c5fc | ffff ff74 | 0b48 834a | 0802 eb04 | 4c89 6a08 | 4883 c210 
  0x00000269103facc0: 4c8b 6ae8 | 4183 ed02 | 4183 fd02 | 0f8c 9100 | 0000 4c8b | 6b08 450f | b76d 2c4c | 2b2a 4183 
  0x00000269103face0: ed01 4e8b | 6cec 084d | 85ed 7512 | 48f7 4208 | 0100 0000 | 7561 f048 | 834a 0801 | eb59 458b 
  0x00000269103fad00: 6d08 49ba | 0000 001f | 6902 0000 | 4d03 ea4d | 8bd5 4c33 | 6a08 49f7 | c5fc ffff | ff74 3849 
  0x00000269103fad20: f7c5 0200 | 0000 752f | 4881 7a08 | 0000 0000 | 7421 4881 | 7a08 0100 | 0000 7417 | 4d8b ea4c 
  0x00000269103fad40: 336a 0849 | f7c5 fcff | ffff 740b | 4883 4a08 | 02eb 044c | 896a 0848 | 83c2 104c | 8b6a d841 
  0x00000269103fad60: 83ed 0441 | c1e5 0349 | 03d5 4889 | 55d8 4c8d | 6c24 084c | 896d f0ff | 6350 448b | f241 81e6 
  0x00000269103fad80: 0000 1000 | 0f84 e801 | 0000 448b | 7108 49ba | 0000 001f | 6902 0000 | 4d03 f24c | 3bf0 0f84 
  0x00000269103fada0: 3f00 0000 | 448b 6814 | 4b3b 042e | 0f84 3100 | 0000 4183 | fd20 0f85 | 1f00 0000 | 5157 498b 
  0x00000269103fadc0: 7e28 8b0f | 4883 c708 | 4885 c0f2 | 48af 5f59 | 7509 4989 | 4620 e908 | 0000 0049 | 8bd6 e92a 
  0x00000269103fade0: 0500 0048 | 8b55 d848 | 85d2 0f84 | 1200 0000 | 4883 4208 | 0148 835a | 0800 4883 | c238 4889 
  0x00000269103fae00: 55d8 488b | 55d8 4885 | d20f 8457 | 0100 0080 | 7ac8 0b0f | 854d 0100 | 0048 83c2 | 084c 8b6a 
  0x00000269103fae20: f841 83ed | 0041 83fd | 020f 8c2c | 0100 004c | 8b6b 0845 | 0fb7 6d2c | 4c2b 2a41 | 83ed 014e 
  0x00000269103fae40: 8b6c ec08 | 4d85 ed75 | 1248 f742 | 0801 0000 | 0075 61f0 | 4883 4a08 | 01eb 5945 | 8b6d 0849 
  0x00000269103fae60: ba00 0000 | 1f69 0200 | 004d 03ea | 4d8b d54c | 336a 0849 | f7c5 fcff | ffff 7438 | 49f7 c502 
  0x00000269103fae80: 0000 0075 | 2f48 817a | 0800 0000 | 0074 2148 | 817a 0801 | 0000 0074 | 174d 8bea | 4c33 6a08 
  0x00000269103faea0: 49f7 c5fc | ffff ff74 | 0b48 834a | 0802 eb04 | 4c89 6a08 | 4883 c210 | 4c8b 6ae8 | 4183 ed02 
  0x00000269103faec0: 4183 fd02 | 0f8c 9100 | 0000 4c8b | 6b08 450f | b76d 2c4c | 2b2a 4183 | ed01 4e8b | 6cec 084d 
  0x00000269103faee0: 85ed 7512 | 48f7 4208 | 0100 0000 | 7561 f048 | 834a 0801 | eb59 458b | 6d08 49ba | 0000 001f 
  0x00000269103faf00: 6902 0000 | 4d03 ea4d | 8bd5 4c33 | 6a08 49f7 | c5fc ffff | ff74 3849 | f7c5 0200 | 0000 752f 
  0x00000269103faf20: 4881 7a08 | 0000 0000 | 7421 4881 | 7a08 0100 | 0000 7417 | 4d8b ea4c | 336a 0849 | f7c5 fcff 
  0x00000269103faf40: ffff 740b | 4883 4a08 | 02eb 044c | 896a 0848 | 83c2 104c | 8b6a d841 | 83ed 0441 | c1e5 0349 
  0x00000269103faf60: 03d5 4889 | 55d8 4c8d | 6c24 084c | 896d f0ff | 6350 4c8b | 75c8 8b51 | 0849 ba00 | 0000 1f69 
  0x00000269103faf80: 0200 0049 | 03d2 488b | cb44 8bb2 | a000 0000 | 4e8d b4f2 | c801 0000 | 4d8b 2e49 | 3bc5 7415 
  0x00000269103fafa0: 4d85 ed0f | 8464 0300 | 0049 83c6 | 104d 8b2e | 493b c575 | eb4c 8b6d | c04c 8b6d | d84d 85ed 
  0x00000269103fafc0: 0f84 9700 | 0000 4d8b | 7518 4c3b | f20f 850f | 0000 0049 | 8345 2001 | 4983 5d20 | 00e9 7300 
  0x00000269103fafe0: 0000 4d85 | f60f 8443 | 0000 004d | 8b75 284c | 3bf2 0f85 | 0f00 0000 | 4983 4530 | 0149 835d 
  0x00000269103fb000: 3000 e94e | 0000 004d | 85f6 740f | 4983 4508 | 0149 835d | 0800 e93a | 0000 0049 | 8955 2841 
  0x00000269103fb020: be01 0000 | 004d 8975 | 30e9 2700 | 0000 493b | 5528 0f85 | 0f00 0000 | 4983 4530 | 0149 835d 
  0x00000269103fb040: 3000 e90e | 0000 0049 | 8955 1841 | be01 0000 | 004d 8975 | 2049 83c5 | 384c 896d | d848 8b43 
  0x00000269103fb060: 0848 8b40 | 0848 8b40 | 188b 5b2c | 83eb f6f7 | db4c 8bf2 | 458b aea0 | 0000 004f | 8dac eec8 
  0x00000269103fb080: 0100 004d | 8d34 de49 | 8b5d 0048 | 3bc3 7416 | 4885 db0f | 8474 0200 | 0049 83c5 | 1049 8b5d 
  0x00000269103fb0a0: 0048 3bc3 | 75ea 458b | 6d08 4b8b | 1c2e 4885 | db0f 848c | 0100 0048 | 8b55 d848 | 85d2 0f84 
  0x00000269103fb0c0: 5701 0000 | 807a c80b | 0f85 4d01 | 0000 4883 | c208 4c8b | 6af8 4183 | ed00 4183 | fd02 0f8c 
  0x00000269103fb0e0: 2c01 0000 | 4c8b 6b08 | 450f b76d | 2c4c 2b2a | 4183 ed01 | 4e8b 6cec | 084d 85ed | 7512 48f7 
  0x00000269103fb100: 4208 0100 | 0000 7561 | f048 834a | 0801 eb59 | 458b 6d08 | 49ba 0000 | 001f 6902 | 0000 4d03 
  0x00000269103fb120: ea4d 8bd5 | 4c33 6a08 | 49f7 c5fc | ffff ff74 | 3849 f7c5 | 0200 0000 | 752f 4881 | 7a08 0000 
  0x00000269103fb140: 0000 7421 | 4881 7a08 | 0100 0000 | 7417 4d8b | ea4c 336a | 0849 f7c5 | fcff ffff | 740b 4883 
  0x00000269103fb160: 4a08 02eb | 044c 896a | 0848 83c2 | 104c 8b6a | e841 83ed | 0241 83fd | 020f 8c91 | 0000 004c 
  0x00000269103fb180: 8b6b 0845 | 0fb7 6d2c | 4c2b 2a41 | 83ed 014e | 8b6c ec08 | 4d85 ed75 | 1248 f742 | 0801 0000 
  0x00000269103fb1a0: 0075 61f0 | 4883 4a08 | 01eb 5945 | 8b6d 0849 | ba00 0000 | 1f69 0200 | 004d 03ea | 4d8b d54c 
  0x00000269103fb1c0: 336a 0849 | f7c5 fcff | ffff 7438 | 49f7 c502 | 0000 0075 | 2f48 817a | 0800 0000 | 0074 2148 
  0x00000269103fb1e0: 817a 0801 | 0000 0074 | 174d 8bea | 4c33 6a08 | 49f7 c5fc | ffff ff74 | 0b48 834a | 0802 eb04 
  0x00000269103fb200: 4c89 6a08 | 4883 c210 | 4c8b 6ad8 | 4183 ed04 | 41c1 e503 | 4903 d548 | 8955 d84c | 8d6c 2408 
  0x00000269103fb220: 4c89 6df0 | ff63 5048 | b940 bad4 | 57f8 7f00 | 0048 83e4 | f049 ba40 | 349d 57f8 | 7f00 0041 
  0x00000269103fb240: ffd2 f45b | 4c8b 6dc0 | 4c8b 75c8 | 4c8b c1e8 | 0500 0000 | e998 0000 | 0048 8d44 | 2408 4c89 
  0x00000269103fb260: 6dc0 498b | cfc5 f877 | 4989 afa8 | 0200 0049 | 8987 9802 | 0000 4883 | ec20 f7c4 | 0f00 0000 
  0x00000269103fb280: 0f84 1a00 | 0000 4883 | ec08 49ba | 2019 7a57 | f87f 0000 | 41ff d248 | 83c4 08e9 | 0d00 0000 
  0x00000269103fb2a0: 49ba 2019 | 7a57 f87f | 0000 41ff | d248 83c4 | 2049 c787 | 9802 0000 | 0000 0000 | 49c7 87a8 
  0x00000269103fb2c0: 0200 0000 | 0000 0049 | c787 a002 | 0000 0000 | 0000 c5f8 | 7749 817f | 0800 0000 | 000f 8405 
  0x00000269103fb2e0: 0000 00e9 | 185c feff | 4c8b 6dc0 | 4c8b 75c8 | c348 b940 | bad4 57f8 | 7f00 0048 | 83e4 f049 
  0x00000269103fb300: ba40 349d | 57f8 7f00 | 0041 ffd2 | f45b 4c8b | 6dc0 4c8b | 75c8 e805 | 0000 00e9 | 9b00 0000 
  0x00000269103fb320: 4c8b c048 | 8d44 2408 | 4c89 6dc0 | 498b cfc5 | f877 4989 | afa8 0200 | 0049 8987 | 9802 0000 
  0x00000269103fb340: 4883 ec20 | f7c4 0f00 | 0000 0f84 | 1a00 0000 | 4883 ec08 | 49ba 701f | 7a57 f87f | 0000 41ff 
  0x00000269103fb360: d248 83c4 | 08e9 0d00 | 0000 49ba | 701f 7a57 | f87f 0000 | 41ff d248 | 83c4 2049 | c787 9802 
  0x00000269103fb380: 0000 0000 | 0000 49c7 | 87a8 0200 | 0000 0000 | 0049 c787 | a002 0000 | 0000 0000 | c5f8 7749 
  0x00000269103fb3a0: 817f 0800 | 0000 000f | 8405 0000 | 00e9 4e5b | feff 4c8b | 6dc0 4c8b | 75c8 c348 | b940 bad4 
  0x00000269103fb3c0: 57f8 7f00 | 0048 83e4 | f049 ba40 | 349d 57f8 | 7f00 0041 | ffd2 f490 | 0000 0000 | 0000 0000 
[/MachCode]

Compiled method (c2) 4881755 29369       4       org.gradle.internal.operations.DefaultBuildOperationRunner$1::execute (10 bytes)
 total in heap  [0x0000026911bf9490,0x0000026911bfe158] = 19656
 relocation     [0x0000026911bf95f0,0x0000026911bf9788] = 408
 main code      [0x0000026911bf97a0,0x0000026911bfcce0] = 13632
 stub code      [0x0000026911bfcce0,0x0000026911bfcd60] = 128
 oops           [0x0000026911bfcd60,0x0000026911bfcd78] = 24
 metadata       [0x0000026911bfcd78,0x0000026911bfce50] = 216
 scopes data    [0x0000026911bfce50,0x0000026911bfd908] = 2744
 scopes pcs     [0x0000026911bfd908,0x0000026911bfde48] = 1344
 dependencies   [0x0000026911bfde48,0x0000026911bfde70] = 40
 handler table  [0x0000026911bfde70,0x0000026911bfe080] = 528
 nul chk table  [0x0000026911bfe080,0x0000026911bfe158] = 216

[Constant Pool (empty)]

[MachCode]
[Entry Point]
  # {method} {0x00000269608d9988} 'execute' '(Lorg/gradle/internal/operations/BuildOperation;Lorg/gradle/internal/operations/BuildOperationContext;)V' in 'org/gradle/internal/operations/DefaultBuildOperationRunner$1'
  # this:     rdx:rdx   = 'org/gradle/internal/operations/DefaultBuildOperationRunner$1'
  # parm0:    r8:r8     = 'org/gradle/internal/operations/BuildOperation'
  # parm1:    r9:r9     = 'org/gradle/internal/operations/BuildOperationContext'
  #           [sp+0xb0]  (sp of caller)
  0x0000026911bf97a0: 448b 5208 | 49bb 0000 | 001f 6902 | 0000 4d03 | d349 3bc2 

  0x0000026911bf97b4: ;   {runtime_call ic_miss_stub}
  0x0000026911bf97b4: 0f85 c678 | 83fe 6690 | 0f1f 4000 
[Verified Entry Point]
  0x0000026911bf97c0: 8984 2400 | 90ff ff55 | 4881 eca0 | 0000 004c | 8bd2 4c89 | 4c24 2045 

  0x0000026911bf97d8: ;   {metadata('org/gradle/internal/operations/RunnableBuildOperation')}
  0x0000026911bf97d8: 8b58 0848 | b8a0 2c29 | 2069 0200 | 0048 be00 | 0000 1f69 | 0200 0049 | 03f3 4c8b | 5620 4c3b 
  0x0000026911bf97f8: d00f 8534 | 0b00 0049 | 8bd0 448b 

  0x0000026911bf9804: ;   {metadata('org/gradle/api/internal/DefaultCollectionCallbackActionDecorator$BuildOperationEmittingAction$1')}
  0x0000026911bf9804: 5a08 4181 | fb50 5ade | 010f 854d | 0b00 0044 | 8b5a 1445 | 8b5b 1044 | 8b42 1044 | 8944 2430 
  0x0000026911bf9824: ; implicit exception: dispatches to 0x0000026911bfc9cc
  0x0000026911bf9824: 458b 5308 

  0x0000026911bf9828: ;   {metadata('org/gradle/internal/code/DefaultUserCodeApplicationContext$CurrentApplication$1')}
  0x0000026911bf9828: 4181 fa68 | ce56 010f | 85df 2200 | 0049 8bdb | 448b 5b10 | 0f1f 4000 

  0x0000026911bf9840: ; implicit exception: dispatches to 0x0000026911bfc9dc
  0x0000026911bf9840: 458b 5314 

  0x0000026911bf9844: ; implicit exception: dispatches to 0x0000026911bfc9f0
  0x0000026911bf9844: 458b 520c 

  0x0000026911bf9848: ; implicit exception: dispatches to 0x0000026911bfca04
  0x0000026911bf9848: 458b 5a08 | 4d8b c24c | 8944 2440 | 4d8b 8790 | 0200 004d | 8b00 4c89 | 4424 4845 | 8b40 4445 
  0x0000026911bf9868: 85c0 0f84 | 0f18 0000 | 418b 6814 

  0x0000026911bf9874: ; implicit exception: dispatches to 0x0000026911bfcac4
  0x0000026911bf9874: 448b 4d0c | 418b c9ff | c941 234a | 0c45 85c9 | 0f86 f222 | 0000 448b | 4c8d 1045 | 85c9 0f84 
  0x0000026911bf9894: 410c 0000 | 418b 790c | 0f1f 4000 | 413b fa74 | 4944 895c | 2438 4489 | 5424 3448 | 895c 2428 
  0x0000026911bf98b4: 458b 5814 | 4489 5c24 | 5044 8944 | 243c 458b | 530c 4489 | 5424 5449 | 8beb 4d8b | d04c 8954 
  0x0000026911bf98d4: 2458 894c | 2468 49ba | 0000 ab17 | 6902 0000 | 4c89 5424 | 70e9 8707 | 0000 48bf | 0000 ab17 
  0x0000026911bf98f4: 6902 0000 | eb0a 488b | 5c24 2848 | 8b7c 2470 | 418b 691c | 85ed 0f84 | 4800 0000 | 448b 5d08 
  0x0000026911bf9914: 0f1f 8400 | 0000 0000 | 6666 6690 

  0x0000026911bf9920: ;   {metadata('org/gradle/internal/code/DefaultUserCodeApplicationContext$CurrentApplication')}
  0x0000026911bf9920: 4181 fb60 | 4b3f 010f | 856e 3000 | 0048 8bf5 | eb28 4585 | db75 1744 | 8b54 2434 | 458b 5a10 
  0x0000026911bf9940: 448b 4424 | 4445 3bc3 | 0f8d e91a | 0000 488b | 5c24 2848 | 8b7c 2438 | 33f6 448b | 5b10 6690 
  0x0000026911bf9960: ; implicit exception: dispatches to 0x0000026911bfca18
  0x0000026911bf9960: 458b 4314 

  0x0000026911bf9964: ; implicit exception: dispatches to 0x0000026911bfca3c
  0x0000026911bf9964: 458b 480c 

  0x0000026911bf9968: ; implicit exception: dispatches to 0x0000026911bfca60
  0x0000026911bf9968: 458b 5108 

  0x0000026911bf996c: ;   {metadata('java/lang/ThreadLocal')}
  0x0000026911bf996c: 4181 fa60 | 0709 000f | 85af 2100 | 004c 8b54 | 2448 458b | 5244 498b | c144 8b40 | 0c4d 8bcb 
  0x0000026911bf998c: 488b d045 | 85d2 0f84 | 5f0b 0000 | 8954 2434 | 4c89 4c24 | 5844 895c | 2450 4889 | 7424 4048 
  0x0000026911bf99ac: 897c 2438 | 4889 5c24 | 2845 8b5a | 1444 895c | 2460 4489 | 5424 5445 | 8b5b 0c44 | 895c 2464 
  0x0000026911bf99cc: 41ff cb45 | 23d8 4489 | 5c24 6844 | 8b54 2464 | 0f1f 4000 | 4585 d20f | 86b3 2100 | 0044 8b44 
  0x0000026911bf99ec: 2460 478b | 5498 1044 | 8b5c 2454 | 4c89 5c24 | 7049 8be8 | 4585 d20f | 8465 0000 | 0049 8bda 
  0x0000026911bf9a0c: 0f1f 4000 | 448b 530c | 4c3b d00f | 845c 0900 | 0044 8b5b | 0c45 85db | 0f84 9026 | 0000 448b 
  0x0000026911bf9a2c: 4c24 6841 | ffc1 443b | 4c24 640f | 8d22 1000 | 0066 6690 | 443b 4c24 | 640f 8319 | 2200 0044 
  0x0000026911bf9a4c: 8b54 2460 | 478b 5c8a | 104d 8b97 

  0x0000026911bf9a58: ; ImmutableOopMap {r11=NarrowOop rax=Oop rbp=Oop [32]=Oop [40]=Oop [48]=NarrowOop [52]=NarrowOop [64]=Oop [72]=Oop [80]=NarrowOop [84]=NarrowOop [88]=Oop [96]=NarrowOop [112]=Oop }
                      ;*goto {reexecute=1 rethrow=0 return_oop=0}
                      ; - (reexecute) java.lang.ThreadLocal$ThreadLocalMap::set@79 (line 486)
                      ; - java.lang.ThreadLocal::set@17 (line 222)
                      ; - org.gradle.internal.code.DefaultUserCodeApplicationContext$CurrentApplication$1::execute@31 (line 122)
                      ; - org.gradle.api.internal.DefaultCollectionCallbackActionDecorator$BuildOperationEmittingAction$1::run@11 (line 110)
                      ; - org.gradle.internal.operations.DefaultBuildOperationRunner$1::execute@2 (line 30)
                      ; - org.gradle.internal.operations.DefaultBuildOperationRunner$1::execute@6 (line 27)
  0x0000026911bf9a58: 5003 0000 

  0x0000026911bf9a5c: ;   {poll}
  0x0000026911bf9a5c: 4185 0290 | 4585 db0f | 8570 0100 | 0044 894c | 2468 498b | 9f08 0100 | 004c 8bd3 | 4983 c220 
  0x0000026911bf9a7c: 0f1f 4000 | 4d3b 9718 | 0100 000f | 836f 1600 | 004d 8997 | 0801 0000 | 410f 0d8a | 0001 0000 
  0x0000026911bf9a9c: 48c7 0301 

  0x0000026911bf9aa0: ;   {metadata('java/lang/ThreadLocal$ThreadLocalMap$Entry')}
  0x0000026911bf9aa0: 0000 00c7 | 4308 c098 | 0b00 4489 | 630c 4c89 | 6310 4c89 | 6318 448b | 5c24 3444 | 895b 0c90 
  0x0000026911bf9ac0: 4180 7f38 | 000f 855a 

  0x0000026911bf9ac8: ;   {oop(a 'java/lang/ref/ReferenceQueue$Null'{0x000000008067fac0})}
  0x0000026911bf9ac8: 1000 00c7 | 4310 c0fa 

  0x0000026911bf9ad0: ;   {oop(a 'java/lang/ref/ReferenceQueue$Null'{0x000000008067fac0})}
  0x0000026911bf9ad0: 6780 49ba | c0fa 6780 | 0000 0000 | 4c8b db4d | 33d3 49c1 | ea14 4d85 | d274 1e49 | c1eb 0948 
  0x0000026911bf9af0: b900 00ab | 1769 0200 | 0049 03cb | 0f1f 4000 | 8039 040f | 8526 1100 | 00f0 8344 | 24c0 0041 
  0x0000026911bf9b10: 807f 3800 | 0f85 d50f | 0000 448b | 5424 5044 | 8953 1c4c | 8b54 2458 | 4c8b db4d | 33d3 49c1 
  0x0000026911bf9b30: ea14 4d85 | d274 1a49 | c1eb 0948 | b900 00ab | 1769 0200 | 0049 03cb | 8039 040f | 8534 1100 
  0x0000026911bf9b50: 0044 8b4c | 2468 6666 | 0f1f 8400 | 0000 0000 | 443b 4c24 | 640f 83b1 | 2000 0044 | 8b5c 2460 
  0x0000026911bf9b70: 4b8d 748b | 1041 807f | 3800 660f | 1f44 0000 | 0f85 d60f | 0000 4c8b | db44 891e | 4c8b d64c 
  0x0000026911bf9b90: 8bdb 4d33 | da49 c1eb | 144d 85db | 741a 49c1 | ea09 48b9 | 0000 ab17 | 6902 0000 | 4903 ca80 
  0x0000026911bf9bb0: 3904 0f85 | 1411 0000 | 8b7c 2454 | 448b 5f14 | 8b47 0cff | c089 470c 

  0x0000026911bf9bc8: ; implicit exception: dispatches to 0x0000026911bfcb08
  0x0000026911bf9bc8: 458b 530c | 498b eb44 | 8bc0 33c9 | e960 0000 | 0049 8bdb | 4489 4c24 | 68e9 2afe | ffff 4489 
  0x0000026911bf9be8: 5c24 6c48 | 8b54 2470 | 458b c248 | 8954 2460 

  0x0000026911bf9bf8: ;   {optimized virtual_call}
  0x0000026911bf9bf8: 6666 90e8 

  0x0000026911bf9bfc: ; ImmutableOopMap {rbp=Oop [32]=Oop [40]=Oop [48]=NarrowOop [52]=NarrowOop [64]=Oop [72]=Oop [96]=Oop [108]=NarrowOop [112]=Oop }
                      ;*invokevirtual expungeStaleEntry {reexecute=0 rethrow=0 return_oop=0}
                      ; - java.lang.ThreadLocal$ThreadLocalMap::cleanSomeSlots@47 (line 674)
                      ; - java.lang.ThreadLocal$ThreadLocalMap::set@113 (line 500)
                      ; - java.lang.ThreadLocal::set@17 (line 222)
                      ; - org.gradle.internal.code.DefaultUserCodeApplicationContext$CurrentApplication$1::execute@31 (line 122)
                      ; - org.gradle.api.internal.DefaultCollectionCallbackActionDecorator$BuildOperationEmittingAction$1::run@11 (line 110)
                      ; - org.gradle.internal.operations.DefaultBuildOperationRunner$1::execute@2 (line 30)
                      ; - org.gradle.internal.operations.DefaultBuildOperationRunner$1::execute@6 (line 27)
  0x0000026911bf9bfc: 8077 83fe | 448b d044 | 8b44 2454 | b901 0000 | 0044 8b5c | 246c 4d8b | 8f50 0300 

  0x0000026911bf9c18: ; ImmutableOopMap {r11=NarrowOop rbp=Oop [32]=Oop [40]=Oop [48]=NarrowOop [52]=NarrowOop [64]=Oop [72]=Oop [112]=Oop }
                      ;*ifne {reexecute=1 rethrow=0 return_oop=0}
                      ; - (reexecute) java.lang.ThreadLocal$ThreadLocalMap::cleanSomeSlots@56 (line 676)
                      ; - java.lang.ThreadLocal$ThreadLocalMap::set@113 (line 500)
                      ; - java.lang.ThreadLocal::set@17 (line 222)
                      ; - org.gradle.internal.code.DefaultUserCodeApplicationContext$CurrentApplication$1::execute@31 (line 122)
                      ; - org.gradle.api.internal.DefaultCollectionCallbackActionDecorator$BuildOperationEmittingAction$1::run@11 (line 110)
                      ; - org.gradle.internal.operations.DefaultBuildOperationRunner$1::execute@2 (line 30)
                      ; - org.gradle.internal.operations.DefaultBuildOperationRunner$1::execute@6 (line 27)
  0x0000026911bf9c18: 0041 d1e8 

  0x0000026911bf9c1c: ;   {poll}
  0x0000026911bf9c1c: 4185 0190 | 4585 c00f | 844f 0000 | 008b 7c24 | 3445 8bca | 8b44 2450 | 448b 5424 | 5441 ffc1 
  0x0000026911bf9c3c: 0f1f 4000 | 453b ca0f | 8d9f 0800 | 0045 3bca | 0f83 d31d | 0000 4489 | 5424 5489 | 4424 5045 
  0x0000026911bf9c5c: 8bd1 897c | 2434 478b | 4c8b 1045 | 85c9 74a6 | 453b 610c | 0f84 70ff | ffff eb9a | 85c9 7517 
  0x0000026911bf9c7c: 448b 5424 | 3445 8b5a | 1044 8b44 | 2450 453b | c30f 8d80 | 1100 0048 | 8b5c 2428 | 448b 5b0c 
  0x0000026911bf9c9c: 488b eb44 | 8b54 2430 | 4d8b c249 | 8bd3 6666 | 9048 b850 | 7984 7669 

  0x0000026911bf9cb4: ;   {virtual_call}
  0x0000026911bf9cb4: 0200 00e8 

  0x0000026911bf9cb8: ; ImmutableOopMap {rbp=Oop [32]=Oop [64]=Oop [72]=Oop }
                      ;*invokeinterface execute {reexecute=0 rethrow=0 return_oop=0}
                      ; - org.gradle.internal.code.DefaultUserCodeApplicationContext$CurrentApplication$1::execute@39 (line 124)
                      ; - org.gradle.api.internal.DefaultCollectionCallbackActionDecorator$BuildOperationEmittingAction$1::run@11 (line 110)
                      ; - org.gradle.internal.operations.DefaultBuildOperationRunner$1::execute@2 (line 30)
                      ; - org.gradle.internal.operations.DefaultBuildOperationRunner$1::execute@6 (line 27)
  0x0000026911bf9cb8: d447 8efe | 448b 5510 

  0x0000026911bf9cc0: ; implicit exception: dispatches to 0x0000026911bfca88
  0x0000026911bf9cc0: 458b 5a14 

  0x0000026911bf9cc4: ; implicit exception: dispatches to 0x0000026911bfca98
  0x0000026911bf9cc4: 458b 430c 

  0x0000026911bf9cc8: ; implicit exception: dispatches to 0x0000026911bfcaa8
  0x0000026911bf9cc8: 458b 5008 

  0x0000026911bf9ccc: ;   {metadata('java/lang/ThreadLocal')}
  0x0000026911bf9ccc: 4181 fa60 | 0709 000f | 857f 1e00 | 0048 8b74 | 2448 448b | 5644 4489 | 5424 5849 | 8bf8 8b6f 
  0x0000026911bf9cec: 0c4c 8b54 | 2440 4d8b | da44 895c | 242c 4c8b | d744 8954 | 2428 448b | 5c24 5845 | 85db 0f84 
  0x0000026911bf9d0c: 760a 0000 | 458b d345 | 8b72 1441 | 8b76 0c8b | deff cb23 | dd85 f60f | 86c7 1e00 | 0045 8b5c 
  0x0000026911bf9d2c: 9e10 4d8b | ea4d 8bd6 | 4c89 5424 | 6845 85db | 0f1f 4000 | 0f85 6f01 | 0000 498b | af08 0100 
  0x0000026911bf9d4c: 004c 8bd5 | 4983 c220 | 0f1f 8400 | 0000 0000 | 6666 6690 | 4d3b 9718 | 0100 000f | 83ab 1300 
  0x0000026911bf9d6c: 004d 8997 | 0801 0000 | 410f 0d8a | 0001 0000 | 48c7 4500 | 0100 0000 

  0x0000026911bf9d84: ;   {metadata('java/lang/ThreadLocal$ThreadLocalMap$Entry')}
  0x0000026911bf9d84: c745 08c0 | 980b 0044 | 8965 0c4c | 8965 104c | 8965 1844 | 8b54 2428 | 4489 550c | 4180 7f38 
  0x0000026911bf9da4: 000f 85e4 

  0x0000026911bf9da8: ;   {oop(a 'java/lang/ref/ReferenceQueue$Null'{0x000000008067fac0})}
  0x0000026911bf9da8: 0d00 00c7 | 4510 c0fa 

  0x0000026911bf9db0: ;   {oop(a 'java/lang/ref/ReferenceQueue$Null'{0x000000008067fac0})}
  0x0000026911bf9db0: 6780 49ba | c0fa 6780 | 0000 0000 | 4c8b dd4d | 33d3 49c1 | ea14 4d85 | d274 1e49 | c1eb 0948 
  0x0000026911bf9dd0: b900 00ab | 1769 0200 | 0049 03cb | 0f1f 4000 | 8039 040f | 853e 0f00 | 00f0 8344 | 24c0 0041 
  0x0000026911bf9df0: 807f 3800 | 0f85 cb0d | 0000 448b | 5c24 2c44 | 895d 1c4c | 8b54 2440 | 4c8b dd4d | 33d3 49c1 
  0x0000026911bf9e10: ea14 4d85 | d274 284c | 8b54 2440 | 0f1f 4000 | 4d85 d274 | 1a49 c1eb | 0948 b900 | 00ab 1769 
  0x0000026911bf9e30: 0200 0049 | 03cb 8039 | 040f 8586 | 0f00 0090 | 3bde 0f83 | 081e 0000 | 498d 7c9e | 1041 807f 
  0x0000026911bf9e50: 3800 0f85 | a40d 0000 | 4c8b d544 | 8917 4c8b | d74c 8bdd | 4d33 da49 | c1eb 144d | 85db 741a 
  0x0000026911bf9e70: 49c1 ea09 | 48b9 0000 | ab17 6902 | 0000 4903 | ca80 3904 | 0f85 e30e | 0000 448b | 5424 5845 
  0x0000026911bf9e90: 8b4a 1445 | 8b52 0c41 | ffc2 448b | 5c24 5845 | 8953 0c41 | 8b49 0c49 | 8be9 458b | da45 33c0 
  0x0000026911bf9eb0: e9b4 0000 | 0049 8beb | 0f1f 8400 | 0000 0000 | 448b 550c | 4c3b d70f | 844a 0500 | 0044 8b5d 
  0x0000026911bf9ed0: 0c45 85db | 0f84 1e22 | 0000 ffc3 | 0f1f 4000 | 3bde 0f8d | 7f0b 0000 | 3bde 0f83 | cc1d 0000 
  0x0000026911bf9ef0: 458b 549e | 104d 8b9f 

  0x0000026911bf9ef8: ; ImmutableOopMap {r10=NarrowOop rdi=Oop r13=Oop r14=NarrowOop [32]=Oop [40]=NarrowOop [44]=NarrowOop [64]=Oop [88]=NarrowOop [104]=Oop }
                      ;*goto {reexecute=1 rethrow=0 return_oop=0}
                      ; - (reexecute) java.lang.ThreadLocal$ThreadLocalMap::set@79 (line 486)
                      ; - java.lang.ThreadLocal::set@17 (line 222)
                      ; - org.gradle.internal.code.DefaultUserCodeApplicationContext$CurrentApplication$1::execute@55 (line 126)
                      ; - org.gradle.api.internal.DefaultCollectionCallbackActionDecorator$BuildOperationEmittingAction$1::run@11 (line 110)
                      ; - org.gradle.internal.operations.DefaultBuildOperationRunner$1::execute@2 (line 30)
                      ; - org.gradle.internal.operations.DefaultBuildOperationRunner$1::execute@6 (line 27)
  0x0000026911bf9ef8: 5003 0000 

  0x0000026911bf9efc: ;   {poll}
  0x0000026911bf9efc: 4185 0390 | 4585 d20f | 843d feff | ff49 8bea | ebb2 4489 | 4c24 5089 | 4c24 4044 | 8954 242c 
  0x0000026911bf9f1c: 4c89 6c24 | 3049 8bd5 

  0x0000026911bf9f24: ;   {optimized virtual_call}
  0x0000026911bf9f24: 448b c3e8 

  0x0000026911bf9f28: ; ImmutableOopMap {rbp=Oop [32]=Oop [48]=Oop [80]=NarrowOop [88]=NarrowOop }
                      ;*invokevirtual expungeStaleEntry {reexecute=0 rethrow=0 return_oop=0}
                      ; - java.lang.ThreadLocal$ThreadLocalMap::cleanSomeSlots@47 (line 674)
                      ; - java.lang.ThreadLocal$ThreadLocalMap::set@113 (line 500)
                      ; - java.lang.ThreadLocal::set@17 (line 222)
                      ; - org.gradle.internal.code.DefaultUserCodeApplicationContext$CurrentApplication$1::execute@55 (line 126)
                      ; - org.gradle.api.internal.DefaultCollectionCallbackActionDecorator$BuildOperationEmittingAction$1::run@11 (line 110)
                      ; - org.gradle.internal.operations.DefaultBuildOperationRunner$1::execute@2 (line 30)
                      ; - org.gradle.internal.operations.DefaultBuildOperationRunner$1::execute@6 (line 27)
  0x0000026911bf9f28: 5474 83fe | 448b 5c24 | 4041 b801 | 0000 008b | d848 8b7c | 2430 448b | 5424 2c41 | 8bcb 448b 
  0x0000026911bf9f48: 4c24 504c | 8bef 6690 | 498b 9750 | 0300 0041 

  0x0000026911bf9f58: ; ImmutableOopMap {r9=NarrowOop rbp=Oop r13=Oop [32]=Oop [88]=NarrowOop }
                      ;*ifne {reexecute=1 rethrow=0 return_oop=0}
                      ; - (reexecute) java.lang.ThreadLocal$ThreadLocalMap::cleanSomeSlots@56 (line 676)
                      ; - java.lang.ThreadLocal$ThreadLocalMap::set@113 (line 500)
                      ; - java.lang.ThreadLocal::set@17 (line 222)
                      ; - org.gradle.internal.code.DefaultUserCodeApplicationContext$CurrentApplication$1::execute@55 (line 126)
                      ; - org.gradle.api.internal.DefaultCollectionCallbackActionDecorator$BuildOperationEmittingAction$1::run@11 (line 110)
                      ; - org.gradle.internal.operations.DefaultBuildOperationRunner$1::execute@2 (line 30)
                      ; - org.gradle.internal.operations.DefaultBuildOperationRunner$1::execute@6 (line 27)
                      ;   {poll}
  0x0000026911bf9f58: d1eb 8502 | 0f1f 4000 | 4585 db0f | 8426 0000 | 00ff c33b | d90f 8d7d | 0500 003b | d90f 83f5 
  0x0000026911bf9f78: 1a00 0041 | 8b54 9910 | 85d2 74cc | 443b 620c | 75c6 e97f | ffff ff45 | 85c0 7515 | 448b 4424 
  0x0000026911bf9f98: 5845 8b58 | 1066 6690 | 453b d30f | 8d80 0e00 | 0048 8b5c | 2420 448b | 5b08 6666 | 0f1f 8400 
  0x0000026911bf9fb8: 0000 0000 | 6666 6690 

  0x0000026911bf9fc0: ;   {metadata('org/gradle/internal/operations/DefaultBuildOperationRunner$DefaultBuildOperationContext')}
  0x0000026911bf9fc0: 4181 fb40 | de26 010f | 859f 1b00 | 0041 807f | 3800 0f85 | 960a 0000 

  0x0000026911bf9fd8: ;   {oop(a 'org/gradle/api/internal/ExecuteDomainObjectCollectionCallbackBuildOperationType$1'{0x000000008c874468})}
  0x0000026911bf9fd8: c743 1868 | 4487 8c4c 

  0x0000026911bf9fe0: ;   {oop(a 'org/gradle/api/internal/ExecuteDomainObjectCollectionCallbackBuildOperationType$1'{0x000000008c874468})}
  0x0000026911bf9fe0: 8bd3 49bb | 6844 878c | 0000 0000 | 4d33 da49 | c1eb 144d | 85db 7416 | 49c1 ea09 | 4c8b 4424 
  0x0000026911bfa000: 384d 03c2 | 4180 3804 | 0f85 970a | 0000 4881 | c4a0 0000 

  0x0000026911bfa014: ;   {poll_return}
  0x0000026911bfa014: 005d 493b | a748 0300 | 000f 8792 | 2c00 00c3 | 0f1f 8400 | 0000 0000 | 6666 6690 | 488b 5424 
  0x0000026911bfa034: 5844 8b44 

  0x0000026911bfa038: ;   {optimized virtual_call}
  0x0000026911bfa038: 2468 90e8 

  0x0000026911bfa03c: ; ImmutableOopMap {rbp=Oop [32]=Oop [40]=Oop [48]=NarrowOop [52]=NarrowOop [60]=NarrowOop [64]=Oop [72]=Oop [80]=NarrowOop [88]=Oop }
                      ;*invokevirtual expungeStaleEntry {reexecute=0 rethrow=0 return_oop=0}
                      ; - java.lang.ThreadLocal$ThreadLocalMap::getEntryAfterMiss@35 (line 459)
                      ; - java.lang.ThreadLocal$ThreadLocalMap::getEntry@38 (line 439)
                      ; - java.lang.ThreadLocal::get@16 (line 165)
                      ; - org.gradle.internal.code.DefaultUserCodeApplicationContext$CurrentApplication$1::execute@10 (line 121)
                      ; - org.gradle.api.internal.DefaultCollectionCallbackActionDecorator$BuildOperationEmittingAction$1::run@11 (line 110)
                      ; - org.gradle.internal.operations.DefaultBuildOperationRunner$1::execute@2 (line 30)
                      ; - org.gradle.internal.operations.DefaultBuildOperationRunner$1::execute@6 (line 27)
  0x0000026911bfa03c: 4073 83fe | 448b 5424 | 6844 3b54 | 2454 0f83 | 4c1a 0000 | 448b 4424 | 5047 8b5c | 9010 4d8b 
  0x0000026911bfa05c: 8750 0300 

  0x0000026911bfa060: ; ImmutableOopMap {r11=NarrowOop rbp=Oop [32]=Oop [40]=Oop [48]=NarrowOop [52]=NarrowOop [60]=NarrowOop [64]=Oop [72]=Oop [80]=NarrowOop [88]=Oop }
                      ;*goto {reexecute=1 rethrow=0 return_oop=0}
                      ; - (reexecute) java.lang.ThreadLocal$ThreadLocalMap::getEntryAfterMiss@54 (line 462)
                      ; - java.lang.ThreadLocal$ThreadLocalMap::getEntry@38 (line 439)
                      ; - java.lang.ThreadLocal::get@16 (line 165)
                      ; - org.gradle.internal.code.DefaultUserCodeApplicationContext$CurrentApplication$1::execute@10 (line 121)
                      ; - org.gradle.api.internal.DefaultCollectionCallbackActionDecorator$BuildOperationEmittingAction$1::run@11 (line 110)
                      ; - org.gradle.internal.operations.DefaultBuildOperationRunner$1::execute@2 (line 30)
                      ; - org.gradle.internal.operations.DefaultBuildOperationRunner$1::execute@6 (line 27)
                      ;   {poll}
  0x0000026911bfa060: 0041 8500 | 4585 db0f | 843f 0000 | 004d 8bcb | 4489 5424 | 6845 8b59 | 0c44 8b54 | 2434 6690 
  0x0000026911bfa080: 453b da0f | 8471 f8ff | ff45 3b61 | 0c74 a144 | 8b54 2468 | 41ff c266 | 0f1f 8400 | 0000 0000 
  0x0000026911bfa0a0: 443b 5424 | 547c 9e45 | 33d2 eb99 | 488b 5c24 | 2844 8b54 | 2434 448b | 5c24 3848 | 8b7c 2470 
  0x0000026911bfa0c0: ;   {metadata('java/lang/ThreadLocal')}
  0x0000026911bfa0c0: 4181 fb60 | 0709 000f | 8563 2000 | 004c 8b54 | 2440 4c89 | 5424 684c | 8b54 2448 | 458b 4244 
  0x0000026911bfa0e0: 4c8b 5424 | 6845 8b52 | 0c4c 8b5c | 2468 498b | d345 85c0 | 0f84 b710 | 0000 458b | 4814 6690 
  0x0000026911bfa100: ; implicit exception: dispatches to 0x0000026911bfcb50
  0x0000026911bfa100: 418b 410c | 448b d841 | ffcb 4523 | da85 c00f | 863f 2000 | 0047 8b54 | 9910 498b | e849 8bc9 
  0x0000026911bfa120: 4889 4c24 | 7845 85d2 | 0f84 6f00 | 0000 498b | f248 895c | 2428 4889 | 7c24 3841 | 8bcb 6690 
  0x0000026911bfa140: 448b 5e0c | 4d8b d34c | 8b5c 2468 | 4d3b d30f | 8470 0300 | 0044 8b5e | 0c45 85db | 0f1f 4000 
  0x0000026911bfa160: 0f84 7321 | 0000 ffc1 | 3bc8 0f8d | 9c0c 0000 | 3bc8 0f83 | 4820 0000 | 458b 5489 | 104d 8b9f 
  0x0000026911bfa180: ; ImmutableOopMap {r10=NarrowOop r8=NarrowOop r9=NarrowOop rdx=NarrowOop rbp=Oop [32]=Oop [40]=Oop [48]=NarrowOop [72]=Oop [104]=Oop [120]=Oop }
                      ;*goto {reexecute=1 rethrow=0 return_oop=0}
                      ; - (reexecute) java.lang.ThreadLocal$ThreadLocalMap::set@79 (line 486)
                      ; - java.lang.ThreadLocal::setInitialValue@22 (line 199)
                      ; - java.lang.ThreadLocal::get@34 (line 172)
                      ; - org.gradle.internal.code.DefaultUserCodeApplicationContext$CurrentApplication$1::execute@10 (line 121)
                      ; - org.gradle.api.internal.DefaultCollectionCallbackActionDecorator$BuildOperationEmittingAction$1::run@11 (line 110)
                      ; - org.gradle.internal.operations.DefaultBuildOperationRunner$1::execute@2 (line 30)
                      ; - org.gradle.internal.operations.DefaultBuildOperationRunner$1::execute@6 (line 27)
  0x0000026911bfa180: 5003 0000 

  0x0000026911bfa184: ;   {poll}
  0x0000026911bfa184: 4185 0345 | 85d2 0f85 | 4101 0000 | 488b 5c24 | 2848 8b7c | 2438 448b | d94d 8b97 | 0801 0000 
  0x0000026911bfa1a4: 498b ca48 | 83c1 2049 | 3b8f 1801 | 0000 0f83 | c712 0000 | 4989 8f08 | 0100 000f | 0d89 0001 
  0x0000026911bfa1c4: 0000 49c7 | 0201 0000 

  0x0000026911bfa1cc: ;   {metadata('java/lang/ThreadLocal$ThreadLocalMap$Entry')}
  0x0000026911bfa1cc: 0041 c742 | 08c0 980b | 0045 8962 | 0c4d 8962 | 104d 8962 | 1841 8952 | 0c41 807f | 3800 0f85 
  0x0000026911bfa1ec: d70c 0000 

  0x0000026911bfa1f0: ;   {oop(a 'java/lang/ref/ReferenceQueue$Null'{0x000000008067fac0})}
  0x0000026911bfa1f0: 41c7 4210 | c0fa 6780 

  0x0000026911bfa1f8: ;   {oop(a 'java/lang/ref/ReferenceQueue$Null'{0x000000008067fac0})}
  0x0000026911bfa1f8: 48b9 c0fa | 6780 0000 | 0000 498b | d248 33ca | 48c1 e914 | 4885 c974 | 1a48 c1ea | 0948 b900 
  0x0000026911bfa218: 00ab 1769 | 0200 0048 | 03ca 8039 | 040f 8567 | 0d00 00f0 | 8344 24c0 | 0041 807f | 3800 0f85 
  0x0000026911bfa238: 010c 0000 | 4589 621c | 443b d80f | 8347 1f00 | 004b 8d74 | 9910 4180 | 7f38 000f | 850c 0d00 
  0x0000026911bfa258: 004d 8bca | 4489 0e4c | 8bce 4d33 | d149 c1ea | 144d 85d2 | 741b 49c1 | e909 48b9 | 0000 ab17 
  0x0000026911bfa278: 6902 0000 | 4903 c990 | 8039 040f | 858a 0d00 | 0045 8b50 | 1445 8b48 | 0c41 ffc1 | 4589 480c 
  0x0000026911bfa298: 0f1f 8400 | 0000 0000 

  0x0000026911bfa2a0: ; implicit exception: dispatches to 0x0000026911bfcb64
  0x0000026911bfa2a0: 418b 520c | 8954 2450 | 418b cb44 | 8944 2434 | 4889 7c24 | 3848 895c | 2428 4d8b | da4c 895c 
  0x0000026911bfa2c0: 2458 4489 | 5424 4044 | 894c 2444 | 4533 dbeb | 2849 8bf2 | e967 feff | ff0f 1f80 | 0000 0000 
  0x0000026911bfa2e0: 418b ca4d | 8b97 5003 | 0000 41d1 

  0x0000026911bfa2ec: ; ImmutableOopMap {rbp=Oop [32]=Oop [40]=Oop [48]=NarrowOop [52]=NarrowOop [64]=NarrowOop [72]=Oop [88]=Oop [104]=Oop }
                      ;*ifne {reexecute=1 rethrow=0 return_oop=0}
                      ; - (reexecute) java.lang.ThreadLocal$ThreadLocalMap::cleanSomeSlots@56 (line 676)
                      ; - java.lang.ThreadLocal$ThreadLocalMap::set@113 (line 500)
                      ; - java.lang.ThreadLocal::setInitialValue@22 (line 199)
                      ; - java.lang.ThreadLocal::get@34 (line 172)
                      ; - org.gradle.internal.code.DefaultUserCodeApplicationContext$CurrentApplication$1::execute@10 (line 121)
                      ; - org.gradle.api.internal.DefaultCollectionCallbackActionDecorator$BuildOperationEmittingAction$1::run@11 (line 110)
                      ; - org.gradle.internal.operations.DefaultBuildOperationRunner$1::execute@2 (line 30)
                      ; - org.gradle.internal.operations.DefaultBuildOperationRunner$1::execute@6 (line 27)
                      ;   {poll}
  0x0000026911bfa2ec: e941 8502 | 4585 c90f | 8439 f6ff | ff44 8bd1 | 41ff c290 | 443b 5424 | 500f 8d4c | 0700 0044 
  0x0000026911bfa30c: 3b54 2450 | 0f83 c217 | 0000 8b4c | 2440 428b | 4c91 1090 | 85c9 74bc | 443b 610c | 0f84 600e 
  0x0000026911bfa32c: 0000 418b | caeb b048 | 8b7e 288b | 0f48 83c7 | 0848 85c0 | f248 af0f | 8504 0000 | 0048 8946 
  0x0000026911bfa34c: 200f 84ac | f4ff ffba | deff ffff 

  0x0000026911bfa358: ;   {runtime_call UncommonTrapBlob}
  0x0000026911bfa358: 498b e8e8 

  0x0000026911bfa35c: ; ImmutableOopMap {rbp=Oop }
                      ;*checkcast {reexecute=0 rethrow=0 return_oop=0}
                      ; - org.gradle.internal.operations.DefaultBuildOperationRunner$1::execute@2 (line 27)
  0x0000026911bfa35c: a0c5 83fe | 4d8b c166 | 9048 b8c0 | 7884 7669 

  0x0000026911bfa36c: ;   {virtual_call}
  0x0000026911bfa36c: 0200 00e8 

  0x0000026911bfa370: ; ImmutableOopMap {}
                      ;*invokeinterface run {reexecute=0 rethrow=0 return_oop=0}
                      ; - org.gradle.internal.operations.DefaultBuildOperationRunner$1::execute@2 (line 30)
                      ; - org.gradle.internal.operations.DefaultBuildOperationRunner$1::execute@6 (line 27)
  0x0000026911bfa370: 1c41 8efe | e995 fcff | ff0f 1f80 | 0000 0000 | 4180 7f38 | 000f 8503 | 0d00 0044 | 8b54 2450 
  0x0000026911bfa390: 4489 531c | 4c8b 5424 | 584c 8bdb | 4d33 d349 | c1ea 144d | 85d2 0f84 | e7f8 ffff | 49c1 eb09 
  0x0000026911bfa3b0: 48b9 0000 | ab17 6902 | 0000 4903 | cb66 6690 | 8039 040f | 84ca f8ff | ff4d 8b57 | 404d 8b5f 
  0x0000026911bfa3d0: 50f0 8344 | 24c0 0080 | 3900 660f | 1f44 0000 | 0f84 adf8 | ffff 4488 | 214d 85d2 | 7517 498b 
  0x0000026911bfa3f0: d749 ba30 | ce6e 57f8 | 7f00 0041 | ffd2 6690 | e98e f8ff | ff4b 894c | 13f8 4983 | c2f8 4d89 
  0x0000026911bfa410: 5740 e97c | f8ff ff66 | 0f1f 8400 | 0000 0000 | 4180 7f38 | 000f 859a | 0c00 0044 | 8b5c 242c 
  0x0000026911bfa430: 4489 5d1c | 4c8b 5424 | 404c 8bdd | 4d33 d349 | c1ea 144d | 85d2 0f84 | 5dfb ffff | 4c8b 5424 
  0x0000026911bfa450: 404d 85d2 | 0f84 4ffb | ffff 49c1 | eb09 48b9 | 0000 ab17 | 6902 0000 | 4903 cb80 | 3904 0f84 
  0x0000026911bfa470: 35fb ffff | 4d8b 5740 | 4d8b 5f50 | f083 4424 | c000 8039 | 000f 841e | fbff ff44 | 8821 4d85 
  0x0000026911bfa490: d275 1f49 | 8bd7 6666 | 0f1f 8400 | 0000 0000 | 49ba 30ce | 6e57 f87f | 0000 41ff | d2e9 f7fa 
  0x0000026911bfa4b0: ffff 4b89 | 4c13 f849 | 83c2 f84d | 8957 4090 | e9e4 faff | ff41 807f | 3800 0f85 | 790f 0000 
  0x0000026911bfa4d0: 4489 661c | e975 f4ff | ff48 bf00 | 00ab 1769 | 0200 00e9 | d8fb ffff | 4533 c9e9 | 59f7 ffff 
  0x0000026911bfa4f0: 33db e97c | faff ff4d | 8bb7 0801 | 0000 4d8b | d649 83c2 | 184d 3b97 | 1801 0000 | 0f83 6c18 
  0x0000026911bfa510: 0000 4d89 | 9708 0100 | 0041 0f0d | 8a00 0100 | 0049 c706 | 0100 0000 

  0x0000026911bfa528: ;   {metadata('java/lang/ThreadLocal$ThreadLocalMap')}
  0x0000026911bfa528: 41c7 4608 | b096 0b00 | 4589 660c | 4d89 6610 | 498b af08 | 0100 004c | 8bd5 4983 | c250 4d3b 
  0x0000026911bfa548: 9718 0100 | 000f 83a9 | 1800 004d | 8997 0801 | 0000 410f | 0d8a 0001 | 0000 48c7 | 4500 0100 
  0x0000026911bfa568: 0000 410f | 0d8a 4001 

  0x0000026911bfa570: ;   {metadata('java/lang/ThreadLocal$ThreadLocalMap$Entry'[])}
  0x0000026911bfa570: 0000 c745 | 08b8 3404 | 0141 0f0d | 8a80 0100 | 00c7 450c | 1000 0000 | 4c89 6510 | 4c89 6518 
  0x0000026911bfa590: 4c89 6520 | 4c89 6528 | 4c89 6530 | 4c89 6538 | 4c89 6540 | 4c89 6548 | 4d8b ee4c | 8bd5 4589 
  0x0000026911bfa5b0: 5614 4c8b | d54d 33d5 | 49c1 ea14 | 0f1f 4000 | 4d85 d274 | 1a49 c1ed | 0948 b900 | 00ab 1769 
  0x0000026911bfa5d0: 0200 0049 | 03cd 8039 | 040f 85ce | 1100 004d | 8baf 0801 | 0000 4d8b | d549 83c2 | 2041 83e0 
  0x0000026911bfa5f0: 0f4d 3b97 | 1801 0000 | 0f83 ea16 | 0000 4d89 | 9708 0100 | 0041 0f0d | 8a00 0100 | 0049 c745 
  0x0000026911bfa610: 0001 0000 

  0x0000026911bfa614: ;   {metadata('java/lang/ThreadLocal$ThreadLocalMap$Entry')}
  0x0000026911bfa614: 0041 c745 | 08c0 980b | 0045 8965 | 0c4d 8965 | 104d 8965 | 1841 8955 | 0c41 807f | 3800 0f85 
  0x0000026911bfa634: f70e 0000 

  0x0000026911bfa638: ;   {oop(a 'java/lang/ref/ReferenceQueue$Null'{0x000000008067fac0})}
  0x0000026911bfa638: 41c7 4510 | c0fa 6780 

  0x0000026911bfa640: ;   {oop(a 'java/lang/ref/ReferenceQueue$Null'{0x000000008067fac0})}
  0x0000026911bfa640: 49ba c0fa | 6780 0000 | 0000 498b | d54c 33d2 | 49c1 ea14 | 4d85 d274 | 1a48 c1ea | 0948 b900 
  0x0000026911bfa660: 00ab 1769 | 0200 0048 | 03ca 8039 | 040f 8532 | 1000 00f0 | 8344 24c0 | 000f 1f80 | 0000 0000 
  0x0000026911bfa680: 4180 7f38 | 000f 856f | 0e00 0045 | 895d 1c4d | 8bd1 4d8b | dd4d 33d3 | 49c1 ea14 | 0f1f 4000 
  0x0000026911bfa6a0: 4d85 d274 | 1a49 c1eb | 0948 b900 | 00ab 1769 | 0200 0049 | 03cb 8039 | 040f 8578 | 1000 0090 
  0x0000026911bfa6c0: ; implicit exception: dispatches to 0x0000026911bfcb78
  0x0000026911bfa6c0: 448b 550c | 453b c20f | 83c1 1f00 | 004a 8d6c | 8510 4180 | 7f38 000f | 85c2 0e00 | 004d 8bd5 
  0x0000026911bfa6e0: 4489 5500 | 4d8b d644 | 8954 2428 | 4c8b d54d | 8bdd 4d33 | da49 c1eb | 144d 85db | 741a 49c1 
  0x0000026911bfa700: ea09 48b9 | 0000 ab17 | 6902 0000 | 4903 ca80 | 3904 0f85 | 7411 0000 | 0f1f 8400 | 0000 0000 
  0x0000026911bfa720: 4180 7f38 | 000f 853a | 0e00 004c | 8b54 2448 | 448b 4424 | 2845 8942 | 4441 c746 | 0c01 0000 
  0x0000026911bfa740: 0041 c746 | 100a 0000 | 004d 8bd6 | 4c8b 5c24 | 484d 33d3 | 49c1 ea14 | 4d85 d274 | 1a49 c1eb 
  0x0000026911bfa760: 0948 b900 | 00ab 1769 | 0200 0049 | 03cb 8039 | 040f 85ce | 1000 0048 | 897c 2438 | 4889 7424 
  0x0000026911bfa780: 40e9 12f5 | ffff 4d8b | af08 0100 | 004d 8bd5 | 4983 c218 | 0f1f 8400 | 0000 0000 | 6666 6690 
  0x0000026911bfa7a0: 4d3b 9718 | 0100 000f | 83d8 1700 | 004d 8997 | 0801 0000 | 410f 0d8a | 0001 0000 | 49c7 4500 
  0x0000026911bfa7c0: 0100 0000 

  0x0000026911bfa7c4: ;   {metadata('java/lang/ThreadLocal$ThreadLocalMap')}
  0x0000026911bfa7c4: 41c7 4508 | b096 0b00 | 4589 650c | 4d89 6510 | 498b 9f08 | 0100 004c | 8bd3 4983 | c250 4d3b 
  0x0000026911bfa7e4: 9718 0100 | 000f 8316 | 1700 004d | 8997 0801 | 0000 410f | 0d8a 0001 | 0000 48c7 | 0301 0000 
  0x0000026911bfa804: 0041 0f0d | 8a40 0100 

  0x0000026911bfa80c: ;   {metadata('java/lang/ThreadLocal$ThreadLocalMap$Entry'[])}
  0x0000026911bfa80c: 00c7 4308 | b834 0401 | 410f 0d8a | 8001 0000 | c743 0c10 | 0000 004c | 8963 104c | 8963 184c 
  0x0000026911bfa82c: 8963 204c | 8963 284c | 8963 304c | 8963 384c | 8963 404c | 8963 484d | 8bd5 4c8b | db45 895d 
  0x0000026911bfa84c: 144c 8bdb | 4d33 da49 | c1eb 144d | 85db 741a | 49c1 ea09 | 48b9 0000 | ab17 6902 | 0000 4903 
  0x0000026911bfa86c: ca80 3904 | 0f85 7710 | 0000 4d8b | b708 0100 | 004d 8bd6 | 4983 c220 | 83e5 0f4d | 3b97 1801 
  0x0000026911bfa88c: 0000 0f83 | f515 0000 | 4d89 9708 | 0100 0041 | 0f0d 8a00 | 0100 0049 | c706 0100 

  0x0000026911bfa8a8: ;   {metadata('java/lang/ThreadLocal$ThreadLocalMap$Entry')}
  0x0000026911bfa8a8: 0000 41c7 | 4608 c098 | 0b00 4589 | 660c 4d89 | 6610 4d89 | 6618 448b | 5424 2845 | 8956 0c41 
  0x0000026911bfa8c8: 807f 3800 | 0f85 000d 

  0x0000026911bfa8d0: ;   {oop(a 'java/lang/ref/ReferenceQueue$Null'{0x000000008067fac0})}
  0x0000026911bfa8d0: 0000 41c7 | 4610 c0fa 

  0x0000026911bfa8d8: ;   {oop(a 'java/lang/ref/ReferenceQueue$Null'{0x000000008067fac0})}
  0x0000026911bfa8d8: 6780 49ba | c0fa 6780 | 0000 0000 | 4d8b de4d | 33d3 49c1 | ea14 4d85 | d274 1a49 | c1eb 0948 
  0x0000026911bfa8f8: b900 00ab | 1769 0200 | 0049 03cb | 8039 040f | 8532 1000 | 00f0 8344 | 24c0 0041 | 807f 3800 
  0x0000026911bfa918: 0f85 e70c | 0000 448b | 5c24 2c45 | 895e 1c4c | 8b54 2440 | 4d8b de4d | 33d3 49c1 | ea14 4d85 
  0x0000026911bfa938: d274 244c | 8b54 2440 | 4d85 d274 | 1a49 c1eb | 0948 b900 | 00ab 1769 | 0200 0049 | 03cb 8039 
  0x0000026911bfa958: 040f 856d | 1000 0090 

  0x0000026911bfa960: ; implicit exception: dispatches to 0x0000026911bfcba8
  0x0000026911bfa960: 448b 530c | 413b ea0f | 834f 1d00 | 0048 8d7c | ab10 4180 | 7f38 000f | 85bf 0c00 | 004d 8bd6 
  0x0000026911bfa980: 4489 1749 | 8bdd 4c8b | d74d 8bde | 4d33 da49 | c1eb 144d | 85db 741a | 49c1 ea09 | 48b9 0000 
  0x0000026911bfa9a0: ab17 6902 | 0000 4903 | ca80 3904 | 0f85 d30f | 0000 4180 | 7f38 000f | 85b2 0c00 | 0089 5e44 
  0x0000026911bfa9c0: 41c7 450c | 0100 0000 | 41c7 4510 | 0a00 0000 | 4d8b d54c | 8bde 4d33 | d349 c1ea | 1466 6690 
  0x0000026911bfa9e0: 4d85 d20f | 84c0 f5ff | ff49 c1eb | 0948 b900 | 00ab 1769 | 0200 0049 | 03cb 660f | 1f44 0000 
  0x0000026911bfaa00: 8039 040f | 84a0 f5ff | ff4d 8b57 | 404d 8b5f | 50f0 8344 | 24c0 0080 | 3900 660f | 1f44 0000 
  0x0000026911bfaa20: 0f84 83f5 | ffff 4488 | 214d 85d2 | 7517 498b | d749 ba30 | ce6e 57f8 | 7f00 0041 | ffd2 6690 
  0x0000026911bfaa40: e964 f5ff | ff4b 894c | 13f8 4983 | c2f8 4d89 | 5740 e952 | f5ff ff45 | 33d2 e9ac | f8ff ff45 
  0x0000026911bfaa60: 33c9 e9d6 | efff ff33 | dbe9 7af4 | ffff 448b | 5318 4585 | d20f 845d | f5ff ff4d | 8b5f 2049 
  0x0000026911bfaa80: 8bca 4d85 | db0f 8451 | 1500 004d | 8b57 304b | 894c 1af8 | 4983 c3f8 | 4d89 5f20 | 0f1f 4000 
  0x0000026911bfaaa0: e933 f5ff | ff4d 8b57 | 404d 8b5f | 50f0 8344 | 24c0 0041 | 8038 000f | 8451 f5ff | ff45 8820 
  0x0000026911bfaac0: 4d85 d275 | 1849 8bc8 | 498b d749 | ba30 ce6e | 57f8 7f00 | 0041 ffd2 | e931 f5ff | ff4f 8944 
  0x0000026911bfaae0: 13f8 4983 | c2f8 4d89 | 5740 e91f | f5ff ff44 | 8b5b 1c45 | 85db 0f84 | 1ef0 ffff | 4d8b 5720 
  0x0000026911bfab00: 498b cb4d | 85d2 0f84 | e614 0000 | 4d8b 5f30 | 4b89 4c13 | f849 83c2 | f84d 8957 | 2066 6690 
  0x0000026911bfab20: e9f5 efff | ff44 8b53 | 1045 85d2 | 0f84 99ef | ffff 4d8b | 5f20 498b | ca4d 85db | 0f1f 4000 
  0x0000026911bfab40: 0f84 cc14 | 0000 4d8b | 5730 4b89 | 4c1a f849 | 83c3 f84d | 895f 20e9 | 6fef ffff | 448b 1690 
  0x0000026911bfab60: 4585 d20f | 841d f0ff | ff4d 8b5f | 2049 8bca | 4d85 db0f | 84b9 1400 | 004d 8b57 | 304b 894c 
  0x0000026911bfab80: 1af8 4983 | c3f8 4d89 | 5f20 e9f7 | efff ff44 | 8b55 1045 | 85d2 0f84 | 0ff2 ffff | 4d8b 5f20 
  0x0000026911bfaba0: 498b ca4d | 85db 0f84 | ab14 0000 | 4d8b 5730 | 4b89 4c1a | f849 83c3 | f84d 895f | 2066 6690 
  0x0000026911bfabc0: e9e6 f1ff | ff44 8b5d | 1c45 85db | 0f84 28f2 | ffff 4d8b | 5720 498b | cb4d 85d2 | 0f1f 4000 
  0x0000026911bfabe0: 0f84 a814 | 0000 4d8b | 5f30 4b89 | 4c13 f849 | 83c2 f84d | 8957 20e9 | fef1 ffff | 448b 1f90 
  0x0000026911bfac00: 4585 db0f | 844f f2ff | ff4d 8b57 | 2049 8bcb | 4d85 d20f | 848c 1400 | 004d 8b5f | 304b 894c 
  0x0000026911bfac20: 13f8 4983 | c2f8 4d89 | 5720 e929 | f2ff ff4d | 8b57 504d | 8b5f 40f0 | 8344 24c0 | 0066 6690 
  0x0000026911bfac40: 8039 000f | 84c0 eeff | ff44 8821 | 4d85 db75 | 2149 8bd7 | 0f1f 8400 | 0000 0000 | 6666 6690 
  0x0000026911bfac60: 49ba 30ce | 6e57 f87f | 0000 41ff | d2e9 97ee | ffff 4b89 | 4c1a f849 | 83c3 f84d | 895f 4090 
  0x0000026911bfac80: e984 eeff | ff4d 8b57 | 504d 8b5f | 40f0 8344 | 24c0 0080 | 3900 0f84 | b5ee ffff | 4488 2190 
  0x0000026911bfaca0: 4d85 db75 | 1549 8bd7 | 49ba 30ce | 6e57 f87f | 0000 41ff | d2e9 97ee | ffff 4b89 | 4c1a f849 
  0x0000026911bfacc0: 83c3 f84d | 895f 40e9 | 85ee ffff | 4d8b 5750 | 4d8b 5f40 | f083 4424 

  0x0000026911bfacd8: ;   {no_reloc}
  0x0000026911bfacd8: c000 660f | 1f44 0000 | 8039 000f | 84cf eeff | ff44 8821 | 4d85 db75 | 2441 8bd9 | 498b d766 
  0x0000026911bfacf8: 0f1f 8400 | 0000 0000 | 49ba 30ce | 6e57 f87f | 0000 41ff | d244 8bcb | e9a3 eeff | ff4b 894c 
  0x0000026911bfad18: 1af8 4983 | c3f8 4d89 | 5f40 e991 | eeff ff4d | 8b57 504d | 8b5f 40f0 | 8344 24c0 | 0080 3900 
  0x0000026911bfad38: 0f84 abf0 | ffff 4488 | 214d 85db | 7515 498b | d749 ba30 | ce6e 57f8 | 7f00 0041 | ffd2 e98e 
  0x0000026911bfad58: f0ff ff4b | 894c 1af8 | 4983 c3f8 | 4d89 5f40 | e97c f0ff | ff4d 8b57 | 504d 8b5f | 40f0 8344 
  0x0000026911bfad78: 24c0 000f | 1f44 0000 | 8039 000f | 8401 f1ff | ff44 8821 | 4d85 db75 | 2149 8bd7 | 0f1f 8400 
  0x0000026911bfad98: 0000 0000 | 6666 6690 | 49ba 30ce | 6e57 f87f | 0000 41ff | d2e9 d8f0 | ffff 4b89 | 4c1a f849 
  0x0000026911bfadb8: 83c3 f84d | 895f 4090 | e9c5 f0ff | ff4d 8b57 | 504d 8b5f | 40f0 8344 | 24c0 0080 | 3900 0f84 
  0x0000026911bfadd8: 63f0 ffff | 4488 2190 | 4d85 db75 | 1549 8bd7 | 49ba 30ce | 6e57 f87f | 0000 41ff | d2e9 45f0 
  0x0000026911bfadf8: ffff 4b89 | 4c1a f849 | 83c3 f84d | 895f 40e9 | 33f0 ffff | 33c9 e95d | f3ff ff48 | 8b54 2470 
  0x0000026911bfae18: 488b 6c24 

  0x0000026911bfae1c: ;   {optimized virtual_call}
  0x0000026911bfae1c: 2066 90e8 

  0x0000026911bfae20: ; ImmutableOopMap {rbp=Oop [32]=Oop [40]=Oop [48]=NarrowOop [64]=Oop [72]=Oop }
                      ;*invokevirtual rehash {reexecute=0 rethrow=0 return_oop=0}
                      ; - java.lang.ThreadLocal$ThreadLocalMap::set@129 (line 501)
                      ; - java.lang.ThreadLocal::set@17 (line 222)
                      ; - org.gradle.internal.code.DefaultUserCodeApplicationContext$CurrentApplication$1::execute@31 (line 122)
                      ; - org.gradle.api.internal.DefaultCollectionCallbackActionDecorator$BuildOperationEmittingAction$1::run@11 (line 110)
                      ; - org.gradle.internal.operations.DefaultBuildOperationRunner$1::execute@2 (line 30)
                      ; - org.gradle.internal.operations.DefaultBuildOperationRunner$1::execute@6 (line 27)
  0x0000026911bfae20: 5c65 83fe | e96a eeff | ff49 8bd5 | 488b 6c24 

  0x0000026911bfae30: ;   {optimized virtual_call}
  0x0000026911bfae30: 2066 90e8 

  0x0000026911bfae34: ; ImmutableOopMap {rbp=Oop [32]=Oop }
                      ;*invokevirtual rehash {reexecute=0 rethrow=0 return_oop=0}
                      ; - java.lang.ThreadLocal$ThreadLocalMap::set@129 (line 501)
                      ; - java.lang.ThreadLocal::set@17 (line 222)
                      ; - org.gradle.internal.code.DefaultUserCodeApplicationContext$CurrentApplication$1::execute@55 (line 126)
                      ; - org.gradle.api.internal.DefaultCollectionCallbackActionDecorator$BuildOperationEmittingAction$1::run@11 (line 110)
                      ; - org.gradle.internal.operations.DefaultBuildOperationRunner$1::execute@2 (line 30)
                      ; - org.gradle.internal.operations.DefaultBuildOperationRunner$1::execute@6 (line 27)
  0x0000026911bfae34: 4865 83fe | e96c f1ff | ff41 8b4a | 1c85 c90f | 84f3 f3ff | ff49 8b57 | 2048 85d2 | 0f84 fc13 
  0x0000026911bfae54: 0000 4c89 | 5424 4048 | 896c 2438 | 4489 5c24 | 3489 4424 | 2c44 894c | 2428 458b | f04c 8b54 
  0x0000026911bfae74: 2448 4d8b | ea48 8bef | 488b 7424 | 688b 7c24 | 304d 8b57 | 3049 894c | 12f8 4883 | c2f8 4989 
  0x0000026911bfae94: 5720 897c | 2430 4889 | 7424 6848 | 8bfd 4c89 | 6c24 4845 | 8bc6 448b | 4c24 288b | 4424 2c44 
  0x0000026911bfaeb4: 8b5c 2434 | 488b 6c24 | 384c 8b54 | 2440 e975 | f3ff ff41 | 8b52 1085 | d20f 841d | f3ff ff49 
  0x0000026911bfaed4: 8b77 2048 | 8bca 660f | 1f44 0000 | 4885 f60f | 8417 1300 | 004c 8954 | 2450 4889 | 6c24 4044 
  0x0000026911bfaef4: 895c 2438 | 8944 2434 | 4489 4c24 | 2c44 8944 | 2428 4c8b | 5424 484d | 8bf2 4c8b | ef48 8b6c 
  0x0000026911bfaf14: 2468 488b | fb8b 5c24 | 304d 8b57 | 3049 894c | 32f8 4883 | c6f8 4989 | 7720 895c | 2430 488b 
  0x0000026911bfaf34: df48 896c | 2468 498b | fd4c 8974 | 2448 448b | 4424 2844 | 8b4c 242c | 8b44 2434 | 448b 5c24 
  0x0000026911bfaf54: 3848 8b6c | 2440 4c8b | 5424 5090 | e98b f2ff | ff8b 0e85 | c90f 84ea | f2ff ff4d | 8b4f 204d 
  0x0000026911bfaf74: 85c9 0f84 | 1a13 0000 | 498b 5730 | 4a89 4c0a | f849 83c1 | f84d 894f | 20e9 c7f2 | ffff 4c89 
  0x0000026911bfaf94: 5424 4048 | 896c 2438 | 4489 5c24 | 3489 4424 | 2c44 894c | 2428 458b | f048 8bef | 488b fb4d 
  0x0000026911bfafb4: 8b57 504d | 8b5f 40f0 | 8344 24c0 | 0080 3900 | 7427 4488 | 214d 85db | 740f 4b89 | 4c1a f849 
  0x0000026911bfafd4: 83c3 f84d | 895f 40eb | 1049 8bd7 | 49ba 30ce | 6e57 f87f | 0000 41ff | d248 8bdf | 488b fd45 
  0x0000026911bfaff4: 8bc6 448b | 4c24 288b | 4424 2c44 | 8b5c 2434 | 488b 6c24 | 384c 8b54 | 2440 e918 | f2ff ff4d 
  0x0000026911bfb014: 8b57 504d | 8b4f 40f0 | 8344 24c0 | 0080 3900 | 0f84 5ff2 | ffff 4488 | 214d 85c9 | 753b 4889 
  0x0000026911bfb034: 6c24 3844 | 895c 2428 | 458b f048 | 8bef 488b | fb49 8bd7 | 49ba 30ce | 6e57 f87f | 0000 41ff 
  0x0000026911bfb054: d248 8bdf | 488b fd45 | 8bc6 448b | 5c24 2848 | 8b6c 2438 | e91c f2ff | ff4b 894c | 0af8 4983 
  0x0000026911bfb074: c1f8 4d89 | 4f40 e90a | f2ff ff48 | bf00 00ab | 1769 0200 | 00e9 32f0 | ffff 448b | 531c 4585 
  0x0000026911bfb094: d20f 84f0 | f2ff ff4d | 8b5f 2049 | 8bca 4d85 | db0f 847f | 1400 004d | 8b57 304b | 894c 1af8 
  0x0000026911bfb0b4: 4983 c3f8 | 4d89 5f20 | 0f1f 4000 | e9c6 f2ff | ff44 8b5d | 1c45 85db | 0f84 59f3 | ffff 4d8b 
  0x0000026911bfb0d4: 5720 498b | cb4d 85d2 | 0f1f 4000 | 0f84 5914 | 0000 4d8b | 5f30 4b89 | 4c13 f849 | 83c2 f84d 
  0x0000026911bfb0f4: 8957 20e9 | 2ff3 ffff 

  0x0000026911bfb0fc: ;   {metadata('java/lang/ThreadLocal$ThreadLocalMap$Entry')}
  0x0000026911bfb0fc: 48ba c098 | 0b1f 6902 | 0000 4889 

  0x0000026911bfb108: ;   {runtime_call _new_instance_Java}
  0x0000026911bfb108: 4424 78e8 

  0x0000026911bfb10c: ; ImmutableOopMap {rbp=Oop [32]=Oop [40]=Oop [48]=NarrowOop [52]=NarrowOop [64]=Oop [72]=Oop [80]=NarrowOop [84]=NarrowOop [88]=Oop [96]=NarrowOop [112]=Oop [120]=Oop }
                      ;*new {reexecute=0 rethrow=0 return_oop=1}
                      ; - java.lang.ThreadLocal$ThreadLocalMap::set@85 (line 498)
                      ; - java.lang.ThreadLocal::set@17 (line 222)
                      ; - org.gradle.internal.code.DefaultUserCodeApplicationContext$CurrentApplication$1::execute@31 (line 122)
                      ; - org.gradle.api.internal.DefaultCollectionCallbackActionDecorator$BuildOperationEmittingAction$1::run@11 (line 110)
                      ; - org.gradle.internal.operations.DefaultBuildOperationRunner$1::execute@2 (line 30)
                      ; - org.gradle.internal.operations.DefaultBuildOperationRunner$1::execute@6 (line 27)
  0x0000026911bfb10c: f03d 8efe | 488b d8e9 | 9ee9 ffff | 4c89 6c24 | 5089 5c24 | 4c89 7424 | 4844 8974 | 2434 448b 
  0x0000026911bfb12c: 5c24 2844 | 895c 2430 | 448b 5c24 | 5844 895c | 2428 488b 

  0x0000026911bfb140: ;   {metadata('java/lang/ThreadLocal$ThreadLocalMap$Entry')}
  0x0000026911bfb140: 6c24 4048 | bac0 980b | 1f69 0200 | 0048 897c 

  0x0000026911bfb150: ;   {runtime_call _new_instance_Java}
  0x0000026911bfb150: 2458 90e8 

  0x0000026911bfb154: ; ImmutableOopMap {rbp=Oop [32]=Oop [40]=NarrowOop [44]=NarrowOop [48]=NarrowOop [52]=NarrowOop [80]=Oop [88]=Oop [104]=Oop }
                      ;*new {reexecute=0 rethrow=0 return_oop=1}
                      ; - java.lang.ThreadLocal$ThreadLocalMap::set@85 (line 498)
                      ; - java.lang.ThreadLocal::set@17 (line 222)
                      ; - org.gradle.internal.code.DefaultUserCodeApplicationContext$CurrentApplication$1::execute@55 (line 126)
                      ; - org.gradle.api.internal.DefaultCollectionCallbackActionDecorator$BuildOperationEmittingAction$1::run@11 (line 110)
                      ; - org.gradle.internal.operations.DefaultBuildOperationRunner$1::execute@2 (line 30)
                      ; - org.gradle.internal.operations.DefaultBuildOperationRunner$1::execute@6 (line 27)
  0x0000026911bfb154: a83d 8efe | 4889 6c24 | 4044 8b44 | 2428 4489 | 4424 5844 | 8b5c 2430 | 4489 5c24 | 2844 8b74 
  0x0000026911bfb174: 2434 8b74 | 2448 8b5c | 244c 4c8b | 5c24 5048 | 8be8 4d8b | ebe9 09ec | ffff 488b | d545 8bc2 
  0x0000026911bfb194: ;   {optimized virtual_call}
  0x0000026911bfb194: 6666 90e8 

  0x0000026911bfb198: ; ImmutableOopMap {rbp=Oop [32]=Oop [40]=Oop [48]=NarrowOop [52]=NarrowOop [64]=NarrowOop [72]=Oop [88]=Oop [104]=Oop }
                      ;*invokevirtual expungeStaleEntry {reexecute=0 rethrow=0 return_oop=0}
                      ; - java.lang.ThreadLocal$ThreadLocalMap::cleanSomeSlots@47 (line 674)
                      ; - java.lang.ThreadLocal$ThreadLocalMap::set@113 (line 500)
                      ; - java.lang.ThreadLocal::setInitialValue@22 (line 199)
                      ; - java.lang.ThreadLocal::get@34 (line 172)
                      ; - org.gradle.internal.code.DefaultUserCodeApplicationContext$CurrentApplication$1::execute@10 (line 121)
                      ; - org.gradle.api.internal.DefaultCollectionCallbackActionDecorator$BuildOperationEmittingAction$1::run@11 (line 110)
                      ; - org.gradle.internal.operations.DefaultBuildOperationRunner$1::execute@2 (line 30)
                      ; - org.gradle.internal.operations.DefaultBuildOperationRunner$1::execute@6 (line 27)
  0x0000026911bfb198: e461 83fe | 8bc8 448b | 4c24 5041 | ba01 0000 | 0045 8bda | e932 f1ff | ff49 8b87 | 0801 0000 
  0x0000026911bfb1b8: 4c8b d849 | 83c3 1890 | 4d3b 9f18 | 0100 000f | 83a5 1300 | 004d 899f | 0801 0000 | 410f 0d8b 
  0x0000026911bfb1d8: 0001 0000 | 48c7 0001 

  0x0000026911bfb1e0: ;   {metadata('java/lang/ThreadLocal$ThreadLocalMap')}
  0x0000026911bfb1e0: 0000 00c7 | 4008 b096 | 0b00 4489 | 600c 4c89 | 6010 498b | b708 0100 | 004c 8bde | 4983 c350 
  0x0000026911bfb200: 4d3b 9f18 | 0100 000f | 83af 1300 | 004d 899f | 0801 0000 | 410f 0d8b | 0001 0000 | 48c7 0601 
  0x0000026911bfb220: 0000 0041 | 0f0d 8b40 

  0x0000026911bfb228: ;   {metadata('java/lang/ThreadLocal$ThreadLocalMap$Entry'[])}
  0x0000026911bfb228: 0100 00c7 | 4608 b834 | 0401 410f | 0d8b 8001 | 0000 c746 | 0c10 0000 | 004c 8966 | 104c 8966 
  0x0000026911bfb248: 184c 8966 | 204c 8966 | 284c 8966 | 304c 8966 | 384c 8966 | 404c 8966 | 484c 8bd8 | 4c8b ce44 
  0x0000026911bfb268: 8948 144c | 8bc6 4d33 | c349 c1e8 | 144d 85c0 | 741a 49c1 | eb09 48b9 | 0000 ab17 | 6902 0000 
  0x0000026911bfb288: 4903 cb80 | 3904 0f85 | d411 0000 | 4d8b 8f08 | 0100 004d | 8bd9 4983 | c320 4183 | e20f 4d3b 
  0x0000026911bfb2a8: 9f18 0100 | 000f 8368 | 1300 004d | 899f 0801 | 0000 410f | 0d8b 0001 | 0000 49c7 | 0101 0000 
  0x0000026911bfb2c8: ;   {metadata('java/lang/ThreadLocal$ThreadLocalMap$Entry')}
  0x0000026911bfb2c8: 0041 c741 | 08c0 980b | 0045 8961 | 0c4d 8961 | 104d 8961 | 1841 8951 | 0c41 807f | 3800 0f85 
  0x0000026911bfb2e8: 5910 0000 

  0x0000026911bfb2ec: ;   {oop(a 'java/lang/ref/ReferenceQueue$Null'{0x000000008067fac0})}
  0x0000026911bfb2ec: 41c7 4110 | c0fa 6780 

  0x0000026911bfb2f4: ;   {oop(a 'java/lang/ref/ReferenceQueue$Null'{0x000000008067fac0})}
  0x0000026911bfb2f4: 49bb c0fa | 6780 0000 | 0000 4d8b | c14d 33d8 | 49c1 eb14 | 4d85 db74 | 1c49 c1e8 | 0948 b900 
  0x0000026911bfb314: 00ab 1769 | 0200 0049 | 03c8 6690 | 8039 040f | 85c3 1000 | 00f0 8344 | 24c0 0041 | 807f 3800 
  0x0000026911bfb334: 0f85 d60f | 0000 4589 | 611c 6690 

  0x0000026911bfb340: ; implicit exception: dispatches to 0x0000026911bfcbb8
  0x0000026911bfb340: 448b 460c | 453b d00f | 8325 1500 | 004a 8d6c | 9610 4180 | 7f38 000f | 851f 1000 | 004c 8bdd 
  0x0000026911bfb360: 488b f04d | 8bd1 4489 | 5500 4d8b | d14d 33d3 | 49c1 ea14 | 4d85 d274 | 1a49 c1eb | 0948 b900 
  0x0000026911bfb380: 00ab 1769 | 0200 0049 | 03cb 8039 | 040f 8545 | 1100 0041 | 807f 3800 | 0f85 1110 | 0000 4c8b 
  0x0000026911bfb3a0: 5424 4841 | 8972 44c7 | 4010 0a00 | 0000 c740 | 0c01 0000 | 004c 8bd8 | 4d33 da49 | c1eb 1490 
  0x0000026911bfb3c0: 4d85 db0f | 848f e5ff | ff49 c1ea | 0948 b900 | 00ab 1769 | 0200 0049 | 03ca 660f | 1f44 0000 
  0x0000026911bfb3e0: 8039 040f | 846f e5ff | ff4d 8b57 | 404d 8b5f | 50f0 8344 | 24c0 0080 | 3900 660f | 1f44 0000 
  0x0000026911bfb400: 0f84 52e5 | ffff 4488 | 214d 85d2 | 7517 498b | d749 ba30 | ce6e 57f8 | 7f00 0041 | ffd2 6690 
  0x0000026911bfb420: e933 e5ff | ff4b 894c | 13f8 4983 | c2f8 4d89 | 5740 e921 | e5ff ff48 | 8bd5 488b 

  0x0000026911bfb43c: ;   {optimized virtual_call}
  0x0000026911bfb43c: 6c24 20e8 

  0x0000026911bfb440: ; ImmutableOopMap {rbp=Oop [32]=Oop [40]=Oop [48]=NarrowOop [72]=Oop [104]=Oop }
                      ;*invokevirtual rehash {reexecute=0 rethrow=0 return_oop=0}
                      ; - java.lang.ThreadLocal$ThreadLocalMap::set@129 (line 501)
                      ; - java.lang.ThreadLocal::setInitialValue@22 (line 199)
                      ; - java.lang.ThreadLocal::get@34 (line 172)
                      ; - org.gradle.internal.code.DefaultUserCodeApplicationContext$CurrentApplication$1::execute@10 (line 121)
                      ; - org.gradle.api.internal.DefaultCollectionCallbackActionDecorator$BuildOperationEmittingAction$1::run@11 (line 110)
                      ; - org.gradle.internal.operations.DefaultBuildOperationRunner$1::execute@2 (line 30)
                      ; - org.gradle.internal.operations.DefaultBuildOperationRunner$1::execute@6 (line 27)
  0x0000026911bfb440: 3c5f 83fe | e905 e5ff | ff44 8b5e | 1c45 85db | 0f84 7af0 | ffff 4d8b | 5720 498b | cb66 6690 
  0x0000026911bfb460: 4d85 d20f | 84eb 1000 | 004d 8b5f | 304b 894c | 13f8 4983 | c2f8 4d89 | 5720 e951 | f0ff ff48 
  0x0000026911bfb480: 896c 2460 | 4489 5c24 | 5c89 4424 | 5844 894c | 2454 8954 | 2450 4489 | 4424 3448 | 897c 2440 
  0x0000026911bfb4a0: 4c8b 5424 | 684c 8954 | 2438 4889 | 5c24 2844 | 8b54 2430 

  0x0000026911bfb4b4: ;   {metadata('java/lang/ThreadLocal$ThreadLocalMap$Entry')}
  0x0000026911bfb4b4: 418b ea48 | bac0 980b | 1f69 0200 

  0x0000026911bfb4c0: ;   {runtime_call _new_instance_Java}
  0x0000026911bfb4c0: 0066 90e8 

  0x0000026911bfb4c4: ; ImmutableOopMap {rbp=NarrowOop [32]=Oop [40]=Oop [52]=NarrowOop [56]=Oop [72]=Oop [80]=NarrowOop [84]=NarrowOop [96]=Oop [104]=Oop [120]=Oop }
                      ;*new {reexecute=0 rethrow=0 return_oop=1}
                      ; - java.lang.ThreadLocal$ThreadLocalMap::set@85 (line 498)
                      ; - java.lang.ThreadLocal::setInitialValue@22 (line 199)
                      ; - java.lang.ThreadLocal::get@34 (line 172)
                      ; - org.gradle.internal.code.DefaultUserCodeApplicationContext$CurrentApplication$1::execute@10 (line 121)
                      ; - org.gradle.api.internal.DefaultCollectionCallbackActionDecorator$BuildOperationEmittingAction$1::run@11 (line 110)
                      ; - org.gradle.internal.operations.DefaultBuildOperationRunner$1::execute@2 (line 30)
                      ; - org.gradle.internal.operations.DefaultBuildOperationRunner$1::execute@6 (line 27)
  0x0000026911bfb4c4: 383a 8efe | 4c8b d089 | 6c24 3048 | 8b5c 2428 | 488b 7c24 | 4044 8b44 | 2434 8b54 | 2450 448b 
  0x0000026911bfb4e4: 4c24 548b | 4424 5844 | 8b5c 245c | 488b 6c24 | 60e9 e7ec | ffff 458b | 551c 6690 | 4585 d20f 
  0x0000026911bfb504: 8482 f1ff | ff49 8b57 | 2049 8bca | 4885 d20f | 8422 1200 | 004d 8b57 | 3049 894c | 12f8 4883 
  0x0000026911bfb524: c2f8 4989 | 5720 e95c | f1ff ff45 | 8b55 1045 | 85d2 0f84 | fcf0 ffff | 498b 5720 | 498b ca48 
  0x0000026911bfb544: 85d2 0f84 | 9011 0000 | 4d8b 5730 | 4989 4c12 | f848 83c2 | f849 8957 | 2066 6690 | e9d3 f0ff 
  0x0000026911bfb564: ff4c 8b54 | 2448 458b | 5244 4585 | d20f 84b4 | f1ff ff4d | 8b5f 2049 | 8bca 6690 | 4d85 db0f 
  0x0000026911bfb584: 8446 1200 | 004d 8b57 | 304b 894c | 1af8 4983 | c3f8 4d89 | 5f20 e98c | f1ff ff44 | 8b55 0045 
  0x0000026911bfb5a4: 85d2 0f84 | 31f1 ffff | 4d8b 5f20 | 498b ca4d | 85db 0f84 | de11 0000 | 4d8b 5730 | 4b89 4c1a 
  0x0000026911bfb5c4: f849 83c3 | f84d 895f | 20e9 0bf1 | ffff 458b | 5e10 4585 | db0f 84f3 | f2ff ff4d | 8b57 2049 
  0x0000026911bfb5e4: 8bcb 4d85 | d20f 8423 | 1200 004d | 8b5f 304b | 894c 13f8 | 4983 c2f8 | 4d89 5720 | e9cd f2ff 
  0x0000026911bfb604: ff45 8b56 | 1c45 85d2 | 0f84 0cf3 | ffff 4d8b | 5f20 498b | ca4d 85db | 0f1f 4000 | 0f84 d211 
  0x0000026911bfb624: 0000 4d8b | 5730 4b89 | 4c1a f849 | 83c3 f84d | 895f 20e9 | e2f2 ffff | 448b 1f90 | 4585 db0f 
  0x0000026911bfb644: 8434 f3ff | ff4d 8b57 | 2049 8bcb | 4d85 d20f | 84f9 1100 | 004d 8b5f | 304b 894c | 13f8 4983 
  0x0000026911bfb664: c2f8 4d89 | 5720 e90e | f3ff ff44 | 8b56 4445 | 85d2 0f84 | 41f3 ffff | 4d8b 5f20 | 498b ca4d 
  0x0000026911bfb684: 85db 0f84 | a611 0000 | 4d8b 5730 | 4b89 4c1a | f849 83c3 | f84d 895f | 2066 6690 | e918 f3ff 
  0x0000026911bfb6a4: ff4d 8b57 | 5049 8b57 | 40f0 8344 | 24c0 0080 | 3900 0f84 | b7ef ffff | 4488 2190 | 4885 d20f 
  0x0000026911bfb6c4: 855c 0000 | 004c 896c | 2458 4889 | 6c24 504c | 8974 2440 | 4c89 4c24 | 3844 8944 | 2428 458b 
  0x0000026911bfb6e4: f34c 8bee | 488b f749 | 8bd7 49ba | 30ce 6e57 | f87f 0000 | 41ff d248 | 8bfe 498b | f545 8bde 
  0x0000026911bfb704: 448b 4424 | 284c 8b4c | 2438 4c8b | 7424 4048 | 8b6c 2450 | 4c8b 6c24 | 5866 6690 | e94e efff 
  0x0000026911bfb724: ff49 894c | 12f8 4883 | c2f8 4989 | 5740 e93c | efff ff4d | 8b57 504d | 8b5f 40f0 | 8344 24c0 
  0x0000026911bfb744: 0080 3900 | 0f84 71ef | ffff 4488 | 214d 85db | 7545 4c89 | 6c24 4048 | 896c 2438 | 4c89 7424 
  0x0000026911bfb764: 2845 8bf0 | 4c8b ee48 | 8bf7 498b | d749 ba30 | ce6e 57f8 | 7f00 0041 | ffd2 488b | fe49 8bf5 
  0x0000026911bfb784: 458b c64c | 8b74 2428 | 488b 6c24 | 384c 8b6c | 2440 e924 | efff ff4b | 894c 1af8 | 4983 c3f8 
  0x0000026911bfb7a4: 4d89 5f40 | e912 efff | ff4d 8b57 | 504d 8b47 | 40f0 8344 | 24c0 000f | 1f44 0000 | 8039 000f 
  0x0000026911bfb7c4: 8467 0000 | 0044 8821 | 4d85 c074 | 114b 894c | 02f8 4983 | c0f8 4d89 | 4740 6690 | eb4e 4c89 
  0x0000026911bfb7e4: 7424 4089 | 5424 344c | 894c 2438 | 4889 4424 | 2845 8bf3 | 4c8b ee48 | 8bf7 488b | fb49 8bd7 
  0x0000026911bfb804: 49ba 30ce | 6e57 f87f | 0000 41ff | d248 8bdf | 488b fe49 | 8bf5 458b | de48 8b44 | 2428 4c8b 
  0x0000026911bfb824: 4c24 388b | 5424 344c | 8b74 2440 | 448b 400c | 458b 5614 | 498b ea0f | 1f44 0000 | e99a edff 
  0x0000026911bfb844: ff4d 8b57 | 404d 8b5f | 50f0 8344 | 24c0 0080 | 3900 0f84 | 1bef ffff | 4488 2190 | 4d85 d275 
  0x0000026911bfb864: 1549 8bd7 | 49ba 30ce | 6e57 f87f | 0000 41ff | d2e9 fdee | ffff 4b89 | 4c13 f849 | 83c2 f84d 
  0x0000026911bfb884: 8957 40e9 | ebee ffff | 4d8b 5750 | 4d8b 5f40 | f083 4424 | c000 660f | 1f44 0000 | 8039 000f 
  0x0000026911bfb8a4: 846f eeff | ff44 8821 | 4d85 db75 | 2a4c 8bee | 488b f748 | 8bfb 498b | d766 6690 

  0x0000026911bfb8c0: ;   {no_reloc}
  0x0000026911bfb8c0: 49ba 30ce | 6e57 f87f | 0000 41ff | d248 8bdf | 488b fe49 | 8bf5 e93d | eeff ff4b | 894c 1af8 
  0x0000026911bfb8e0: 4983 c3f8 | 4d89 5f40 | e92b eeff | ff4d 8b57 | 504d 8b5f | 40f0 8344 | 24c0 000f | 1f44 0000 
  0x0000026911bfb900: 8039 0074 | 2844 8821 | 4d85 db74 | 0f4b 894c | 1af8 4983 | c3f8 4d89 | 5f40 eb11 | 498b d790 
  0x0000026911bfb920: 49ba 30ce | 6e57 f87f | 0000 41ff | d28b 6f0c | 458b 5d14 | 4d8b d349 | 8bda e937 | efff ff4d 
  0x0000026911bfb940: 8b57 504d | 8b5f 40f0 | 8344 24c0 | 0080 3900 | 0f84 b7ef | ffff 4488 | 214d 85db | 7515 498b 
  0x0000026911bfb960: d749 ba30 | ce6e 57f8 | 7f00 0041 | ffd2 e99a | efff ff4b | 894c 1af8 | 4983 c3f8 | 4d89 5f40 
  0x0000026911bfb980: e988 efff | ff4d 8b57 | 504d 8b5f | 40f0 8344 | 24c0 0080 | 3900 0f84 | 16f0 ffff | 4488 2190 
  0x0000026911bfb9a0: 4d85 db75 | 1549 8bd7 | 49ba 30ce | 6e57 f87f | 0000 41ff | d2e9 f8ef | ffff 4b89 | 4c1a f849 
  0x0000026911bfb9c0: 83c3 f84d | 895f 40e9 | e6ef ffff | 4d8b 5750 | 4d8b 5f40 | f083 4424 | c000 660f | 1f44 0000 
  0x0000026911bfb9e0: 8039 000f | 8476 efff | ff44 8821 | 4d85 db75 | 2149 8bd7 | 0f1f 8400 | 0000 0000 | 6666 6690 
  0x0000026911bfba00: 49ba 30ce | 6e57 f87f | 0000 41ff | d2e9 4def | ffff 4b89 | 4c1a f849 | 83c3 f84d | 895f 4090 
  0x0000026911bfba20: e93a efff | ffba e4ff | ffff 488b | 6c24 2048 | 8b5c 2428 | 4889 5c24 | 208b 7424 | 3089 7424 
  0x0000026911bfba40: 2848 8b5c | 2440 4889 | 5c24 3089 | 4424 2c44 | 8944 243c | 894c 2440 | 4489 5424 | 4844 895c 
  0x0000026911bfba60: 244c 4489 | 4c24 5089 

  0x0000026911bfba68: ;   {runtime_call UncommonTrapBlob}
  0x0000026911bfba68: 7c24 58e8 

  0x0000026911bfba6c: ; ImmutableOopMap {rbp=Oop [32]=Oop [40]=NarrowOop [48]=Oop [76]=NarrowOop [88]=NarrowOop }
                      ;*aaload {reexecute=0 rethrow=0 return_oop=0}
                      ; - java.lang.ThreadLocal$ThreadLocalMap::cleanSomeSlots@23 (line 670)
                      ; - java.lang.ThreadLocal$ThreadLocalMap::set@113 (line 500)
                      ; - java.lang.ThreadLocal::set@17 (line 222)
                      ; - org.gradle.internal.code.DefaultUserCodeApplicationContext$CurrentApplication$1::execute@31 (line 122)
                      ; - org.gradle.api.internal.DefaultCollectionCallbackActionDecorator$BuildOperationEmittingAction$1::run@11 (line 110)
                      ; - org.gradle.internal.operations.DefaultBuildOperationRunner$1::execute@2 (line 30)
                      ; - org.gradle.internal.operations.DefaultBuildOperationRunner$1::execute@6 (line 27)
  0x0000026911bfba6c: 90ae 83fe | bae4 ffff | ff48 8b6c | 2420 4489 | 5424 2044 | 895c 2428 | 4489 4424 | 2c89 4c24 
  0x0000026911bfba8c: 3444 894c | 2438 895c 

  0x0000026911bfba94: ;   {runtime_call UncommonTrapBlob}
  0x0000026911bfba94: 243c 90e8 

  0x0000026911bfba98: ; ImmutableOopMap {rbp=Oop [56]=NarrowOop [88]=NarrowOop }
                      ;*aaload {reexecute=0 rethrow=0 return_oop=0}
                      ; - java.lang.ThreadLocal$ThreadLocalMap::cleanSomeSlots@23 (line 670)
                      ; - java.lang.ThreadLocal$ThreadLocalMap::set@113 (line 500)
                      ; - java.lang.ThreadLocal::set@17 (line 222)
                      ; - org.gradle.internal.code.DefaultUserCodeApplicationContext$CurrentApplication$1::execute@55 (line 126)
                      ; - org.gradle.api.internal.DefaultCollectionCallbackActionDecorator$BuildOperationEmittingAction$1::run@11 (line 110)
                      ; - org.gradle.internal.operations.DefaultBuildOperationRunner$1::execute@2 (line 30)
                      ; - org.gradle.internal.operations.DefaultBuildOperationRunner$1::execute@6 (line 27)
  0x0000026911bfba98: 64ae 83fe | bae4 ffff | ff48 8b6c | 2420 4c8b | 5c24 284c | 895c 2420 | 448b 4424 | 3044 8944 
  0x0000026911bfbab8: 2428 448b | 5c24 3444 | 895c 2430 | 4489 5424 | 3844 8b54 | 2450 4489 

  0x0000026911bfbad0: ;   {runtime_call UncommonTrapBlob}
  0x0000026911bfbad0: 5424 48e8 

  0x0000026911bfbad4: ; ImmutableOopMap {rbp=Oop [32]=Oop [40]=NarrowOop [48]=NarrowOop [60]=NarrowOop [72]=NarrowOop [80]=NarrowOop }
                      ;*aaload {reexecute=0 rethrow=0 return_oop=0}
                      ; - java.lang.ThreadLocal$ThreadLocalMap::getEntryAfterMiss@52 (line 462)
                      ; - java.lang.ThreadLocal$ThreadLocalMap::getEntry@38 (line 439)
                      ; - java.lang.ThreadLocal::get@16 (line 165)
                      ; - org.gradle.internal.code.DefaultUserCodeApplicationContext$CurrentApplication$1::execute@10 (line 121)
                      ; - org.gradle.api.internal.DefaultCollectionCallbackActionDecorator$BuildOperationEmittingAction$1::run@11 (line 110)
                      ; - org.gradle.internal.operations.DefaultBuildOperationRunner$1::execute@2 (line 30)
                      ; - org.gradle.internal.operations.DefaultBuildOperationRunner$1::execute@6 (line 27)
  0x0000026911bfbad4: 28ae 83fe | bae4 ffff | ff48 8b6c | 2420 4c8b | 4424 284c | 8944 2420 | 448b 4424 | 3044 8944 
  0x0000026911bfbaf4: 2428 8b4c | 2444 894c | 2430 4489 | 4c24 4844 | 895c 244c | 4489 5424 

  0x0000026911bfbb0c: ;   {runtime_call UncommonTrapBlob}
  0x0000026911bfbb0c: 5866 90e8 

  0x0000026911bfbb10: ; ImmutableOopMap {rbp=Oop [32]=Oop [40]=NarrowOop [52]=NarrowOop [64]=NarrowOop [104]=Oop }
                      ;*aaload {reexecute=0 rethrow=0 return_oop=0}
                      ; - java.lang.ThreadLocal$ThreadLocalMap::cleanSomeSlots@23 (line 670)
                      ; - java.lang.ThreadLocal$ThreadLocalMap::set@113 (line 500)
                      ; - java.lang.ThreadLocal::setInitialValue@22 (line 199)
                      ; - java.lang.ThreadLocal::get@34 (line 172)
                      ; - org.gradle.internal.code.DefaultUserCodeApplicationContext$CurrentApplication$1::execute@10 (line 121)
                      ; - org.gradle.api.internal.DefaultCollectionCallbackActionDecorator$BuildOperationEmittingAction$1::run@11 (line 110)
                      ; - org.gradle.internal.operations.DefaultBuildOperationRunner$1::execute@2 (line 30)
                      ; - org.gradle.internal.operations.DefaultBuildOperationRunner$1::execute@6 (line 27)
  0x0000026911bfbb10: ecad 83fe | bade ffff | ff49 8be9 | 4489 5c24 

  0x0000026911bfbb20: ;   {runtime_call UncommonTrapBlob}
  0x0000026911bfbb20: 2466 90e8 

  0x0000026911bfbb24: ; ImmutableOopMap {rbp=Oop [36]=NarrowOop [48]=NarrowOop }
                      ;*invokeinterface execute {reexecute=0 rethrow=0 return_oop=0}
                      ; - org.gradle.api.internal.DefaultCollectionCallbackActionDecorator$BuildOperationEmittingAction$1::run@11 (line 110)
                      ; - org.gradle.internal.operations.DefaultBuildOperationRunner$1::execute@2 (line 30)
                      ; - org.gradle.internal.operations.DefaultBuildOperationRunner$1::execute@6 (line 27)
  0x0000026911bfbb24: d8ad 83fe | bade ffff | ff48 8b6c | 2420 4889 | 5c24 2044 | 8b54 2430 | 4489 5424 | 2848 8974 
  0x0000026911bfbb44: 2430 4489 | 4c24 2c44 | 895c 2438 

  0x0000026911bfbb50: ;   {runtime_call UncommonTrapBlob}
  0x0000026911bfbb50: 6666 90e8 

  0x0000026911bfbb54: ; ImmutableOopMap {rbp=Oop [32]=Oop [40]=NarrowOop [44]=NarrowOop [48]=Oop [56]=NarrowOop }
                      ;*invokevirtual set {reexecute=0 rethrow=0 return_oop=0}
                      ; - org.gradle.internal.code.DefaultUserCodeApplicationContext$CurrentApplication$1::execute@31 (line 122)
                      ; - org.gradle.api.internal.DefaultCollectionCallbackActionDecorator$BuildOperationEmittingAction$1::run@11 (line 110)
                      ; - org.gradle.internal.operations.DefaultBuildOperationRunner$1::execute@2 (line 30)
                      ; - org.gradle.internal.operations.DefaultBuildOperationRunner$1::execute@6 (line 27)
  0x0000026911bfbb54: a8ad 83fe | bade ffff | ff48 8b6c | 2420 4489 

  0x0000026911bfbb64: ;   {runtime_call UncommonTrapBlob}
  0x0000026911bfbb64: 4424 28e8 

  0x0000026911bfbb68: ; ImmutableOopMap {rbp=Oop [40]=NarrowOop [64]=Oop }
                      ;*invokevirtual set {reexecute=0 rethrow=0 return_oop=0}
                      ; - org.gradle.internal.code.DefaultUserCodeApplicationContext$CurrentApplication$1::execute@55 (line 126)
                      ; - org.gradle.api.internal.DefaultCollectionCallbackActionDecorator$BuildOperationEmittingAction$1::run@11 (line 110)
                      ; - org.gradle.internal.operations.DefaultBuildOperationRunner$1::execute@2 (line 30)
                      ; - org.gradle.internal.operations.DefaultBuildOperationRunner$1::execute@6 (line 27)
  0x0000026911bfbb68: 94ad 83fe | bade ffff | ff48 8beb 

  0x0000026911bfbb74: ;   {runtime_call UncommonTrapBlob}
  0x0000026911bfbb74: 6666 90e8 

  0x0000026911bfbb78: ; ImmutableOopMap {rbp=Oop }
                      ;*invokeinterface setResult {reexecute=0 rethrow=0 return_oop=0}
                      ; - org.gradle.api.internal.DefaultCollectionCallbackActionDecorator$BuildOperationEmittingAction$1::run@20 (line 111)
                      ; - org.gradle.internal.operations.DefaultBuildOperationRunner$1::execute@2 (line 30)
                      ; - org.gradle.internal.operations.DefaultBuildOperationRunner$1::execute@6 (line 27)
  0x0000026911bfbb78: 84ad 83fe | bae4 ffff | ff48 895c | 2428 4489 | 5424 3889 | 4c24 4044 | 8944 2444 

  0x0000026911bfbb94: ;   {runtime_call UncommonTrapBlob}
  0x0000026911bfbb94: 6666 90e8 

  0x0000026911bfbb98: ; ImmutableOopMap {rbp=NarrowOop [32]=Oop [40]=Oop [48]=NarrowOop [56]=NarrowOop [68]=NarrowOop }
                      ;*aaload {reexecute=0 rethrow=0 return_oop=0}
                      ; - java.lang.ThreadLocal$ThreadLocalMap::getEntry@18 (line 435)
                      ; - java.lang.ThreadLocal::get@16 (line 165)
                      ; - org.gradle.internal.code.DefaultUserCodeApplicationContext$CurrentApplication$1::execute@10 (line 121)
                      ; - org.gradle.api.internal.DefaultCollectionCallbackActionDecorator$BuildOperationEmittingAction$1::run@11 (line 110)
                      ; - org.gradle.internal.operations.DefaultBuildOperationRunner$1::execute@2 (line 30)
                      ; - org.gradle.internal.operations.DefaultBuildOperationRunner$1::execute@6 (line 27)
  0x0000026911bfbb98: 64ad 83fe | bae4 ffff | ff48 8b6c | 2420 4889 | 5c24 2044 | 8b5c 2430 | 4489 5c24 | 2848 8974 
  0x0000026911bfbbb8: 2430 448b | 5424 6845 | 8bda 4489 | 5c24 3844 | 8b54 2454 | 4489 5424 | 3c48 8944 | 2440 448b 
  0x0000026911bfbbd8: 5c24 5044 | 895c 2448 | 448b 5424 | 6044 8954 

  0x0000026911bfbbe8: ;   {runtime_call UncommonTrapBlob}
  0x0000026911bfbbe8: 2454 90e8 

  0x0000026911bfbbec: ; ImmutableOopMap {rbp=Oop [32]=Oop [40]=NarrowOop [48]=Oop [60]=NarrowOop [64]=Oop [72]=NarrowOop [84]=NarrowOop [96]=NarrowOop }
                      ;*aaload {reexecute=0 rethrow=0 return_oop=0}
                      ; - java.lang.ThreadLocal$ThreadLocalMap::set@23 (line 484)
                      ; - java.lang.ThreadLocal::set@17 (line 222)
                      ; - org.gradle.internal.code.DefaultUserCodeApplicationContext$CurrentApplication$1::execute@31 (line 122)
                      ; - org.gradle.api.internal.DefaultCollectionCallbackActionDecorator$BuildOperationEmittingAction$1::run@11 (line 110)
                      ; - org.gradle.internal.operations.DefaultBuildOperationRunner$1::execute@2 (line 30)
                      ; - org.gradle.internal.operations.DefaultBuildOperationRunner$1::execute@6 (line 27)
  0x0000026911bfbbec: 10ad 83fe | bae4 ffff | ff48 8b6c | 2420 4c8b | 5424 404c | 8954 2420 | 895c 242c | 4889 7c24 
  0x0000026911bfbc0c: 3889 7424 | 4044 8974 

  0x0000026911bfbc14: ;   {runtime_call UncommonTrapBlob}
  0x0000026911bfbc14: 2444 90e8 

  0x0000026911bfbc18: ; ImmutableOopMap {rbp=Oop [32]=Oop [56]=Oop [68]=NarrowOop [88]=NarrowOop }
                      ;*aaload {reexecute=0 rethrow=0 return_oop=0}
                      ; - java.lang.ThreadLocal$ThreadLocalMap::set@23 (line 484)
                      ; - java.lang.ThreadLocal::set@17 (line 222)
                      ; - org.gradle.internal.code.DefaultUserCodeApplicationContext$CurrentApplication$1::execute@55 (line 126)
                      ; - org.gradle.api.internal.DefaultCollectionCallbackActionDecorator$BuildOperationEmittingAction$1::run@11 (line 110)
                      ; - org.gradle.internal.operations.DefaultBuildOperationRunner$1::execute@2 (line 30)
                      ; - org.gradle.internal.operations.DefaultBuildOperationRunner$1::execute@6 (line 27)
  0x0000026911bfbc18: e4ac 83fe | bae4 ffff | ff48 8b6c | 2420 4c8b | 5424 284c | 8954 2420 | 448b 5c24 | 3044 895c 
  0x0000026911bfbc38: 2428 4c8b | 5424 404c | 8954 2430 | 4889 5c24 

  0x0000026911bfbc48: ;   {runtime_call UncommonTrapBlob}
  0x0000026911bfbc48: 4866 90e8 

  0x0000026911bfbc4c: ; ImmutableOopMap {rbp=Oop [32]=Oop [40]=NarrowOop [48]=Oop [72]=Oop [84]=NarrowOop [96]=NarrowOop }
                      ;*aastore {reexecute=1 rethrow=0 return_oop=0}
                      ; - (reexecute) java.lang.ThreadLocal$ThreadLocalMap::set@94 (line 498)
                      ; - java.lang.ThreadLocal::set@17 (line 222)
                      ; - org.gradle.internal.code.DefaultUserCodeApplicationContext$CurrentApplication$1::execute@31 (line 122)
                      ; - org.gradle.api.internal.DefaultCollectionCallbackActionDecorator$BuildOperationEmittingAction$1::run@11 (line 110)
                      ; - org.gradle.internal.operations.DefaultBuildOperationRunner$1::execute@2 (line 30)
                      ; - org.gradle.internal.operations.DefaultBuildOperationRunner$1::execute@6 (line 27)
  0x0000026911bfbc4c: b0ac 83fe | bae4 ffff | ff89 5c24 | 2c44 8974 

  0x0000026911bfbc5c: ;   {runtime_call UncommonTrapBlob}
  0x0000026911bfbc5c: 2434 90e8 

  0x0000026911bfbc60: ; ImmutableOopMap {rbp=Oop [32]=Oop [52]=NarrowOop [88]=NarrowOop }
                      ;*aastore {reexecute=1 rethrow=0 return_oop=0}
                      ; - (reexecute) java.lang.ThreadLocal$ThreadLocalMap::set@94 (line 498)
                      ; - java.lang.ThreadLocal::set@17 (line 222)
                      ; - org.gradle.internal.code.DefaultUserCodeApplicationContext$CurrentApplication$1::execute@55 (line 126)
                      ; - org.gradle.api.internal.DefaultCollectionCallbackActionDecorator$BuildOperationEmittingAction$1::run@11 (line 110)
                      ; - org.gradle.internal.operations.DefaultBuildOperationRunner$1::execute@2 (line 30)
                      ; - org.gradle.internal.operations.DefaultBuildOperationRunner$1::execute@6 (line 27)
  0x0000026911bfbc60: 9cac 83fe | bae4 ffff | ff48 8b6c | 2420 4c8b | 5424 284c | 8954 2420 | 448b 5c24 | 3044 895c 
  0x0000026911bfbc80: 2428 4c8b | 5424 404c | 8954 2430 | 4489 4c24 | 3844 8b54 | 2454 4489 | 5424 3c48 | 8944 2440 
  0x0000026911bfbca0: 448b 5424 | 5044 8954 | 2448 448b | 5424 6045 | 8bda 4489 

  0x0000026911bfbcb4: ;   {runtime_call UncommonTrapBlob}
  0x0000026911bfbcb4: 5c24 54e8 

  0x0000026911bfbcb8: ; ImmutableOopMap {rbp=Oop [32]=Oop [40]=NarrowOop [48]=Oop [60]=NarrowOop [64]=Oop [72]=NarrowOop [84]=NarrowOop [96]=NarrowOop }
                      ;*aaload {reexecute=0 rethrow=0 return_oop=0}
                      ; - java.lang.ThreadLocal$ThreadLocalMap::set@76 (line 486)
                      ; - java.lang.ThreadLocal::set@17 (line 222)
                      ; - org.gradle.internal.code.DefaultUserCodeApplicationContext$CurrentApplication$1::execute@31 (line 122)
                      ; - org.gradle.api.internal.DefaultCollectionCallbackActionDecorator$BuildOperationEmittingAction$1::run@11 (line 110)
                      ; - org.gradle.internal.operations.DefaultBuildOperationRunner$1::execute@2 (line 30)
                      ; - org.gradle.internal.operations.DefaultBuildOperationRunner$1::execute@6 (line 27)
  0x0000026911bfbcb8: 44ac 83fe | bae4 ffff | ff48 8b6c | 2420 4c8b | 5424 404c | 8954 2420 | 895c 242c | 4889 7c24 
  0x0000026911bfbcd8: 3889 7424 | 4044 8974 

  0x0000026911bfbce0: ;   {runtime_call UncommonTrapBlob}
  0x0000026911bfbce0: 2444 90e8 

  0x0000026911bfbce4: ; ImmutableOopMap {rbp=Oop [32]=Oop [56]=Oop [68]=NarrowOop [88]=NarrowOop }
                      ;*aaload {reexecute=0 rethrow=0 return_oop=0}
                      ; - java.lang.ThreadLocal$ThreadLocalMap::set@76 (line 486)
                      ; - java.lang.ThreadLocal::set@17 (line 222)
                      ; - org.gradle.internal.code.DefaultUserCodeApplicationContext$CurrentApplication$1::execute@55 (line 126)
                      ; - org.gradle.api.internal.DefaultCollectionCallbackActionDecorator$BuildOperationEmittingAction$1::run@11 (line 110)
                      ; - org.gradle.internal.operations.DefaultBuildOperationRunner$1::execute@2 (line 30)
                      ; - org.gradle.internal.operations.DefaultBuildOperationRunner$1::execute@6 (line 27)
  0x0000026911bfbce4: 18ac 83fe | 4889 6c24 | 704c 8974 | 2468 8954 | 245c 4c89 | 4c24 6044 | 8944 2458 | 4489 5c24 
  0x0000026911bfbd04: 3448 8974 | 2450 4c8b | 5c24 484c | 895c 2440 | 4889 7c24 | 3848 895c | 2428 8b6c 

  0x0000026911bfbd20: ;   {metadata('java/lang/ThreadLocal$ThreadLocalMap$Entry')}
  0x0000026911bfbd20: 2430 48ba | c098 0b1f | 6902 0000 | 4889 8424 | 8000 0000 

  0x0000026911bfbd34: ;   {runtime_call _new_instance_Java}
  0x0000026911bfbd34: 6666 90e8 

  0x0000026911bfbd38: ; ImmutableOopMap {rbp=NarrowOop [32]=Oop [40]=Oop [52]=NarrowOop [64]=Oop [80]=Oop [92]=NarrowOop [96]=Oop [104]=Oop [112]=Oop [128]=Oop }
                      ;*new {reexecute=0 rethrow=0 return_oop=1}
                      ; - java.lang.ThreadLocal$ThreadLocalMap::<init>@31 (line 389)
                      ; - java.lang.ThreadLocal::createMap@7 (line 265)
                      ; - java.lang.ThreadLocal::set@26 (line 224)
                      ; - org.gradle.internal.code.DefaultUserCodeApplicationContext$CurrentApplication$1::execute@31 (line 122)
                      ; - org.gradle.api.internal.DefaultCollectionCallbackActionDecorator$BuildOperationEmittingAction$1::run@11 (line 110)
                      ; - org.gradle.internal.operations.DefaultBuildOperationRunner$1::execute@2 (line 30)
                      ; - org.gradle.internal.operations.DefaultBuildOperationRunner$1::execute@6 (line 27)
  0x0000026911bfbd38: c431 8efe | 896c 2430 | 488b 5c24 | 2848 8b7c | 2438 4c8b | 5c24 404c | 895c 2448 | 488b 7424 
  0x0000026911bfbd58: 5044 8b5c | 2434 448b | 4424 584c | 8b4c 2460 | 8b54 245c | 4c8b 7424 | 6848 8b6c | 2470 4c8b 
  0x0000026911bfbd78: e8e9 abe8 | ffff 8954 | 2464 4c89 | 4c24 6844 | 8944 2460 | 4889 4424 | 5844 895c | 2434 4889 
  0x0000026911bfbd98: 7424 504c | 8b54 2448 | 4c89 5424 | 4048 897c | 2438 4889 

  0x0000026911bfbdac: ;   {metadata('java/lang/ThreadLocal$ThreadLocalMap')}
  0x0000026911bfbdac: 5c24 2848 | bab0 960b | 1f69 0200 

  0x0000026911bfbdb8: ;   {runtime_call _new_instance_Java}
  0x0000026911bfbdb8: 0066 90e8 

  0x0000026911bfbdbc: ; ImmutableOopMap {[32]=Oop [40]=Oop [48]=NarrowOop [52]=NarrowOop [64]=Oop [80]=Oop [88]=Oop [100]=NarrowOop [104]=Oop }
                      ;*new {reexecute=0 rethrow=0 return_oop=1}
                      ; - java.lang.ThreadLocal::createMap@1 (line 265)
                      ; - java.lang.ThreadLocal::set@26 (line 224)
                      ; - org.gradle.internal.code.DefaultUserCodeApplicationContext$CurrentApplication$1::execute@31 (line 122)
                      ; - org.gradle.api.internal.DefaultCollectionCallbackActionDecorator$BuildOperationEmittingAction$1::run@11 (line 110)
                      ; - org.gradle.internal.operations.DefaultBuildOperationRunner$1::execute@2 (line 30)
                      ; - org.gradle.internal.operations.DefaultBuildOperationRunner$1::execute@6 (line 27)
  0x0000026911bfbdbc: 4031 8efe | 4c8b d048 | 8b5c 2428 | 488b 7c24 | 384c 8b5c | 2440 4c89 | 5c24 4848 | 8b74 2450 
  0x0000026911bfbddc: 448b 5c24 | 3448 8b44 | 2458 448b | 4424 604c | 8b4c 2468 | 8b54 2464 | 4d8b f2e9 | 3ce7 ffff 
  0x0000026911bfbdfc: 4c89 7424 | 7089 5424 | 644c 894c | 2468 4489 | 4424 6048 | 8944 2458 | 4489 5c24 | 3448 8974 
  0x0000026911bfbe1c: 2450 4c8b | 5424 484c | 8954 2440 | 4889 7c24 | 3848 895c 

  0x0000026911bfbe30: ;   {metadata('java/lang/ThreadLocal$ThreadLocalMap$Entry'[])}
  0x0000026911bfbe30: 2428 48ba | b834 0420 | 6902 0000 | 41b8 1000 

  0x0000026911bfbe40: ;   {runtime_call _new_array_Java}
  0x0000026911bfbe40: 0000 90e8 

  0x0000026911bfbe44: ; ImmutableOopMap {[32]=Oop [40]=Oop [48]=NarrowOop [52]=NarrowOop [64]=Oop [80]=Oop [88]=Oop [100]=NarrowOop [104]=Oop [112]=Oop }
                      ;*anewarray {reexecute=0 rethrow=0 return_oop=1}
                      ; - java.lang.ThreadLocal$ThreadLocalMap::<init>@12 (line 387)
                      ; - java.lang.ThreadLocal::createMap@7 (line 265)
                      ; - java.lang.ThreadLocal::set@26 (line 224)
                      ; - org.gradle.internal.code.DefaultUserCodeApplicationContext$CurrentApplication$1::execute@31 (line 122)
                      ; - org.gradle.api.internal.DefaultCollectionCallbackActionDecorator$BuildOperationEmittingAction$1::run@11 (line 110)
                      ; - org.gradle.internal.operations.DefaultBuildOperationRunner$1::execute@2 (line 30)
                      ; - org.gradle.internal.operations.DefaultBuildOperationRunner$1::execute@6 (line 27)
  0x0000026911bfbe44: b833 8efe | 4c8b d048 | 8b5c 2428 | 488b 7c24 | 384c 8b5c | 2440 4c89 | 5c24 4848 | 8b74 2450 
  0x0000026911bfbe64: 448b 5c24 | 3448 8b44 | 2458 448b | 4424 604c | 8b4c 2468 | 8b54 2464 | 4c8b 7424 | 7049 8bea 
  0x0000026911bfbe84: e91f e7ff | ff48 895c | 2458 4c89 | 6c24 5044 | 8b54 2428 | 4489 5424 | 4844 8b5c | 242c 4489 
  0x0000026911bfbea4: 5c24 3489 | 6c24 304c | 8b5c 2440 | 4c89 5c24 | 2848 8bee 

  0x0000026911bfbeb8: ;   {metadata('java/lang/ThreadLocal$ThreadLocalMap$Entry')}
  0x0000026911bfbeb8: 48ba c098 | 0b1f 6902 | 0000 4889 

  0x0000026911bfbec4: ;   {runtime_call _new_instance_Java}
  0x0000026911bfbec4: 7c24 68e8 

  0x0000026911bfbec8: ; ImmutableOopMap {rbp=Oop [32]=Oop [40]=Oop [52]=NarrowOop [72]=NarrowOop [80]=Oop [88]=Oop [104]=Oop }
                      ;*new {reexecute=0 rethrow=0 return_oop=1}
                      ; - java.lang.ThreadLocal$ThreadLocalMap::<init>@31 (line 389)
                      ; - java.lang.ThreadLocal::createMap@7 (line 265)
                      ; - java.lang.ThreadLocal::set@26 (line 224)
                      ; - org.gradle.internal.code.DefaultUserCodeApplicationContext$CurrentApplication$1::execute@55 (line 126)
                      ; - org.gradle.api.internal.DefaultCollectionCallbackActionDecorator$BuildOperationEmittingAction$1::run@11 (line 110)
                      ; - org.gradle.internal.operations.DefaultBuildOperationRunner$1::execute@2 (line 30)
                      ; - org.gradle.internal.operations.DefaultBuildOperationRunner$1::execute@6 (line 27)
  0x0000026911bfbec8: 3430 8efe | 488b f54c | 8b5c 2428 | 4c89 5c24 | 408b 6c24 | 3044 8b5c | 2434 4489 | 5c24 2c44 
  0x0000026911bfbee8: 8b44 2448 | 4489 4424 | 284c 8b6c | 2450 488b | 5c24 584c | 8bf0 6690 | e9b9 e9ff | ff4c 896c 
  0x0000026911bfbf08: 2458 448b | 5424 2844 | 8954 2450 | 448b 5c24 | 2c44 895c | 244c 896c | 2448 4889 | 7c24 304c 
  0x0000026911bfbf28: 8b54 2440 | 4c89 5424 | 2848 8bee 

  0x0000026911bfbf34: ;   {metadata('java/lang/ThreadLocal$ThreadLocalMap$Entry'[])}
  0x0000026911bfbf34: 48ba b834 | 0420 6902 | 0000 41b8 | 1000 0000 

  0x0000026911bfbf44: ;   {runtime_call _new_array_Java}
  0x0000026911bfbf44: 6666 90e8 

  0x0000026911bfbf48: ; ImmutableOopMap {rbp=Oop [32]=Oop [40]=Oop [48]=Oop [76]=NarrowOop [80]=NarrowOop [88]=Oop }
                      ;*anewarray {reexecute=0 rethrow=0 return_oop=1}
                      ; - java.lang.ThreadLocal$ThreadLocalMap::<init>@12 (line 387)
                      ; - java.lang.ThreadLocal::createMap@7 (line 265)
                      ; - java.lang.ThreadLocal::set@26 (line 224)
                      ; - org.gradle.internal.code.DefaultUserCodeApplicationContext$CurrentApplication$1::execute@55 (line 126)
                      ; - org.gradle.api.internal.DefaultCollectionCallbackActionDecorator$BuildOperationEmittingAction$1::run@11 (line 110)
                      ; - org.gradle.internal.operations.DefaultBuildOperationRunner$1::execute@2 (line 30)
                      ; - org.gradle.internal.operations.DefaultBuildOperationRunner$1::execute@6 (line 27)
  0x0000026911bfbf48: b432 8efe | 488b f54c | 8b5c 2428 | 4c89 5c24 | 4048 8b7c | 2430 8b6c | 2448 448b | 5c24 4c44 
  0x0000026911bfbf68: 895c 242c | 448b 4424 | 5044 8944 | 2428 4c8b | 6c24 5848 | 8bd8 6690 | e9be e8ff | ff44 8b54 
  0x0000026911bfbf88: 2428 4489 | 5424 5044 | 8b5c 242c | 4489 5c24 | 4c89 6c24 | 4848 897c | 2430 488b 

  0x0000026911bfbfa4: ;   {metadata('java/lang/ThreadLocal$ThreadLocalMap')}
  0x0000026911bfbfa4: ee48 bab0 | 960b 1f69 

  0x0000026911bfbfac: ;   {runtime_call _new_instance_Java}
  0x0000026911bfbfac: 0200 00e8 

  0x0000026911bfbfb0: ; ImmutableOopMap {rbp=Oop [32]=Oop [48]=Oop [64]=Oop [76]=NarrowOop [80]=NarrowOop }
                      ;*new {reexecute=0 rethrow=0 return_oop=1}
                      ; - java.lang.ThreadLocal::createMap@1 (line 265)
                      ; - java.lang.ThreadLocal::set@26 (line 224)
                      ; - org.gradle.internal.code.DefaultUserCodeApplicationContext$CurrentApplication$1::execute@55 (line 126)
                      ; - org.gradle.api.internal.DefaultCollectionCallbackActionDecorator$BuildOperationEmittingAction$1::run@11 (line 110)
                      ; - org.gradle.internal.operations.DefaultBuildOperationRunner$1::execute@2 (line 30)
                      ; - org.gradle.internal.operations.DefaultBuildOperationRunner$1::execute@6 (line 27)
  0x0000026911bfbfb0: 4c2f 8efe | 488b f548 | 8b7c 2430 | 8b6c 2448 | 448b 5c24 | 4c44 895c | 242c 448b | 4424 5044 
  0x0000026911bfbfd0: 8944 2428 | 4c8b e8e9 | f8e7 ffff | 498b d790 | 49ba 50ce | 6e57 f87f | 0000 41ff | d2e9 e6df 
  0x0000026911bfbff0: ffff 498b | d766 6666 | 0f1f 8400 | 0000 0000 | 49ba 50ce | 6e57 f87f | 0000 41ff | d2e9 08db 
  0x0000026911bfc010: ffff 498b | d766 6666 | 0f1f 8400 | 0000 0000 | 49ba 50ce | 6e57 f87f | 0000 41ff | d2e9 99da 
  0x0000026911bfc030: ffff 498b | d766 6666 | 0f1f 8400 | 0000 0000 | 49ba 50ce | 6e57 f87f | 0000 41ff | d244 8b4c 
  0x0000026911bfc050: 2468 e92f | dbff ff48 | 896c 2448 | 4c89 6c24 | 3089 5c24 | 2844 8bee | 498b d749 | ba50 ce6e 
  0x0000026911bfc070: 57f8 7f00 | 0041 ffd2 | 418b f58b | 5c24 2848 | 8b6c 2448 | 4c8b 6c24 | 30e9 1ddd | ffff 498b 
  0x0000026911bfc090: d749 ba50 | ce6e 57f8 | 7f00 0041 | ffd2 6690 | e955 ddff | ff49 8bd7 | 49ba 50ce | 6e57 f87f 
  0x0000026911bfc0b0: 0000 41ff | d2e9 9edd | ffff 4d8b | d34d 85d2 | 400f 95c5 | 400f b6ed | 83f5 01ba | 45ff ffff 
  0x0000026911bfc0d0: 4c8b 5424 | 404c 8954 | 2438 448b | 5c24 5444 | 895c 2440 | 4889 4424 | 4844 8b54 | 2450 4489 
  0x0000026911bfc0f0: ;   {runtime_call UncommonTrapBlob}
  0x0000026911bfc0f0: 5424 44e8 

  0x0000026911bfc0f4: ; ImmutableOopMap {[32]=Oop [40]=Oop [48]=NarrowOop [56]=Oop [64]=NarrowOop [68]=NarrowOop [72]=Oop [96]=NarrowOop }
                      ;*ifeq {reexecute=1 rethrow=0 return_oop=0}
                      ; - (reexecute) java.lang.ThreadLocal$ThreadLocalMap::set@53 (line 492)
                      ; - java.lang.ThreadLocal::set@17 (line 222)
                      ; - org.gradle.internal.code.DefaultUserCodeApplicationContext$CurrentApplication$1::execute@31 (line 122)
                      ; - org.gradle.api.internal.DefaultCollectionCallbackActionDecorator$BuildOperationEmittingAction$1::run@11 (line 110)
                      ; - org.gradle.internal.operations.DefaultBuildOperationRunner$1::execute@2 (line 30)
                      ; - org.gradle.internal.operations.DefaultBuildOperationRunner$1::execute@6 (line 27)
  0x0000026911bfc0f4: 08a8 83fe | 4d8b d34d | 85d2 400f | 95c5 400f | b6ed 83f5 | 01ba 45ff | ffff 4c8b | 5424 404c 
  0x0000026911bfc114: 8954 2428 | 895c 2430 | 4889 7c24 | 3844 8974 | 2440 8974 

  0x0000026911bfc128: ;   {runtime_call UncommonTrapBlob}
  0x0000026911bfc128: 2444 90e8 

  0x0000026911bfc12c: ; ImmutableOopMap {[32]=Oop [40]=Oop [56]=Oop [64]=NarrowOop [88]=NarrowOop }
                      ;*ifeq {reexecute=1 rethrow=0 return_oop=0}
                      ; - (reexecute) java.lang.ThreadLocal$ThreadLocalMap::set@53 (line 492)
                      ; - java.lang.ThreadLocal::set@17 (line 222)
                      ; - org.gradle.internal.code.DefaultUserCodeApplicationContext$CurrentApplication$1::execute@55 (line 126)
                      ; - org.gradle.api.internal.DefaultCollectionCallbackActionDecorator$BuildOperationEmittingAction$1::run@11 (line 110)
                      ; - org.gradle.internal.operations.DefaultBuildOperationRunner$1::execute@2 (line 30)
                      ; - org.gradle.internal.operations.DefaultBuildOperationRunner$1::execute@6 (line 27)
  0x0000026911bfc12c: d0a7 83fe | ba66 ffff | ff48 8b6c | 2420 4889 | 5c24 2044 | 8b5c 2430 | 4489 5c24 | 2844 8954 
  0x0000026911bfc14c: ;   {runtime_call UncommonTrapBlob}
  0x0000026911bfc14c: 2430 90e8 

  0x0000026911bfc150: ; ImmutableOopMap {rbp=Oop [32]=Oop [40]=NarrowOop [48]=NarrowOop }
                      ;*invokevirtual initialValue {reexecute=0 rethrow=0 return_oop=0}
                      ; - java.lang.ThreadLocal::setInitialValue@1 (line 195)
                      ; - java.lang.ThreadLocal::get@34 (line 172)
                      ; - org.gradle.internal.code.DefaultUserCodeApplicationContext$CurrentApplication$1::execute@10 (line 121)
                      ; - org.gradle.api.internal.DefaultCollectionCallbackActionDecorator$BuildOperationEmittingAction$1::run@11 (line 110)
                      ; - org.gradle.internal.operations.DefaultBuildOperationRunner$1::execute@2 (line 30)
                      ; - org.gradle.internal.operations.DefaultBuildOperationRunner$1::execute@6 (line 27)
  0x0000026911bfc150: aca7 83fe | bae4 ffff | ff48 8b6c | 2420 4889 | 5c24 208b | 4c24 3089 | 4c24 284c | 8b54 2468 
  0x0000026911bfc170: 4489 4424 | 2c4c 8954 | 2438 8944 | 2444 4489 | 4c24 4c44 | 895c 2450 

  0x0000026911bfc188: ;   {runtime_call UncommonTrapBlob}
  0x0000026911bfc188: 6666 90e8 

  0x0000026911bfc18c: ; ImmutableOopMap {rbp=Oop [32]=Oop [40]=NarrowOop [44]=NarrowOop [56]=Oop [76]=NarrowOop [104]=Oop }
                      ;*aaload {reexecute=0 rethrow=0 return_oop=0}
                      ; - java.lang.ThreadLocal$ThreadLocalMap::set@23 (line 484)
                      ; - java.lang.ThreadLocal::setInitialValue@22 (line 199)
                      ; - java.lang.ThreadLocal::get@34 (line 172)
                      ; - org.gradle.internal.code.DefaultUserCodeApplicationContext$CurrentApplication$1::execute@10 (line 121)
                      ; - org.gradle.api.internal.DefaultCollectionCallbackActionDecorator$BuildOperationEmittingAction$1::run@11 (line 110)
                      ; - org.gradle.internal.operations.DefaultBuildOperationRunner$1::execute@2 (line 30)
                      ; - org.gradle.internal.operations.DefaultBuildOperationRunner$1::execute@6 (line 27)
  0x0000026911bfc18c: 70a7 83fe | bae4 ffff | ff48 8b6c | 2420 4889 | 5c24 208b | 4c24 3089 | 4c24 2844 | 8944 242c 
  0x0000026911bfc1ac: 4489 4c24 | 3c44 895c | 2440 4c89 

  0x0000026911bfc1b8: ;   {runtime_call UncommonTrapBlob}
  0x0000026911bfc1b8: 5424 48e8 

  0x0000026911bfc1bc: ; ImmutableOopMap {rbp=Oop [32]=Oop [40]=NarrowOop [44]=NarrowOop [60]=NarrowOop [72]=Oop [104]=Oop }
                      ;*aastore {reexecute=1 rethrow=0 return_oop=0}
                      ; - (reexecute) java.lang.ThreadLocal$ThreadLocalMap::set@94 (line 498)
                      ; - java.lang.ThreadLocal::setInitialValue@22 (line 199)
                      ; - java.lang.ThreadLocal::get@34 (line 172)
                      ; - org.gradle.internal.code.DefaultUserCodeApplicationContext$CurrentApplication$1::execute@10 (line 121)
                      ; - org.gradle.api.internal.DefaultCollectionCallbackActionDecorator$BuildOperationEmittingAction$1::run@11 (line 110)
                      ; - org.gradle.internal.operations.DefaultBuildOperationRunner$1::execute@2 (line 30)
                      ; - org.gradle.internal.operations.DefaultBuildOperationRunner$1::execute@6 (line 27)
  0x0000026911bfc1bc: 40a7 83fe | bae4 ffff | ff48 8b6c | 2420 4c8b | 5424 284c | 8954 2420 | 448b 5c24 | 3044 895c 
  0x0000026911bfc1dc: 2428 4c8b | 5424 6844 | 8944 242c | 4c89 5424 | 3889 4424 | 4444 894c | 244c 894c 

  0x0000026911bfc1f8: ;   {runtime_call UncommonTrapBlob}
  0x0000026911bfc1f8: 2450 90e8 

  0x0000026911bfc1fc: ; ImmutableOopMap {rbp=Oop [32]=Oop [40]=NarrowOop [44]=NarrowOop [56]=Oop [76]=NarrowOop [104]=Oop }
                      ;*aaload {reexecute=0 rethrow=0 return_oop=0}
                      ; - java.lang.ThreadLocal$ThreadLocalMap::set@76 (line 486)
                      ; - java.lang.ThreadLocal::setInitialValue@22 (line 199)
                      ; - java.lang.ThreadLocal::get@34 (line 172)
                      ; - org.gradle.internal.code.DefaultUserCodeApplicationContext$CurrentApplication$1::execute@10 (line 121)
                      ; - org.gradle.api.internal.DefaultCollectionCallbackActionDecorator$BuildOperationEmittingAction$1::run@11 (line 110)
                      ; - org.gradle.internal.operations.DefaultBuildOperationRunner$1::execute@2 (line 30)
                      ; - org.gradle.internal.operations.DefaultBuildOperationRunner$1::execute@6 (line 27)
  0x0000026911bfc1fc: 00a7 83fe | 4c89 5424 | 5048 896c | 2440 4489 | 5c24 3889 | 4424 3444 | 894c 242c | 4489 4424 
  0x0000026911bfc21c: 284c 8b54 | 2448 4d8b | f24c 8bef | 488b 6c24 | 6848 8bfb | 8b5c 2430 | 498b d766 | 0f1f 8400 
  0x0000026911bfc23c: 0000 0000 | 49ba 50ce | 6e57 f87f | 0000 41ff | d2e9 dcec | ffff 4c89 | 5424 4048 | 896c 2438 
  0x0000026911bfc25c: 4489 5c24 | 3489 4424 | 2c44 894c | 2428 458b | f04c 8b54 | 2448 4d8b | ea48 8bef | 488b 7424 
  0x0000026911bfc27c: 688b 7c24 | 3049 8bd7 | 49ba 50ce | 6e57 f87f | 0000 41ff | d2e9 00ec | ffff 4c89 | 5424 4048 
  0x0000026911bfc29c: 896c 2438 | 4489 5c24 | 2c44 8944 | 2428 4c8b | ef49 8bd7 | 49ba 50ce | 6e57 f87f | 0000 41ff 
  0x0000026911bfc2bc: d249 8bfd | 448b 4424 | 2844 8b5c | 242c 488b | 6c24 384c | 8b54 2440 | e980 dfff | ff4d 8bd3 
  0x0000026911bfc2dc: 4d85 d240 | 0f95 c540 | 0fb6 ed83 | f501 ba45 | ffff ff4c | 8b54 2468 | 4489 4424 | 344c 8954 
  0x0000026911bfc2fc: 2440 4489 | 4c24 4889 | 4424 4c89 

  0x0000026911bfc308: ;   {runtime_call UncommonTrapBlob}
  0x0000026911bfc308: 4c24 50e8 

  0x0000026911bfc30c: ; ImmutableOopMap {[32]=Oop [40]=Oop [48]=NarrowOop [52]=NarrowOop [64]=Oop [72]=NarrowOop [104]=Oop }
                      ;*ifeq {reexecute=1 rethrow=0 return_oop=0}
                      ; - (reexecute) java.lang.ThreadLocal$ThreadLocalMap::set@53 (line 492)
                      ; - java.lang.ThreadLocal::setInitialValue@22 (line 199)
                      ; - java.lang.ThreadLocal::get@34 (line 172)
                      ; - org.gradle.internal.code.DefaultUserCodeApplicationContext$CurrentApplication$1::execute@10 (line 121)
                      ; - org.gradle.api.internal.DefaultCollectionCallbackActionDecorator$BuildOperationEmittingAction$1::run@11 (line 110)
                      ; - org.gradle.internal.operations.DefaultBuildOperationRunner$1::execute@2 (line 30)
                      ; - org.gradle.internal.operations.DefaultBuildOperationRunner$1::execute@6 (line 27)
  0x0000026911bfc30c: f0a5 83fe | 458b 411c | 4585 c00f | 841d f0ff | ff4d 8b5f | 2049 8bc8 | 4d85 db0f | 84c8 0500 
  0x0000026911bfc32c: 004d 8b47 | 304b 894c | 18f8 4983 | c3f8 4d89 | 5f20 6690 | e9f5 efff | ff45 8b59 | 1045 85db 
  0x0000026911bfc34c: 0f84 9aef | ffff 4d8b | 4720 498b | cb4d 85c0 | 0f1f 4000 | 0f84 4a05 | 0000 4d8b | 5f30 4b89 
  0x0000026911bfc36c: 4c03 f849 | 83c0 f84d | 8947 20e9 | 70ef ffff | 448b 5500 | 4585 d20f | 84d4 efff | ff4d 8b5f 
  0x0000026911bfc38c: 2049 8bca | 4d85 db0f | 84a1 0500 | 004d 8b57 | 304b 894c | 1af8 4983 | c3f8 4d89 | 5f20 e9ae 
  0x0000026911bfc3ac: efff ff4c | 8b54 2448 | 458b 5244 | 4585 d20f | 1f44 0000 | 0f84 d8ef | ffff 4d8b | 5f20 498b 
  0x0000026911bfc3cc: ca4d 85db | 0f84 9505 | 0000 4d8b | 5730 4b89 | 4c1a f849 | 83c3 f84d | 895f 20e9 | b2ef ffff 
  0x0000026911bfc3ec: 4d8b 5f40 | 4d8b 4750 | f083 4424 | c000 660f | 1f44 0000 | 8039 000f | 8420 efff | ff44 8821 
  0x0000026911bfc40c: 4d85 db75 | 454c 894c | 2440 4889 | 7424 3848 | 8944 2428 | 458b f248 | 8bef 488b | fb49 8bd7 
  0x0000026911bfc42c: 49ba 30ce | 6e57 f87f | 0000 41ff | d248 8bdf | 488b fd45 | 8bd6 488b | 4424 2848 | 8b74 2438 
  0x0000026911bfc44c: 4c8b 4c24 | 40e9 d3ee | ffff 4b89 | 4c18 f849 | 83c3 f84d | 895f 40e9 | c1ee ffff | 4d8b 5750 
  0x0000026911bfc46c: 4d8b 5f40 | f083 4424 | c000 8039 | 0074 4544 | 8821 6690 | 4d85 db74 | 0f4b 894c | 1af8 4983 
  0x0000026911bfc48c: c3f8 4d89 | 5f40 eb2c | 4889 4424 | 2844 8bf2 | 488b ef48 | 8bfb 498b | d749 ba30 | ce6e 57f8 
  0x0000026911bfc4ac: 7f00 0041 | ffd2 488b | df48 8bfd | 418b d648 | 8b44 2428 | 4c8b 5424 | 6845 8b52 | 0c44 8b40 
  0x0000026911bfc4cc: 144d 8bd8 | 498b f3e9 | bced ffff | 4d8b 5740 | 4d8b 5f50 | f083 4424 | c000 8039 | 000f 84a4 
  0x0000026911bfc4ec: eeff ff44 | 8821 4d85 | d275 214c | 8bf0 488b | ef49 8bd7 | 49ba 30ce | 6e57 f87f | 0000 41ff 
  0x0000026911bfc50c: d248 8bfd | 498b c6e9 | 7bee ffff | 4b89 4c13 | f849 83c2 | f84d 8957 | 40e9 69ee | ffff 498b 
  0x0000026911bfc52c: d749 ba50 | ce6e 57f8 | 7f00 0041 | ffd2 e94c | deff ff49 | 8bd7 49ba | 50ce 6e57 | f87f 0000 
  0x0000026911bfc54c: 41ff d2e9 | d7de ffff | 498b d766 | 0f1f 8400 | 0000 0000 | 49ba 50ce | 6e57 f87f | 0000 41ff 
  0x0000026911bfc56c: d2e9 5edf | ffff 8954 | 2450 4489 | 5424 3448 | 897c 2440 | 4c8b 5424 | 684c 8954 | 2438 4889 
  0x0000026911bfc58c: 5c24 288b 

  0x0000026911bfc590: ;   {metadata('java/lang/ThreadLocal$ThreadLocalMap')}
  0x0000026911bfc590: 6c24 3048 | bab0 960b | 1f69 0200 

  0x0000026911bfc59c: ;   {runtime_call _new_instance_Java}
  0x0000026911bfc59c: 0066 90e8 

  0x0000026911bfc5a0: ; ImmutableOopMap {rbp=NarrowOop [32]=Oop [40]=Oop [48]=NarrowOop [56]=Oop [72]=Oop [80]=NarrowOop [104]=Oop }
                      ;*new {reexecute=0 rethrow=0 return_oop=1}
                      ; - java.lang.ThreadLocal::createMap@1 (line 265)
                      ; - java.lang.ThreadLocal::setInitialValue@31 (line 201)
                      ; - java.lang.ThreadLocal::get@34 (line 172)
                      ; - org.gradle.internal.code.DefaultUserCodeApplicationContext$CurrentApplication$1::execute@10 (line 121)
                      ; - org.gradle.api.internal.DefaultCollectionCallbackActionDecorator$BuildOperationEmittingAction$1::run@11 (line 110)
                      ; - org.gradle.internal.operations.DefaultBuildOperationRunner$1::execute@2 (line 30)
                      ; - org.gradle.internal.operations.DefaultBuildOperationRunner$1::execute@6 (line 27)
  0x0000026911bfc5a0: 5c29 8efe | 488b 5c24 | 2848 8b7c | 2440 448b | 5424 348b | 5424 50e9 | 36ec ffff | 4889 4424 
  0x0000026911bfc5c0: 5889 5424 | 5044 8954 | 2434 4889 | 7c24 404c | 8b54 2468 | 4c89 5424 | 3848 895c | 2428 8b6c 
  0x0000026911bfc5e0: ;   {metadata('java/lang/ThreadLocal$ThreadLocalMap$Entry'[])}
  0x0000026911bfc5e0: 2430 48ba | b834 0420 | 6902 0000 | 41b8 1000 

  0x0000026911bfc5f0: ;   {runtime_call _new_array_Java}
  0x0000026911bfc5f0: 0000 90e8 

  0x0000026911bfc5f4: ; ImmutableOopMap {rbp=NarrowOop [32]=Oop [40]=Oop [48]=NarrowOop [56]=Oop [72]=Oop [80]=NarrowOop [88]=Oop [104]=Oop }
                      ;*anewarray {reexecute=0 rethrow=0 return_oop=1}
                      ; - java.lang.ThreadLocal$ThreadLocalMap::<init>@12 (line 387)
                      ; - java.lang.ThreadLocal::createMap@7 (line 265)
                      ; - java.lang.ThreadLocal::setInitialValue@31 (line 201)
                      ; - java.lang.ThreadLocal::get@34 (line 172)
                      ; - org.gradle.internal.code.DefaultUserCodeApplicationContext$CurrentApplication$1::execute@10 (line 121)
                      ; - org.gradle.api.internal.DefaultCollectionCallbackActionDecorator$BuildOperationEmittingAction$1::run@11 (line 110)
                      ; - org.gradle.internal.operations.DefaultBuildOperationRunner$1::execute@2 (line 30)
                      ; - org.gradle.internal.operations.DefaultBuildOperationRunner$1::execute@6 (line 27)
  0x0000026911bfc5f4: 082c 8efe | 4c8b d848 | 8b5c 2428 | 488b 7c24 | 4044 8b54 | 2434 8b54 | 2450 488b | 4424 5849 
  0x0000026911bfc614: 8bf3 e946 | ecff ff48 | 8974 2460 | 4889 4424 | 5889 5424 | 5044 8954 | 2434 4889 | 7c24 404c 
  0x0000026911bfc634: 8b54 2468 | 4c89 5424 | 3848 895c | 2428 8b6c 

  0x0000026911bfc644: ;   {metadata('java/lang/ThreadLocal$ThreadLocalMap$Entry')}
  0x0000026911bfc644: 2430 48ba | c098 0b1f | 6902 0000 

  0x0000026911bfc650: ;   {runtime_call _new_instance_Java}
  0x0000026911bfc650: 6666 90e8 

  0x0000026911bfc654: ; ImmutableOopMap {rbp=NarrowOop [32]=Oop [40]=Oop [56]=Oop [72]=Oop [80]=NarrowOop [88]=Oop [96]=Oop }
                      ;*new {reexecute=0 rethrow=0 return_oop=1}
                      ; - java.lang.ThreadLocal$ThreadLocalMap::<init>@31 (line 389)
                      ; - java.lang.ThreadLocal::createMap@7 (line 265)
                      ; - java.lang.ThreadLocal::setInitialValue@31 (line 201)
                      ; - java.lang.ThreadLocal::get@34 (line 172)
                      ; - org.gradle.internal.code.DefaultUserCodeApplicationContext$CurrentApplication$1::execute@10 (line 121)
                      ; - org.gradle.api.internal.DefaultCollectionCallbackActionDecorator$BuildOperationEmittingAction$1::run@11 (line 110)
                      ; - org.gradle.internal.operations.DefaultBuildOperationRunner$1::execute@2 (line 30)
                      ; - org.gradle.internal.operations.DefaultBuildOperationRunner$1::execute@6 (line 27)
  0x0000026911bfc654: a828 8efe | 4c8b d889 | 6c24 3048 | 8b5c 2428 | 4c8b 5424 | 384c 8954 | 2468 488b | 7c24 4044 
  0x0000026911bfc674: 8b54 2434 | 8b54 2450 | 488b 4424 | 5848 8b74 | 2460 4d8b | cbe9 4fec | ffff bae4 | ffff ff48 
  0x0000026911bfc694: 895c 2428 | 4889 7424 | 384c 8b54 | 2448 4c89 | 5424 404c | 8974 2450 | 4489 4424 | 344c 896c 
  0x0000026911bfc6b4: ;   {runtime_call UncommonTrapBlob}
  0x0000026911bfc6b4: 2458 90e8 

  0x0000026911bfc6b8: ; ImmutableOopMap {rbp=Oop [32]=Oop [40]=Oop [48]=NarrowOop [56]=Oop [64]=Oop [80]=Oop [88]=Oop }
                      ;*aastore {reexecute=1 rethrow=0 return_oop=0}
                      ; - (reexecute) java.lang.ThreadLocal$ThreadLocalMap::<init>@40 (line 389)
                      ; - java.lang.ThreadLocal::createMap@7 (line 265)
                      ; - java.lang.ThreadLocal::set@26 (line 224)
                      ; - org.gradle.internal.code.DefaultUserCodeApplicationContext$CurrentApplication$1::execute@31 (line 122)
                      ; - org.gradle.api.internal.DefaultCollectionCallbackActionDecorator$BuildOperationEmittingAction$1::run@11 (line 110)
                      ; - org.gradle.internal.operations.DefaultBuildOperationRunner$1::execute@2 (line 30)
                      ; - org.gradle.internal.operations.DefaultBuildOperationRunner$1::execute@6 (line 27)
  0x0000026911bfc6b8: 44a2 83fe | bae4 ffff | ff48 8974 | 2428 4c89 | 6c24 3848 | 895c 2440 | 4c89 7424 

  0x0000026911bfc6d4: ;   {runtime_call UncommonTrapBlob}
  0x0000026911bfc6d4: 4866 90e8 

  0x0000026911bfc6d8: ; ImmutableOopMap {[32]=Oop [40]=Oop [56]=Oop [64]=Oop [72]=Oop }
                      ;*aastore {reexecute=1 rethrow=0 return_oop=0}
                      ; - (reexecute) java.lang.ThreadLocal$ThreadLocalMap::<init>@40 (line 389)
                      ; - java.lang.ThreadLocal::createMap@7 (line 265)
                      ; - java.lang.ThreadLocal::set@26 (line 224)
                      ; - org.gradle.internal.code.DefaultUserCodeApplicationContext$CurrentApplication$1::execute@55 (line 126)
                      ; - org.gradle.api.internal.DefaultCollectionCallbackActionDecorator$BuildOperationEmittingAction$1::run@11 (line 110)
                      ; - org.gradle.internal.operations.DefaultBuildOperationRunner$1::execute@2 (line 30)
                      ; - org.gradle.internal.operations.DefaultBuildOperationRunner$1::execute@6 (line 27)
  0x0000026911bfc6d8: 24a2 83fe | 4c89 6c24 | 5848 896c | 2450 4c89 | 7424 404c | 894c 2438 | 4489 4424 | 2845 8bf3 
  0x0000026911bfc6f8: 4c8b ee48 | 8bf7 488b | fb49 8bd7 | 49ba 50ce | 6e57 f87f | 0000 41ff | d248 8bdf | 488b fe49 
  0x0000026911bfc718: 8bf5 458b | de44 8b44 | 2428 4c8b | 4c24 384c | 8b74 2440 | 488b 6c24 | 504c 8b6c | 2458 e9fd 
  0x0000026911bfc738: deff ff4c | 896c 2458 | 4889 6c24 | 504c 8974 | 2440 4c89 | 4c24 3844 | 8944 2428 | 458b f34c 
  0x0000026911bfc758: 8bee 488b | f748 8bfb | 498b d749 | ba50 ce6e | 57f8 7f00 | 0041 ffd2 | 488b df48 | 8bfe 498b 
  0x0000026911bfc778: f545 8bde | 448b 4424 | 284c 8b4c | 2438 4c8b | 7424 4048 | 8b6c 2450 | 4c8b 6c24 | 58e9 f1de 
  0x0000026911bfc798: ffff 4c89 | 6c24 384c | 8974 2428 | 4c8b f648 | 8bf7 498b | d749 ba50 | ce6e 57f8 | 7f00 0041 
  0x0000026911bfc7b8: ffd2 488b | fe49 8bf6 | 4c8b 7424 | 284c 8b6c | 2438 e90e | dfff ff4c | 8bee 488b | f749 8bd7 
  0x0000026911bfc7d8: 0f1f 8400 | 0000 0000 | 49ba 50ce | 6e57 f87f | 0000 41ff | d248 8bfe | 498b f5e9 | 33df ffff 
  0x0000026911bfc7f8: 498b d70f | 1f44 0000 | 49ba 50ce | 6e57 f87f | 0000 41ff | d2e9 0ce1 | ffff 498b | d766 6666 
  0x0000026911bfc818: 0f1f 8400 | 0000 0000 | 49ba 50ce | 6e57 f87f | 0000 41ff | d2e9 a0e0 | ffff 498b | d766 6666 
  0x0000026911bfc838: 0f1f 8400 | 0000 0000 | 49ba 50ce | 6e57 f87f | 0000 41ff | d2e9 6be1 | ffff 498b | d766 6666 
  0x0000026911bfc858: 0f1f 8400 | 0000 0000 | 49ba 50ce | 6e57 f87f | 0000 41ff | d2e9 0be1 | ffff bae4 | ffff ff48 
  0x0000026911bfc878: 8b6c 2420 | 4889 5c24 | 2044 8b5c | 2430 4489 | 5c24 284c | 8b5c 2448 | 4c89 5c24 | 3848 8944 
  0x0000026911bfc898: 2448 4889 | 7424 5044 | 8954 242c | 4c89 4c24 

  0x0000026911bfc8a8: ;   {runtime_call UncommonTrapBlob}
  0x0000026911bfc8a8: 5866 90e8 

  0x0000026911bfc8ac: ; ImmutableOopMap {rbp=Oop [32]=Oop [40]=NarrowOop [56]=Oop [72]=Oop [80]=Oop [88]=Oop [104]=Oop }
                      ;*aastore {reexecute=1 rethrow=0 return_oop=0}
                      ; - (reexecute) java.lang.ThreadLocal$ThreadLocalMap::<init>@40 (line 389)
                      ; - java.lang.ThreadLocal::createMap@7 (line 265)
                      ; - java.lang.ThreadLocal::setInitialValue@31 (line 201)
                      ; - java.lang.ThreadLocal::get@34 (line 172)
                      ; - org.gradle.internal.code.DefaultUserCodeApplicationContext$CurrentApplication$1::execute@10 (line 121)
                      ; - org.gradle.api.internal.DefaultCollectionCallbackActionDecorator$BuildOperationEmittingAction$1::run@11 (line 110)
                      ; - org.gradle.internal.operations.DefaultBuildOperationRunner$1::execute@2 (line 30)
                      ; - org.gradle.internal.operations.DefaultBuildOperationRunner$1::execute@6 (line 27)
  0x0000026911bfc8ac: 50a0 83fe | 4c89 4c24 | 4048 8974 | 2438 4889 | 4424 2845 | 8bf2 488b | ef48 8bfb | 498b d749 
  0x0000026911bfc8cc: ba50 ce6e | 57f8 7f00 | 0041 ffd2 | 488b df48 | 8bfd 458b | d648 8b44 | 2428 488b | 7424 384c 
  0x0000026911bfc8ec: 8b4c 2440 | e9f7 e9ff | ff4c 894c | 2440 4889 | 7424 3848 | 8944 2428 | 458b f248 | 8bef 488b 
  0x0000026911bfc90c: fb49 8bd7 | 49ba 50ce | 6e57 f87f | 0000 41ff | d248 8bdf | 488b fd45 | 8bd6 488b | 4424 2848 
  0x0000026911bfc92c: 8b74 2438 | 4c8b 4c24 | 40e9 00ea | ffff 4c89 | 4c24 284c | 8bf0 488b | f748 8bfb | 498b d749 
  0x0000026911bfc94c: ba50 ce6e | 57f8 7f00 | 0041 ffd2 | 488b df48 | 8bfe 498b | c64c 8b4c | 2428 e9f2 | e9ff ff4c 
  0x0000026911bfc96c: 8bf0 488b | ef48 8bfb | 498b d766 | 0f1f 8400 | 0000 0000 | 49ba 50ce | 6e57 f87f | 0000 41ff 
  0x0000026911bfc98c: d248 8bdf | 488b fd49 | 8bc6 e903 | eaff ffba | deff ffff | 4889 5c24 

  0x0000026911bfc9a4: ;   {runtime_call UncommonTrapBlob}
  0x0000026911bfc9a4: 2866 90e8 

  0x0000026911bfc9a8: ; ImmutableOopMap {rbp=NarrowOop [32]=Oop [40]=Oop [48]=NarrowOop }
                      ;*checkcast {reexecute=0 rethrow=0 return_oop=0}
                      ; - org.gradle.internal.code.DefaultUserCodeApplicationContext$CurrentApplication$1::execute@13 (line 121)
                      ; - org.gradle.api.internal.DefaultCollectionCallbackActionDecorator$BuildOperationEmittingAction$1::run@11 (line 110)
                      ; - org.gradle.internal.operations.DefaultBuildOperationRunner$1::execute@2 (line 30)
                      ; - org.gradle.internal.operations.DefaultBuildOperationRunner$1::execute@6 (line 27)
  0x0000026911bfc9a8: 549f 83fe | baf4 ffff | ff49 8be9 | 4c89 5424 

  0x0000026911bfc9b8: ;   {runtime_call UncommonTrapBlob}
  0x0000026911bfc9b8: 2066 90e8 

  0x0000026911bfc9bc: ; ImmutableOopMap {rbp=Oop [32]=Oop }
                      ;*checkcast {reexecute=0 rethrow=0 return_oop=0}
                      ; - org.gradle.internal.operations.DefaultBuildOperationRunner$1::execute@2 (line 27)
  0x0000026911bfc9bc: 409f 83fe | baf6 ffff 

  0x0000026911bfc9c4: ;   {runtime_call UncommonTrapBlob}
  0x0000026911bfc9c4: ff66 90e8 

  0x0000026911bfc9c8: ; ImmutableOopMap {}
                      ;*getfield delegate {reexecute=1 rethrow=0 return_oop=0}
                      ; - (reexecute) org.gradle.api.internal.DefaultCollectionCallbackActionDecorator$BuildOperationEmittingAction::access$000@1 (line 96)
                      ; - org.gradle.api.internal.DefaultCollectionCallbackActionDecorator$BuildOperationEmittingAction$1::run@4 (line 110)
                      ; - org.gradle.internal.operations.DefaultBuildOperationRunner$1::execute@2 (line 30)
                      ; - org.gradle.internal.operations.DefaultBuildOperationRunner$1::execute@6 (line 27)
  0x0000026911bfc9c8: 349f 83fe | baf6 ffff | ff41 8be8 

  0x0000026911bfc9d4: ;   {runtime_call UncommonTrapBlob}
  0x0000026911bfc9d4: 6666 90e8 

  0x0000026911bfc9d8: ; ImmutableOopMap {rbp=NarrowOop }
                      ;*invokeinterface execute {reexecute=0 rethrow=0 return_oop=0}
                      ; - org.gradle.api.internal.DefaultCollectionCallbackActionDecorator$BuildOperationEmittingAction$1::run@11 (line 110)
                      ; - org.gradle.internal.operations.DefaultBuildOperationRunner$1::execute@2 (line 30)
                      ; - org.gradle.internal.operations.DefaultBuildOperationRunner$1::execute@6 (line 27)
  0x0000026911bfc9d8: 249f 83fe | baf6 ffff | ff49 8be9 | 4889 5c24 

  0x0000026911bfc9e8: ;   {runtime_call UncommonTrapBlob}
  0x0000026911bfc9e8: 2066 90e8 

  0x0000026911bfc9ec: ; ImmutableOopMap {rbp=Oop [32]=Oop [48]=NarrowOop }
                      ;*getfield this$0 {reexecute=1 rethrow=0 return_oop=0}
                      ; - (reexecute) org.gradle.internal.code.DefaultUserCodeApplicationContext$CurrentApplication$1::execute@4 (line 121)
                      ; - org.gradle.api.internal.DefaultCollectionCallbackActionDecorator$BuildOperationEmittingAction$1::run@11 (line 110)
                      ; - org.gradle.internal.operations.DefaultBuildOperationRunner$1::execute@2 (line 30)
                      ; - org.gradle.internal.operations.DefaultBuildOperationRunner$1::execute@6 (line 27)
  0x0000026911bfc9ec: 109f 83fe | baf6 ffff | ff49 8be9 | 4889 5c24 

  0x0000026911bfc9fc: ;   {runtime_call UncommonTrapBlob}
  0x0000026911bfc9fc: 2066 90e8 

  0x0000026911bfca00: ; ImmutableOopMap {rbp=Oop [32]=Oop [48]=NarrowOop }
                      ;*getfield currentApplication {reexecute=1 rethrow=0 return_oop=0}
                      ; - (reexecute) org.gradle.internal.code.DefaultUserCodeApplicationContext::access$000@1 (line 25)
                      ; - org.gradle.internal.code.DefaultUserCodeApplicationContext$CurrentApplication$1::execute@7 (line 121)
                      ; - org.gradle.api.internal.DefaultCollectionCallbackActionDecorator$BuildOperationEmittingAction$1::run@11 (line 110)
                      ; - org.gradle.internal.operations.DefaultBuildOperationRunner$1::execute@2 (line 30)
                      ; - org.gradle.internal.operations.DefaultBuildOperationRunner$1::execute@6 (line 27)
  0x0000026911bfca00: fc9e 83fe | baf6 ffff | ff49 8be9 | 4889 5c24 

  0x0000026911bfca10: ;   {runtime_call UncommonTrapBlob}
  0x0000026911bfca10: 2066 90e8 

  0x0000026911bfca14: ; ImmutableOopMap {rbp=Oop [32]=Oop [48]=NarrowOop }
                      ;*invokevirtual get {reexecute=0 rethrow=0 return_oop=0}
                      ; - org.gradle.internal.code.DefaultUserCodeApplicationContext$CurrentApplication$1::execute@10 (line 121)
                      ; - org.gradle.api.internal.DefaultCollectionCallbackActionDecorator$BuildOperationEmittingAction$1::run@11 (line 110)
                      ; - org.gradle.internal.operations.DefaultBuildOperationRunner$1::execute@2 (line 30)
                      ; - org.gradle.internal.operations.DefaultBuildOperationRunner$1::execute@6 (line 27)
  0x0000026911bfca14: e89e 83fe | baf6 ffff | ff48 8b6c | 2420 4889 | 5c24 2044 | 8b5c 2430 | 4489 5c24 | 2848 8974 
  0x0000026911bfca34: ;   {runtime_call UncommonTrapBlob}
  0x0000026911bfca34: 2430 90e8 

  0x0000026911bfca38: ; ImmutableOopMap {rbp=Oop [32]=Oop [40]=NarrowOop [48]=Oop }
                      ;*getfield this$0 {reexecute=1 rethrow=0 return_oop=0}
                      ; - (reexecute) org.gradle.internal.code.DefaultUserCodeApplicationContext$CurrentApplication$1::execute@21 (line 122)
                      ; - org.gradle.api.internal.DefaultCollectionCallbackActionDecorator$BuildOperationEmittingAction$1::run@11 (line 110)
                      ; - org.gradle.internal.operations.DefaultBuildOperationRunner$1::execute@2 (line 30)
                      ; - org.gradle.internal.operations.DefaultBuildOperationRunner$1::execute@6 (line 27)
  0x0000026911bfca38: c49e 83fe | baf6 ffff | ff48 8b6c | 2420 4889 | 5c24 2044 | 8b5c 2430 | 4489 5c24 | 2848 8974 
  0x0000026911bfca58: ;   {runtime_call UncommonTrapBlob}
  0x0000026911bfca58: 2430 90e8 

  0x0000026911bfca5c: ; ImmutableOopMap {rbp=Oop [32]=Oop [40]=NarrowOop [48]=Oop }
                      ;*getfield currentApplication {reexecute=1 rethrow=0 return_oop=0}
                      ; - (reexecute) org.gradle.internal.code.DefaultUserCodeApplicationContext::access$000@1 (line 25)
                      ; - org.gradle.internal.code.DefaultUserCodeApplicationContext$CurrentApplication$1::execute@24 (line 122)
                      ; - org.gradle.api.internal.DefaultCollectionCallbackActionDecorator$BuildOperationEmittingAction$1::run@11 (line 110)
                      ; - org.gradle.internal.operations.DefaultBuildOperationRunner$1::execute@2 (line 30)
                      ; - org.gradle.internal.operations.DefaultBuildOperationRunner$1::execute@6 (line 27)
  0x0000026911bfca5c: a09e 83fe | baf6 ffff | ff48 8b6c | 2420 4889 | 5c24 2044 | 8b44 2430 | 4489 4424 | 2848 8974 
  0x0000026911bfca7c: 2430 4489 

  0x0000026911bfca80: ;   {runtime_call UncommonTrapBlob}
  0x0000026911bfca80: 5c24 2ce8 

  0x0000026911bfca84: ; ImmutableOopMap {rbp=Oop [32]=Oop [40]=NarrowOop [44]=NarrowOop [48]=Oop }
                      ;*invokevirtual set {reexecute=0 rethrow=0 return_oop=0}
                      ; - org.gradle.internal.code.DefaultUserCodeApplicationContext$CurrentApplication$1::execute@31 (line 122)
                      ; - org.gradle.api.internal.DefaultCollectionCallbackActionDecorator$BuildOperationEmittingAction$1::run@11 (line 110)
                      ; - org.gradle.internal.operations.DefaultBuildOperationRunner$1::execute@2 (line 30)
                      ; - org.gradle.internal.operations.DefaultBuildOperationRunner$1::execute@6 (line 27)
  0x0000026911bfca84: 789e 83fe | baf6 ffff | ff48 8b6c 

  0x0000026911bfca90: ;   {runtime_call UncommonTrapBlob}
  0x0000026911bfca90: 2420 90e8 

  0x0000026911bfca94: ; ImmutableOopMap {rbp=Oop [64]=Oop }
                      ;*getfield this$0 {reexecute=1 rethrow=0 return_oop=0}
                      ; - (reexecute) org.gradle.internal.code.DefaultUserCodeApplicationContext$CurrentApplication$1::execute@48 (line 126)
                      ; - org.gradle.api.internal.DefaultCollectionCallbackActionDecorator$BuildOperationEmittingAction$1::run@11 (line 110)
                      ; - org.gradle.internal.operations.DefaultBuildOperationRunner$1::execute@2 (line 30)
                      ; - org.gradle.internal.operations.DefaultBuildOperationRunner$1::execute@6 (line 27)
  0x0000026911bfca94: 689e 83fe | baf6 ffff | ff48 8b6c 

  0x0000026911bfcaa0: ;   {runtime_call UncommonTrapBlob}
  0x0000026911bfcaa0: 2420 90e8 

  0x0000026911bfcaa4: ; ImmutableOopMap {rbp=Oop [64]=Oop }
                      ;*getfield currentApplication {reexecute=1 rethrow=0 return_oop=0}
                      ; - (reexecute) org.gradle.internal.code.DefaultUserCodeApplicationContext::access$000@1 (line 25)
                      ; - org.gradle.internal.code.DefaultUserCodeApplicationContext$CurrentApplication$1::execute@51 (line 126)
                      ; - org.gradle.api.internal.DefaultCollectionCallbackActionDecorator$BuildOperationEmittingAction$1::run@11 (line 110)
                      ; - org.gradle.internal.operations.DefaultBuildOperationRunner$1::execute@2 (line 30)
                      ; - org.gradle.internal.operations.DefaultBuildOperationRunner$1::execute@6 (line 27)
  0x0000026911bfcaa4: 589e 83fe | baf6 ffff | ff48 8b6c 

  0x0000026911bfcab0: ;   {runtime_call UncommonTrapBlob}
  0x0000026911bfcab0: 2420 90e8 

  0x0000026911bfcab4: ; ImmutableOopMap {rbp=Oop [64]=Oop }
                      ;*invokevirtual set {reexecute=0 rethrow=0 return_oop=0}
                      ; - org.gradle.internal.code.DefaultUserCodeApplicationContext$CurrentApplication$1::execute@55 (line 126)
                      ; - org.gradle.api.internal.DefaultCollectionCallbackActionDecorator$BuildOperationEmittingAction$1::run@11 (line 110)
                      ; - org.gradle.internal.operations.DefaultBuildOperationRunner$1::execute@2 (line 30)
                      ; - org.gradle.internal.operations.DefaultBuildOperationRunner$1::execute@6 (line 27)
  0x0000026911bfcab4: 489e 83fe | baf6 ffff 

  0x0000026911bfcabc: ;   {runtime_call UncommonTrapBlob}
  0x0000026911bfcabc: ff66 90e8 

  0x0000026911bfcac0: ; ImmutableOopMap {}
                      ;*invokeinterface setResult {reexecute=0 rethrow=0 return_oop=0}
                      ; - org.gradle.api.internal.DefaultCollectionCallbackActionDecorator$BuildOperationEmittingAction$1::run@20 (line 111)
                      ; - org.gradle.internal.operations.DefaultBuildOperationRunner$1::execute@2 (line 30)
                      ; - org.gradle.internal.operations.DefaultBuildOperationRunner$1::execute@6 (line 27)
  0x0000026911bfcac0: 3c9e 83fe | baf6 ffff | ff48 8b6c | 2420 4889 

  0x0000026911bfcad0: ;   {runtime_call UncommonTrapBlob}
  0x0000026911bfcad0: 5c24 20e8 

  0x0000026911bfcad4: ; ImmutableOopMap {rbp=Oop [32]=Oop [48]=NarrowOop }
                      ;*arraylength {reexecute=0 rethrow=0 return_oop=0}
                      ; - java.lang.ThreadLocal$ThreadLocalMap::getEntry@8 (line 434)
                      ; - java.lang.ThreadLocal::get@16 (line 165)
                      ; - org.gradle.internal.code.DefaultUserCodeApplicationContext$CurrentApplication$1::execute@10 (line 121)
                      ; - org.gradle.api.internal.DefaultCollectionCallbackActionDecorator$BuildOperationEmittingAction$1::run@11 (line 110)
                      ; - org.gradle.internal.operations.DefaultBuildOperationRunner$1::execute@2 (line 30)
                      ; - org.gradle.internal.operations.DefaultBuildOperationRunner$1::execute@6 (line 27)
  0x0000026911bfcad4: 289e 83fe | baf6 ffff | ff48 8b6c | 2420 4889 | 5c24 2044 | 8b54 2430 | 4489 5424 

  0x0000026911bfcaf0: ;   {runtime_call UncommonTrapBlob}
  0x0000026911bfcaf0: 2866 90e8 

  0x0000026911bfcaf4: ; ImmutableOopMap {rbp=Oop [32]=Oop [40]=NarrowOop [64]=Oop }
                      ;*arraylength {reexecute=0 rethrow=0 return_oop=0}
                      ; - java.lang.ThreadLocal$ThreadLocalMap::set@6 (line 481)
                      ; - java.lang.ThreadLocal::set@17 (line 222)
                      ; - org.gradle.internal.code.DefaultUserCodeApplicationContext$CurrentApplication$1::execute@31 (line 122)
                      ; - org.gradle.api.internal.DefaultCollectionCallbackActionDecorator$BuildOperationEmittingAction$1::run@11 (line 110)
                      ; - org.gradle.internal.operations.DefaultBuildOperationRunner$1::execute@2 (line 30)
                      ; - org.gradle.internal.operations.DefaultBuildOperationRunner$1::execute@6 (line 27)
  0x0000026911bfcaf4: 089e 83fe | baf6 ffff | ff48 8b6c 

  0x0000026911bfcb00: ;   {runtime_call UncommonTrapBlob}
  0x0000026911bfcb00: 2420 90e8 

  0x0000026911bfcb04: ; ImmutableOopMap {rbp=Oop }
                      ;*arraylength {reexecute=0 rethrow=0 return_oop=0}
                      ; - java.lang.ThreadLocal$ThreadLocalMap::set@6 (line 481)
                      ; - java.lang.ThreadLocal::set@17 (line 222)
                      ; - org.gradle.internal.code.DefaultUserCodeApplicationContext$CurrentApplication$1::execute@55 (line 126)
                      ; - org.gradle.api.internal.DefaultCollectionCallbackActionDecorator$BuildOperationEmittingAction$1::run@11 (line 110)
                      ; - org.gradle.internal.operations.DefaultBuildOperationRunner$1::execute@2 (line 30)
                      ; - org.gradle.internal.operations.DefaultBuildOperationRunner$1::execute@6 (line 27)
  0x0000026911bfcb04: f89d 83fe | baf6 ffff | ff48 8b6c | 2420 4c8b | 5424 284c | 8954 2420 | 448b 5424 | 3044 8954 
  0x0000026911bfcb24: ;   {runtime_call UncommonTrapBlob}
  0x0000026911bfcb24: 2428 90e8 

  0x0000026911bfcb28: ; ImmutableOopMap {rbp=Oop [32]=Oop [40]=NarrowOop [64]=Oop }
                      ;*arraylength {reexecute=0 rethrow=0 return_oop=0}
                      ; - java.lang.ThreadLocal$ThreadLocalMap::cleanSomeSlots@10 (line 667)
                      ; - java.lang.ThreadLocal$ThreadLocalMap::set@113 (line 500)
                      ; - java.lang.ThreadLocal::set@17 (line 222)
                      ; - org.gradle.internal.code.DefaultUserCodeApplicationContext$CurrentApplication$1::execute@31 (line 122)
                      ; - org.gradle.api.internal.DefaultCollectionCallbackActionDecorator$BuildOperationEmittingAction$1::run@11 (line 110)
                      ; - org.gradle.internal.operations.DefaultBuildOperationRunner$1::execute@2 (line 30)
                      ; - org.gradle.internal.operations.DefaultBuildOperationRunner$1::execute@6 (line 27)
  0x0000026911bfcb28: d49d 83fe | baf6 ffff | ff48 8b6c 

  0x0000026911bfcb34: ;   {runtime_call UncommonTrapBlob}
  0x0000026911bfcb34: 2420 90e8 

  0x0000026911bfcb38: ; ImmutableOopMap {rbp=Oop }
                      ;*arraylength {reexecute=0 rethrow=0 return_oop=0}
                      ; - java.lang.ThreadLocal$ThreadLocalMap::cleanSomeSlots@10 (line 667)
                      ; - java.lang.ThreadLocal$ThreadLocalMap::set@113 (line 500)
                      ; - java.lang.ThreadLocal::set@17 (line 222)
                      ; - org.gradle.internal.code.DefaultUserCodeApplicationContext$CurrentApplication$1::execute@55 (line 126)
                      ; - org.gradle.api.internal.DefaultCollectionCallbackActionDecorator$BuildOperationEmittingAction$1::run@11 (line 110)
                      ; - org.gradle.internal.operations.DefaultBuildOperationRunner$1::execute@2 (line 30)
                      ; - org.gradle.internal.operations.DefaultBuildOperationRunner$1::execute@6 (line 27)
  0x0000026911bfcb38: c49d 83fe | baf6 ffff | ff48 8b6c | 2420 4889 

  0x0000026911bfcb48: ;   {runtime_call UncommonTrapBlob}
  0x0000026911bfcb48: 5c24 20e8 

  0x0000026911bfcb4c: ; ImmutableOopMap {rbp=Oop [32]=Oop [48]=NarrowOop }
                      ;*arraylength {reexecute=0 rethrow=0 return_oop=0}
                      ; - java.lang.ThreadLocal$ThreadLocalMap::getEntryAfterMiss@8 (line 453)
                      ; - java.lang.ThreadLocal$ThreadLocalMap::getEntry@38 (line 439)
                      ; - java.lang.ThreadLocal::get@16 (line 165)
                      ; - org.gradle.internal.code.DefaultUserCodeApplicationContext$CurrentApplication$1::execute@10 (line 121)
                      ; - org.gradle.api.internal.DefaultCollectionCallbackActionDecorator$BuildOperationEmittingAction$1::run@11 (line 110)
                      ; - org.gradle.internal.operations.DefaultBuildOperationRunner$1::execute@2 (line 30)
                      ; - org.gradle.internal.operations.DefaultBuildOperationRunner$1::execute@6 (line 27)
  0x0000026911bfcb4c: b09d 83fe | baf6 ffff | ff48 8b6c | 2420 4889 

  0x0000026911bfcb5c: ;   {runtime_call UncommonTrapBlob}
  0x0000026911bfcb5c: 5c24 20e8 

  0x0000026911bfcb60: ; ImmutableOopMap {rbp=Oop [32]=Oop [48]=NarrowOop }
                      ;*arraylength {reexecute=0 rethrow=0 return_oop=0}
                      ; - java.lang.ThreadLocal$ThreadLocalMap::set@6 (line 481)
                      ; - java.lang.ThreadLocal::setInitialValue@22 (line 199)
                      ; - java.lang.ThreadLocal::get@34 (line 172)
                      ; - org.gradle.internal.code.DefaultUserCodeApplicationContext$CurrentApplication$1::execute@10 (line 121)
                      ; - org.gradle.api.internal.DefaultCollectionCallbackActionDecorator$BuildOperationEmittingAction$1::run@11 (line 110)
                      ; - org.gradle.internal.operations.DefaultBuildOperationRunner$1::execute@2 (line 30)
                      ; - org.gradle.internal.operations.DefaultBuildOperationRunner$1::execute@6 (line 27)
  0x0000026911bfcb60: 9c9d 83fe | baf6 ffff | ff48 8b6c | 2420 4889 

  0x0000026911bfcb70: ;   {runtime_call UncommonTrapBlob}
  0x0000026911bfcb70: 5c24 20e8 

  0x0000026911bfcb74: ; ImmutableOopMap {rbp=Oop [32]=Oop [48]=NarrowOop }
                      ;*arraylength {reexecute=0 rethrow=0 return_oop=0}
                      ; - java.lang.ThreadLocal$ThreadLocalMap::cleanSomeSlots@10 (line 667)
                      ; - java.lang.ThreadLocal$ThreadLocalMap::set@113 (line 500)
                      ; - java.lang.ThreadLocal::setInitialValue@22 (line 199)
                      ; - java.lang.ThreadLocal::get@34 (line 172)
                      ; - org.gradle.internal.code.DefaultUserCodeApplicationContext$CurrentApplication$1::execute@10 (line 121)
                      ; - org.gradle.api.internal.DefaultCollectionCallbackActionDecorator$BuildOperationEmittingAction$1::run@11 (line 110)
                      ; - org.gradle.internal.operations.DefaultBuildOperationRunner$1::execute@2 (line 30)
                      ; - org.gradle.internal.operations.DefaultBuildOperationRunner$1::execute@6 (line 27)
  0x0000026911bfcb74: 889d 83fe | baf6 ffff | ff48 8b6c | 2420 4889 | 5c24 2044 | 8b54 2430 | 4489 5424 | 2848 8974 
  0x0000026911bfcb94: 2430 4489 | 4424 2c4c | 896c 2438 

  0x0000026911bfcba0: ;   {runtime_call UncommonTrapBlob}
  0x0000026911bfcba0: 6666 90e8 

  0x0000026911bfcba4: ; ImmutableOopMap {rbp=Oop [32]=Oop [40]=NarrowOop [48]=Oop [56]=Oop }
                      ;*aastore {reexecute=1 rethrow=0 return_oop=0}
                      ; - (reexecute) java.lang.ThreadLocal$ThreadLocalMap::<init>@40 (line 389)
                      ; - java.lang.ThreadLocal::createMap@7 (line 265)
                      ; - java.lang.ThreadLocal::set@26 (line 224)
                      ; - org.gradle.internal.code.DefaultUserCodeApplicationContext$CurrentApplication$1::execute@31 (line 122)
                      ; - org.gradle.api.internal.DefaultCollectionCallbackActionDecorator$BuildOperationEmittingAction$1::run@11 (line 110)
                      ; - org.gradle.internal.operations.DefaultBuildOperationRunner$1::execute@2 (line 30)
                      ; - org.gradle.internal.operations.DefaultBuildOperationRunner$1::execute@6 (line 27)
  0x0000026911bfcba4: 589d 83fe | baf6 ffff | ff4c 8974 

  0x0000026911bfcbb0: ;   {runtime_call UncommonTrapBlob}
  0x0000026911bfcbb0: 2428 90e8 

  0x0000026911bfcbb4: ; ImmutableOopMap {[32]=Oop [40]=Oop }
                      ;*aastore {reexecute=1 rethrow=0 return_oop=0}
                      ; - (reexecute) java.lang.ThreadLocal$ThreadLocalMap::<init>@40 (line 389)
                      ; - java.lang.ThreadLocal::createMap@7 (line 265)
                      ; - java.lang.ThreadLocal::set@26 (line 224)
                      ; - org.gradle.internal.code.DefaultUserCodeApplicationContext$CurrentApplication$1::execute@55 (line 126)
                      ; - org.gradle.api.internal.DefaultCollectionCallbackActionDecorator$BuildOperationEmittingAction$1::run@11 (line 110)
                      ; - org.gradle.internal.operations.DefaultBuildOperationRunner$1::execute@2 (line 30)
                      ; - org.gradle.internal.operations.DefaultBuildOperationRunner$1::execute@6 (line 27)
  0x0000026911bfcbb4: 489d 83fe | baf6 ffff | ff48 8b6c | 2420 4889 | 5c24 2044 | 8b44 2430 | 4489 4424 | 2844 8954 
  0x0000026911bfcbd4: 242c 4c89 

  0x0000026911bfcbd8: ;   {runtime_call UncommonTrapBlob}
  0x0000026911bfcbd8: 4c24 30e8 

  0x0000026911bfcbdc: ; ImmutableOopMap {rbp=Oop [32]=Oop [40]=NarrowOop [48]=Oop }
                      ;*aastore {reexecute=1 rethrow=0 return_oop=0}
                      ; - (reexecute) java.lang.ThreadLocal$ThreadLocalMap::<init>@40 (line 389)
                      ; - java.lang.ThreadLocal::createMap@7 (line 265)
                      ; - java.lang.ThreadLocal::setInitialValue@31 (line 201)
                      ; - java.lang.ThreadLocal::get@34 (line 172)
                      ; - org.gradle.internal.code.DefaultUserCodeApplicationContext$CurrentApplication$1::execute@10 (line 121)
                      ; - org.gradle.api.internal.DefaultCollectionCallbackActionDecorator$BuildOperationEmittingAction$1::run@11 (line 110)
                      ; - org.gradle.internal.operations.DefaultBuildOperationRunner$1::execute@2 (line 30)
                      ; - org.gradle.internal.operations.DefaultBuildOperationRunner$1::execute@6 (line 27)
  0x0000026911bfcbdc: 209d 83fe | baf6 ffff | ff48 8b6c 

  0x0000026911bfcbe8: ;   {runtime_call UncommonTrapBlob}
  0x0000026911bfcbe8: 2420 90e8 

  0x0000026911bfcbec: ; ImmutableOopMap {rbp=Oop [40]=Oop [64]=Oop }
                      ;*getfield this$0 {reexecute=1 rethrow=0 return_oop=0}
                      ; - (reexecute) org.gradle.internal.code.DefaultUserCodeApplicationContext$CurrentApplication$1::execute@66 (line 126)
                      ; - org.gradle.api.internal.DefaultCollectionCallbackActionDecorator$BuildOperationEmittingAction$1::run@11 (line 110)
                      ; - org.gradle.internal.operations.DefaultBuildOperationRunner$1::execute@2 (line 30)
                      ; - org.gradle.internal.operations.DefaultBuildOperationRunner$1::execute@6 (line 27)
  0x0000026911bfcbec: 109d 83fe | baf6 ffff | ff48 8b6c 

  0x0000026911bfcbf8: ;   {runtime_call UncommonTrapBlob}
  0x0000026911bfcbf8: 2420 90e8 

  0x0000026911bfcbfc: ; ImmutableOopMap {rbp=Oop [40]=Oop [64]=Oop }
                      ;*getfield currentApplication {reexecute=1 rethrow=0 return_oop=0}
                      ; - (reexecute) org.gradle.internal.code.DefaultUserCodeApplicationContext::access$000@1 (line 25)
                      ; - org.gradle.internal.code.DefaultUserCodeApplicationContext$CurrentApplication$1::execute@69 (line 126)
                      ; - org.gradle.api.internal.DefaultCollectionCallbackActionDecorator$BuildOperationEmittingAction$1::run@11 (line 110)
                      ; - org.gradle.internal.operations.DefaultBuildOperationRunner$1::execute@2 (line 30)
                      ; - org.gradle.internal.operations.DefaultBuildOperationRunner$1::execute@6 (line 27)
  0x0000026911bfcbfc: 009d 83fe | e9a0 0000 | 00e9 9b00 | 0000 e996 | 0000 00e9 | 9100 0000 | e98c 0000 | 00e9 8700 
  0x0000026911bfcc1c: 0000 6690 | e980 0000 | 00e9 7b00 | 0000 e976 | 0000 00e9 | 7100 0000 | e96c 0000 | 00e9 6700 
  0x0000026911bfcc3c: 0000 6690 | e960 0000 | 00e9 5b00 | 0000 e956 | 0000 00e9 | 5100 0000 | e94c 0000 | 00e9 4700 
  0x0000026911bfcc5c: 0000 6690 | e940 0000 | 0048 8bd0 | eb3e eb39 | 4889 4424 | 2844 8b5d | 1045 8b53 | 140f 1f80 
  0x0000026911bfcc7c: 0000 0000 

  0x0000026911bfcc80: ; implicit exception: dispatches to 0x0000026911bfcbf0
  0x0000026911bfcc80: 458b 5a0c | 498b d348 | 8b6c 2420 | 4c8b 4424 | 4048 b8ff | ffff ffff 

  0x0000026911bfcc98: ;   {virtual_call}
  0x0000026911bfcc98: ffff ffe8 

  0x0000026911bfcc9c: ; ImmutableOopMap {rbp=Oop [40]=Oop }
                      ;*invokevirtual set {reexecute=0 rethrow=0 return_oop=0}
                      ; - org.gradle.internal.code.DefaultUserCodeApplicationContext$CurrentApplication$1::execute@73 (line 126)
                      ; - org.gradle.api.internal.DefaultCollectionCallbackActionDecorator$BuildOperationEmittingAction$1::run@11 (line 110)
                      ; - org.gradle.internal.operations.DefaultBuildOperationRunner$1::execute@2 (line 30)
                      ; - org.gradle.internal.operations.DefaultBuildOperationRunner$1::execute@6 (line 27)
  0x0000026911bfcc9c: e049 83fe | 488b 4424 | 2848 8bd0 | 4881 c4a0 | 0000 005d 

  0x0000026911bfccb0: ;   {runtime_call _rethrow_Java}
  0x0000026911bfccb0: e9cb f08d 

  0x0000026911bfccb4: ;   {internal_word}
  0x0000026911bfccb4: fe49 ba16 | a0bf 1169 | 0200 004d | 8997 6003 

  0x0000026911bfccc4: ;   {runtime_call SafepointBlob}
  0x0000026911bfccc4: 0000 e935 | ad83 fef4 | f4f4 f4f4 | f4f4 f4f4 | f4f4 f4f4 | f4f4 f4f4 | f4f4 f4f4 
[Stub Code]
  0x0000026911bfcce0: ;   {no_reloc}
  0x0000026911bfcce0: 48bb 0000 | 0000 0000 

  0x0000026911bfcce8: ;   {runtime_call}
  0x0000026911bfcce8: 0000 e9fb 

  0x0000026911bfccec: ;   {static_stub}
  0x0000026911bfccec: ffff ff48 | bb00 0000 | 0000 0000 

  0x0000026911bfccf8: ;   {runtime_call}
  0x0000026911bfccf8: 00e9 fbff 

  0x0000026911bfccfc: ;   {static_stub}
  0x0000026911bfccfc: ffff 48bb | 0000 0000 | 0000 0000 

  0x0000026911bfcd08: ;   {runtime_call}
  0x0000026911bfcd08: e9fb ffff 

  0x0000026911bfcd0c: ;   {static_stub}
  0x0000026911bfcd0c: ff48 bb00 | 0000 0000 

  0x0000026911bfcd14: ;   {runtime_call}
  0x0000026911bfcd14: 0000 00e9 | fbff ffff 

  0x0000026911bfcd1c: ;   {static_stub}
  0x0000026911bfcd1c: 48bb 0000 | 0000 0000 

  0x0000026911bfcd24: ;   {runtime_call}
  0x0000026911bfcd24: 0000 e9fb 

  0x0000026911bfcd28: ;   {static_stub}
  0x0000026911bfcd28: ffff ff48 | bb00 0000 | 0000 0000 

  0x0000026911bfcd34: ;   {runtime_call}
  0x0000026911bfcd34: 00e9 fbff 

  0x0000026911bfcd38: ;   {static_stub}
  0x0000026911bfcd38: ffff 48bb | 0000 0000 | 0000 0000 

  0x0000026911bfcd44: ;   {runtime_call}
  0x0000026911bfcd44: e9fb ffff 

  0x0000026911bfcd48: ;   {runtime_call ExceptionBlob}
  0x0000026911bfcd48: ffe9 3261 | 8dfe e800 | 0000 0048 | 832c 2405 

  0x0000026911bfcd58: ;   {runtime_call DeoptimizationBlob}
  0x0000026911bfcd58: e943 9f83 | fef4 f4f4 
[/MachCode]


Compiled method (c2) 4881912 31625       4       org.gradle.internal.operations.DefaultBuildOperationRunner::execute (147 bytes)
 total in heap  [0x0000026911e82210,0x0000026911e8dda8] = 48024
 relocation     [0x0000026911e82370,0x0000026911e82818] = 1192
 main code      [0x0000026911e82820,0x0000026911e89920] = 28928
 stub code      [0x0000026911e89920,0x0000026911e89b18] = 504
 oops           [0x0000026911e89b18,0x0000026911e89b88] = 112
 metadata       [0x0000026911e89b88,0x0000026911e89fe0] = 1112
 scopes data    [0x0000026911e89fe0,0x0000026911e8c648] = 9832
 scopes pcs     [0x0000026911e8c648,0x0000026911e8d588] = 3904
 dependencies   [0x0000026911e8d588,0x0000026911e8d620] = 152
 handler table  [0x0000026911e8d620,0x0000026911e8db60] = 1344
 nul chk table  [0x0000026911e8db60,0x0000026911e8dda8] = 584

[Constant Pool (empty)]

[MachCode]
[Entry Point]
  # {method} {0x00000269608d4aa0} 'execute' '(Lorg/gradle/internal/operations/BuildOperationDescriptor$Builder;Lorg/gradle/internal/operations/BuildOperationState;Lorg/gradle/internal/operations/DefaultBuildOperationRunner$BuildOperationExecution;)Ljava/lang/Object;' in 'org/gradle/internal/operations/DefaultBuildOperationRunner'
  # this:     rdx:rdx   = 'org/gradle/internal/operations/DefaultBuildOperationRunner'
  # parm0:    r8:r8     = 'org/gradle/internal/operations/BuildOperationDescriptor$Builder'
  # parm1:    r9:r9     = 'org/gradle/internal/operations/BuildOperationState'
  # parm2:    rdi:rdi   = 'org/gradle/internal/operations/DefaultBuildOperationRunner$BuildOperationExecution'
  #           [sp+0x100]  (sp of caller)
  0x0000026911e82820: 448b 5208 | 49bb 0000 | 001f 6902 | 0000 4d03 | d349 3bc2 

  0x0000026911e82834: ;   {runtime_call ic_miss_stub}
  0x0000026911e82834: 0f85 46e8 | 5afe 6690 | 0f1f 4000 
[Verified Entry Point]
  0x0000026911e82840: 8984 2400 | 90ff ff55 | 4881 ecf0 | 0000 0048 | 897c 2430 | 488b ea4c | 8944 2440 | 0f1f 4000 
  0x0000026911e82860: ; implicit exception: dispatches to 0x0000026911e88b9c
  0x0000026911e82860: 458b 5820 | 4585 db0f | 845f 2000 | 0045 8b43 

  0x0000026911e82870: ;   {metadata('org/gradle/internal/operations/BuildOperationState')}
  0x0000026911e82870: 0841 81f8 | 10d7 2601 | 0f85 b641 | 0000 4d8b | c34d 8b8f | 0801 0000 | 4d8b 9790 | 0200 004d 
  0x0000026911e82890: 8bd9 4983 | c318 4d8b | 124c 8994 | 2480 0000 | 004d 3b9f | 1801 0000 | 0f83 1b30 | 0000 4d89 
  0x0000026911e828b0: 9f08 0100 | 0041 0f0d | 8b00 0100 | 0049 c701 | 0100 0000 

  0x0000026911e828c4: ;   {metadata('org/gradle/internal/operations/OperationIdentifier')}
  0x0000026911e828c4: 41c7 4108 | 7882 2501 | 4589 610c | 4d89 6110 | 488b dd44 | 8b5b 100f | 1f44 0000 

  0x0000026911e828e0: ; implicit exception: dispatches to 0x0000026911e88bac
  0x0000026911e828e0: 418b 4b08 

  0x0000026911e828e4: ;   {metadata('org/gradle/internal/operations/DefaultBuildOperationIdFactory')}
  0x0000026911e828e4: 81f9 a835 | 1901 0f85 | 9c3b 0000 | 4d8b d345 | 8b52 0c45 | 85d2 660f | 1f44 0000 | 0f84 4d3b 
  0x0000026911e82904: 0000 41bb | 0100 0000 | f04d 0fc1 | 5a10 4d85 | db0f 84dd | 4600 004d | 8959 1090 | 4d85 c00f 
  0x0000026911e82924: 8474 2f00 | 0045 8b58 | 0c45 8b53 | 1049 8bea | 498b 8708 | 0100 004c | 8bd0 4983 | c230 4d3b 
  0x0000026911e82944: 9718 0100 | 000f 839e | 2f00 004d | 8997 0801 | 0000 410f | 0d8a 0001 | 0000 48c7 | 0001 0000 
  0x0000026911e82964: ;   {metadata('org/gradle/internal/operations/BuildOperationDescriptor')}
  0x0000026911e82964: 00c7 4008 | b8c8 2601 | 4489 600c | 4c89 6010 | 4c89 6018 | 4c89 6020 | 4c89 6028 | 4889 5c24 
  0x0000026911e82984: 204c 894c | 2448 4c89 | 4424 6848 | 8944 2470 | 4c8b 4424 | 4045 8b50 | 0c44 8954 | 2428 458b 
  0x0000026911e829a4: 5824 4489 | 5c24 2c45 | 8b50 2041 | 8b78 1c45 | 8b58 1841 | 8b58 1041 | 8b70 144c | 8b44 2448 
  0x0000026911e829c4: 4c8b ee4c | 8bf3 4d8b | cb4c 894c | 2450 4489 | 5c24 3c4c | 8bdf 4c89 | 5c24 5889 | 7c24 388b 
  0x0000026911e829e4: 7c24 2c48 | 897c 2460 | 4585 d20f | 85b2 2e00 | 0048 8bfd | 4489 4010 | 4c8b 5424 | 484d 8bda 
  0x0000026911e82a04: 4c8b d04d | 33da 488b | ef49 c1eb | 144d 85db | 741a 49c1 | ea09 48b9 | 0000 ab17 | 6902 0000 
  0x0000026911e82a24: 4903 ca80 | 3904 0f85 | dc21 0000 | 4180 7f38 | 000f 8599 | 1e00 004c | 8b54 2470 | 4189 7a14 
  0x0000026911e82a44: 4c8b dd4d | 33da 49c1 | eb14 4d85 | db74 1e85 | ff74 1a49 | c1ea 0948 | b900 00ab | 1769 0200 
  0x0000026911e82a64: 0049 03ca | 8039 040f | 859f 2400 | 0041 807f | 3800 0f85 | 431f 0000 | 4c8b 5424 | 7041 8972 
  0x0000026911e82a84: 1c4d 8bdd | 4d33 da49 | c1eb 144d | 85db 741e | 85f6 741a | 49c1 ea09 | 48b9 0000 | ab17 6902 
  0x0000026911e82aa4: 0000 4903 | ca80 3904 | 0f85 1524 | 0000 4180 | 7f38 000f | 853f 1f00 | 004c 8b54 | 2470 4189 
  0x0000026911e82ac4: 5a18 4d8b | d64c 8b5c | 2470 4d33 | d349 c1ea | 144d 85d2 | 741e 85db | 741a 49c1 | eb09 48b9 
  0x0000026911e82ae4: 0000 ab17 | 6902 0000 | 4903 cb80 | 3904 0f85 | 6f24 0000 | 0f1f 8400 | 0000 0000 | 4180 7f38 
  0x0000026911e82b04: 000f 857a | 1e00 004c | 8b54 2470 | 8b5c 243c | 4189 5a20 | 4c8b 5424 | 504c 8b5c | 2470 4d33 
  0x0000026911e82b24: d349 c1ea | 144d 85d2 | 741e 85db | 741a 49c1 | eb09 48b9 | 0000 ab17 | 6902 0000 | 4903 cb80 
  0x0000026911e82b44: 3904 0f85 | 6424 0000 | 4180 7f38 | 000f 85b8 | 1d00 004c | 8b54 2470 | 448b 4424 | 3845 8942 
  0x0000026911e82b64: 244c 8b54 | 2458 4c8b | 5c24 704d | 33d3 49c1 | ea14 4d85 | d274 240f | 1f44 0000 | 4585 c074 
  0x0000026911e82b84: 1a49 c1eb | 0948 b900 | 00ab 1769 | 0200 0049 | 03cb 8039 | 040f 85d1 | 2200 0090 | 4180 7f38 
  0x0000026911e82ba4: 000f 85a1 | 1d00 004c | 8b54 2470 | 8b5c 242c | 4189 5a28 | 4c8b 5424 | 604c 8b5c | 2470 4d33 
  0x0000026911e82bc4: d349 c1ea | 144d 85d2 | 741e 85db | 741a 49c1 | eb09 48b9 | 0000 ab17 | 6902 0000 | 4903 cb80 
  0x0000026911e82be4: 3904 0f85 | 3b22 0000 | 4c8b 5424 | 7044 8b44 | 2428 4589 | 420c 4c8b | 5424 6890 | 4d85 d274 
  0x0000026911e82c04: 1145 8b52 | 1845 8b5a | 0c45 85db | 0f84 2244 | 0000 498b | 8708 0100 | 004c 8bd0 | 4983 c220 
  0x0000026911e82c24: 4d3b 9718 | 0100 000f | 83e4 2c00 | 004d 8997 | 0801 0000 | 410f 0d8a | 0001 0000 | 48c7 0001 
  0x0000026911e82c44: ;   {metadata('org/gradle/internal/operations/BuildOperationState')}
  0x0000026911e82c44: 0000 00c7 | 4008 10d7 | 2601 4489 | 600c 4c89 | 6010 4c89 | 6018 4889 | 4424 784c | 8b74 2420 
  0x0000026911e82c64: 458b 560c 

  0x0000026911e82c68: ; implicit exception: dispatches to 0x0000026911e88bbc
  0x0000026911e82c68: 458b 4208 

  0x0000026911e82c6c: ;   {metadata('org/gradle/internal/time/MonotonicClock')}
  0x0000026911e82c6c: 4181 f818 | 0c01 010f | 8543 3800 | 0049 8bf2 | 448b 560c 

  0x0000026911e82c80: ; implicit exception: dispatches to 0x0000026911e88bcc
  0x0000026911e82c80: 458b 5a08 

  0x0000026911e82c84: ;   {metadata('org/gradle/internal/time/TimeSource$1')}
  0x0000026911e82c84: 4181 fb40 | 1001 010f | 8553 3800 | 0066 6666 | 0f1f 8400 | 0000 0000 | 6666 6690 | c5f8 7749 
  0x0000026911e82ca4: ba00 a4a9 | 57f8 7f00 | 0041 ffd2 | 4c8b c044 | 8b56 1c4d | 8b52 1044 | 8b4e 1890 

  0x0000026911e82cc0: ; implicit exception: dispatches to 0x0000026911e88bec
  0x0000026911e82cc0: 4d8b 6910 | 488b d849 

  0x0000026911e82cc8: ;   {oop(a 'java/util/concurrent/TimeUnit'{0x0000000080d67038})}
  0x0000026911e82cc8: 2bda 49bb | 3870 d680 | 0000 0000 | 4d8b 5b18 

  0x0000026911e82cd8: ;   {oop(a 'java/util/concurrent/TimeUnit'{0x0000000080d67038})}
  0x0000026911e82cd8: 49b9 3870 | d680 0000 | 0000 458b | 4914 4963 | c949 81fb | 4042 0f00 | 0f8f 1911 | 0000 6666 
  0x0000026911e82cf8: 0f1f 8400 | 0000 0000 | 4981 fb40 | 420f 0074 | 2b45 85c9 | 0f84 1a3e | 0000 488b | c348 ba00 
  0x0000026911e82d18: 0000 0000 | 0000 8048 | 3bc2 7508 | 33d2 4883 | f9ff 7405 | 4899 48f7 | f948 8bd8 | 4c8b 5e10 
  0x0000026911e82d38: 493b db0f | 1f44 0000 | 0f8d 4e26 | 0000 8b7e | 2085 ff0f | 84d5 2d00 | 0048 8b47 | 1049 03dd 
  0x0000026911e82d58: 483b d80f | 1f44 0000 | 0f8f 0e0f | 0000 48bf | 0000 ab17 | 6902 0000 | 488b d849 | 8bb7 0801 
  0x0000026911e82d78: 0000 4c8b | d649 83c2 | 104d 3b97 | 1801 0000 | 0f83 dc2b | 0000 4d89 | 9708 0100 | 0041 0f0d 
  0x0000026911e82d98: 8a00 0100 | 0048 c706 | 0100 0000 

  0x0000026911e82da4: ;   {metadata('java/util/concurrent/atomic/AtomicBoolean')}
  0x0000026911e82da4: c746 0828 | d306 0144 | 8966 0c41 | 807f 3800 | 0f85 c21c | 0000 4c8b | 5424 784d | 8bda 4c8b 
  0x0000026911e82dc4: 5424 704d | 8bea 4c8b | d64c 8b44 | 2478 4589 | 5018 4c8b | d64d 33d3 | 49c1 ea14 | 4d85 d274 
  0x0000026911e82de4: 1a49 c1eb | 0948 b900 | 00ab 1769 | 0200 0049 | 03cb 8039 | 040f 85b1 | 1e00 0090 | 4180 7f38 
  0x0000026911e82e04: 000f 8533 | 1c00 004c | 8b54 2478 | 4989 5a10 | 4589 6a0c | 4c8b 5424 | 704c 8b5c | 2478 4d33 
  0x0000026911e82e24: d349 c1ea | 144d 85d2 | 741b 49c1 | eb09 48b9 | 0000 ab17 | 6902 0000 | 4903 cb90 | 8039 040f 
  0x0000026911e82e44: 851e 1e00 | 0049 8b87 | 0801 0000 | 4c8b d049 | 83c2 1866 | 0f1f 8400 | 0000 0000 | 4d3b 9718 
  0x0000026911e82e64: 0100 000f | 83c0 2a00 | 004d 8997 | 0801 0000 | 410f 0d8a | 0001 0000 | 48c7 0001 

  0x0000026911e82e80: ;   {metadata('org/gradle/internal/operations/DefaultBuildOperationRunner$BuildOperationTrackingListener')}
  0x0000026911e82e80: 0000 00c7 | 4008 70d9 | 2601 4489 | 600c 4c89 | 6010 488b | d845 8b56 | 180f 1f80 | 0000 0000 
  0x0000026911e82ea0: ; implicit exception: dispatches to 0x0000026911e88bfc
  0x0000026911e82ea0: 458b 4208 | 418b 4e14 

  0x0000026911e82ea8: ;   {metadata('org/gradle/internal/service/scopes/WorkerSharedGlobalScopeServices$$Lambda$131+0x0000026920197060')}
  0x0000026911e82ea8: 4181 f860 | 7019 010f | 855b 3600 | 004d 8b87 | 0801 0000 | 498b d048 | 83c2 204d | 8bca 458b 
  0x0000026911e82ec8: 510c 458b | 5914 458b | 4910 488b | e966 6666 | 0f1f 8400 | 0000 0000 | 493b 9718 | 0100 000f 
  0x0000026911e82ee8: 83fb 2a00 | 0049 8997 | 0801 0000 | 0f0d 8a00 | 0100 0049 | c700 0100 

  0x0000026911e82f00: ;   {metadata('org/gradle/internal/operations/BuildOperationProgressEventListenerAdapter')}
  0x0000026911e82f00: 0000 41c7 | 4008 d8db | 2601 4d89 | 6018 4589 | 500c 4589 | 4810 4589 | 5814 894b | 0c4c 8bd5 
  0x0000026911e82f20: 488b eb4c | 8bdb 4d33 | d349 8bf0 | 49c1 ea14 | 4d85 d274 | 1e85 c974 | 1a49 c1eb | 0948 b900 
  0x0000026911e82f40: 00ab 1769 | 0200 0049 | 03cb 8039 | 040f 85b4 | 2000 0041 | 807f 3800 | 0f85 561b | 0000 8973 
  0x0000026911e82f60: 104d 8bd0 | 4c8b db4d | 33d3 49c1 | ea14 4d85 | d274 1a49 | c1eb 0948 | b900 00ab | 1769 0200 
  0x0000026911e82f80: 0049 03cb | 8039 040f | 857a 1d00 | 0049 8b87 | 0801 0000 | 4c8b d049 | 83c2 200f | 1f44 0000 
  0x0000026911e82fa0: 4d3b 9718 | 0100 000f | 83fc 2900 | 004d 8997 | 0801 0000 | 410f 0d8a | 0001 0000 | 48c7 0001 
  0x0000026911e82fc0: ;   {metadata('org/gradle/internal/operations/DefaultBuildOperationRunner$DefaultBuildOperationContext')}
  0x0000026911e82fc0: 0000 00c7 | 4008 40de | 2601 4489 | 600c 4c89 | 6010 4c89 | 6018 4c8b | d845 896b | 0c41 896b 
  0x0000026911e82fe0: 104c 8b44 | 2430 458b 

  0x0000026911e82fe8: ;   {metadata('org/gradle/internal/operations/DefaultBuildOperationRunner$2')}
  0x0000026911e82fe8: 5008 4181 | fae8 d226 | 010f 8539 | 2300 0049 | 8beb 4889 | 5c24 3848 | 897c 2428 | 4c89 4424 
  0x0000026911e83008: 3048 8bd3 | 4c8b 4424 | 704c 8b4c | 2478 6690 

  0x0000026911e83018: ;   {optimized virtual_call}
  0x0000026911e83018: c5f8 77e8 

  0x0000026911e8301c: ; ImmutableOopMap {rbp=Oop [48]=Oop [56]=Oop [104]=Oop [112]=Oop [120]=Oop [128]=Oop }
                      ;*invokeinterface start {reexecute=0 rethrow=0 return_oop=0}
                      ; - org.gradle.internal.operations.DefaultBuildOperationRunner$2::execute@4 (line 64)
                      ; - org.gradle.internal.operations.DefaultBuildOperationRunner$2::execute@8 (line 60)
                      ; - org.gradle.internal.operations.DefaultBuildOperationRunner::execute@141 (line 167)
  0x0000026911e8301c: 80c2 88ff | 4c8b 5c24 | 3045 8b53 | 1045 8b4b | 0c4d 8bc2 | 498b d14c | 8bcd c5f8 | 7748 b8a0 
  0x0000026911e8303c: 3630 7869 

  0x0000026911e83040: ;   {virtual_call}
  0x0000026911e83040: 0200 00e8 

  0x0000026911e83044: ; ImmutableOopMap {rbp=Oop [48]=Oop [56]=Oop [104]=Oop [112]=Oop [120]=Oop [128]=Oop }
                      ;*invokeinterface execute {reexecute=0 rethrow=0 return_oop=0}
                      ; - org.gradle.internal.operations.DefaultBuildOperationRunner$2::execute@22 (line 67)
                      ; - org.gradle.internal.operations.DefaultBuildOperationRunner$2::execute@8 (line 60)
                      ; - org.gradle.internal.operations.DefaultBuildOperationRunner::execute@141 (line 167)
  0x0000026911e83044: 48b4 65fe | 33c0 4c8b | cd4c 8b54 | 2438 458b | 4210 418b | 4808 660f | 1f44 0000 

  0x0000026911e83060: ;   {metadata('org/gradle/internal/operations/BuildOperationProgressEventListenerAdapter')}
  0x0000026911e83060: 81f9 d8db | 2601 0f85 | c434 0000 | 498b d88b | 4b1c 85c9 | 0f85 ed20 | 0000 8b4b | 1845 8b59 
  0x0000026911e83080: ;   {metadata('org/gradle/internal/operations/DefaultBuildOperationRunner$DefaultBuildOperationContext')}
  0x0000026911e83080: 0841 81fb | 40de 2601 | 0f85 e634 | 0000 458b | 591c 418b | 7914 4c8b | c74d 85c0 | 400f 95c7 
  0x0000026911e830a0: 400f b6ff 

  0x0000026911e830a4: ; implicit exception: dispatches to 0x0000026911e88c70
                      ;   {metadata('org/gradle/internal/logging/progress/DefaultProgressLoggerFactory$ProgressLoggerImpl')}
  0x0000026911e830a4: 8b51 0881 | fa28 f126 | 010f 8515 | 3500 0048 | 8bf1 448b | 4640 660f | 1f44 0000 

  0x0000026911e830c0: ;   {oop(a 'org/gradle/internal/logging/progress/DefaultProgressLoggerFactory$State'{0x00000000829b3ec0})}
  0x0000026911e830c0: 4181 f8c0 | 3e9b 820f | 848f 3f00 

  0x0000026911e830cc: ;   {oop(a 'org/gradle/internal/logging/progress/DefaultProgressLoggerFactory$State'{0x00000000829b3ea8})}
  0x0000026911e830cc: 0041 81f8 | a83e 9b82 | 0f84 ea3f | 0000 660f | 1f44 0000 | 4180 7f38 | 000f 8501 

  0x0000026911e830e8: ;   {oop(a 'org/gradle/internal/logging/progress/DefaultProgressLoggerFactory$State'{0x00000000829b3ea8})}
  0x0000026911e830e8: 1a00 00c7 | 4640 a83e | 9b82 4c8b 

  0x0000026911e830f4: ;   {oop(a 'org/gradle/internal/logging/progress/DefaultProgressLoggerFactory$State'{0x00000000829b3ea8})}
  0x0000026911e830f4: c648 b9a8 | 3e9b 8200 | 0000 0049 | 33c8 48c1 | e914 4885 | c974 1e49 | c1e8 0948 | b900 00ab 
  0x0000026911e83114: 1769 0200 | 0049 03c8 | 0f1f 4000 | 8039 040f | 8527 1c00 | 0044 8b46 | 4441 8b48 | 1844 8b46 
  0x0000026911e83134: 308b 5108 | 0f1f 8400 | 0000 0000 

  0x0000026911e83140: ;   {metadata('java/lang/ThreadLocal')}
  0x0000026911e83140: 81fa 6007 | 0900 0f85 | d834 0000 | 4489 8424 | a000 0000 | 4889 b424 | 9800 0000 | 89bc 2494 
  0x0000026911e83160: 0000 0044 | 899c 2490 | 0000 0048 | 895c 2458 | 4c89 8c24 | 8800 0000 | 4889 4424 | 404c 8954 
  0x0000026911e83180: 2438 4c8b | 9424 8000 | 0000 458b | 5244 4489 | 9424 a400 | 0000 4c8b | d141 8b6a | 0c4c 8994 
  0x0000026911e831a0: 24a8 0000 | 004d 8bd0 | 4c89 5424 | 484c 8b94 | 24a8 0000 | 0044 8954 | 2450 448b | 9c24 a400 
  0x0000026911e831c0: 0000 4585 | db0f 84ab | 1200 0045 | 8bd3 458b | 5a14 4489 | 9c24 b000 | 0000 660f | 1f44 0000 
  0x0000026911e831e0: ; implicit exception: dispatches to 0x0000026911e88fa0
  0x0000026911e831e0: 458b 530c | 4489 9424 | b400 0000 | 41ff ca44 | 23d5 4489 | 9424 b800 | 0000 448b | 9c24 b400 
  0x0000026911e83200: 0000 4585 | db0f 8639 | 3800 0044 | 8b84 24b0 | 0000 0047 | 8b54 9010 | 448b 9c24 | a400 0000 
  0x0000026911e83220: 4c89 5c24 | 6049 8be8 | 4585 d20f | 8493 0000 | 0049 8bda | 0f1f 8400 | 0000 0000 | 6666 6690 
  0x0000026911e83240: 448b 5b0c | 4d8b d34c | 8b9c 24a8 | 0000 004d | 3bd3 0f84 | 120b 0000 | 448b 530c | 0f1f 4000 
  0x0000026911e83260: 4585 d20f | 848c 3f00 | 0044 8b84 | 24b8 0000 | 0041 ffc0 | 0f1f 8400 | 0000 0000 | 6666 6690 
  0x0000026911e83280: 443b 8424 | b400 0000 | 0f8d 2915 | 0000 443b | 8424 b400 | 0000 0f83 | 4b3a 0000 | 448b 9424 
  0x0000026911e832a0: b000 0000 | 478b 5482 | 104d 8b9f 

  0x0000026911e832ac: ; ImmutableOopMap {r10=NarrowOop rbp=Oop [48]=Oop [56]=Oop [64]=Oop [72]=Oop [80]=NarrowOop [88]=Oop [96]=Oop [104]=Oop [112]=Oop [120]=Oop [128]=Oop [136]=Oop [144]=NarrowOop [152]=Oop [160]=NarrowOop [164]=NarrowOop [168]=Oop [176]=NarrowOop }
                      ;*goto {reexecute=1 rethrow=0 return_oop=0}
                      ; - (reexecute) java.lang.ThreadLocal$ThreadLocalMap::set@79 (line 486)
                      ; - java.lang.ThreadLocal::set@17 (line 222)
                      ; - org.gradle.internal.logging.progress.DefaultProgressLoggerFactory$ProgressLoggerImpl::completed@22 (line 250)
                      ; - org.gradle.internal.operations.BuildOperationProgressEventListenerAdapter::stop@42 (line 78)
                      ; - org.gradle.internal.operations.DefaultBuildOperationRunner$BuildOperationTrackingListener::stop@9 (line 249)
                      ; - org.gradle.internal.operations.DefaultBuildOperationRunner$2::execute@62 (line 74)
                      ; - org.gradle.internal.operations.DefaultBuildOperationRunner$2::execute@8 (line 60)
                      ; - org.gradle.internal.operations.DefaultBuildOperationRunner::execute@141 (line 167)
  0x0000026911e832ac: 5003 0000 

  0x0000026911e832b0: ;   {poll}
  0x0000026911e832b0: 4185 0345 | 85d2 0f85 | a001 0000 | 4489 8424 | b800 0000 | 498b 9f08 | 0100 004c | 8bd3 4983 
  0x0000026911e832d0: c220 6666 | 0f1f 8400 | 0000 0000 | 6666 6690 | 4d3b 9718 | 0100 000f | 8302 2800 | 004d 8997 
  0x0000026911e832f0: 0801 0000 | 410f 0d8a | 0001 0000 | 48c7 0301 

  0x0000026911e83300: ;   {metadata('java/lang/ThreadLocal$ThreadLocalMap$Entry')}
  0x0000026911e83300: 0000 00c7 | 4308 c098 | 0b00 4489 | 630c 4c89 | 6310 4c89 | 6318 448b | 5c24 5044 | 895b 0c90 
  0x0000026911e83320: 4180 7f38 | 000f 85b4 

  0x0000026911e83328: ;   {oop(a 'java/lang/ref/ReferenceQueue$Null'{0x000000008067fac0})}
  0x0000026911e83328: 1e00 00c7 | 4310 c0fa 

  0x0000026911e83330: ;   {oop(a 'java/lang/ref/ReferenceQueue$Null'{0x000000008067fac0})}
  0x0000026911e83330: 6780 49ba | c0fa 6780 | 0000 0000 | 4c8b db4d | 33d3 49c1 | ea14 4d85 | d274 1e49 | c1eb 0948 
  0x0000026911e83350: b900 00ab | 1769 0200 | 0049 03cb | 0f1f 4000 | 8039 040f | 85dc 1e00 | 00f0 8344 | 24c0 0041 
  0x0000026911e83370: 807f 3800 | 0f85 2d1e | 0000 448b | 9424 a000 | 0000 4489 | 531c 4c8b | 5424 484c | 8bdb 4d33 
  0x0000026911e83390: d349 c1ea | 144d 85d2 | 742c 448b | 8424 a000 | 0000 4585 | c074 1f49 | c1eb 0948 | b900 00ab 
  0x0000026911e833b0: 1769 0200 | 0049 03cb | 8039 040f | 1f44 0000 | 0f85 211f | 0000 448b | 9424 b800 | 0000 443b 
  0x0000026911e833d0: 9424 b400 | 0000 0f83 | b837 0000 | 448b 9c24 | b000 0000 | 4b8d 7c93 | 1041 807f | 3800 0f85 
  0x0000026911e833f0: 1e1e 0000 | 4c8b d74c | 8bc3 4489 | 074c 8bdb | 4d33 da49 | c1eb 144d | 85db 741d | 49c1 ea09 
  0x0000026911e83410: 48b9 0000 | ab17 6902 | 0000 4903 | ca66 6690 | 8039 040f | 8566 1e00 | 0044 8b9c | 24a4 0000 
  0x0000026911e83430: 0041 8b4b | 1445 8b53 | 0c41 ffc2 | 4589 530c | 4489 9424 | a000 0000 

  0x0000026911e83448: ; implicit exception: dispatches to 0x0000026911e88fbc
  0x0000026911e83448: 448b 590c | 4489 9c24 | a800 0000 | 488b e945 | 33c0 eb31 | 498b da44 | 8984 24b8 | 0000 00e9 
  0x0000026911e83468: d4fd ffff | 0f1f 4000 | 899c 24b8 | 0000 004d | 8b9f 5003 | 0000 41d1 

  0x0000026911e83480: ; ImmutableOopMap {rcx=NarrowOop rbp=Oop [48]=Oop [56]=Oop [64]=Oop [88]=Oop [96]=Oop [104]=Oop [112]=Oop [120]=Oop [128]=Oop [136]=Oop [144]=NarrowOop [152]=Oop [164]=NarrowOop }
                      ;*ifne {reexecute=1 rethrow=0 return_oop=0}
                      ; - (reexecute) java.lang.ThreadLocal$ThreadLocalMap::cleanSomeSlots@56 (line 676)
                      ; - java.lang.ThreadLocal$ThreadLocalMap::set@113 (line 500)
                      ; - java.lang.ThreadLocal::set@17 (line 222)
                      ; - org.gradle.internal.logging.progress.DefaultProgressLoggerFactory$ProgressLoggerImpl::completed@22 (line 250)
                      ; - org.gradle.internal.operations.BuildOperationProgressEventListenerAdapter::stop@42 (line 78)
                      ; - org.gradle.internal.operations.DefaultBuildOperationRunner$BuildOperationTrackingListener::stop@9 (line 249)
                      ; - org.gradle.internal.operations.DefaultBuildOperationRunner$2::execute@62 (line 74)
                      ; - org.gradle.internal.operations.DefaultBuildOperationRunner$2::execute@8 (line 60)
                      ; - org.gradle.internal.operations.DefaultBuildOperationRunner::execute@141 (line 167)
                      ;   {poll}
  0x0000026911e83480: ea41 8503 | 4585 d20f | 844b 0000 | 008b 9c24 | b800 0000 | ffc3 6666 | 0f1f 8400 | 0000 0000 
  0x0000026911e834a0: 3b9c 24a8 | 0000 000f | 8dc2 0f00 | 003b 9c24 | a800 0000 | 0f83 f62c | 0000 448b | 5c99 1090 
  0x0000026911e834c0: 4585 db74 | ab45 3b63 | 0c0f 8479 | 2300 0089 | 9c24 b800 | 0000 eb9f | 4585 c075 | 1d44 8b94 
  0x0000026911e834e0: 24a4 0000 | 0045 8b5a | 1044 8b84 | 24a0 0000 | 0045 3bc3 | 0f8d 8b23 | 0000 4c8b | 8424 8000 
  0x0000026911e83500: 0000 498b | 8708 0100 | 004c 8bac | 2498 0000 | 0045 8b75 | 1c4c 8bd0 | 4983 c220 | 0f1f 4000 
  0x0000026911e83520: 4d3b 9718 | 0100 000f | 8338 2500 | 004d 8997 | 0801 0000 | 410f 0d8a | 0001 0000 | 48c7 0001 
  0x0000026911e83540: ;   {metadata('org/gradle/internal/logging/events/ProgressCompleteEvent')}
  0x0000026911e83540: 0000 00c7 | 4008 5808 | 0d01 4489 | 600c 4c89 | 6010 4c89 | 6018 458b | 5520 660f | 1f44 0000 
  0x0000026911e83560: ; implicit exception: dispatches to 0x0000026911e88cd8
  0x0000026911e83560: 458b 5a08 | 4889 8424 | 9800 0000 | 4c89 4424 | 2041 8b75 | 1466 6666 | 0f1f 8400 | 0000 0000 
  0x0000026911e83580: ;   {metadata('org/gradle/internal/time/MonotonicClock')}
  0x0000026911e83580: 4181 fb18 | 0c01 010f | 8503 3100 | 0049 8bda | 448b 4b0c 

  0x0000026911e83594: ; implicit exception: dispatches to 0x0000026911e88cf4
  0x0000026911e83594: 458b 5908 | 0f1f 8400 | 0000 0000 

  0x0000026911e835a0: ;   {metadata('org/gradle/internal/time/TimeSource$1')}
  0x0000026911e835a0: 4181 fb40 | 1001 010f | 8587 3100 | 00c5 f877 | 49ba 00a4 | a957 f87f | 0000 41ff | d24c 8bc8 
  0x0000026911e835c0: 448b 5b1c 

  0x0000026911e835c4: ; implicit exception: dispatches to 0x0000026911e88d10
  0x0000026911e835c4: 498b 4b10 | 448b 5318 

  0x0000026911e835cc: ; implicit exception: dispatches to 0x0000026911e88d2c
  0x0000026911e835cc: 4d8b 5210 | 4c89 9424 | b800 0000 | 4c8b d04c | 2bd1 c4c1 

  0x0000026911e835e0: ;   {oop(a 'java/util/concurrent/TimeUnit'{0x0000000080d67038})}
  0x0000026911e835e0: f96e c249 | ba38 70d6 | 8000 0000 | 0045 8b5a | 144d 8b42 | 184d 63d3 | 0f1f 8400 | 0000 0000 
  0x0000026911e83600: 4981 f840 | 420f 000f | 8f31 0800 | 0049 81f8 | 4042 0f00 | 742f 4585 | db0f 841d | 3500 00c4 
  0x0000026911e83620: e1f9 7ec0 | 48ba 0000 | 0000 0000 | 0080 483b | c275 0833 | d249 83fa | ff74 0548 | 9949 f7fa 
  0x0000026911e83640: c4e1 f96e | c04c 8b53 | 1048 8bee | c4c1 f97e | c34d 3bda | 0f8d e51d | 0000 8b7b | 2066 6690 
  0x0000026911e83660: 85ff 0f84 | d424 0000 | 488b 4710 | c4c1 f97e | c24c 0394 | 24b8 0000 | 004c 8954 | 2448 6690 
  0x0000026911e83680: 4c3b d00f | 8f47 0600 | 0048 8944 | 2448 448b | 9424 9000 | 0000 4585 | d274 074d | 8bea 6690 
  0x0000026911e836a0: ;   {oop(""{0x00000000806675f0})}
  0x0000026911e836a0: eb0a 49bd | f075 6680 | 0000 0000 | 4180 7f38 | 000f 85a8 | 1400 004c | 8b94 2498 | 0000 0041 
  0x0000026911e836c0: 8972 1c49 | 8bfd 4c8b | d54c 8b9c | 2498 0000 | 004d 33d3 | 49c1 ea14 | 4d85 d274 | 2166 6690 
  0x0000026911e836e0: 85f6 741a | 49c1 eb09 | 48b9 0000 | ab17 6902 | 0000 4903 | cb80 3904 | 0f85 7b19 | 0000 6690 
  0x0000026911e83700: 4180 7f38 | 000f 8514 | 1400 0048 | 8b9c 2498 | 0000 0089 | 7b18 4c8b | 5424 484c | 8953 104d 
  0x0000026911e83720: 8bd5 4c8b | db4d 33d3 | 49c1 ea14 | 4d85 d274 | 1a49 c1eb | 0948 b900 | 00ab 1769 | 0200 0049 
  0x0000026911e83740: 03cb 8039 | 040f 857e | 1600 0044 | 8b9c 2494 | 0000 0044 | 885b 0c45 | 8b5e 080f | 1f44 0000 
  0x0000026911e83760: ;   {metadata('org/gradle/internal/logging/services/ProgressLoggingBridge')}
  0x0000026911e83760: 4181 fb20 | 3c19 010f | 8573 3000 | 004d 8bd6 | 458b 520c 

  0x0000026911e83774: ; implicit exception: dispatches to 0x0000026911e88d74
  0x0000026911e83774: 458b 5a08 | 0f1f 8400 | 0000 0000 

  0x0000026911e83780: ;   {metadata('org/gradle/internal/logging/sink/OutputEventListenerManager$1')}
  0x0000026911e83780: 4181 fb00 | 8003 010f | 85b7 3000 | 0049 8bea | 448b 5d0c 

  0x0000026911e83794: ; implicit exception: dispatches to 0x0000026911e88da0
  0x0000026911e83794: 458b 5b0c | 0f1f 8400 | 0000 0000 

  0x0000026911e837a0: ; implicit exception: dispatches to 0x0000026911e88dbc
  0x0000026911e837a0: 458b 5308 

  0x0000026911e837a4: ;   {metadata('org/gradle/internal/logging/sink/OutputEventRenderer')}
  0x0000026911e837a4: 4181 fa68 | 2701 010f | 85f7 3000 | 004d 8bc3 | 458b 5810 | 0f1f 8400 | 0000 0000 

  0x0000026911e837c0: ; implicit exception: dispatches to 0x0000026911e88de8
  0x0000026911e837c0: 458b 530c 

  0x0000026911e837c4: ; implicit exception: dispatches to 0x0000026911e88e04
  0x0000026911e837c4: 458b 5a08 

  0x0000026911e837c8: ;   {metadata('org/gradle/api/logging/LogLevel')}
  0x0000026911e837c8: 4181 fb00 | 0001 010f | 85e6 5100 | 0041 bb02 | 0000 0045 | 2b5a 0c90 | 4585 db0f | 8c43 3900 
  0x0000026911e837e8: 0045 8b58 | 2045 85db | 0f84 6a2c | 0000 4889 | 9c24 8000 | 0000 498b | d34c 8bc3 | 4c8b 5424 
  0x0000026911e83808: 784c 8954 | 2460 6690 

  0x0000026911e83810: ;   {optimized virtual_call}
  0x0000026911e83810: c5f8 77e8 

  0x0000026911e83814: ; ImmutableOopMap {rbp=Oop [32]=Oop [48]=Oop [56]=Oop [64]=Oop [88]=Oop [96]=Oop [104]=Oop [112]=Oop [120]=Oop [128]=Oop [136]=Oop }
                      ;*invokevirtual onOutput {reexecute=0 rethrow=0 return_oop=0}
                      ; - org.gradle.internal.logging.sink.OutputEventRenderer::onOutput@78 (line 435)
                      ; - org.gradle.internal.logging.sink.OutputEventListenerManager$1::onOutput@8 (line 36)
                      ; - org.gradle.internal.logging.services.ProgressLoggingBridge::completed@5 (line 34)
                      ; - org.gradle.internal.logging.progress.DefaultProgressLoggerFactory$ProgressLoggerImpl::completed@55 (line 251)
                      ; - org.gradle.internal.operations.BuildOperationProgressEventListenerAdapter::stop@42 (line 78)
                      ; - org.gradle.internal.operations.DefaultBuildOperationRunner$BuildOperationTrackingListener::stop@9 (line 249)
                      ; - org.gradle.internal.operations.DefaultBuildOperationRunner$2::execute@62 (line 74)
                      ; - org.gradle.internal.operations.DefaultBuildOperationRunner$2::execute@8 (line 60)
                      ; - org.gradle.internal.operations.DefaultBuildOperationRunner::execute@141 (line 167)
  0x0000026911e83814: 6848 2300 | 448b 550c | 0f1f 4000 

  0x0000026911e83820: ; implicit exception: dispatches to 0x0000026911e88e60
  0x0000026911e83820: 458b 5a10 | 4585 db74 | 1145 8b53 

  0x0000026911e8382c: ;   {metadata('org/gradle/internal/operations/logging/LoggingBuildOperationProgressBroadcaster')}
  0x0000026911e8382c: 0841 81fa | 08b2 1801 | 0f85 9e32 | 0000 498b | 8708 0100 | 004c 8b5c | 2458 418b | 730c 4c8b 
  0x0000026911e8384c: d049 83c2 | 284d 3b97 | 1801 0000 | 0f83 3822 | 0000 4d89 | 9708 0100 | 0041 0f0d | 8a00 0100 
  0x0000026911e8386c: 0048 c700 | 0100 0000 

  0x0000026911e83874: ;   {metadata('org/gradle/internal/operations/OperationFinishEvent')}
  0x0000026911e83874: c740 0880 | 5136 0144 | 8960 0c4c | 8960 104c | 8960 184c | 8960 2045 | 8b5b 1445 | 8b53 084c 
  0x0000026911e83894: 8b44 2478 | 498b 7810 | 0f1f 4000 

  0x0000026911e838a0: ;   {metadata('org/gradle/internal/time/MonotonicClock')}
  0x0000026911e838a0: 4181 fa18 | 0c01 010f | 8557 3000 | 0049 8bdb | 448b 530c 

  0x0000026911e838b4: ; implicit exception: dispatches to 0x0000026911e88e98
  0x0000026911e838b4: 458b 4208 | 0f1f 8400 | 0000 0000 

  0x0000026911e838c0: ;   {metadata('org/gradle/internal/time/TimeSource$1')}
  0x0000026911e838c0: 4181 f840 | 1001 010f | 859b 3000 | 004c 8be8 | 448b f666 | 0f1f 8400 | 0000 0000 | 6666 6690 
  0x0000026911e838e0: c5f8 7749 | ba00 a4a9 | 57f8 7f00 | 0041 ffd2 | 4c8b c844 | 8b5b 1c49 | 8b4b 1044 | 8b53 1890 
  0x0000026911e83900: ; implicit exception: dispatches to 0x0000026911e88ed0
  0x0000026911e83900: 4d8b 5210 | 4c89 9424 | a000 0000 | 4c8b c04c 

  0x0000026911e83910: ;   {oop(a 'java/util/concurrent/TimeUnit'{0x0000000080d67038})}
  0x0000026911e83910: 2bc1 49ba | 3870 d680 | 0000 0000 | 458b 5214 

  0x0000026911e83920: ;   {oop(a 'java/util/concurrent/TimeUnit'{0x0000000080d67038})}
  0x0000026911e83920: 49bb 3870 | d680 0000 | 0000 4d8b | 5b18 4963 | f249 81fb | 4042 0f00 | 0f8f 3905 | 0000 6690 
  0x0000026911e83940: 4981 fb40 | 420f 0074 | 2b45 85d2 | 0f84 1632 | 0000 498b | c048 ba00 | 0000 0000 | 0000 8048 
  0x0000026911e83960: 3bc2 7508 | 33d2 4883 | feff 7405 | 4899 48f7 | fe4c 8bc0 | 4c8b 5310 | 4d3b c20f | 1f44 0000 
  0x0000026911e83980: 0f8d 551b | 0000 8b73 | 2085 f60f | 84d5 2100 | 0048 8b46 | 104d 8bd8 | 4c03 9c24 | a000 0000 
  0x0000026911e839a0: 4c3b d80f | 8f77 0300 | 004c 8bd8 | 4180 7f38 | 000f 851b | 1200 0049 | 8bdd 4c89 | 5b18 4889 
  0x0000026911e839c0: 7b10 4c8b | 9424 8800 | 0000 458b | 4214 4489 | 430c 418b | 7a18 4c8b | d348 8bf7 | 4d8b d84d 
  0x0000026911e839e0: 33da 49c1 | eb14 4d85 | db74 1f45 | 85c0 741a | 49c1 ea09 | 48b9 0000 | ab17 6902 | 0000 4903 
  0x0000026911e83a00: ca80 3904 | 0f85 bd16 | 0000 4180 | 7f38 000f | 858a 1100 | 0089 7b20 | 4c8b d64c | 8bdb 4d33 
  0x0000026911e83a20: d349 c1ea | 144d 85d2 | 741f 85ff | 741b 49c1 | eb09 48b9 | 0000 ab17 | 6902 0000 | 4903 cb90 
  0x0000026911e83a40: 8039 040f | 85c7 1600 | 0041 8bfe 

  0x0000026911e83a4c: ; implicit exception: dispatches to 0x0000026911e88eec
  0x0000026911e83a4c: 448b 5708 

  0x0000026911e83a50: ;   {metadata('org/gradle/internal/operations/DefaultBuildOperationListenerManager$1')}
  0x0000026911e83a50: 4181 fa48 | da18 010f | 8577 2f00 | 004c 8bd7 | 458b 5a0c 

  0x0000026911e83a64: ; implicit exception: dispatches to 0x0000026911e88f18
  0x0000026911e83a64: 458b 530c 

  0x0000026911e83a68: ; implicit exception: dispatches to 0x0000026911e88f34
  0x0000026911e83a68: 458b 5a08 

  0x0000026911e83a6c: ;   {metadata('java/util/ArrayList')}
  0x0000026911e83a6c: 4181 fb20 | df00 000f | 858b 2f00 | 004d 8bc2 | 458b 5010 | 458b da41 | ffcb 4585 | db0f 8c1f 
  0x0000026911e83a8c: 0100 0045 | 85db 7f5a | ba6e ffff | ff48 8b6c | 2430 4c8b | 5424 384c | 8954 2430 | 4c8b 5424 
  0x0000026911e83aac: 404c 8954 | 2438 4c8b | 5424 684c | 8954 2448 | 4889 5c24 | 584c 8944 | 2460 4489 | 5c24 6c90 
  0x0000026911e83acc: ;   {runtime_call UncommonTrapBlob}
  0x0000026911e83acc: c5f8 77e8 

  0x0000026911e83ad0: ; ImmutableOopMap {rbp=Oop [48]=Oop [56]=Oop [72]=Oop [88]=Oop [96]=Oop [112]=Oop [120]=Oop }
                      ;*iflt {reexecute=1 rethrow=0 return_oop=0}
                      ; - (reexecute) org.gradle.internal.operations.DefaultBuildOperationListenerManager$1::finished@20 (line 59)
                      ; - org.gradle.internal.operations.BuildOperationProgressEventListenerAdapter::stop@86 (line 79)
                      ; - org.gradle.internal.operations.DefaultBuildOperationRunner$BuildOperationTrackingListener::stop@9 (line 249)
                      ; - org.gradle.internal.operations.DefaultBuildOperationRunner$2::execute@62 (line 74)
                      ; - org.gradle.internal.operations.DefaultBuildOperationRunner$2::execute@8 (line 60)
                      ; - org.gradle.internal.operations.DefaultBuildOperationRunner::execute@141 (line 167)
  0x0000026911e83ad0: 2c2e 5bfe | 0f1f 8400 | 0000 0000 | 6666 6690 | 4c8b 4424 | 5045 8b50 | 1048 8b5c | 2448 4585 
  0x0000026911e83af0: d20f 8c55 | 2800 0045 | 3bda 660f | 1f44 0000 | 0f83 7f27 | 0000 458b | 5014 458b | cb41 8b4a 
  0x0000026911e83b10: 0c44 3bc9 | 0f83 d227 | 0000 478b | 548a 1090 

  0x0000026911e83b20: ; implicit exception: dispatches to 0x0000026911e88b30
  0x0000026911e83b20: 418b 4a08 

  0x0000026911e83b24: ;   {metadata('org/gradle/internal/operations/DefaultBuildOperationListenerManager$ProgressShieldingBuildOperationListener')}
  0x0000026911e83b24: 81f9 183b | 2401 0f85 | 484f 0000 | 488b 7c24 | 708b 7710 | 498b ea8b | 4d0c 6690 

  0x0000026911e83b40: ; implicit exception: dispatches to 0x0000026911e88b70
  0x0000026911e83b40: 448b 5108 

  0x0000026911e83b44: ;   {metadata('java/util/concurrent/ConcurrentHashMap')}
  0x0000026911e83b44: 4181 fa48 | e400 000f | 8563 2800 | 0044 894c | 245c 4489 | 5c24 584c | 8944 2450 | 4889 5c24 
  0x0000026911e83b64: 4848 8bd1 | 4c8b c645 | 33c9 33ff 

  0x0000026911e83b70: ;   {optimized virtual_call}
  0x0000026911e83b70: c5f8 77e8 

  0x0000026911e83b74: ; ImmutableOopMap {rbp=Oop [32]=Oop [48]=Oop [56]=Oop [64]=Oop [72]=Oop [80]=Oop [104]=Oop [112]=Oop [120]=Oop }
                      ;*invokevirtual replaceNode {reexecute=0 rethrow=0 return_oop=1}
                      ; - java.util.concurrent.ConcurrentHashMap::remove@4 (line 1102)
                      ; - org.gradle.internal.operations.DefaultBuildOperationListenerManager$ProgressShieldingBuildOperationListener::finished@8 (line 126)
                      ; - org.gradle.internal.operations.DefaultBuildOperationListenerManager$1::finished@36 (line 60)
                      ; - org.gradle.internal.operations.BuildOperationProgressEventListenerAdapter::stop@86 (line 79)
                      ; - org.gradle.internal.operations.DefaultBuildOperationRunner$BuildOperationTrackingListener::stop@9 (line 249)
                      ; - org.gradle.internal.operations.DefaultBuildOperationRunner$2::execute@62 (line 74)
                      ; - org.gradle.internal.operations.DefaultBuildOperationRunner$2::execute@8 (line 60)
                      ; - org.gradle.internal.operations.DefaultBuildOperationRunner::execute@141 (line 167)
  0x0000026911e83b74: 0888 6dff | 448b 5510 | 498b d24c | 8b44 2470 | 4c8b 4c24 | 4890 c5f8 | 7748 b860 | cdb2 6769 
  0x0000026911e83b94: ;   {virtual_call}
  0x0000026911e83b94: 0200 00e8 

  0x0000026911e83b98: ; ImmutableOopMap {[32]=Oop [48]=Oop [56]=Oop [64]=Oop [72]=Oop [80]=Oop [104]=Oop [112]=Oop [120]=Oop }
                      ;*invokeinterface finished {reexecute=0 rethrow=0 return_oop=0}
                      ; - org.gradle.internal.operations.DefaultBuildOperationListenerManager$ProgressShieldingBuildOperationListener::finished@20 (line 127)
                      ; - org.gradle.internal.operations.DefaultBuildOperationListenerManager$1::finished@36 (line 60)
                      ; - org.gradle.internal.operations.BuildOperationProgressEventListenerAdapter::stop@86 (line 79)
                      ; - org.gradle.internal.operations.DefaultBuildOperationRunner$BuildOperationTrackingListener::stop@9 (line 249)
                      ; - org.gradle.internal.operations.DefaultBuildOperationRunner$2::execute@62 (line 74)
                      ; - org.gradle.internal.operations.DefaultBuildOperationRunner$2::execute@8 (line 60)
                      ; - org.gradle.internal.operations.DefaultBuildOperationRunner::execute@141 (line 167)
  0x0000026911e83b98: 04aa 65fe | 448b 5c24 | 5841 ffcb | 4183 fbff | 0f8f 32ff 

  0x0000026911e83bac: ;   {oop(a 'org/gradle/internal/logging/slf4j/OutputEventListenerBackedLogger'{0x00000000828c0ea8})}
  0x0000026911e83bac: ffff 49ba | a80e 8c82 | 0000 0000 | 458b 5210 | 0f1f 4000 

  0x0000026911e83bc0: ; implicit exception: dispatches to 0x0000026911e88f50
  0x0000026911e83bc0: 458b 5a10 

  0x0000026911e83bc4: ; implicit exception: dispatches to 0x0000026911e88f6c
  0x0000026911e83bc4: 458b 5b0c | 4c8b 5424 | 7041 8b6a | 1845 8b53 | 0866 6666 | 0f1f 8400 | 0000 0000 

  0x0000026911e83be0: ;   {metadata('org/gradle/api/logging/LogLevel')}
  0x0000026911e83be0: 4181 fa00 | 0001 010f | 8533 4e00 | 004d 8bd3 | 4533 c045 | 2b42 0c45 | 85c0 660f | 1f44 0000 
  0x0000026911e83c00: 0f8d a302 

  0x0000026911e83c04: ;   {oop("Parent operation (%2$s) completed before this operation (%1$s)."{0x0000000082997ac8})}
  0x0000026911e83c04: 0000 48ba | c87a 9982 | 0000 0000 | 4c8b 4424 | 704c 8b4c | 2468 6690 

  0x0000026911e83c1c: ;   {static_call}
  0x0000026911e83c1c: c5f8 77e8 

  0x0000026911e83c20: ; ImmutableOopMap {[48]=Oop [56]=Oop [64]=Oop [112]=Oop [120]=Oop }
                      ;*invokestatic access$400 {reexecute=0 rethrow=0 return_oop=0}
                      ; - org.gradle.internal.operations.DefaultBuildOperationRunner$BuildOperationTrackingListener::stop@32 (line 251)
                      ; - org.gradle.internal.operations.DefaultBuildOperationRunner$2::execute@62 (line 74)
                      ; - org.gradle.internal.operations.DefaultBuildOperationRunner$2::execute@8 (line 60)
                      ; - org.gradle.internal.operations.DefaultBuildOperationRunner::execute@141 (line 167)
  0x0000026911e83c20: 7caf 5eff | 4c8b 5424 | 404d 85d2 | 0f85 4219 | 0000 4c8b | 5424 3045 | 8b52 1049 | 8bea 488b 
  0x0000026911e83c40: 5424 384c | 8b44 2470 | 4c8b 4c24 | 7866 6690 

  0x0000026911e83c50: ;   {optimized virtual_call}
  0x0000026911e83c50: c5f8 77e8 

  0x0000026911e83c54: ; ImmutableOopMap {rbp=Oop }
                      ;*invokeinterface close {reexecute=0 rethrow=0 return_oop=0}
                      ; - org.gradle.internal.operations.DefaultBuildOperationRunner$2::execute@88 (line 80)
                      ; - org.gradle.internal.operations.DefaultBuildOperationRunner$2::execute@8 (line 60)
                      ; - org.gradle.internal.operations.DefaultBuildOperationRunner::execute@141 (line 167)
  0x0000026911e83c54: 48a2 8aff | 488b c5c5 | f877 4881 | c4f0 0000 

  0x0000026911e83c64: ;   {poll_return}
  0x0000026911e83c64: 005d 493b | a748 0300 | 000f 8794 | 5c00 00c3 | 48bf 0000 | ab17 6902 | 0000 6690 | 448b 5e20 
  0x0000026911e83c84: 4585 db0f | 84bc 3900 | 00f0 490f | b15b 1041 | 0f94 c345 | 0fb6 db0f | 1f44 0000 | 4585 db0f 
  0x0000026911e83ca4: 85ca f0ff | ff49 8b87 | 5003 0000 | 4c8b 4c24 

  0x0000026911e83cb4: ; ImmutableOopMap {r9=Oop rsi=Oop r14=Oop [48]=Oop [104]=Oop [112]=Oop [120]=Oop [128]=Oop }
                      ;*goto {reexecute=1 rethrow=0 return_oop=0}
                      ; - (reexecute) org.gradle.internal.time.MonotonicClock::advance@30 (line 117)
                      ; - org.gradle.internal.time.MonotonicClock::getCurrentTime@66 (line 86)
                      ; - org.gradle.internal.operations.DefaultBuildOperationRunner::execute@84 (line 164)
                      ;   {poll}
  0x0000026911e83cb4: 7885 0044 | 8b5e 200f | 1f44 0000 

  0x0000026911e83cc0: ; implicit exception: dispatches to 0x0000026911e89415
  0x0000026911e83cc0: 498b 4310 | 483b d87f | b7e9 a2f0 | ffff 6690 | 448b 5b20 | 4585 db0f | 8483 3900 | 004c 8b54 
  0x0000026911e83ce0: 2448 f04d | 0fb1 5310 | 410f 94c3 | 450f b6db | 4585 db0f | 8595 f9ff | ff4d 8b97 

  0x0000026911e83cfc: ; ImmutableOopMap {rbx=Oop rsi=NarrowOop rbp=Oop r13=Oop r14=NarrowOop [32]=Oop [48]=Oop [56]=Oop [64]=Oop [88]=Oop [104]=Oop [112]=Oop [120]=Oop [136]=Oop [144]=NarrowOop [152]=Oop }
                      ;*goto {reexecute=1 rethrow=0 return_oop=0}
                      ; - (reexecute) org.gradle.internal.time.MonotonicClock::advance@30 (line 117)
                      ; - org.gradle.internal.time.MonotonicClock::getCurrentTime@66 (line 86)
                      ; - org.gradle.internal.logging.progress.DefaultProgressLoggerFactory$ProgressLoggerImpl::completed@41 (line 251)
                      ; - org.gradle.internal.operations.BuildOperationProgressEventListenerAdapter::stop@42 (line 78)
                      ; - org.gradle.internal.operations.DefaultBuildOperationRunner$BuildOperationTrackingListener::stop@9 (line 249)
                      ; - org.gradle.internal.operations.DefaultBuildOperationRunner$2::execute@62 (line 74)
                      ; - org.gradle.internal.operations.DefaultBuildOperationRunner$2::execute@8 (line 60)
                      ; - org.gradle.internal.operations.DefaultBuildOperationRunner::execute@141 (line 167)
  0x0000026911e83cfc: 5003 0000 

  0x0000026911e83d00: ;   {poll}
  0x0000026911e83d00: 4185 0244 | 8b53 204d | 8b52 1049 | 8bc2 4c8b | 5424 484c | 3bd0 7fb8 | e96c f9ff | ff66 6690 
  0x0000026911e83d20: 448b 5320 | 4585 d20f | 845f 3900 | 00f0 4d0f | b15a 1041 | 0f94 c245 | 0fb6 d20f | 1f44 0000 
  0x0000026911e83d40: 4585 d20f | 8563 fcff | ff4d 8b87 

  0x0000026911e83d4c: ; ImmutableOopMap {rbx=Oop r13=Oop r14=NarrowOop [32]=Oop [48]=Oop [56]=Oop [64]=Oop [104]=Oop [112]=Oop [120]=Oop [136]=Oop }
                      ;*goto {reexecute=1 rethrow=0 return_oop=0}
                      ; - (reexecute) org.gradle.internal.time.MonotonicClock::advance@30 (line 117)
                      ; - org.gradle.internal.time.MonotonicClock::getCurrentTime@66 (line 86)
                      ; - org.gradle.internal.operations.BuildOperationProgressEventListenerAdapter::stop@64 (line 79)
                      ; - org.gradle.internal.operations.DefaultBuildOperationRunner$BuildOperationTrackingListener::stop@9 (line 249)
                      ; - org.gradle.internal.operations.DefaultBuildOperationRunner$2::execute@62 (line 74)
                      ; - org.gradle.internal.operations.DefaultBuildOperationRunner$2::execute@8 (line 60)
                      ; - org.gradle.internal.operations.DefaultBuildOperationRunner::execute@141 (line 167)
  0x0000026911e83d4c: 5003 0000 

  0x0000026911e83d50: ;   {poll}
  0x0000026911e83d50: 4185 0044 | 8b53 2049 | 8b42 100f | 1f44 0000 | 4c3b d87f | bbe9 3ffc | ffff 4180 | 7f38 000f 
  0x0000026911e83d70: 8547 1d00 | 0044 8b84 | 24a0 0000 | 0044 8943 | 1c4c 8b54 | 2448 4c8b | db4d 33d3 | 49c1 ea14 
  0x0000026911e83d90: 4d85 d20f | 8461 f7ff | ff45 85c0 | 0f1f 4000 | 0f84 54f7 | ffff 49c1 | eb09 48b9 | 0000 ab17 
  0x0000026911e83db0: 6902 0000 | 4903 cb80 | 3904 660f | 1f44 0000 | 0f84 34f7 | ffff 4d8b | 5740 4d8b | 5f50 f083 
  0x0000026911e83dd0: 4424 c000 | 8039 000f | 841d f7ff | ff44 8821 | 4d85 d275 | 1849 8bd7 | c5f8 7749 | ba30 ce6e 
  0x0000026911e83df0: 57f8 7f00 | 0041 ffd2 | e9fd f6ff | ff4b 894c | 13f8 4983 | c2f8 4d89 | 5740 e9eb 

  0x0000026911e83e0c: ;   {oop(a 'java/util/concurrent/TimeUnit'{0x0000000080d67038})}
  0x0000026911e83e0c: f6ff ff49 | bb38 70d6 | 8000 0000 | 004d 8b5b | 3066 6690 | 493b db0f | 8fe0 3800 | 0049 f7db 
  0x0000026911e83e2c: 493b db0f | 8c3f 3900 | 0048 0faf | d9e9 f6ee 

  0x0000026911e83e3c: ;   {oop(a 'java/util/concurrent/TimeUnit'{0x0000000080d67038})}
  0x0000026911e83e3c: ffff 49bb | 3870 d680 | 0000 0000 | 4d8b 4330 | c4c1 f97e | c34d 3bd8 | 0f8f 7a39 | 0000 49f7 
  0x0000026911e83e5c: d866 6690 | 4d3b d80f | 8c2b 3a00 | 004d 0faf | dac4 c1f9 | 6ec3 e9ce 

  0x0000026911e83e74: ;   {oop(a 'java/util/concurrent/TimeUnit'{0x0000000080d67038})}
  0x0000026911e83e74: f7ff ff49 | ba38 70d6 | 8000 0000 | 004d 8b5a | 304d 3bc3 | 0f8f be3a | 0000 49f7 | db4d 3bc3 
  0x0000026911e83e94: 0f8c 4a3b | 0000 4d8b | d04c 0faf | d64d 8bc2 | e9cb faff | ff85 ed0f | 84c3 3b00 | 0049 8b87 
  0x0000026911e83eb4: 0801 0000 | 4c8b d049 | 83c2 1890 | 4d3b 9718 | 0100 000f | 8343 2500 | 004d 8997 | 0801 0000 
  0x0000026911e83ed4: 410f 0d8a | 0001 0000 | 48c7 0001 

  0x0000026911e83ee0: ;   {metadata('java/lang/StringBuilder')}
  0x0000026911e83ee0: 0000 00c7 | 4008 f0f4 | 0000 4489 | 600c 4c89 | 6010 48ff | 7424 7048 | 8f44 2448 | 4c8b d04c 
  0x0000026911e83f00: 8954 2460 | 41b8 5100 | 0000 498b | d266 6690 

  0x0000026911e83f10: ;   {optimized virtual_call}
  0x0000026911e83f10: c5f8 77e8 

  0x0000026911e83f14: ; ImmutableOopMap {rbp=NarrowOop [32]=Oop [48]=Oop [56]=Oop [64]=Oop [72]=Oop [96]=Oop [104]=Oop [120]=Oop }
                      ;*invokespecial <init> {reexecute=0 rethrow=0 return_oop=0}
                      ; - java.lang.StringBuilder::<init>@2 (line 119)
                      ; - org.slf4j.helpers.MessageFormatter::arrayFormat@41 (line 177)
                      ; - org.slf4j.helpers.MessageFormatter::arrayFormat@19 (line 161)
                      ; - org.gradle.internal.logging.slf4j.BuildOperationAwareLogger::log@3 (line 153)
                      ; - org.gradle.internal.logging.slf4j.BuildOperationAwareLogger::log@13 (line 145)
                      ; - org.gradle.internal.logging.slf4j.BuildOperationAwareLogger::debug@14 (line 168)
                      ; - org.gradle.internal.logging.slf4j.OutputEventListenerBackedLogger::debug@3 (line 25)
                      ; - org.gradle.internal.operations.DefaultBuildOperationRunner$BuildOperationTrackingListener::stop@23 (line 250)
                      ; - org.gradle.internal.operations.DefaultBuildOperationRunner$2::execute@62 (line 74)
                      ; - org.gradle.internal.operations.DefaultBuildOperationRunner$2::execute@8 (line 60)
                      ; - org.gradle.internal.operations.DefaultBuildOperationRunner::execute@141 (line 167)
  0x0000026911e83f14: 68d4 5afe 

  0x0000026911e83f18: ;   {oop([B{0x0000000080f29c80})}
  0x0000026911e83f18: 48be 809c | f280 0000 | 0000 4883 

  0x0000026911e83f24: ;   {oop([B{0x0000000082997b48})}
  0x0000026911e83f24: c610 49b9 | 487b 9982 | 0000 0000 

  0x0000026911e83f30: ;   {oop([B{0x0000000082997b48})}
  0x0000026911e83f30: 48bf 487b | 9982 0000 | 0000 4883 | c710 ba1f | 0000 0048 | 8bcc 0fb7 | 1ec5 f96e | c383 fa10 
  0x0000026911e83f50: 7327 8bdf | 81e3 ff0f | 0000 81fb | f00f 0000 | 7617 4883 | ec10 8bc2 | 0fb6 5c07 | ff88 5c04 
  0x0000026911e83f70: ff48 ffc8 | 75f2 488b | fcb8 0200 | 0000 5148 | 8bdf c4e3 | 7961 030c | 721e 83ea | 107e 1f3b 
  0x0000026911e83f90: d078 1b48 | 83c3 1083 | fa10 7de6 | 488d 5c13 | f0ba 1000 | 0000 ebda | 2bd1 3bd0 | 7d0a bbff 
  0x0000026911e83fb0: ffff ffe9 | 0c00 0000 | 488d 1c0b | 83f9 0e7f | d648 2bdf | 5c83 fbff | 0f84 bb3d | 0000 85db 
  0x0000026911e83fd0: 7428 448b | d341 ffca | 0f1f 8400 | 0000 0000 | 4183 fa1f | 0f83 ba3d | 0000 450f | b654 190f 
  0x0000026911e83ff0: 4183 fa5c | 0f84 d63d | 0000 895c | 2458 488b 

  0x0000026911e84000: ;   {oop("Completing Build operation '{}'"{0x0000000082997b30})}
  0x0000026911e84000: 5424 6049 | b830 7b99 | 8200 0000 | 0045 33c9 | 8bfb 6690 

  0x0000026911e84014: ;   {optimized virtual_call}
  0x0000026911e84014: c5f8 77e8 

  0x0000026911e84018: ; ImmutableOopMap {rbp=NarrowOop [32]=Oop [48]=Oop [56]=Oop [64]=Oop [72]=Oop [96]=Oop [104]=Oop [120]=Oop }
                      ;*invokespecial append {reexecute=0 rethrow=0 return_oop=1}
                      ; - java.lang.StringBuilder::append@4 (line 218)
                      ; - org.slf4j.helpers.MessageFormatter::arrayFormat@204 (line 210)
                      ; - org.slf4j.helpers.MessageFormatter::arrayFormat@19 (line 161)
                      ; - org.gradle.internal.logging.slf4j.BuildOperationAwareLogger::log@3 (line 153)
                      ; - org.gradle.internal.logging.slf4j.BuildOperationAwareLogger::log@13 (line 145)
                      ; - org.gradle.internal.logging.slf4j.BuildOperationAwareLogger::debug@14 (line 168)
                      ; - org.gradle.internal.logging.slf4j.OutputEventListenerBackedLogger::debug@3 (line 25)
                      ; - org.gradle.internal.operations.DefaultBuildOperationRunner$BuildOperationTrackingListener::stop@23 (line 250)
                      ; - org.gradle.internal.operations.DefaultBuildOperationRunner$2::execute@62 (line 74)
                      ; - org.gradle.internal.operations.DefaultBuildOperationRunner$2::execute@8 (line 60)
                      ; - org.gradle.internal.operations.DefaultBuildOperationRunner::execute@141 (line 167)
  0x0000026911e84018: 64d3 5afe | 488b d590 

  0x0000026911e84020: ;   {optimized virtual_call}
  0x0000026911e84020: c5f8 77e8 

  0x0000026911e84024: ; ImmutableOopMap {rbp=NarrowOop [32]=Oop [48]=Oop [56]=Oop [64]=Oop [72]=Oop [96]=Oop [104]=Oop [120]=Oop }
                      ;*invokevirtual toString {reexecute=0 rethrow=0 return_oop=1}
                      ; - org.slf4j.helpers.MessageFormatter::safeObjectAppend@1 (line 277)
                      ; - org.slf4j.helpers.MessageFormatter::deeplyAppendParameter@24 (line 249)
                      ; - org.slf4j.helpers.MessageFormatter::arrayFormat@221 (line 211)
                      ; - org.slf4j.helpers.MessageFormatter::arrayFormat@19 (line 161)
                      ; - org.gradle.internal.logging.slf4j.BuildOperationAwareLogger::log@3 (line 153)
                      ; - org.gradle.internal.logging.slf4j.BuildOperationAwareLogger::log@13 (line 145)
                      ; - org.gradle.internal.logging.slf4j.BuildOperationAwareLogger::debug@14 (line 168)
                      ; - org.gradle.internal.logging.slf4j.OutputEventListenerBackedLogger::debug@3 (line 25)
                      ; - org.gradle.internal.operations.DefaultBuildOperationRunner$BuildOperationTrackingListener::stop@23 (line 250)
                      ; - org.gradle.internal.operations.DefaultBuildOperationRunner$2::execute@62 (line 74)
                      ; - org.gradle.internal.operations.DefaultBuildOperationRunner$2::execute@8 (line 60)
                      ; - org.gradle.internal.operations.DefaultBuildOperationRunner::execute@141 (line 167)
  0x0000026911e84024: 58d3 5afe | 488b 5424 | 604c 8bc0 

  0x0000026911e84030: ;   {optimized virtual_call}
  0x0000026911e84030: c5f8 77e8 

  0x0000026911e84034: ; ImmutableOopMap {rbp=NarrowOop [32]=Oop [48]=Oop [56]=Oop [64]=Oop [72]=Oop [96]=Oop [104]=Oop [120]=Oop }
                      ;*invokespecial append {reexecute=0 rethrow=0 return_oop=1}
                      ; - java.lang.StringBuilder::append@2 (line 179)
                      ; - org.slf4j.helpers.MessageFormatter::safeObjectAppend@7 (line 278)
                      ; - org.slf4j.helpers.MessageFormatter::deeplyAppendParameter@24 (line 249)
                      ; - org.slf4j.helpers.MessageFormatter::arrayFormat@221 (line 211)
                      ; - org.slf4j.helpers.MessageFormatter::arrayFormat@19 (line 161)
                      ; - org.gradle.internal.logging.slf4j.BuildOperationAwareLogger::log@3 (line 153)
                      ; - org.gradle.internal.logging.slf4j.BuildOperationAwareLogger::log@13 (line 145)
                      ; - org.gradle.internal.logging.slf4j.BuildOperationAwareLogger::debug@14 (line 168)
                      ; - org.gradle.internal.logging.slf4j.OutputEventListenerBackedLogger::debug@3 (line 25)
                      ; - org.gradle.internal.operations.DefaultBuildOperationRunner$BuildOperationTrackingListener::stop@23 (line 250)
                      ; - org.gradle.internal.operations.DefaultBuildOperationRunner$2::execute@62 (line 74)
                      ; - org.gradle.internal.operations.DefaultBuildOperationRunner$2::execute@8 (line 60)
                      ; - org.gradle.internal.operations.DefaultBuildOperationRunner::execute@141 (line 167)
  0x0000026911e84034: 48d3 5afe | 448b 4c24 | 5841 83c1 | 0248 8b54 

  0x0000026911e84044: ;   {oop("Completing Build operation '{}'"{0x0000000082997b30})}
  0x0000026911e84044: 2460 49b8 | 307b 9982 | 0000 0000 | bf1f 0000 | 0066 6690 

  0x0000026911e84058: ;   {optimized virtual_call}
  0x0000026911e84058: c5f8 77e8 

  0x0000026911e8405c: ; ImmutableOopMap {rbp=NarrowOop [32]=Oop [48]=Oop [56]=Oop [64]=Oop [72]=Oop [96]=Oop [104]=Oop [120]=Oop }
                      ;*invokespecial append {reexecute=0 rethrow=0 return_oop=1}
                      ; - java.lang.StringBuilder::append@4 (line 218)
                      ; - org.slf4j.helpers.MessageFormatter::arrayFormat@243 (line 217)
                      ; - org.slf4j.helpers.MessageFormatter::arrayFormat@19 (line 161)
                      ; - org.gradle.internal.logging.slf4j.BuildOperationAwareLogger::log@3 (line 153)
                      ; - org.gradle.internal.logging.slf4j.BuildOperationAwareLogger::log@13 (line 145)
                      ; - org.gradle.internal.logging.slf4j.BuildOperationAwareLogger::debug@14 (line 168)
                      ; - org.gradle.internal.logging.slf4j.OutputEventListenerBackedLogger::debug@3 (line 25)
                      ; - org.gradle.internal.operations.DefaultBuildOperationRunner$BuildOperationTrackingListener::stop@23 (line 250)
                      ; - org.gradle.internal.operations.DefaultBuildOperationRunner$2::execute@62 (line 74)
                      ; - org.gradle.internal.operations.DefaultBuildOperationRunner$2::execute@8 (line 60)
                      ; - org.gradle.internal.operations.DefaultBuildOperationRunner::execute@141 (line 167)
  0x0000026911e8405c: 20d3 5afe | 488b 5424 | 6066 6690 

  0x0000026911e84068: ;   {optimized virtual_call}
  0x0000026911e84068: c5f8 77e8 

  0x0000026911e8406c: ; ImmutableOopMap {rbp=NarrowOop [32]=Oop [48]=Oop [56]=Oop [64]=Oop [72]=Oop [96]=Oop [104]=Oop [120]=Oop }
                      ;*invokevirtual isLatin1 {reexecute=0 rethrow=0 return_oop=0}
                      ; - java.lang.StringBuilder::toString@1 (line 453)
                      ; - org.slf4j.helpers.MessageFormatter::arrayFormat@253 (line 218)
                      ; - org.slf4j.helpers.MessageFormatter::arrayFormat@19 (line 161)
                      ; - org.gradle.internal.logging.slf4j.BuildOperationAwareLogger::log@3 (line 153)
                      ; - org.gradle.internal.logging.slf4j.BuildOperationAwareLogger::log@13 (line 145)
                      ; - org.gradle.internal.logging.slf4j.BuildOperationAwareLogger::debug@14 (line 168)
                      ; - org.gradle.internal.logging.slf4j.OutputEventListenerBackedLogger::debug@3 (line 25)
                      ; - org.gradle.internal.operations.DefaultBuildOperationRunner$BuildOperationTrackingListener::stop@23 (line 250)
                      ; - org.gradle.internal.operations.DefaultBuildOperationRunner$2::execute@62 (line 74)
                      ; - org.gradle.internal.operations.DefaultBuildOperationRunner$2::execute@8 (line 60)
                      ; - org.gradle.internal.operations.DefaultBuildOperationRunner::execute@141 (line 167)
  0x0000026911e8406c: 10d3 5afe | 4c8b 5424 | 6045 8b4a | 0c45 8b5a | 1449 8bd3 | 85c0 0f84 | 942b 0000 | 4533 c090 
  0x0000026911e8408c: ;   {static_call}
  0x0000026911e8408c: c5f8 77e8 

  0x0000026911e84090: ; ImmutableOopMap {rbp=NarrowOop [32]=Oop [48]=Oop [56]=Oop [64]=Oop [72]=Oop [104]=Oop [120]=Oop }
                      ;*invokestatic newString {reexecute=0 rethrow=0 return_oop=1}
                      ; - java.lang.StringBuilder::toString@16 (line 453)
                      ; - org.slf4j.helpers.MessageFormatter::arrayFormat@253 (line 218)
                      ; - org.slf4j.helpers.MessageFormatter::arrayFormat@19 (line 161)
                      ; - org.gradle.internal.logging.slf4j.BuildOperationAwareLogger::log@3 (line 153)
                      ; - org.gradle.internal.logging.slf4j.BuildOperationAwareLogger::log@13 (line 145)
                      ; - org.gradle.internal.logging.slf4j.BuildOperationAwareLogger::debug@14 (line 168)
                      ; - org.gradle.internal.logging.slf4j.OutputEventListenerBackedLogger::debug@3 (line 25)
                      ; - org.gradle.internal.operations.DefaultBuildOperationRunner$BuildOperationTrackingListener::stop@23 (line 250)
                      ; - org.gradle.internal.operations.DefaultBuildOperationRunner$2::execute@62 (line 74)
                      ; - org.gradle.internal.operations.DefaultBuildOperationRunner$2::execute@8 (line 60)
                      ; - org.gradle.internal.operations.DefaultBuildOperationRunner::execute@141 (line 167)
  0x0000026911e84090: ecd8 5afe | 4889 8424 | a800 0000 

  0x0000026911e8409c: ;   {oop(a 'org/gradle/internal/operations/CurrentBuildOperationRef'{0x0000000080c4ecc0})}
  0x0000026911e8409c: 49ba c0ec | c480 0000 | 0000 458b | 5a0c 418b | 5b08 4c8b | 4c24 2045 | 8b41 4449 | 8bfb 660f 
  0x0000026911e840bc: 1f44 0000 | 4585 c00f | 8425 1500 | 0041 8b48 | 1444 8b51 | 0c48 897c | 2460 4489 | 4424 5c89 
  0x0000026911e840dc: 5c24 5044 | 895c 2458 | 458b da41 | ffcb 448b | 4424 5845 | 2358 0c45 | 85d2 0f86 | 703a 0000 
  0x0000026911e840fc: 468b 5499 | 1045 85d2 | 0f84 d114 | 0000 458b | 4a0c 498b | ca45 3bc8 | 0f85 f306 | 0000 448b 
  0x0000026911e8411c: 591c 6690 | 4585 db0f | 8486 1600 | 0045 8b53 

  0x0000026911e8412c: ;   {metadata('org/gradle/internal/operations/BuildOperationState')}
  0x0000026911e8412c: 0841 81fa | 10d7 2601 | 0f85 8249 | 0000 4d8b | c345 8b58 

  0x0000026911e84140: ;   {metadata('org/gradle/internal/operations/BuildOperationState')}
  0x0000026911e84140: 0841 81fb | 10d7 2601 | 0f85 623a | 0000 458b | 580c 458b | 5310 4d8b | 8708 0100 | 004d 8bd8 
  0x0000026911e84160: 4983 c328 | 4d3b 9f18 | 0100 000f | 83c0 2200 | 004d 899f | 0801 0000 | 410f 0d8b | 0001 0000 
  0x0000026911e84180: 49c7 0001 

  0x0000026911e84184: ;   {metadata('org/gradle/internal/logging/events/LogEvent')}
  0x0000026911e84184: 0000 0041 | c740 0838 | 9801 0145 | 8960 0c4d | 8960 104d | 8960 184d 

  0x0000026911e8419c: ;   {oop(a 'org/gradle/internal/logging/slf4j/OutputEventListenerBackedLogger'{0x00000000828c0ea8})}
  0x0000026911e8419c: 8960 2049 | bba8 0e8c | 8200 0000 | 0045 8b5b | 1445 8b4b 

  0x0000026911e841b0: ;   {metadata('org/gradle/internal/time/MonotonicClock')}
  0x0000026911e841b0: 0841 81f9 | 180c 0101 | 0f85 ce38 | 0000 498b | db44 8b5b | 0c41 8b4b 

  0x0000026911e841c8: ;   {metadata('org/gradle/internal/time/TimeSource$1')}
  0x0000026911e841c8: 0881 f940 | 1001 010f | 8503 3900 | 004d 8be8 | 498b fa0f | 1f44 0000 | c5f8 7749 | ba00 a4a9 
  0x0000026911e841e8: 57f8 7f00 | 0041 ffd2 | 4c8b c844 | 8b5b 1c4d | 8b53 1049 | 8bca 448b | 5318 4d8b | 5210 4d8b 
  0x0000026911e84208: f24c 8bd0 | 4c2b d14d 

  0x0000026911e84210: ;   {oop(a 'java/util/concurrent/TimeUnit'{0x0000000080d67038})}
  0x0000026911e84210: 8bc2 49ba | 3870 d680 | 0000 0000 | 458b 5a14 | 4d8b 5218 | 4963 f349 | 81fa 4042 | 0f00 0f8f 
  0x0000026911e84230: 3111 0000 | 0f1f 8400 | 0000 0000 | 6666 6690 | 4981 fa40 | 420f 0074 | 2b45 85db | 0f84 9639 
  0x0000026911e84250: 0000 498b | c048 ba00 | 0000 0000 | 0000 8048 | 3bc2 7508 | 33d2 4883 | feff 7405 | 4899 48f7 
  0x0000026911e84270: fe4c 8bc0 | 4d8b d84c | 8b53 100f | 1f44 0000 | 4d3b da0f | 8d5e 1c00 | 008b 7320 | 85f6 0f84 
  0x0000026911e84290: a929 0000 | 4c8b 5610 | 4d03 de0f | 1f44 0000 | 4d3b da0f | 8f31 0500 | 0041 807f | 3800 0f85 
  0x0000026911e842b0: 911a 0000 | 498b dd4c 

  0x0000026911e842b8: ;   {oop(a 'org/gradle/internal/logging/slf4j/OutputEventListenerBackedLogger'{0x00000000828c0ea8})}
  0x0000026911e842b8: 8953 1049 | baa8 0e8c | 8200 0000 | 0045 8b42 | 0c44 8943 | 0c4c 8bd3 | 4d8b c84c | 8bdf 498b 
  0x0000026911e842d8: f34d 33ca | 4c8b b424 | a800 0000 | 498b fe49 

  0x0000026911e842e8: ;   {oop(a 'org/gradle/api/logging/LogLevel'{0x0000000080b933b8})}
  0x0000026911e842e8: c1e9 1449 | bdb8 33b9 | 8000 0000 | 004d 85c9 | 7425 660f | 1f44 0000 | 4585 c074 | 1a49 c1ea 
  0x0000026911e84308: 0948 b900 | 00ab 1769 | 0200 0049 | 03ca 8039 | 040f 8508 | 1b00 0090 | 4180 7f38 | 000f 85b1 
  0x0000026911e84328: ;   {oop(a 'org/gradle/api/logging/LogLevel'{0x0000000080b933b8})}
  0x0000026911e84328: 1900 00c7 | 4318 b833 | b980 4d8b | d54c 8bc3 | 4d33 d049 | c1ea 1490 | 4d85 d274 | 1a49 c1e8 
  0x0000026911e84348: 0948 b900 | 00ab 1769 | 0200 0049 | 03c8 8039 | 040f 8520 | 1a00 0090 | 4180 7f38 | 000f 85a4 
  0x0000026911e84368: 1900 0089 | 731c 4d8b | d34c 8bc3 | 4d33 d049 | c1ea 140f | 1f44 0000 | 4d85 d274 | 244d 85db 
  0x0000026911e84388: 741f 49c1 | e809 48b9 | 0000 ab17 | 6902 0000 | 4903 c80f | 1f44 0000 | 8039 040f | 852e 1a00 
  0x0000026911e843a8: 0041 807f | 3800 0f85 | f118 0000 | 897b 204d | 8bd6 4c8b | db4d 33d3 | 49c1 ea14 | 4d85 d274 
  0x0000026911e843c8: 214d 85f6 | 741c 49c1 | eb09 4c8b | 4424 284d | 03c3 660f | 1f44 0000 | 4180 3804 | 0f85 a51a 
  0x0000026911e843e8: 0000 4180 | 7f38 000f | 857b 1800 | 0044 8963 

  0x0000026911e843f8: ;   {oop(a 'org/gradle/internal/logging/slf4j/OutputEventListenerBackedLogger'{0x00000000828c0ea8})}
  0x0000026911e843f8: 2449 baa8 | 0e8c 8200 | 0000 0045 | 8b52 1045 | 8b5a 1445 | 8b5b 0c45 | 8b53 0866 | 0f1f 8400 
  0x0000026911e84418: 0000 0000 | 6666 6690 

  0x0000026911e84420: ;   {metadata('org/gradle/internal/logging/sink/OutputEventListenerManager$1')}
  0x0000026911e84420: 4181 fa00 | 8003 010f | 850f 4600 | 0049 8bd3 | 448b 5a08 | 0f1f 8400 | 0000 0000 | 6666 6690 
  0x0000026911e84440: ;   {metadata('org/gradle/internal/logging/sink/OutputEventListenerManager$1')}
  0x0000026911e84440: 4181 fb00 | 8003 010f | 85e3 3600 | 004c 8bc3 | 488b 6c24 | 3066 6690 

  0x0000026911e84458: ;   {optimized virtual_call}
  0x0000026911e84458: c5f8 77e8 

  0x0000026911e8445c: ; ImmutableOopMap {rbp=Oop [48]=Oop [56]=Oop [64]=Oop [72]=Oop [104]=Oop [120]=Oop }
                      ;*invokeinterface onOutput {reexecute=0 rethrow=0 return_oop=0}
                      ; - org.gradle.internal.logging.slf4j.OutputEventListenerBackedLogger::log@40 (line 52)
                      ; - org.gradle.internal.logging.slf4j.BuildOperationAwareLogger::log@10 (line 141)
                      ; - org.gradle.internal.logging.slf4j.BuildOperationAwareLogger::log@32 (line 155)
                      ; - org.gradle.internal.logging.slf4j.BuildOperationAwareLogger::log@13 (line 145)
                      ; - org.gradle.internal.logging.slf4j.BuildOperationAwareLogger::debug@14 (line 168)
                      ; - org.gradle.internal.logging.slf4j.OutputEventListenerBackedLogger::debug@3 (line 25)
                      ; - org.gradle.internal.operations.DefaultBuildOperationRunner$BuildOperationTrackingListener::stop@23 (line 250)
                      ; - org.gradle.internal.operations.DefaultBuildOperationRunner$2::execute@62 (line 74)
                      ; - org.gradle.internal.operations.DefaultBuildOperationRunner$2::execute@8 (line 60)
                      ; - org.gradle.internal.operations.DefaultBuildOperationRunner::execute@141 (line 167)
  0x0000026911e8445c: 20cf 5afe | 48ff 7424 | 4848 8f44 | 2470 e997 | f7ff ff33 | dbe9 37f0 | ffff 4d8b | 9708 0100 
  0x0000026911e8447c: 004d 8bda | 4983 c318 | 4d3b 9f18 | 0100 000f | 832b 2900 | 004d 899f | 0801 0000 | 410f 0d8b 
  0x0000026911e8449c: 0001 0000 | 49c7 0201 

  0x0000026911e844a4: ;   {metadata('java/lang/ThreadLocal$ThreadLocalMap')}
  0x0000026911e844a4: 0000 0041 | c742 08b0 | 960b 0045 | 8962 0c4d | 8962 104c | 8994 24b0 | 0000 004d | 8b97 0801 
  0x0000026911e844c4: 0000 4d8b | da49 83c3 | 504d 3b9f | 1801 0000 | 0f83 c228 | 0000 4d89 | 9f08 0100 | 0041 0f0d 
  0x0000026911e844e4: 8b00 0100 | 0049 c702 | 0100 0000 | 410f 0d8b | 4001 0000 

  0x0000026911e844f8: ;   {metadata('java/lang/ThreadLocal$ThreadLocalMap$Entry'[])}
  0x0000026911e844f8: 41c7 4208 | b834 0401 | 410f 0d8b | 8001 0000 | 41c7 420c | 1000 0000 | 4d89 6210 | 4d89 6218 
  0x0000026911e84518: 4d89 6220 | 4d89 6228 | 4d89 6230 | 4d89 6238 | 4d89 6240 | 4d89 6248 | 4c89 5424 | 204c 8b94 
  0x0000026911e84538: 24b0 0000 | 004c 8b5c | 2420 4d8b | c34c 8b9c | 24b0 0000 | 0045 8943 | 144c 8b5c | 2420 4d33 
  0x0000026911e84558: da49 c1eb | 1466 6690 | 4d85 db74 | 1a49 c1ea | 0948 b900 | 00ab 1769 | 0200 0049 | 03ca 8039 
  0x0000026911e84578: 040f 8530 | 1b00 004d | 8b97 0801 | 0000 4d8b | da49 83c3 | 2044 8bc5 | 4183 e00f | 4489 4424 
  0x0000026911e84598: 540f 1f80 | 0000 0000 | 4d3b 9f18 | 0100 000f | 832b 2800 | 004d 899f | 0801 0000 | 410f 0d8b 
  0x0000026911e845b8: 0001 0000 | 49c7 0201 

  0x0000026911e845c0: ;   {metadata('java/lang/ThreadLocal$ThreadLocalMap$Entry')}
  0x0000026911e845c0: 0000 0041 | c742 08c0 | 980b 0045 | 8962 0c4d | 8962 104d | 8962 1849 | 8bfa 448b | 4424 5045 
  0x0000026911e845e0: 8942 0c41 | 807f 3800 | 0f85 c719 | 0000 4c8b 

  0x0000026911e845f0: ;   {oop(a 'java/lang/ref/ReferenceQueue$Null'{0x000000008067fac0})}
  0x0000026911e845f0: d741 c742 | 10c0 fa67 

  0x0000026911e845f8: ;   {oop(a 'java/lang/ref/ReferenceQueue$Null'{0x000000008067fac0})}
  0x0000026911e845f8: 8049 bac0 | fa67 8000 | 0000 004c | 8bdf 4d33 | d349 c1ea | 144d 85d2 | 741a 49c1 | eb09 48b9 
  0x0000026911e84618: 0000 ab17 | 6902 0000 | 4903 cb80 | 3904 0f85 | 391a 0000 | f083 4424 | c000 4180 | 7f38 000f 
  0x0000026911e84638: 8542 1900 | 004c 8bd7 | 448b 9c24 | a000 0000 | 4589 5a1c | 4c8b 5424 | 484c 8bdf | 4d33 d349 
  0x0000026911e84658: c1ea 140f | 1f44 0000 | 4d85 d274 | 2744 8b84 | 24a0 0000 | 0045 85c0 | 741a 49c1 | eb09 48b9 
  0x0000026911e84678: 0000 ab17 | 6902 0000 | 4903 cb80 | 3904 0f85 | db1a 0000 | 4c8b 4c24 | 2045 8b59 | 0c44 8b54 
  0x0000026911e84698: 2454 660f | 1f44 0000 | 453b d30f | 838b 3500 | 004b 8d74 | 9110 4180 | 7f38 000f | 8533 1900 
  0x0000026911e846b8: 004c 8b94 | 24b0 0000 | 0049 8bda | 4c8b d64c | 8bdf 4d33 | da4c 8bc7 | 4489 0649 | c1eb 144d 
  0x0000026911e846d8: 85db 741a | 49c1 ea09 | 48b9 0000 | ab17 6902 | 0000 4903 | ca80 3904 | 0f85 221a | 0000 6666 
  0x0000026911e846f8: 0f1f 8400 | 0000 0000 | 4180 7f38 | 000f 8514 | 1900 004c | 8b84 2480 | 0000 0041 | 8958 444c 
  0x0000026911e84718: 8b94 24b0 | 0000 0041 | c742 100a | 0000 0041 | c742 0c01 | 0000 004d | 8bd8 4d33 | d349 c1ea 
  0x0000026911e84738: 144d 85d2 | 0f1f 4000 | 0f84 bced | ffff 49c1 | eb09 48b9 | 0000 ab17 | 6902 0000 | 4903 cb80 
  0x0000026911e84758: 3904 660f | 1f44 0000 | 0f84 9ced | ffff 4d8b | 5750 4d8b | 5f40 f083 | 4424 c000 | 8039 000f 
  0x0000026911e84778: 8485 edff | ff44 8821 | 4d85 db75 | 2049 8bd8 | 498b d7c5 | f877 49ba | 30ce 6e57 | f87f 0000 
  0x0000026911e84798: 41ff d24c | 8bc3 6690 | e95d edff | ff4b 894c | 1af8 4983 | c3f8 4d89 | 5f40 e94b | edff ff45 
  0x0000026911e847b8: 33c0 e9cf | eaff ff4d | 8b87 5003 | 0000 448b 

  0x0000026911e847c8: ; ImmutableOopMap {r9=NarrowOop rbx=Oop rdi=Oop r13=Oop [48]=Oop [56]=Oop [64]=Oop [72]=Oop [104]=Oop [120]=Oop [168]=Oop }
                      ;*goto {reexecute=1 rethrow=0 return_oop=0}
                      ; - (reexecute) org.gradle.internal.time.MonotonicClock::advance@30 (line 117)
                      ; - org.gradle.internal.time.MonotonicClock::getCurrentTime@66 (line 86)
                      ; - org.gradle.internal.logging.slf4j.OutputEventListenerBackedLogger::log@8 (line 49)
                      ; - org.gradle.internal.logging.slf4j.BuildOperationAwareLogger::log@10 (line 141)
                      ; - org.gradle.internal.logging.slf4j.BuildOperationAwareLogger::log@32 (line 155)
                      ; - org.gradle.internal.logging.slf4j.BuildOperationAwareLogger::log@13 (line 145)
                      ; - org.gradle.internal.logging.slf4j.BuildOperationAwareLogger::debug@14 (line 168)
                      ; - org.gradle.internal.logging.slf4j.OutputEventListenerBackedLogger::debug@3 (line 25)
                      ; - org.gradle.internal.operations.DefaultBuildOperationRunner$BuildOperationTrackingListener::stop@23 (line 250)
                      ; - org.gradle.internal.operations.DefaultBuildOperationRunner$2::execute@62 (line 74)
                      ; - org.gradle.internal.operations.DefaultBuildOperationRunner$2::execute@8 (line 60)
                      ; - org.gradle.internal.operations.DefaultBuildOperationRunner::execute@141 (line 167)
                      ;   {poll}
  0x0000026911e847c8: 4b20 4185 | 004d 8b51 | 104d 3bda | 0f8e cffa | ffff 448b | 4b20 6690 | 4585 c90f | 8437 3700 
  0x0000026911e847e8: 0049 8bc2 | f04d 0fb1 | 5910 410f | 94c0 450f | b6c0 660f | 1f44 0000 | 4585 c074 | ba4d 8bd3 
  0x0000026911e84808: e99c faff | ff44 8b44 | 245c 458b | 4014 4489 | 4424 700f | 1f44 0000 

  0x0000026911e84820: ; implicit exception: dispatches to 0x0000026911e8945c
  0x0000026911e84820: 458b 400c | 4489 4424 | 7444 8b54 | 2470 498b | ea44 8b44 | 245c 4d8b | d04c 8994 | 2480 0000 
  0x0000026911e84840: 0044 895c | 2454 e952 | 0000 000f | 1f44 0000 | 488b 9424 | 8000 0000 | 448b 4424 | 5466 6690 
  0x0000026911e84860: ;   {optimized virtual_call}
  0x0000026911e84860: c5f8 77e8 

  0x0000026911e84864: ; ImmutableOopMap {rbp=Oop [32]=Oop [48]=Oop [56]=Oop [64]=Oop [72]=Oop [88]=NarrowOop [92]=NarrowOop [96]=Oop [104]=Oop [112]=NarrowOop [120]=Oop [128]=Oop [168]=Oop }
                      ;*invokevirtual expungeStaleEntry {reexecute=0 rethrow=0 return_oop=0}
                      ; - java.lang.ThreadLocal$ThreadLocalMap::getEntryAfterMiss@35 (line 459)
                      ; - java.lang.ThreadLocal$ThreadLocalMap::getEntry@38 (line 439)
                      ; - java.lang.ThreadLocal::get@16 (line 165)
                      ; - org.gradle.internal.operations.CurrentBuildOperationRef::get@4 (line 37)
                      ; - org.gradle.internal.operations.CurrentBuildOperationRef::getId@1 (line 42)
                      ; - org.gradle.internal.logging.slf4j.BuildOperationAwareLogger::log@7 (line 141)
                      ; - org.gradle.internal.logging.slf4j.BuildOperationAwareLogger::log@32 (line 155)
                      ; - org.gradle.internal.logging.slf4j.BuildOperationAwareLogger::log@13 (line 145)
                      ; - org.gradle.internal.logging.slf4j.BuildOperationAwareLogger::debug@14 (line 168)
                      ; - org.gradle.internal.logging.slf4j.OutputEventListenerBackedLogger::debug@3 (line 25)
                      ; - org.gradle.internal.operations.DefaultBuildOperationRunner$BuildOperationTrackingListener::stop@23 (line 250)
                      ; - org.gradle.internal.operations.DefaultBuildOperationRunner$2::execute@62 (line 74)
                      ; - org.gradle.internal.operations.DefaultBuildOperationRunner$2::execute@8 (line 60)
                      ; - org.gradle.internal.operations.DefaultBuildOperationRunner::execute@141 (line 167)
  0x0000026911e84864: 18cb 5afe | 448b 5c24 | 5444 3b5c | 2474 0f83 | 7835 0000 | 448b 4424 | 7047 8b44 | 9810 4d8b 
  0x0000026911e84884: 9750 0300 

  0x0000026911e84888: ; ImmutableOopMap {r8=NarrowOop rbp=Oop [32]=Oop [48]=Oop [56]=Oop [64]=Oop [72]=Oop [88]=NarrowOop [92]=NarrowOop [96]=Oop [104]=Oop [112]=NarrowOop [120]=Oop [128]=Oop [168]=Oop }
                      ;*goto {reexecute=1 rethrow=0 return_oop=0}
                      ; - (reexecute) java.lang.ThreadLocal$ThreadLocalMap::getEntryAfterMiss@54 (line 462)
                      ; - java.lang.ThreadLocal$ThreadLocalMap::getEntry@38 (line 439)
                      ; - java.lang.ThreadLocal::get@16 (line 165)
                      ; - org.gradle.internal.operations.CurrentBuildOperationRef::get@4 (line 37)
                      ; - org.gradle.internal.operations.CurrentBuildOperationRef::getId@1 (line 42)
                      ; - org.gradle.internal.logging.slf4j.BuildOperationAwareLogger::log@7 (line 141)
                      ; - org.gradle.internal.logging.slf4j.BuildOperationAwareLogger::log@32 (line 155)
                      ; - org.gradle.internal.logging.slf4j.BuildOperationAwareLogger::log@13 (line 145)
                      ; - org.gradle.internal.logging.slf4j.BuildOperationAwareLogger::debug@14 (line 168)
                      ; - org.gradle.internal.logging.slf4j.OutputEventListenerBackedLogger::debug@3 (line 25)
                      ; - org.gradle.internal.operations.DefaultBuildOperationRunner$BuildOperationTrackingListener::stop@23 (line 250)
                      ; - org.gradle.internal.operations.DefaultBuildOperationRunner$2::execute@62 (line 74)
                      ; - org.gradle.internal.operations.DefaultBuildOperationRunner$2::execute@8 (line 60)
                      ; - org.gradle.internal.operations.DefaultBuildOperationRunner::execute@141 (line 167)
                      ;   {poll}
  0x0000026911e84888: 0041 8502 | 4585 c00f | 8446 0d00 | 0049 8bc8 | 4489 5c24 | 5444 8b59 | 0c44 8b54 | 2458 453b 
  0x0000026911e848a8: da0f 846b | f8ff ff44 | 3b61 0c74 | 9b44 8b5c | 2454 41ff | c366 6690 | 443b 5c24 | 747c a645 
  0x0000026911e848c8: 33db eba1 | 4d8b c1e9 | addf ffff | 4c8b 5424 | 7045 8b52 | 1466 6690 | 4585 d20f | 8452 e1ff 
  0x0000026911e848e8: ff4d 8b5f | 2049 8bca | 4d85 db0f | 845c 2500 | 004d 8b57 | 304b 894c | 1af8 4983 | c3f8 4d89 
  0x0000026911e84908: 5f20 e92c | e1ff ff4c | 8b54 2470 | 458b 5224 | 4585 d20f | 1f44 0000 | 0f84 31e2 | ffff 4d8b 
  0x0000026911e84928: 5f20 498b | ca4d 85db | 0f84 df24 | 0000 4d8b | 5730 4b89 | 4c1a f849 | 83c3 f84d | 895f 20e9 
  0x0000026911e84948: 0be2 ffff | 4c8b 5424 | 7045 8b5a | 2845 85db | 0f84 4de2 | ffff 4d8b | 5720 498b | cb4d 85d2 
  0x0000026911e84968: 0f84 8e24 | 0000 4d8b | 5f30 4b89 | 4c13 f849 | 83c2 f84d | 8957 2090 | e926 e2ff | ff4c 8b54 
  0x0000026911e84988: 2470 458b | 5220 4585 | d20f 8474 | e1ff ff4d | 8b5f 2049 | 8bca 6690 | 4d85 db0f | 84cc 2400 
  0x0000026911e849a8: 004d 8b57 | 304b 894c | 1af8 4983 | c3f8 4d89 | 5f20 e94c | e1ff ff4c | 8b54 2470 | 458b 521c 
  0x0000026911e849c8: 4585 d20f | 84ab e0ff | ff4d 8b5f | 2049 8bca | 4d85 db0f | 1f44 0000 | 0f84 af24 | 0000 4d8b 
  0x0000026911e849e8: 5730 4b89 | 4c1a f849 | 83c3 f84d | 895f 20e9 | 80e0 ffff | 4c8b 5424 | 7045 8b52 | 1845 85d2 
  0x0000026911e84a08: 0f84 afe0 | ffff 4d8b | 5f20 498b | ca4d 85db | 0f84 1724 | 0000 488b | 7c24 704d | 8b57 304b 
  0x0000026911e84a28: 894c 1af8 | 4983 c3f8 | 4d89 5f20 | 4889 7c24 | 70e9 7fe0 | ffff 4c8b | 5424 7845 | 8b52 0c45 
  0x0000026911e84a48: 85d2 0f84 | bbe3 ffff | 4d8b 5f20 | 498b ca4d | 85db 660f | 1f44 0000 | 0f84 4f24 | 0000 4d8b 
  0x0000026911e84a68: 5730 4b89 | 4c1a f849 | 83c3 f84d | 895f 20e9 | 8fe3 ffff | 4c8b 5424 | 7845 8b52 | 1845 85d2 
  0x0000026911e84a88: 0f84 2ce3 | ffff 4d8b | 5f20 498b | ca4d 85db | 0f84 3724 | 0000 4d8b | 5730 4b89 | 4c1a f849 
  0x0000026911e84aa8: 83c3 f84d | 895f 20e9 | 06e3 ffff | 448b 5b10 | 4585 db0f | 1f44 0000 | 0f84 98e4 | ffff 4d8b 
  0x0000026911e84ac8: 5720 498b | cb4d 85d2 | 0f84 1f24 | 0000 4d8b | 5f30 4b89 | 4c13 f849 | 83c2 f84d | 8957 20e9 
  0x0000026911e84ae8: 72e4 ffff | 8b4e 4085 | c90f 84f4 | e5ff ff4d | 8b47 200f | 1f44 0000 | 4d85 c00f | 8428 2400 
  0x0000026911e84b08: 0049 8b57 | 304a 894c | 02f8 4983 | c0f8 4d89 | 4720 e9cc | e5ff ff48 | 8b9c 2498 | 0000 0044 
  0x0000026911e84b28: 8b5b 1845 | 85db 0f84 | dfeb ffff | 4d8b 5720 | 498b cb0f | 1f44 0000 | 4d85 d20f | 842e 2400 
  0x0000026911e84b48: 004d 8b5f | 304b 894c | 13f8 4983 | c2f8 4d89 | 5720 e9b4 | ebff ff4c | 8b94 2498 | 0000 0045 
  0x0000026911e84b68: 8b5a 1c45 | 85db 0f84 | 43eb ffff | 4d8b 5720 | 498b cb0f | 1f44 0000 | 4d85 d20f | 840c 2400 
  0x0000026911e84b88: 004d 8b5f | 304b 894c | 13f8 4983 | c2f8 4d89 | 5720 e918 | ebff ff44 | 8b53 2045 | 85d2 0f84 
  0x0000026911e84ba8: 69ee ffff | 4d8b 5f20 | 498b ca4d | 85db 0f84 | f923 0000 | 4d8b 5730 | 4b89 4c1a | f849 83c3 
  0x0000026911e84bc8: f84d 895f | 20e9 43ee | ffff 498b | dd44 8b43 | 0c45 85c0 | 0f1f 4000 | 0f84 d4ed | ffff 4d8b 
  0x0000026911e84be8: 5720 498b | c84d 85d2 | 0f84 df23 | 0000 4d8b | 4730 4b89 | 4c10 f849 | 83c2 f84d | 8957 20e9 
  0x0000026911e84c08: aeed ffff | 4d8b 5740 | 4d8b 5f50 | f083 4424 | c000 660f | 1f44 0000 | 8039 000f | 8407 deff 
  0x0000026911e84c28: ff44 8821 | 4d85 d275 | 2449 8bd7 | 0f1f 8400 | 0000 0000 | 6666 6690 | c5f8 7749 | ba30 ce6e 
  0x0000026911e84c48: 57f8 7f00 | 0041 ffd2 | e9db ddff | ff4b 894c | 13f8 4983 | c2f8 4d89 | 5740 e9c9 | ddff ff4d 
  0x0000026911e84c68: 8b57 404d | 8b5f 50f0 | 8344 24c0 | 0080 3900 | 0f84 cbe1 | ffff 4488 | 214d 85d2 | 7518 498b 
  0x0000026911e84c88: ;   {no_reloc}
  0x0000026911e84c88: d7c5 f877 | 49ba 30ce | 6e57 f87f | 0000 41ff | d2e9 abe1 | ffff 4b89 | 4c13 f849 | 83c2 f84d 
  0x0000026911e84ca8: 8957 40e9 | 99e1 ffff | 4d8b 5740 | 4d8b 5f50 | f083 4424 | c000 6690 | 8039 000f | 8436 e1ff 
  0x0000026911e84cc8: ff44 8821 | 4d85 d275 | 2449 8bd7 | 0f1f 8400 | 0000 0000 | 6666 6690 | c5f8 7749 | ba30 ce6e 
  0x0000026911e84ce8: 57f8 7f00 | 0041 ffd2 | e90a e1ff | ff4b 894c | 13f8 4983 | c2f8 4d89 | 5740 e9f8 | e0ff ff4d 
  0x0000026911e84d08: 8b57 404d | 8b5f 50f0 | 8344 24c0 | 0080 3900 | 0f84 6fe2 | ffff 4488 | 214d 85d2 | 7518 498b 
  0x0000026911e84d28: d7c5 f877 | 49ba 30ce | 6e57 f87f | 0000 41ff | d2e9 4fe2 | ffff 4b89 | 4c13 f849 | 83c2 f84d 
  0x0000026911e84d48: 8957 40e9 | 3de2 ffff | 4d8b 4740 | 498b 5750 | f083 4424 | c000 6690 | 8039 000f | 84c0 e3ff 
  0x0000026911e84d68: ff44 8821 | 4d85 c075 | 4648 8974 | 2420 448b | f745 8beb | 488b eb49 | 8bf1 488b | f849 8bda 
  0x0000026911e84d88: 498b d7c5 | f877 49ba | 30ce 6e57 | f87f 0000 | 41ff d24c | 8bd3 488b | c74c 8bce | 488b dd45 
  0x0000026911e84da8: 8bdd 418b | fe48 8b74 | 2420 e972 | e3ff ff4a | 894c 02f8 | 4983 c0f8 | 4d89 4740 | e960 e3ff 
  0x0000026911e84dc8: ff4d 8b57 | 404d 8b5f | 50f0 8344 | 24c0 0080 | 3900 660f | 1f44 0000 | 0f84 65e9 | ffff 4488 
  0x0000026911e84de8: 214d 85d2 | 7527 498b | d766 6666 | 0f1f 8400 | 0000 0000 | 6666 6690 | c5f8 7749 | ba30 ce6e 
  0x0000026911e84e08: 57f8 7f00 | 0041 ffd2 | e936 e9ff | ff4b 894c | 13f8 4983 | c2f8 4d89 | 5740 e924 | e9ff ff4d 
  0x0000026911e84e28: 8b57 404d | 8b5f 50f0 | 8344 24c0 | 0080 3900 | 0f84 aedd | ffff 4488 | 214d 85d2 | 7518 498b 
  0x0000026911e84e48: d7c5 f877 | 49ba 30ce | 6e57 f87f | 0000 41ff | d2e9 8edd | ffff 4b89 | 4c13 f849 | 83c2 f84d 
  0x0000026911e84e68: 8957 40e9 | 7cdd ffff | 4d8b 5740 | 4d8b 5f50 | f083 4424 | c000 6690 | 8039 000f | 8416 ddff 
  0x0000026911e84e88: ff44 8821 | 4d85 d275 | 2449 8bd7 | 0f1f 8400 | 0000 0000 | 6666 6690 | c5f8 7749 | ba30 ce6e 
  0x0000026911e84ea8: 57f8 7f00 | 0041 ffd2 | e9ea dcff | ff4b 894c | 13f8 4983 | c2f8 4d89 | 5740 e9d8 | dcff ff4d 
  0x0000026911e84ec8: 8b57 404d | 8b5f 50f0 | 8344 24c0 | 0080 3900 | 0f84 d4db | ffff 4488 | 214d 85d2 | 7518 498b 
  0x0000026911e84ee8: d7c5 f877 | 49ba 30ce | 6e57 f87f | 0000 41ff | d2e9 b4db | ffff 4b89 | 4c13 f849 | 83c2 f84d 
  0x0000026911e84f08: 8957 40e9 | a2db ffff | 4d8b 5740 | 4d8b 5f50 | f083 4424 | c000 6690 | 8039 000f | 8448 dbff 
  0x0000026911e84f28: ff44 8821 | 4d85 d275 | 2449 8bd7 | 0f1f 8400 | 0000 0000 | 6666 6690 | c5f8 7749 | ba30 ce6e 
  0x0000026911e84f48: 57f8 7f00 | 0041 ffd2 | e91c dbff | ff4b 894c | 13f8 4983 | c2f8 4d89 | 5740 e90a | dbff ff4d 
  0x0000026911e84f68: 8b57 404d | 8b5f 50f0 | 8344 24c0 | 0080 3900 | 0f84 7adb | ffff 4488 | 214d 85d2 | 7518 498b 
  0x0000026911e84f88: d7c5 f877 | 49ba 30ce | 6e57 f87f | 0000 41ff | d2e9 5adb | ffff 4b89 | 4c13 f849 | 83c2 f84d 
  0x0000026911e84fa8: 8957 40e9 | 48db ffff | 4d8b 5740 | 4d8b 5f50 | f083 4424 | c000 6690 | 8039 000f | 8483 dbff 
  0x0000026911e84fc8: ff44 8821 | 4d85 d275 | 2449 8bd7 | 0f1f 8400 | 0000 0000 | 6666 6690 | c5f8 7749 | ba30 ce6e 
  0x0000026911e84fe8: 57f8 7f00 | 0041 ffd2 | e957 dbff | ff4b 894c | 13f8 4983 | c2f8 4d89 | 5740 e945 | dbff ff4d 
  0x0000026911e85008: 8b57 404d | 8b5f 50f0 | 8344 24c0 | 0080 3900 | 0f84 35df | ffff 4488 | 214d 85d2 | 7541 4c89 
  0x0000026911e85028: 4424 3848 | 895c 2428 | 4489 6c24 | 204c 8bef | 498b d70f | 1f44 0000 | c5f8 7749 | ba30 ce6e 
  0x0000026911e85048: 57f8 7f00 | 0041 ffd2 | 498b fd44 | 8b6c 2420 | 488b 5c24 | 284c 8b44 | 2438 e9ec | deff ff4b 
  0x0000026911e85068: 894c 13f8 | 4983 c2f8 | 4d89 5740 | e9da deff | ff4d 8b57 | 404d 8b5f | 50f0 8344 

  0x0000026911e85084: ;   {no_reloc}
  0x0000026911e85084: 24c0 0080 | 3900 0f84 | 6ee6 ffff | 4488 214d | 85d2 751d | 498b d70f | 1f44 0000 | c5f8 7749 
  0x0000026911e850a4: ba30 ce6e | 57f8 7f00 | 0041 ffd2 | e949 e6ff | ff4b 894c | 13f8 4983 | c2f8 4d89 | 5740 e937 
  0x0000026911e850c4: e6ff ff4d | 8b57 404d | 8b5f 50f0 | 8344 24c0 | 0080 3900 | 0f84 2ce9 | ffff 4488 | 214d 85d2 
  0x0000026911e850e4: 7518 498b | d7c5 f877 | 49ba 30ce | 6e57 f87f | 0000 41ff | d2e9 0ce9 | ffff 4b89 | 4c13 f849 
  0x0000026911e85104: 83c2 f84d | 8957 40e9 | fae8 ffff | 4d8b 5740 | 4d8b 5f50 | f083 4424 | c000 6690 | 8039 000f 
  0x0000026911e85124: 8420 e9ff | ff44 8821 | 4d85 d275 | 2449 8bd7 | 0f1f 8400 | 0000 0000 | 6666 6690 | c5f8 7749 
  0x0000026911e85144: ba30 ce6e | 57f8 7f00 | 0041 ffd2 | e9f4 e8ff | ff4b 894c | 13f8 4983 | c2f8 4d89 | 5740 e9e2 
  0x0000026911e85164: e8ff ff44 

  0x0000026911e85168: ;   {metadata('org/gradle/internal/logging/progress/DefaultProgressLoggerFactory$ProgressLoggerImpl')}
  0x0000026911e85168: 8b59 0841 | 81fb 28f1 | 2601 0f85 | 002e 0000 | 4889 5c24 | 404c 894c | 2420 488b | e848 8bd1 
  0x0000026911e85188: ;   {optimized virtual_call}
  0x0000026911e85188: c5f8 77e8 

  0x0000026911e8518c: ; ImmutableOopMap {rbp=Oop [32]=Oop [48]=Oop [56]=Oop [64]=Oop [104]=Oop [112]=Oop [120]=Oop [128]=Oop }
                      ;*invokeinterface completed {reexecute=0 rethrow=0 return_oop=0}
                      ; - org.gradle.internal.operations.BuildOperationProgressEventListenerAdapter::stop@11 (line 76)
                      ; - org.gradle.internal.operations.DefaultBuildOperationRunner$BuildOperationTrackingListener::stop@9 (line 249)
                      ; - org.gradle.internal.operations.DefaultBuildOperationRunner$2::execute@62 (line 74)
                      ; - org.gradle.internal.operations.DefaultBuildOperationRunner$2::execute@8 (line 60)
                      ; - org.gradle.internal.operations.DefaultBuildOperationRunner::execute@141 (line 167)
  0x0000026911e8518c: f0c1 5afe | 4c8b 5424 | 3848 8bc5 | 4c8b 4c24 | 2048 8b5c | 2440 e9d3 | deff ff44 | 8b53 1c45 
  0x0000026911e851ac: 85d2 0f84 | c6e1 ffff | 4d8b 5f20 | 498b ca0f | 1f44 0000 | 4d85 db0f | 84c7 1f00 | 004d 8b57 
  0x0000026911e851cc: 304b 894c | 1af8 4983 | c3f8 4d89 | 5f20 e99b | e1ff ff44 | 8b5b 1045 | 85db 0f84 | 3fe1 ffff 
  0x0000026911e851ec: 4d8b 5720 | 498b cb4d | 85d2 0f84 | b91f 0000 | 4d8b 5f30 | 4b89 4c13 | f849 83c2 | f84d 8957 
  0x0000026911e8520c: 20e9 19e1 | ffff 448b | 1745 85d2 | 0f84 d6e1 | ffff 4d8b | 5f20 498b | ca4d 85db | 0f84 a71f 
  0x0000026911e8522c: 0000 4d8b | 5730 4b89 | 4c1a f849 | 83c3 f84d | 895f 2090 | e9af e1ff | ff4d 8b57 | 404d 8b5f 
  0x0000026911e8524c: 50f0 8344 | 24c0 0080 | 3900 0f84 | 0de1 ffff | 4488 2190 | 4d85 d275 | 1849 8bd7 | c5f8 7749 
  0x0000026911e8526c: ba30 ce6e | 57f8 7f00 | 0041 ffd2 | e9ec e0ff | ff4b 894c | 13f8 4983 | c2f8 4d89 | 5740 e9da 
  0x0000026911e8528c: e0ff ff4d | 8b57 404d | 8b5f 50f0 | 8344 24c0 | 0066 6690 | 8039 000f | 8480 e1ff | ff44 8821 
  0x0000026911e852ac: 4d85 d275 | 2449 8bd7 | 0f1f 8400 | 0000 0000 | 6666 6690 | c5f8 7749 | ba30 ce6e | 57f8 7f00 
  0x0000026911e852cc: 0041 ffd2 | e954 e1ff | ff4b 894c | 13f8 4983 | c2f8 4d89 | 5740 e942 | e1ff ff4d | 8b57 404d 
  0x0000026911e852ec: 8b5f 50f0 | 8344 24c0 | 0080 3900 | 0f84 c8e0 | ffff 4488 | 214d 85d2 | 7518 498b | d7c5 f877 
  0x0000026911e8530c: 49ba 30ce | 6e57 f87f | 0000 41ff | d2e9 a8e0 | ffff 4b89 | 4c13 f849 | 83c2 f84d | 8957 40e9 
  0x0000026911e8532c: 96e0 ffff | 498b d04c | 8b44 2470 | 4c8b 4c24 | 7848 8b7c | 2468 498b | f348 8bcb | 6690 c5f8 
  0x0000026911e8534c: 7748 b840 | 5671 2169 

  0x0000026911e85354: ;   {virtual_call}
  0x0000026911e85354: 0200 00e8 

  0x0000026911e85358: ; ImmutableOopMap {}
                      ;*invokeinterface execute {reexecute=0 rethrow=0 return_oop=1}
                      ; - org.gradle.internal.operations.DefaultBuildOperationRunner::execute@141 (line 167)
  0x0000026911e85358: 64d1 0efb | 0f1f 4000 | e9f6 e8ff 

  0x0000026911e85364: ;   {oop(a 'java/util/concurrent/TimeUnit'{0x0000000080d67038})}
  0x0000026911e85364: ff49 ba38 | 70d6 8000 | 0000 004d | 8b52 304d | 8bd8 4d3b | da0f 8f91 | 2f00 0049 | f7da 4d3b 
  0x0000026911e85384: da0f 8cf9 | 2f00 004c | 0faf dee9 | e3ee ffff | 448b 5e1c | 4585 db0f | 1f44 0000 | 0f84 262c 
  0x0000026911e853a4: 0000 498b | c2f0 4d0f | b143 1041 | 0f94 c345 | 0fb6 db8b | 7e20 660f | 1f44 0000 | 4585 db0f 
  0x0000026911e853c4: 844f 0700 | 0044 8b5e | 0c45 8b53 

  0x0000026911e853d0: ;   {metadata('org/gradle/internal/time/TimeSource$1')}
  0x0000026911e853d0: 0841 81fa | 4010 0101 | 0f85 d22c | 0000 6690 | c5f8 7749 | bab0 a3a9 | 57f8 7f00 | 0041 ffd2 
  0x0000026911e853f0: 4c8b d048 | 8b47 1049 | 8bda 660f | 1f44 0000 | 4c3b d00f | 8f7b 0700 | 0048 bf00 | 00ab 1769 
  0x0000026911e85410: 0200 0048 | 8bd8 448b | 5e18 660f | 1f44 0000 | 4585 db0f | 841b 2c00 | 0049 8bc5 | f049 0fb1 
  0x0000026911e85430: 5b10 410f | 94c3 450f | b6db e934 | d9ff ff44 | 8b53 1c45 | 85d2 0f84 | 982b 0000 | 488b c1f0 
  0x0000026911e85450: 4d0f b14a | 1041 0f94 | c345 0fb6 | db8b 7b20 | 4585 db0f | 84cb 0600 | 0044 8b53 | 0c45 8b5a 
  0x0000026911e85470: ;   {metadata('org/gradle/internal/time/TimeSource$1')}
  0x0000026911e85470: 0841 81fb | 4010 0101 | 0f85 722c | 0000 6690 | c5f8 7749 | bab0 a3a9 | 57f8 7f00 | 0041 ffd2 
  0x0000026911e85490: 4889 4424 | 4848 8b47 | 104c 8b54 | 2448 6690 | 4c3b d00f | 8f37 0700 | 0048 8944 | 2448 448b 
  0x0000026911e854b0: 5318 4585 | d20f 84a1 | 2b00 0048 | 8b84 24b8 | 0000 004c | 8b5c 2448 | f04d 0fb1 | 5a10 410f 
  0x0000026911e854d0: 94c3 450f | b6db e9b3 | e1ff ff44 | 8b53 1c90 | 4585 d20f | 842b 2b00 | 0048 8bc1 | f04d 0fb1 
  0x0000026911e854f0: 4a10 410f | 94c3 450f | b6db 8b73 | 2066 6690 | 4585 db0f | 844f 0600 | 0044 8b53 | 0c45 8b42 
  0x0000026911e85510: ;   {metadata('org/gradle/internal/time/TimeSource$1')}
  0x0000026911e85510: 0841 81f8 | 4010 0101 | 0f85 862c | 0000 6690 | c5f8 7749 | bab0 a3a9 | 57f8 7f00 | 0041 ffd2 
  0x0000026911e85530: 4c8b d048 | 8b46 104d | 8bda 660f | 1f44 0000 | 4c3b d00f | 8fe7 0600 | 004c 8bd8 | 448b 4318 
  0x0000026911e85550: 4585 c00f | 842b 2b00 | 0048 8b84 | 24a0 0000 | 00f0 4d0f | b158 1041 | 0f94 c045 | 0fb6 c0e9 
  0x0000026911e85570: 38e4 ffff | 498b d290 

  0x0000026911e85578: ;   {static_call}
  0x0000026911e85578: c5f8 77e8 

  0x0000026911e8557c: ; ImmutableOopMap {[56]=Oop [112]=Oop [120]=Oop }
                      ;*invokestatic throwAsBuildOperationInvocationException {reexecute=0 rethrow=0 return_oop=1}
                      ; - org.gradle.internal.operations.DefaultBuildOperationRunner::access$100@1 (line 25)
                      ; - org.gradle.internal.operations.DefaultBuildOperationRunner$2::execute@74 (line 76)
                      ; - org.gradle.internal.operations.DefaultBuildOperationRunner$2::execute@8 (line 60)
                      ; - org.gradle.internal.operations.DefaultBuildOperationRunner::execute@141 (line 167)
  0x0000026911e8557c: 8144 0000 | 4885 c00f | 8427 2d00 | 0048 8be8 | 488b 5424 | 384c 8b44 | 2470 4c8b | 4c24 7890 
  0x0000026911e8559c: ;   {optimized virtual_call}
  0x0000026911e8559c: c5f8 77e8 

  0x0000026911e855a0: ; ImmutableOopMap {rbp=Oop }
                      ;*invokeinterface close {reexecute=0 rethrow=0 return_oop=0}
                      ; - org.gradle.internal.operations.DefaultBuildOperationRunner$2::execute@102 (line 80)
                      ; - org.gradle.internal.operations.DefaultBuildOperationRunner$2::execute@8 (line 60)
                      ; - org.gradle.internal.operations.DefaultBuildOperationRunner::execute@141 (line 167)
  0x0000026911e855a0: fc88 8aff | 488b c548 | 8bd0 c5f8 | 7748 81c4 | f000 0000 

  0x0000026911e855b4: ;   {runtime_call _rethrow_Java}
  0x0000026911e855b4: 5de9 c667 | 65fe 660f | 1f44 0000 | 4585 c00f | 85e6 0100 | 0044 8b59 | 1041 3bf3 | 0f8d 5920 
  0x0000026911e855d4: 0000 e9d4 | 0100 004c | 8b4c 2420 | 448b 5c24 | 588b 5c24 | 5048 8b7c 

  0x0000026911e855ec: ;   {metadata('java/lang/ThreadLocal')}
  0x0000026911e855ec: 2460 81fb | 6007 0900 | 0f85 222c | 0000 458b | 4144 8b57 | 0c45 85c0 | 0f84 751d | 0000 458b 
  0x0000026911e8560c: 5814 418b | 4b0c 448b | d141 ffca | 4423 d285 | c966 6690 | 0f86 2e2c | 0000 438b | 5c93 1049 
  0x0000026911e8562c: 8bf0 498b | eb85 db0f | 8519 0100 | 0049 8b87 | 0801 0000 | 4c8b c849 | 83c1 204d | 3b8f 1801 
  0x0000026911e8564c: 0000 0f83 | 8120 0000 | 4d89 8f08 | 0100 0041 | 0f0d 8900 | 0100 0048 | c700 0100 

  0x0000026911e85668: ;   {metadata('java/lang/ThreadLocal$ThreadLocalMap$Entry')}
  0x0000026911e85668: 0000 c740 | 08c0 980b | 0044 8960 | 0c4c 8960 | 104c 8960 | 1848 897c | 2458 4489 | 4424 6044 
  0x0000026911e85688: 895c 2470 | 894c 2420 | 4489 5424 | 2448 8974 | 2450 4c8b | d04c 8994 | 2480 0000 | 0049 8bd2 
  0x0000026911e856a8: 4c8b 4424 | 5845 33c9 

  0x0000026911e856b0: ;   {optimized virtual_call}
  0x0000026911e856b0: c5f8 77e8 

  0x0000026911e856b4: ; ImmutableOopMap {rbp=Oop [48]=Oop [56]=Oop [64]=Oop [72]=Oop [80]=Oop [88]=Oop [96]=NarrowOop [104]=Oop [112]=NarrowOop [120]=Oop [128]=Oop [168]=Oop }
                      ;*invokespecial <init> {reexecute=0 rethrow=0 return_oop=0}
                      ; - java.lang.ref.Reference::<init>@3 (line 496)
                      ; - java.lang.ref.WeakReference::<init>@2 (line 57)
                      ; - java.lang.ThreadLocal$ThreadLocalMap$Entry::<init>@2 (line 334)
                      ; - java.lang.ThreadLocal$ThreadLocalMap::set@91 (line 498)
                      ; - java.lang.ThreadLocal::setInitialValue@22 (line 199)
                      ; - java.lang.ThreadLocal::get@34 (line 172)
                      ; - org.gradle.internal.operations.CurrentBuildOperationRef::get@4 (line 37)
                      ; - org.gradle.internal.operations.CurrentBuildOperationRef::getId@1 (line 42)
                      ; - org.gradle.internal.logging.slf4j.BuildOperationAwareLogger::log@7 (line 141)
                      ; - org.gradle.internal.logging.slf4j.BuildOperationAwareLogger::log@32 (line 155)
                      ; - org.gradle.internal.logging.slf4j.BuildOperationAwareLogger::log@13 (line 145)
                      ; - org.gradle.internal.logging.slf4j.BuildOperationAwareLogger::debug@14 (line 168)
                      ; - org.gradle.internal.logging.slf4j.OutputEventListenerBackedLogger::debug@3 (line 25)
                      ; - org.gradle.internal.operations.DefaultBuildOperationRunner$BuildOperationTrackingListener::stop@23 (line 250)
                      ; - org.gradle.internal.operations.DefaultBuildOperationRunner$2::execute@62 (line 74)
                      ; - org.gradle.internal.operations.DefaultBuildOperationRunner$2::execute@8 (line 60)
                      ; - org.gradle.internal.operations.DefaultBuildOperationRunner::execute@141 (line 167)
  0x0000026911e856b4: c8bc 5afe | 0f1f 8400 | 0000 0000 | 4180 7f38 | 000f 85c1 | 1b00 004c | 8b9c 2480 | 0000 0045 
  0x0000026911e856d4: 8963 1c8b | 5c24 240f | 1f44 0000 | 3b5c 2420 | 0f83 d62b | 0000 448b | 4424 7049 | 8d7c 9810 
  0x0000026911e856f4: 4180 7f38 | 000f 85cd | 1b00 004d | 8bc3 4489 | 074c 8bd7 | 4d33 da49 | c1eb 144d | 85db 741a 
  0x0000026911e85714: 49c1 ea09 | 48b9 0000 | ab17 6902 | 0000 4903 | ca80 3904 | 0f85 d11b | 0000 8b4c | 2460 448b 
  0x0000026911e85734: 4914 8b71 | 0cff c689 | 710c 6690 

  0x0000026911e85740: ; implicit exception: dispatches to 0x0000026911e89560
  0x0000026911e85740: 418b 790c | 498b e944 | 8bd6 4533 | c0e9 c500 | 0000 448b | 4b0c 4c3b | cf0f 843d | 0000 008b 
  0x0000026911e85760: 5b0c 85db | 0f84 4e2f | 0000 41ff | c244 3bd1 | 0f8d b11e | 0000 443b | d10f 8369 | 2e00 0043 
  0x0000026911e85780: 8b54 9310 | 4d8b af50 

  0x0000026911e85788: ; ImmutableOopMap {r11=NarrowOop r8=NarrowOop rdi=Oop rdx=NarrowOop rsi=Oop rbp=Oop [48]=Oop [56]=Oop [64]=Oop [72]=Oop [104]=Oop [120]=Oop [168]=Oop }
                      ;*goto {reexecute=1 rethrow=0 return_oop=0}
                      ; - (reexecute) java.lang.ThreadLocal$ThreadLocalMap::set@79 (line 486)
                      ; - java.lang.ThreadLocal::setInitialValue@22 (line 199)
                      ; - java.lang.ThreadLocal::get@34 (line 172)
                      ; - org.gradle.internal.operations.CurrentBuildOperationRef::get@4 (line 37)
                      ; - org.gradle.internal.operations.CurrentBuildOperationRef::getId@1 (line 42)
                      ; - org.gradle.internal.logging.slf4j.BuildOperationAwareLogger::log@7 (line 141)
                      ; - org.gradle.internal.logging.slf4j.BuildOperationAwareLogger::log@32 (line 155)
                      ; - org.gradle.internal.logging.slf4j.BuildOperationAwareLogger::log@13 (line 145)
                      ; - org.gradle.internal.logging.slf4j.BuildOperationAwareLogger::debug@14 (line 168)
                      ; - org.gradle.internal.logging.slf4j.OutputEventListenerBackedLogger::debug@3 (line 25)
                      ; - org.gradle.internal.operations.DefaultBuildOperationRunner$BuildOperationTrackingListener::stop@23 (line 250)
                      ; - org.gradle.internal.operations.DefaultBuildOperationRunner$2::execute@62 (line 74)
                      ; - org.gradle.internal.operations.DefaultBuildOperationRunner$2::execute@8 (line 60)
                      ; - org.gradle.internal.operations.DefaultBuildOperationRunner::execute@141 (line 167)
                      ;   {poll}
  0x0000026911e85788: 0300 0041 | 8545 0085 | d20f 84a2 | feff ff48 | 8bda ebb6 | 0f1f 4000 | 4180 7f38 | 000f 859d 
  0x0000026911e857a8: 1b00 0044 | 8963 1c45 | 33d2 e99f | e9ff ff89 | 7c24 6489 | 7424 6044 | 894c 2424 | 894c 2420 
  0x0000026911e857c8: 488b 5424 | 5044 8bc3 

  0x0000026911e857d0: ;   {optimized virtual_call}
  0x0000026911e857d0: c5f8 77e8 

  0x0000026911e857d4: ; ImmutableOopMap {rbp=Oop [32]=NarrowOop [36]=NarrowOop [48]=Oop [56]=Oop [64]=Oop [72]=Oop [80]=Oop [88]=Oop [104]=Oop [120]=Oop [168]=Oop }
                      ;*invokevirtual expungeStaleEntry {reexecute=0 rethrow=0 return_oop=0}
                      ; - java.lang.ThreadLocal$ThreadLocalMap::cleanSomeSlots@47 (line 674)
                      ; - java.lang.ThreadLocal$ThreadLocalMap::set@113 (line 500)
                      ; - java.lang.ThreadLocal::setInitialValue@22 (line 199)
                      ; - java.lang.ThreadLocal::get@34 (line 172)
                      ; - org.gradle.internal.operations.CurrentBuildOperationRef::get@4 (line 37)
                      ; - org.gradle.internal.operations.CurrentBuildOperationRef::getId@1 (line 42)
                      ; - org.gradle.internal.logging.slf4j.BuildOperationAwareLogger::log@7 (line 141)
                      ; - org.gradle.internal.logging.slf4j.BuildOperationAwareLogger::log@32 (line 155)
                      ; - org.gradle.internal.logging.slf4j.BuildOperationAwareLogger::log@13 (line 145)
                      ; - org.gradle.internal.logging.slf4j.BuildOperationAwareLogger::debug@14 (line 168)
                      ; - org.gradle.internal.logging.slf4j.OutputEventListenerBackedLogger::debug@3 (line 25)
                      ; - org.gradle.internal.operations.DefaultBuildOperationRunner$BuildOperationTrackingListener::stop@23 (line 250)
                      ; - org.gradle.internal.operations.DefaultBuildOperationRunner$2::execute@62 (line 74)
                      ; - org.gradle.internal.operations.DefaultBuildOperationRunner$2::execute@8 (line 60)
                      ; - org.gradle.internal.operations.DefaultBuildOperationRunner::execute@141 (line 167)
  0x0000026911e857d4: a8bb 5afe | 448b 5424 | 6441 b801 | 0000 008b | 4c24 208b | d844 8b4c | 2424 8b74 | 2460 418b 
  0x0000026911e857f4: fa66 6666 | 0f1f 8400 | 0000 0000 | 4d8b af50 | 0300 0041 

  0x0000026911e85808: ; ImmutableOopMap {r9=NarrowOop rcx=NarrowOop rbp=Oop [48]=Oop [56]=Oop [64]=Oop [72]=Oop [80]=Oop [88]=Oop [104]=Oop [120]=Oop [168]=Oop }
                      ;*ifne {reexecute=1 rethrow=0 return_oop=0}
                      ; - (reexecute) java.lang.ThreadLocal$ThreadLocalMap::cleanSomeSlots@56 (line 676)
                      ; - java.lang.ThreadLocal$ThreadLocalMap::set@113 (line 500)
                      ; - java.lang.ThreadLocal::setInitialValue@22 (line 199)
                      ; - java.lang.ThreadLocal::get@34 (line 172)
                      ; - org.gradle.internal.operations.CurrentBuildOperationRef::get@4 (line 37)
                      ; - org.gradle.internal.operations.CurrentBuildOperationRef::getId@1 (line 42)
                      ; - org.gradle.internal.logging.slf4j.BuildOperationAwareLogger::log@7 (line 141)
                      ; - org.gradle.internal.logging.slf4j.BuildOperationAwareLogger::log@32 (line 155)
                      ; - org.gradle.internal.logging.slf4j.BuildOperationAwareLogger::log@13 (line 145)
                      ; - org.gradle.internal.logging.slf4j.BuildOperationAwareLogger::debug@14 (line 168)
                      ; - org.gradle.internal.logging.slf4j.OutputEventListenerBackedLogger::debug@3 (line 25)
                      ; - org.gradle.internal.operations.DefaultBuildOperationRunner$BuildOperationTrackingListener::stop@23 (line 250)
                      ; - org.gradle.internal.operations.DefaultBuildOperationRunner$2::execute@62 (line 74)
                      ; - org.gradle.internal.operations.DefaultBuildOperationRunner$2::execute@8 (line 60)
                      ; - org.gradle.internal.operations.DefaultBuildOperationRunner::execute@141 (line 167)
                      ;   {poll}
  0x0000026911e85808: d1ea 4185 | 4500 4585 | d20f 84a3 | fdff ffff | c33b df0f | 1f44 0000 | 0f8d 560a | 0000 3bdf 
  0x0000026911e85828: 0f83 8726 | 0000 458b | 5c99 1045 | 85db 74c8 | 453b 630c | 0f1f 4000 | 0f84 71ff | ffff ebb8 
  0x0000026911e85848: 898c 24c0 | 0000 0048 | 8b54 2460 | 448b c390 

  0x0000026911e85858: ;   {optimized virtual_call}
  0x0000026911e85858: c5f8 77e8 

  0x0000026911e8585c: ; ImmutableOopMap {rbp=Oop [48]=Oop [56]=Oop [64]=Oop [88]=Oop [96]=Oop [104]=Oop [112]=Oop [120]=Oop [128]=Oop [136]=Oop [144]=NarrowOop [152]=Oop [164]=NarrowOop [192]=NarrowOop }
                      ;*invokevirtual expungeStaleEntry {reexecute=0 rethrow=0 return_oop=0}
                      ; - java.lang.ThreadLocal$ThreadLocalMap::cleanSomeSlots@47 (line 674)
                      ; - java.lang.ThreadLocal$ThreadLocalMap::set@113 (line 500)
                      ; - java.lang.ThreadLocal::set@17 (line 222)
                      ; - org.gradle.internal.logging.progress.DefaultProgressLoggerFactory$ProgressLoggerImpl::completed@22 (line 250)
                      ; - org.gradle.internal.operations.BuildOperationProgressEventListenerAdapter::stop@42 (line 78)
                      ; - org.gradle.internal.operations.DefaultBuildOperationRunner$BuildOperationTrackingListener::stop@9 (line 249)
                      ; - org.gradle.internal.operations.DefaultBuildOperationRunner$2::execute@62 (line 74)
                      ; - org.gradle.internal.operations.DefaultBuildOperationRunner$2::execute@8 (line 60)
                      ; - org.gradle.internal.operations.DefaultBuildOperationRunner::execute@141 (line 167)
  0x0000026911e8585c: 20bb 5afe | 8984 24b8 | 0000 0044 | 8b94 24a8 | 0000 0041 | b801 0000 | 008b 8c24 | c000 0000 
  0x0000026911e8587c: 0f1f 4000 | e9f2 dbff | ff48 8b54 | 2460 488b | 6c24 3090 

  0x0000026911e85890: ;   {optimized virtual_call}
  0x0000026911e85890: c5f8 77e8 

  0x0000026911e85894: ; ImmutableOopMap {rbp=Oop [48]=Oop [56]=Oop [64]=Oop [88]=Oop [104]=Oop [112]=Oop [120]=Oop [128]=Oop [136]=Oop [144]=NarrowOop [152]=Oop }
                      ;*invokevirtual rehash {reexecute=0 rethrow=0 return_oop=0}
                      ; - java.lang.ThreadLocal$ThreadLocalMap::set@129 (line 501)
                      ; - java.lang.ThreadLocal::set@17 (line 222)
                      ; - org.gradle.internal.logging.progress.DefaultProgressLoggerFactory$ProgressLoggerImpl::completed@22 (line 250)
                      ; - org.gradle.internal.operations.BuildOperationProgressEventListenerAdapter::stop@42 (line 78)
                      ; - org.gradle.internal.operations.DefaultBuildOperationRunner$BuildOperationTrackingListener::stop@9 (line 249)
                      ; - org.gradle.internal.operations.DefaultBuildOperationRunner$2::execute@62 (line 74)
                      ; - org.gradle.internal.operations.DefaultBuildOperationRunner$2::execute@8 (line 60)
                      ; - org.gradle.internal.operations.DefaultBuildOperationRunner::execute@141 (line 167)
  0x0000026911e85894: e8ba 5afe | e95d dcff | ff33 ed45 | 33c0 e98d | d0ff ff45 

  0x0000026911e858a8: ;   {metadata('org/gradle/internal/operations/BuildOperationState')}
  0x0000026911e858a8: 8b4a 0841 | 81f9 10d7 | 2601 0f85 | fd2c 0000 | 458b 5a0c | 0f1f 4000 

  0x0000026911e858c0: ; implicit exception: dispatches to 0x0000026911e8957c
  0x0000026911e858c0: 418b 7b10 | e92f d1ff 

  0x0000026911e858c8: ;   {metadata('org/gradle/internal/operations/OperationIdentifier')}
  0x0000026911e858c8: ff48 ba78 | 8225 2069 | 0200 004c | 8944 2448 

  0x0000026911e858d8: ;   {runtime_call _new_instance_Java}
  0x0000026911e858d8: c5f8 77e8 

  0x0000026911e858dc: ; ImmutableOopMap {rbp=Oop [48]=Oop [64]=Oop [72]=Oop [128]=Oop }
                      ;*new {reexecute=0 rethrow=0 return_oop=1}
                      ; - org.gradle.internal.operations.DefaultBuildOperationRunner::execute@22 (line 158)
  0x0000026911e858dc: 2096 65fe | 4c8b c84c | 8b44 2448 | e9e7 cfff | ff4c 8944 | 2468 4c89 | 4c24 4848 | 895c 2420 
  0x0000026911e858fc: ;   {metadata('org/gradle/internal/operations/BuildOperationDescriptor')}
  0x0000026911e858fc: 48ba b8c8 | 2620 6902 | 0000 6690 

  0x0000026911e85908: ;   {runtime_call _new_instance_Java}
  0x0000026911e85908: c5f8 77e8 

  0x0000026911e8590c: ; ImmutableOopMap {rbp=Oop [32]=Oop [48]=Oop [64]=Oop [72]=Oop [104]=Oop [128]=Oop }
                      ;*new {reexecute=0 rethrow=0 return_oop=1}
                      ; - org.gradle.internal.operations.BuildOperationDescriptor$Builder::build@0 (line 190)
                      ; - org.gradle.internal.operations.DefaultBuildOperationRunner::execute@60 (line 159)
  0x0000026911e8590c: f095 65fe | e97a d0ff 

  0x0000026911e85914: ;   {metadata('org/gradle/internal/operations/BuildOperationState')}
  0x0000026911e85914: ff48 ba10 | d726 2069 | 0200 0090 

  0x0000026911e85920: ;   {runtime_call _new_instance_Java}
  0x0000026911e85920: c5f8 77e8 

  0x0000026911e85924: ; ImmutableOopMap {[32]=Oop [48]=Oop [104]=Oop [112]=Oop [128]=Oop }
                      ;*new {reexecute=0 rethrow=0 return_oop=1}
                      ; - org.gradle.internal.operations.DefaultBuildOperationRunner::execute@74 (line 164)
  0x0000026911e85924: d895 65fe | e92d d3ff | ff44 896c | 2448 48ff | 7424 7848 | 8f44 2440 | 4889 7c24 | 3849 8bee 
  0x0000026911e85944: ;   {metadata('org/gradle/internal/operations/DefaultBuildOperationRunner$BuildOperationTrackingListener')}
  0x0000026911e85944: 48ba 70d9 | 2620 6902 | 0000 6690 

  0x0000026911e85950: ;   {runtime_call _new_instance_Java}
  0x0000026911e85950: c5f8 77e8 

  0x0000026911e85954: ; ImmutableOopMap {rbp=Oop [48]=Oop [64]=Oop [72]=NarrowOop [104]=Oop [112]=Oop [120]=Oop [128]=Oop }
                      ;*new {reexecute=0 rethrow=0 return_oop=1}
                      ; - org.gradle.internal.operations.DefaultBuildOperationRunner::execute@94 (line 165)
  0x0000026911e85954: a895 65fe | 4c8b f548 | 8b7c 2438 | 448b 6c24 | 48e9 28d5 | ffff 4889 | 5c24 4848 | ff74 2478 
  0x0000026911e85974: 488f 4424 | 4048 897c | 2438 498b 

  0x0000026911e85980: ;   {metadata('java/util/concurrent/atomic/AtomicBoolean')}
  0x0000026911e85980: ee48 ba28 | d306 2069 | 0200 0090 

  0x0000026911e8598c: ;   {runtime_call _new_instance_Java}
  0x0000026911e8598c: c5f8 77e8 

  0x0000026911e85990: ; ImmutableOopMap {rbp=Oop [48]=Oop [64]=Oop [104]=Oop [112]=Oop [120]=Oop [128]=Oop }
                      ;*new {reexecute=0 rethrow=0 return_oop=1}
                      ; - org.gradle.internal.operations.BuildOperationState::<init>@5 (line 24)
                      ; - org.gradle.internal.operations.DefaultBuildOperationRunner::execute@89 (line 164)
  0x0000026911e85990: 6c95 65fe | 4c8b f548 | 8b7c 2438 | 488b 5c24 | 4848 8bf0 | e906 d4ff | ff48 895c | 2450 4489 
  0x0000026911e859b0: 6c24 4848 | ff74 2478 | 488f 4424 | 4048 897c 

  0x0000026911e859c0: ;   {metadata('org/gradle/internal/operations/DefaultBuildOperationRunner$DefaultBuildOperationContext')}
  0x0000026911e859c0: 2438 48ba | 40de 2620 | 6902 0000 

  0x0000026911e859cc: ;   {runtime_call _new_instance_Java}
  0x0000026911e859cc: c5f8 77e8 

  0x0000026911e859d0: ; ImmutableOopMap {rbp=NarrowOop [48]=Oop [64]=Oop [72]=NarrowOop [80]=Oop [104]=Oop [112]=Oop [120]=Oop [128]=Oop }
                      ;*new {reexecute=0 rethrow=0 return_oop=1}
                      ; - org.gradle.internal.operations.DefaultBuildOperationRunner::execute@117 (line 166)
  0x0000026911e859d0: 2c95 65fe | 488b 7c24 | 3844 8b6c | 2448 488b | 5c24 50e9 | eed5 ffff | 4489 4c24 | 6044 895c 
  0x0000026911e859f0: 245c 4489 | 5424 5889 | 4c24 4c48 | 895c 2450 | 4489 6c24 | 4848 ff74 | 2478 488f | 4424 4048 
  0x0000026911e85a10: 897c 2438 | 48ff 7424 | 6848 8f44 

  0x0000026911e85a1c: ;   {metadata('org/gradle/internal/operations/BuildOperationProgressEventListenerAdapter')}
  0x0000026911e85a1c: 2420 48ba | d8db 2620 | 6902 0000 

  0x0000026911e85a28: ;   {runtime_call _new_instance_Java}
  0x0000026911e85a28: c5f8 77e8 

  0x0000026911e85a2c: ; ImmutableOopMap {rbp=Oop [32]=Oop [48]=Oop [64]=Oop [72]=NarrowOop [76]=NarrowOop [80]=Oop [88]=NarrowOop [92]=NarrowOop [96]=NarrowOop [112]=Oop [120]=Oop [128]=Oop }
                      ;*new {reexecute=0 rethrow=0 return_oop=1}
                      ; - org.gradle.internal.service.scopes.WorkerSharedGlobalScopeServices::lambda$createBuildOperationRunner$0@0 (line 213)
                      ; - org.gradle.internal.service.scopes.WorkerSharedGlobalScopeServices$$Lambda$131/0x0000026920197060::createListener@12
                      ; - org.gradle.internal.operations.DefaultBuildOperationRunner::execute@106 (line 165)
  0x0000026911e85a2c: d094 65fe | 48ff 7424 | 2048 8f44 | 2468 488b | 7c24 3844 | 8b6c 2448 | 488b 5c24 | 508b 4c24 
  0x0000026911e85a4c: 4c4c 8bc0 | 448b 5424 | 5844 8b5c | 245c 448b | 4c24 6090 | e9a9 d4ff | ff44 8974 | 2448 4c89 
  0x0000026911e85a6c: 6c24 2049 

  0x0000026911e85a70: ;   {metadata('org/gradle/internal/logging/events/ProgressCompleteEvent')}
  0x0000026911e85a70: 8be8 48ba | 5808 0d20 | 6902 0000 

  0x0000026911e85a7c: ;   {runtime_call _new_instance_Java}
  0x0000026911e85a7c: c5f8 77e8 

  0x0000026911e85a80: ; ImmutableOopMap {rbp=Oop [32]=Oop [48]=Oop [56]=Oop [64]=Oop [72]=NarrowOop [88]=Oop [104]=Oop [112]=Oop [120]=Oop [136]=Oop [144]=NarrowOop }
                      ;*new {reexecute=0 rethrow=0 return_oop=1}
                      ; - org.gradle.internal.logging.progress.DefaultProgressLoggerFactory$ProgressLoggerImpl::completed@29 (line 251)
                      ; - org.gradle.internal.operations.BuildOperationProgressEventListenerAdapter::stop@42 (line 78)
                      ; - org.gradle.internal.operations.DefaultBuildOperationRunner$BuildOperationTrackingListener::stop@9 (line 249)
                      ; - org.gradle.internal.operations.DefaultBuildOperationRunner$2::execute@62 (line 74)
                      ; - org.gradle.internal.operations.DefaultBuildOperationRunner$2::execute@8 (line 60)
                      ; - org.gradle.internal.operations.DefaultBuildOperationRunner::execute@141 (line 167)
  0x0000026911e85a80: 7c94 65fe | 4c8b c54c | 8b6c 2420 | 448b 7424 | 48e9 c0da | ffff 8974 | 2448 498b 

  0x0000026911e85a9c: ;   {metadata('org/gradle/internal/operations/OperationFinishEvent')}
  0x0000026911e85a9c: eb48 ba80 | 5136 2069 | 0200 0090 

  0x0000026911e85aa8: ;   {runtime_call _new_instance_Java}
  0x0000026911e85aa8: c5f8 77e8 

  0x0000026911e85aac: ; ImmutableOopMap {rbp=Oop [32]=Oop [48]=Oop [56]=Oop [64]=Oop [72]=NarrowOop [104]=Oop [112]=Oop [120]=Oop [136]=Oop }
                      ;*new {reexecute=0 rethrow=0 return_oop=1}
                      ; - org.gradle.internal.operations.BuildOperationProgressEventListenerAdapter::stop@52 (line 79)
                      ; - org.gradle.internal.operations.DefaultBuildOperationRunner$BuildOperationTrackingListener::stop@9 (line 249)
                      ; - org.gradle.internal.operations.DefaultBuildOperationRunner$2::execute@62 (line 74)
                      ; - org.gradle.internal.operations.DefaultBuildOperationRunner$2::execute@8 (line 60)
                      ; - org.gradle.internal.operations.DefaultBuildOperationRunner::execute@141 (line 167)
  0x0000026911e85aac: 5094 65fe | 4c8b dd8b | 7424 48e9 | cfdd ffff | 448b 531c | 4585 d20f | 84ac e2ff | ff4d 8b5f 
  0x0000026911e85acc: 2049 8bca | 4d85 db0f | 84e3 1b00 | 004d 8b57 | 304b 894c | 1af8 4983 | c3f8 4d89 | 5f20 e986 
  0x0000026911e85aec: ;   {metadata('java/lang/ThreadLocal$ThreadLocalMap$Entry')}
  0x0000026911e85aec: e2ff ff48 | bac0 980b | 1f69 0200 | 004c 8b94 | 24a8 0000 | 004c 8954 | 2420 6690 

  0x0000026911e85b08: ;   {runtime_call _new_instance_Java}
  0x0000026911e85b08: c5f8 77e8 

  0x0000026911e85b0c: ; ImmutableOopMap {rbp=Oop [32]=Oop [48]=Oop [56]=Oop [64]=Oop [72]=Oop [80]=NarrowOop [88]=Oop [96]=Oop [104]=Oop [112]=Oop [120]=Oop [128]=Oop [136]=Oop [144]=NarrowOop [152]=Oop [160]=NarrowOop [164]=NarrowOop [176]=NarrowOop }
                      ;*new {reexecute=0 rethrow=0 return_oop=1}
                      ; - java.lang.ThreadLocal$ThreadLocalMap::set@85 (line 498)
                      ; - java.lang.ThreadLocal::set@17 (line 222)
                      ; - org.gradle.internal.logging.progress.DefaultProgressLoggerFactory$ProgressLoggerImpl::completed@22 (line 250)
                      ; - org.gradle.internal.operations.BuildOperationProgressEventListenerAdapter::stop@42 (line 78)
                      ; - org.gradle.internal.operations.DefaultBuildOperationRunner$BuildOperationTrackingListener::stop@9 (line 249)
                      ; - org.gradle.internal.operations.DefaultBuildOperationRunner$2::execute@62 (line 74)
                      ; - org.gradle.internal.operations.DefaultBuildOperationRunner$2::execute@8 (line 60)
                      ; - org.gradle.internal.operations.DefaultBuildOperationRunner::execute@141 (line 167)
  0x0000026911e85b0c: f093 65fe | 488b d8e9 | fed7 ffff | 85ff 660f | 1f44 0000 | 0f85 2bd2 | ffff baf6 | ffff ff90 
  0x0000026911e85b2c: ;   {runtime_call UncommonTrapBlob}
  0x0000026911e85b2c: c5f8 77e8 

  0x0000026911e85b30: ; ImmutableOopMap {}
                      ;*invokevirtual get {reexecute=0 rethrow=0 return_oop=0}
                      ; - org.gradle.internal.time.MonotonicClock::advance@4 (line 111)
                      ; - org.gradle.internal.time.MonotonicClock::getCurrentTime@66 (line 86)
                      ; - org.gradle.internal.operations.DefaultBuildOperationRunner::execute@84 (line 164)
  0x0000026911e85b30: cc0d 5bfe | 85ff 0f85 | 2cdb ffff | baf6 ffff | ff48 8b6c | 2430 4c8b | 5424 384c | 8954 2430 
  0x0000026911e85b50: ;   {runtime_call UncommonTrapBlob}
  0x0000026911e85b50: c5f8 77e8 

  0x0000026911e85b54: ; ImmutableOopMap {rbp=Oop [48]=Oop [64]=Oop [112]=Oop [120]=Oop }
                      ;*invokevirtual get {reexecute=0 rethrow=0 return_oop=0}
                      ; - org.gradle.internal.time.MonotonicClock::advance@4 (line 111)
                      ; - org.gradle.internal.time.MonotonicClock::getCurrentTime@66 (line 86)
                      ; - org.gradle.internal.logging.progress.DefaultProgressLoggerFactory$ProgressLoggerImpl::completed@41 (line 251)
                      ; - org.gradle.internal.operations.BuildOperationProgressEventListenerAdapter::stop@42 (line 78)
                      ; - org.gradle.internal.operations.DefaultBuildOperationRunner$BuildOperationTrackingListener::stop@9 (line 249)
                      ; - org.gradle.internal.operations.DefaultBuildOperationRunner$2::execute@62 (line 74)
                      ; - org.gradle.internal.operations.DefaultBuildOperationRunner$2::execute@8 (line 60)
                      ; - org.gradle.internal.operations.DefaultBuildOperationRunner::execute@141 (line 167)
  0x0000026911e85b54: a80d 5bfe | 85f6 660f | 1f44 0000 | 0f85 2bde | ffff baf6 | ffff ff48 | 8b6c 2430 | 4c8b 5424 
  0x0000026911e85b74: 384c 8954 | 2430 6690 

  0x0000026911e85b7c: ;   {runtime_call UncommonTrapBlob}
  0x0000026911e85b7c: c5f8 77e8 

  0x0000026911e85b80: ; ImmutableOopMap {rbp=Oop [48]=Oop [64]=Oop [112]=Oop [120]=Oop }
                      ;*invokevirtual get {reexecute=0 rethrow=0 return_oop=0}
                      ; - org.gradle.internal.time.MonotonicClock::advance@4 (line 111)
                      ; - org.gradle.internal.time.MonotonicClock::getCurrentTime@66 (line 86)
                      ; - org.gradle.internal.operations.BuildOperationProgressEventListenerAdapter::stop@64 (line 79)
                      ; - org.gradle.internal.operations.DefaultBuildOperationRunner$BuildOperationTrackingListener::stop@9 (line 249)
                      ; - org.gradle.internal.operations.DefaultBuildOperationRunner$2::execute@62 (line 74)
                      ; - org.gradle.internal.operations.DefaultBuildOperationRunner$2::execute@8 (line 60)
                      ; - org.gradle.internal.operations.DefaultBuildOperationRunner::execute@141 (line 167)
  0x0000026911e85b80: 7c0d 5bfe | 48bf 0000 | ab17 6902 | 0000 6690 | 448b 5e20 | 4585 db0f | 84a7 2a00 | 00f0 490f 
  0x0000026911e85ba0: b15b 1041 | 0f94 c345 | 0fb6 db45 | 85db 0f85 | 62f8 ffff | 498b af50 | 0300 004c 

  0x0000026911e85bbc: ; ImmutableOopMap {r9=Oop rsi=Oop r14=Oop [48]=Oop [104]=Oop [112]=Oop [120]=Oop [128]=Oop }
                      ;*goto {reexecute=1 rethrow=0 return_oop=0}
                      ; - (reexecute) org.gradle.internal.time.MonotonicClock::advance@30 (line 117)
                      ; - org.gradle.internal.time.MonotonicClock::sync@10 (line 99)
                      ; - org.gradle.internal.time.MonotonicClock::getCurrentTime@56 (line 84)
                      ; - org.gradle.internal.operations.DefaultBuildOperationRunner::execute@84 (line 164)
  0x0000026911e85bbc: 8b4c 2478 

  0x0000026911e85bc0: ;   {poll}
  0x0000026911e85bc0: 8545 0044 | 8b5e 2049 | 8b43 1048 | 3bd8 7fc0 | e93e f8ff | ff66 6666 | 0f1f 8400 | 0000 0000 
  0x0000026911e85be0: 448b 5b20 | 4585 db0f | 846f 2a00 | 004c 8b54 | 2448 f04d | 0fb1 5310 | 410f 94c3 | 450f b6db 
  0x0000026911e85c00: 4585 db0f | 85a5 f8ff | ff4d 8b97 

  0x0000026911e85c0c: ; ImmutableOopMap {rbx=Oop rsi=NarrowOop rbp=Oop r13=Oop r14=NarrowOop [32]=Oop [48]=Oop [56]=Oop [64]=Oop [88]=Oop [104]=Oop [112]=Oop [120]=Oop [136]=Oop [144]=NarrowOop [152]=Oop }
                      ;*goto {reexecute=1 rethrow=0 return_oop=0}
                      ; - (reexecute) org.gradle.internal.time.MonotonicClock::advance@30 (line 117)
                      ; - org.gradle.internal.time.MonotonicClock::sync@10 (line 99)
                      ; - org.gradle.internal.time.MonotonicClock::getCurrentTime@56 (line 84)
                      ; - org.gradle.internal.logging.progress.DefaultProgressLoggerFactory$ProgressLoggerImpl::completed@41 (line 251)
                      ; - org.gradle.internal.operations.BuildOperationProgressEventListenerAdapter::stop@42 (line 78)
                      ; - org.gradle.internal.operations.DefaultBuildOperationRunner$BuildOperationTrackingListener::stop@9 (line 249)
                      ; - org.gradle.internal.operations.DefaultBuildOperationRunner$2::execute@62 (line 74)
                      ; - org.gradle.internal.operations.DefaultBuildOperationRunner$2::execute@8 (line 60)
                      ; - org.gradle.internal.operations.DefaultBuildOperationRunner::execute@141 (line 167)
  0x0000026911e85c0c: 5003 0000 

  0x0000026911e85c10: ;   {poll}
  0x0000026911e85c10: 4185 0244 | 8b53 2049 | 8b42 104c | 8b54 2448 | 4c3b d07f | bbe9 7ff8 | ffff 660f | 1f44 0000 
  0x0000026911e85c30: 448b 5320 | 4585 d20f | 844b 2a00 | 00f0 4d0f | b15a 1041 | 0f94 c045 | 0fb6 c045 | 85c0 0f85 
  0x0000026911e85c50: f8f8 ffff | 4d8b 8750 

  0x0000026911e85c58: ; ImmutableOopMap {rbx=Oop r13=Oop r14=NarrowOop [32]=Oop [48]=Oop [56]=Oop [64]=Oop [104]=Oop [112]=Oop [120]=Oop [136]=Oop }
                      ;*goto {reexecute=1 rethrow=0 return_oop=0}
                      ; - (reexecute) org.gradle.internal.time.MonotonicClock::advance@30 (line 117)
                      ; - org.gradle.internal.time.MonotonicClock::sync@10 (line 99)
                      ; - org.gradle.internal.time.MonotonicClock::getCurrentTime@56 (line 84)
                      ; - org.gradle.internal.operations.BuildOperationProgressEventListenerAdapter::stop@64 (line 79)
                      ; - org.gradle.internal.operations.DefaultBuildOperationRunner$BuildOperationTrackingListener::stop@9 (line 249)
                      ; - org.gradle.internal.operations.DefaultBuildOperationRunner$2::execute@62 (line 74)
                      ; - org.gradle.internal.operations.DefaultBuildOperationRunner$2::execute@8 (line 60)
                      ; - org.gradle.internal.operations.DefaultBuildOperationRunner::execute@141 (line 167)
                      ;   {poll}
  0x0000026911e85c58: 0300 0041 | 8500 448b | 4320 498b | 4010 4c3b | d87f c5e9 | d9f8 ffff | 448b 5b24 | 4585 db0f 
  0x0000026911e85c78: 8478 e7ff | ff4d 8b57 | 2049 8bcb | 4d85 d20f | 845b 2000 | 004d 8b5f | 304b 894c | 13f8 4983 
  0x0000026911e85c98: c2f8 4d89 | 5720 6690 | e950 e7ff | ff44 8b53 | 2045 85d2 | 0f84 02e7 | ffff 4d8b | 5f20 498b 
  0x0000026911e85cb8: ca4d 85db | 0f1f 4000 | 0f84 3f20 | 0000 4d8b | 5730 4b89 | 4c1a f849 | 83c3 f84d | 895f 20e9 
  0x0000026911e85cd8: d8e6 ffff | 448b 4318 | 4585 c00f | 8442 e6ff | ff4d 8b57 | 2049 8bc8 | 4d85 d20f | 8424 2000 
  0x0000026911e85cf8: 004d 8b47 | 304b 894c | 10f8 4983 | c2f8 4d89 | 5720 e91c | e6ff ff44 | 8b43 1c45 | 85c0 0f84 
  0x0000026911e85d18: 4fe6 ffff | 4d8b 5720 | 498b c84d | 85d2 0f84 | 3920 0000 | 4d8b 4730 | 4b89 4c10 | f849 83c2 
  0x0000026911e85d38: f84d 8957 | 2066 6690 | e926 e6ff | ff49 8bdd | 448b 5b0c | 4585 db0f | 8462 e5ff | ff4d 8b47 
  0x0000026911e85d58: 2049 8bcb | 0f1f 4000 | 4d85 c00f | 84dc 1f00 | 004d 8b5f | 304b 894c | 03f8 4983 | c0f8 4d89 
  0x0000026911e85d78: 4720 e938 | e5ff ff4d | 8b57 404d | 8b47 50f0 | 8344 24c0 | 0080 3900 | 0f84 c9e5 | ffff 4488 
  0x0000026911e85d98: 214d 85d2 | 7527 4c8b | eb49 8beb | 498b d7c5 | f877 49ba | 30ce 6e57 | f87f 0000 | 41ff d24c 
  0x0000026911e85db8: 8bdd 498b | dd66 6690 | e99a e5ff | ff4b 894c | 10f8 4983 | c2f8 4d89 | 5740 e988 | e5ff ff4d 
  0x0000026911e85dd8: 8b57 404d | 8b5f 50f0 | 8344 24c0 | 0080 3900 | 0f84 bbe5 | ffff 4488 | 214d 85d2 | 751f 498b 
  0x0000026911e85df8: d70f 1f80 | 0000 0000 | c5f8 7749 | ba30 ce6e | 57f8 7f00 | 0041 ffd2 | e994 e5ff | ff4b 894c 
  0x0000026911e85e18: 13f8 4983 | c2f8 4d89 | 5740 e982 | e5ff ff4d | 8b57 404d | 8b47 50f0 | 8344 24c0 | 0080 3900 
  0x0000026911e85e38: 0f84 e1e4 | ffff 4488 | 214d 85d2 | 7537 4889 | 5c24 2049 | 8beb 498b | d766 6666 | 0f1f 8400 
  0x0000026911e85e58: 0000 0000 | 6666 6690 | c5f8 7749 | ba30 ce6e | 57f8 7f00 | 0041 ffd2 | 4c8b dd48 | 8b5c 2420 
  0x0000026911e85e78: e9a2 e4ff | ff4b 894c | 10f8 4983 | c2f8 4d89 | 5740 e990 | e4ff ff4d | 8b57 404d | 8b5f 50f0 
  0x0000026911e85e98: 8344 24c0 | 0066 6690 | 4180 3800 | 0f84 40e5 | ffff 4588 | 204d 85d2 | 7523 498b | c849 8bd7 
  0x0000026911e85eb8: 0f1f 8400 | 0000 0000 | c5f8 7749 | ba30 ce6e | 57f8 7f00 | 0041 ffd2 | e915 e5ff | ff4f 8944 
  0x0000026911e85ed8: 13f8 4983 | c2f8 4d89 | 5740 e903 | e5ff ff44 | 8b53 1c45 | 85d2 0f84 | b928 0000 | 488b c1f0 
  0x0000026911e85ef8: 4d0f b14a | 1041 0f94 | c045 0fb6 | c08b 7320 | 4585 c00f | 8424 0d00 | 008b 6b0c 

  0x0000026911e85f14: ; implicit exception: dispatches to 0x0000026911e895d0
  0x0000026911e85f14: 448b 5508 | 0f1f 8400 | 0000 0000 

  0x0000026911e85f20: ;   {metadata('org/gradle/internal/time/TimeSource$1')}
  0x0000026911e85f20: 4181 fa40 | 1001 010f | 8533 2900 | 00c5 f877 | 49ba b0a3 | a957 f87f | 0000 41ff | d266 6690 
  0x0000026911e85f40: ; implicit exception: dispatches to 0x0000026911e89614
  0x0000026911e85f40: 4c8b 5e10 | 4d8b c34c | 8bd0 493b | c30f 8f40 | 0d00 004d | 8bd3 448b | 5b18 660f | 1f44 0000 
  0x0000026911e85f60: 4585 db0f | 849f 2800 | 0049 8bc6 | f04d 0fb1 | 5310 410f | 94c3 450f | b6db e92a | e3ff ff4c 
  0x0000026911e85f80: 8bd7 458b | 521c 4585 | d20f 84ae | e6ff ff4d | 8b5f 2049 | 8bca 4d85 | db0f 849d | 1e00 004d 
  0x0000026911e85fa0: 8b57 304b | 894c 1af8 | 4983 c3f8 | 4d89 5f20 | e988 e6ff | ff45 8b5a | 1045 85db | 0f1f 4000 
  0x0000026911e85fc0: 0f84 28e6 | ffff 4d8b | 5720 498b | cb4d 85d2 | 0f84 7f1e | 0000 4d8b | 5f30 4b89 | 4c13 f849 
  0x0000026911e85fe0: 83c2 f84d | 8957 20e9 | 02e6 ffff | 448b 1e45 | 85db 0f84 | c1e6 ffff | 4d8b 5720 | 498b cb90 
  0x0000026911e86000: 4d85 d20f | 848c 1e00 | 004d 8b5f | 304b 894c | 13f8 4983 | c2f8 4d89 | 5720 e99a | e6ff ff4c 
  0x0000026911e86020: 8b84 2480 | 0000 0045 | 8b50 4445 | 85d2 0f84 | dfe6 ffff | 4d8b 5f20 | 498b ca0f | 1f44 0000 
  0x0000026911e86040: 4d85 db0f | 842c 1e00 | 0049 8bf8 | 4d8b 5730 | 4b89 4c1a | f849 83c3 | f84d 895f | 204c 8bc7 
  0x0000026911e86060: e9ae e6ff | ff4d 8b57 | 504d 8b5f | 40f0 8344 | 24c0 0080 | 3900 0f84 | b0e5 ffff | 4488 2190 
  0x0000026911e86080: 4d85 db75 | 1849 8bd7 | c5f8 7749 | ba30 ce6e | 57f8 7f00 | 0041 ffd2 | e98f e5ff | ff4b 894c 
  0x0000026911e860a0: 1af8 4983 | c3f8 4d89 | 5f40 e97d | e5ff ff4d | 8b57 504d | 8b5f 40f0 | 8344 24c0 | 0066 6690 
  0x0000026911e860c0: 8039 0074 | 2b44 8821 | 4d85 db74 | 0f4b 894c | 1af8 4983 | c3f8 4d89 | 5f40 eb14 | 498b d790 
  0x0000026911e860e0: c5f8 7749 | ba30 ce6e | 57f8 7f00 | 0041 ffd2 | 4c8b 9424 | a800 0000 | 458b 5a0c | 418b eb4c 
  0x0000026911e86100: 8b94 24b0 | 0000 0045 | 8b5a 144d | 8bd3 4c89 | 5424 20e9 | 67e4 ffff | 4d8b 5750 | 4d8b 5f40 
  0x0000026911e86120: f083 4424 | c000 8039 | 000f 84c7 | e5ff ff44 | 8821 4d85 | db75 1e49 | 8bd7 660f | 1f44 0000 
  0x0000026911e86140: c5f8 7749 | ba30 ce6e | 57f8 7f00 | 0041 ffd2 | e9a1 e5ff | ff4b 894c | 1af8 4983 | c3f8 4d89 
  0x0000026911e86160: 5f40 e98f | e5ff ff4d | 8b57 504d | 8b5f 40f0 | 8344 24c0 | 0080 3900 | 0f84 0ee5 | ffff 4488 
  0x0000026911e86180: 214d 85db | 7518 498b | d7c5 f877 | 49ba 30ce | 6e57 f87f | 0000 41ff | d2e9 eee4 | ffff 4b89 
  0x0000026911e861a0: 4c1a f849 | 83c3 f84d | 895f 40e9 | dce4 ffff | bae4 ffff | ff48 8b6c | 2430 4c8b | 5c24 784c 
  0x0000026911e861c0: 895c 2428 | 4c8b 5c24 | 384c 895c | 2430 4c8b | 5c24 404c | 895c 2438 | 4c8b 5c24 | 704c 895c 
  0x0000026911e861e0: 2440 4c8b | 5c24 684c | 895c 2448 | 4c8b 5c24 | 584c 895c | 2450 4c8b | 5c24 704c | 895c 2458 
  0x0000026911e86200: 4c8b 9c24 | 8800 0000 | 4c89 5c24 | 684c 8b9c | 2498 0000 | 004c 895c | 2470 448b | 8c24 9000 
  0x0000026911e86220: 0000 4489 | 4c24 7844 | 8b8c 2494 | 0000 0044 | 894c 247c | 448b 8c24 | a400 0000 | 4489 8c24 
  0x0000026911e86240: 8000 0000 | 448b 8c24 | a000 0000 | 4489 8c24 | 8400 0000 | 4489 9424 | 9000 0000 | 4489 8424 
  0x0000026911e86260: 9400 0000 | 898c 24a0 | 0000 0089 | 9c24 a400 | 0000 6690 

  0x0000026911e86274: ;   {runtime_call UncommonTrapBlob}
  0x0000026911e86274: c5f8 77e8 

  0x0000026911e86278: ; ImmutableOopMap {rbp=Oop [40]=Oop [48]=Oop [56]=Oop [64]=Oop [72]=Oop [80]=Oop [88]=Oop [104]=Oop [112]=Oop [120]=NarrowOop [128]=NarrowOop [160]=NarrowOop }
                      ;*aaload {reexecute=0 rethrow=0 return_oop=0}
                      ; - java.lang.ThreadLocal$ThreadLocalMap::cleanSomeSlots@23 (line 670)
                      ; - java.lang.ThreadLocal$ThreadLocalMap::set@113 (line 500)
                      ; - java.lang.ThreadLocal::set@17 (line 222)
                      ; - org.gradle.internal.logging.progress.DefaultProgressLoggerFactory$ProgressLoggerImpl::completed@22 (line 250)
                      ; - org.gradle.internal.operations.BuildOperationProgressEventListenerAdapter::stop@42 (line 78)
                      ; - org.gradle.internal.operations.DefaultBuildOperationRunner$BuildOperationTrackingListener::stop@9 (line 249)
                      ; - org.gradle.internal.operations.DefaultBuildOperationRunner$2::execute@62 (line 74)
                      ; - org.gradle.internal.operations.DefaultBuildOperationRunner$2::execute@8 (line 60)
                      ; - org.gradle.internal.operations.DefaultBuildOperationRunner::execute@141 (line 167)
  0x0000026911e86278: 8406 5bfe | 33db 6690 | e9a1 f5ff | ffba e4ff | ffff 488b | 6c24 304c | 8b4c 2478 | 4c89 4c24 
  0x0000026911e86298: 284c 8b4c | 2438 4c89 | 4c24 304c | 8b4c 2440 | 4c89 4c24 | 384c 8b4c | 2470 4c89 | 4c24 404c 
  0x0000026911e862b8: 8b4c 2468 | 4c89 4c24 | 484c 8b4c | 2470 4c89 | 4c24 5048 | 895c 2458 | 4c89 4424 | 7044 895c 
  0x0000026911e862d8: 246c 4489 | 5c24 7844 | 8954 247c 

  0x0000026911e862e4: ;   {runtime_call UncommonTrapBlob}
  0x0000026911e862e4: c5f8 77e8 

  0x0000026911e862e8: ; ImmutableOopMap {rbp=Oop [40]=Oop [48]=Oop [56]=Oop [64]=Oop [72]=Oop [80]=Oop [88]=Oop [112]=Oop }
                      ;*invokestatic checkIndex {reexecute=0 rethrow=0 return_oop=0}
                      ; - java.util.Objects::checkIndex@3 (line 361)
                      ; - java.util.ArrayList::get@5 (line 427)
                      ; - org.gradle.internal.operations.DefaultBuildOperationListenerManager$1::finished@26 (line 60)
                      ; - org.gradle.internal.operations.BuildOperationProgressEventListenerAdapter::stop@86 (line 79)
                      ; - org.gradle.internal.operations.DefaultBuildOperationRunner$BuildOperationTrackingListener::stop@9 (line 249)
                      ; - org.gradle.internal.operations.DefaultBuildOperationRunner$2::execute@62 (line 74)
                      ; - org.gradle.internal.operations.DefaultBuildOperationRunner$2::execute@8 (line 60)
                      ; - org.gradle.internal.operations.DefaultBuildOperationRunner::execute@141 (line 167)
  0x0000026911e862e8: 1406 5bfe | bae4 ffff | ff48 8b6c | 2430 488b | 4c24 3848 | 894c 2430 | 488b 4c24 | 4048 894c 
  0x0000026911e86308: 2438 488b | 4c24 7048 | 894c 2440 | 488b 4c24 | 6848 894c | 2448 488b | 4c24 7048 | 894c 2450 
  0x0000026911e86328: 4889 5c24 | 584c 8944 | 2460 4489 | 5c24 6844 | 8954 246c | 4489 4c24 | 7066 6690 

  0x0000026911e86344: ;   {runtime_call UncommonTrapBlob}
  0x0000026911e86344: c5f8 77e8 

  0x0000026911e86348: ; ImmutableOopMap {rbp=Oop [48]=Oop [56]=Oop [64]=Oop [72]=Oop [80]=Oop [88]=Oop [96]=Oop [108]=NarrowOop [120]=Oop }
                      ;*aaload {reexecute=0 rethrow=0 return_oop=0}
                      ; - java.util.ArrayList::elementData@5 (line 411)
                      ; - java.util.ArrayList::get@11 (line 428)
                      ; - org.gradle.internal.operations.DefaultBuildOperationListenerManager$1::finished@26 (line 60)
                      ; - org.gradle.internal.operations.BuildOperationProgressEventListenerAdapter::stop@86 (line 79)
                      ; - org.gradle.internal.operations.DefaultBuildOperationRunner$BuildOperationTrackingListener::stop@9 (line 249)
                      ; - org.gradle.internal.operations.DefaultBuildOperationRunner$2::execute@62 (line 74)
                      ; - org.gradle.internal.operations.DefaultBuildOperationRunner$2::execute@8 (line 60)
                      ; - org.gradle.internal.operations.DefaultBuildOperationRunner::execute@141 (line 167)
  0x0000026911e86348: b405 5bfe | bacc ffff | ff48 8b6c | 2430 4c8b | 4c24 784c | 894c 2428 | 4c8b 4c24 | 384c 894c 
  0x0000026911e86368: 2430 4c8b | 4c24 404c | 894c 2438 | 4c8b 4c24 | 704c 894c | 2440 4c8b | 4c24 684c | 894c 2448 
  0x0000026911e86388: 4c8b 4c24 | 704c 894c | 2450 4889 | 5c24 584c | 8944 2470 | 4489 5c24 | 6c44 895c | 2478 4489 
  0x0000026911e863a8: 5424 7c90 

  0x0000026911e863ac: ;   {runtime_call UncommonTrapBlob}
  0x0000026911e863ac: c5f8 77e8 

  0x0000026911e863b0: ; ImmutableOopMap {rbp=Oop [40]=Oop [48]=Oop [56]=Oop [64]=Oop [72]=Oop [80]=Oop [88]=Oop [112]=Oop }
                      ;*invokestatic checkIndex {reexecute=0 rethrow=0 return_oop=0}
                      ; - java.util.Objects::checkIndex@3 (line 361)
                      ; - java.util.ArrayList::get@5 (line 427)
                      ; - org.gradle.internal.operations.DefaultBuildOperationListenerManager$1::finished@26 (line 60)
                      ; - org.gradle.internal.operations.BuildOperationProgressEventListenerAdapter::stop@86 (line 79)
                      ; - org.gradle.internal.operations.DefaultBuildOperationRunner$BuildOperationTrackingListener::stop@9 (line 249)
                      ; - org.gradle.internal.operations.DefaultBuildOperationRunner$2::execute@62 (line 74)
                      ; - org.gradle.internal.operations.DefaultBuildOperationRunner$2::execute@8 (line 60)
                      ; - org.gradle.internal.operations.DefaultBuildOperationRunner::execute@141 (line 167)
  0x0000026911e863b0: 4c05 5bfe | bade ffff | ff4c 8b54 | 2430 4c89 | 5424 204c | 8b54 2478 | 4c89 5424 | 3048 ff74 
  0x0000026911e863d0: 2470 488f | 4424 484c | 8b54 2468 | 4c89 5424 | 5048 ff74 | 2470 488f | 4424 584c | 8944 2468 
  0x0000026911e863f0: 4489 4c24 | 7048 899c | 2480 0000 | 0089 4c24 | 7489 b424 | 8800 0000 

  0x0000026911e86408: ;   {runtime_call UncommonTrapBlob}
  0x0000026911e86408: c5f8 77e8 

  0x0000026911e8640c: ; ImmutableOopMap {rbp=Oop [32]=Oop [48]=Oop [56]=Oop [64]=Oop [72]=Oop [80]=Oop [88]=Oop [104]=Oop [116]=NarrowOop [128]=Oop [136]=NarrowOop }
                      ;*invokeinterface remove {reexecute=0 rethrow=0 return_oop=0}
                      ; - org.gradle.internal.operations.DefaultBuildOperationListenerManager$ProgressShieldingBuildOperationListener::finished@8 (line 126)
                      ; - org.gradle.internal.operations.DefaultBuildOperationListenerManager$1::finished@36 (line 60)
                      ; - org.gradle.internal.operations.BuildOperationProgressEventListenerAdapter::stop@86 (line 79)
                      ; - org.gradle.internal.operations.DefaultBuildOperationRunner$BuildOperationTrackingListener::stop@9 (line 249)
                      ; - org.gradle.internal.operations.DefaultBuildOperationRunner$2::execute@62 (line 74)
                      ; - org.gradle.internal.operations.DefaultBuildOperationRunner$2::execute@8 (line 60)
                      ; - org.gradle.internal.operations.DefaultBuildOperationRunner::execute@141 (line 167)
  0x0000026911e8640c: f004 5bfe | 48ff 7424 | 7048 8f44 

  0x0000026911e86418: ;   {metadata('java/lang/StringBuilder')}
  0x0000026911e86418: 2448 48ba | f0f4 001f | 6902 0000 

  0x0000026911e86424: ;   {runtime_call _new_instance_Java}
  0x0000026911e86424: c5f8 77e8 

  0x0000026911e86428: ; ImmutableOopMap {rbp=NarrowOop [32]=Oop [48]=Oop [56]=Oop [64]=Oop [72]=Oop [104]=Oop [112]=Oop [120]=Oop }
                      ;*new {reexecute=0 rethrow=0 return_oop=1}
                      ; - org.slf4j.helpers.MessageFormatter::arrayFormat@30 (line 177)
                      ; - org.slf4j.helpers.MessageFormatter::arrayFormat@19 (line 161)
                      ; - org.gradle.internal.logging.slf4j.BuildOperationAwareLogger::log@3 (line 153)
                      ; - org.gradle.internal.logging.slf4j.BuildOperationAwareLogger::log@13 (line 145)
                      ; - org.gradle.internal.logging.slf4j.BuildOperationAwareLogger::debug@14 (line 168)
                      ; - org.gradle.internal.logging.slf4j.OutputEventListenerBackedLogger::debug@3 (line 25)
                      ; - org.gradle.internal.operations.DefaultBuildOperationRunner$BuildOperationTrackingListener::stop@23 (line 250)
                      ; - org.gradle.internal.operations.DefaultBuildOperationRunner$2::execute@62 (line 74)
                      ; - org.gradle.internal.operations.DefaultBuildOperationRunner$2::execute@8 (line 60)
                      ; - org.gradle.internal.operations.DefaultBuildOperationRunner::execute@141 (line 167)
  0x0000026911e86428: d48a 65fe | e9cb daff | ff49 8bea 

  0x0000026911e86434: ;   {metadata('org/gradle/internal/logging/events/LogEvent')}
  0x0000026911e86434: 48ba 3898 | 0120 6902 | 0000 6690 

  0x0000026911e86440: ;   {runtime_call _new_instance_Java}
  0x0000026911e86440: c5f8 77e8 

  0x0000026911e86444: ; ImmutableOopMap {rbp=Oop [48]=Oop [56]=Oop [64]=Oop [72]=Oop [104]=Oop [120]=Oop [168]=Oop }
                      ;*new {reexecute=0 rethrow=0 return_oop=1}
                      ; - org.gradle.internal.logging.slf4j.OutputEventListenerBackedLogger::log@0 (line 49)
                      ; - org.gradle.internal.logging.slf4j.BuildOperationAwareLogger::log@10 (line 141)
                      ; - org.gradle.internal.logging.slf4j.BuildOperationAwareLogger::log@32 (line 155)
                      ; - org.gradle.internal.logging.slf4j.BuildOperationAwareLogger::log@13 (line 145)
                      ; - org.gradle.internal.logging.slf4j.BuildOperationAwareLogger::debug@14 (line 168)
                      ; - org.gradle.internal.logging.slf4j.OutputEventListenerBackedLogger::debug@3 (line 25)
                      ; - org.gradle.internal.operations.DefaultBuildOperationRunner$BuildOperationTrackingListener::stop@23 (line 250)
                      ; - org.gradle.internal.operations.DefaultBuildOperationRunner$2::execute@62 (line 74)
                      ; - org.gradle.internal.operations.DefaultBuildOperationRunner$2::execute@8 (line 60)
                      ; - org.gradle.internal.operations.DefaultBuildOperationRunner::execute@141 (line 167)
  0x0000026911e86444: b88a 65fe | 4c8b d54c | 8bc0 e94c | ddff ffba | f6ff ffff 

  0x0000026911e86458: ;   {runtime_call UncommonTrapBlob}
  0x0000026911e86458: c5f8 77e8 

  0x0000026911e8645c: ; ImmutableOopMap {}
                      ;*invokevirtual getAndIncrement {reexecute=0 rethrow=0 return_oop=0}
                      ; - org.gradle.internal.operations.DefaultBuildOperationIdFactory::nextId@4 (line 28)
                      ; - org.gradle.internal.operations.DefaultBuildOperationRunner::execute@30 (line 158)
  0x0000026911e8645c: a004 5bfe | baf6 ffff | ff48 8b6c | 2430 4c8b | 5424 384c | 8954 2430 | 4c8b 5424 | 404c 8954 
  0x0000026911e8647c: 2438 4889 | 5c24 4090 

  0x0000026911e86484: ;   {runtime_call UncommonTrapBlob}
  0x0000026911e86484: c5f8 77e8 

  0x0000026911e86488: ; ImmutableOopMap {rbp=Oop [48]=Oop [56]=Oop [64]=Oop [112]=Oop [120]=Oop }
                      ;*invokevirtual onOutput {reexecute=0 rethrow=0 return_oop=0}
                      ; - org.gradle.internal.logging.sink.OutputEventRenderer::onOutput@78 (line 435)
                      ; - org.gradle.internal.logging.sink.OutputEventListenerManager$1::onOutput@8 (line 36)
                      ; - org.gradle.internal.logging.services.ProgressLoggingBridge::completed@5 (line 34)
                      ; - org.gradle.internal.logging.progress.DefaultProgressLoggerFactory$ProgressLoggerImpl::completed@55 (line 251)
                      ; - org.gradle.internal.operations.BuildOperationProgressEventListenerAdapter::stop@42 (line 78)
                      ; - org.gradle.internal.operations.DefaultBuildOperationRunner$BuildOperationTrackingListener::stop@9 (line 249)
                      ; - org.gradle.internal.operations.DefaultBuildOperationRunner$2::execute@62 (line 74)
                      ; - org.gradle.internal.operations.DefaultBuildOperationRunner$2::execute@8 (line 60)
                      ; - org.gradle.internal.operations.DefaultBuildOperationRunner::execute@141 (line 167)
  0x0000026911e86488: 7404 5bfe | bade ffff | ff48 ff74 | 2440 488f | 4424 204c | 8b54 2430 | 4c89 5424 | 284c 8944 
  0x0000026911e864a8: 2430 4c89 | 4c24 4044 | 895c 2448 

  0x0000026911e864b4: ;   {runtime_call UncommonTrapBlob}
  0x0000026911e864b4: c5f8 77e8 

  0x0000026911e864b8: ; ImmutableOopMap {rbp=Oop [32]=Oop [40]=Oop [48]=Oop [64]=Oop [72]=NarrowOop }
                      ;*invokeinterface nextId {reexecute=0 rethrow=0 return_oop=0}
                      ; - org.gradle.internal.operations.DefaultBuildOperationRunner::execute@30 (line 158)
  0x0000026911e864b8: 4404 5bfe | bade ffff | ff48 8b6c | 2420 4c8b | 5c24 304c | 895c 2420 | 4889 4424 | 4044 8954 
  0x0000026911e864d8: 2450 6690 

  0x0000026911e864dc: ;   {runtime_call UncommonTrapBlob}
  0x0000026911e864dc: c5f8 77e8 

  0x0000026911e864e0: ; ImmutableOopMap {rbp=Oop [32]=Oop [64]=Oop [80]=NarrowOop [104]=Oop [112]=Oop [120]=Oop }
                      ;*invokeinterface getCurrentTime {reexecute=0 rethrow=0 return_oop=0}
                      ; - org.gradle.internal.operations.DefaultBuildOperationRunner::execute@84 (line 164)
  0x0000026911e864e0: 1c04 5bfe | bade ffff | ff48 8b6c | 2420 4c8b | 5c24 304c | 895c 2420 | 4889 4424 | 4048 8974 
  0x0000026911e86500: 2450 4489 | 5424 5890 

  0x0000026911e86508: ;   {runtime_call UncommonTrapBlob}
  0x0000026911e86508: c5f8 77e8 

  0x0000026911e8650c: ; ImmutableOopMap {rbp=Oop [32]=Oop [64]=Oop [80]=Oop [88]=NarrowOop [104]=Oop [112]=Oop [120]=Oop }
                      ;*invokeinterface nanoTime {reexecute=0 rethrow=0 return_oop=0}
                      ; - org.gradle.internal.time.MonotonicClock::getCurrentTime@4 (line 77)
                      ; - org.gradle.internal.operations.DefaultBuildOperationRunner::execute@84 (line 164)
  0x0000026911e8650c: f003 5bfe | bade ffff | ff48 8b6c | 2430 4889 | 5c24 4089 | 4c24 4844 | 8954 244c 

  0x0000026911e86528: ;   {runtime_call UncommonTrapBlob}
  0x0000026911e86528: c5f8 77e8 

  0x0000026911e8652c: ; ImmutableOopMap {rbp=Oop [64]=Oop [72]=NarrowOop [76]=NarrowOop [104]=Oop [112]=Oop [120]=Oop }
                      ;*invokeinterface createListener {reexecute=0 rethrow=0 return_oop=0}
                      ; - org.gradle.internal.operations.DefaultBuildOperationRunner::execute@106 (line 165)
  0x0000026911e8652c: d003 5bfe | bade ffff | ff48 8b6c | 2430 4c8b | 5c24 784c | 8954 2430 | 4889 4424 | 384c 8b54 
  0x0000026911e8654c: 2470 4c89 | 5424 4044 | 8944 2450 | 4c8b 5424 | 704c 8954 | 2458 4c89 | 5c24 604c | 894c 2470 
  0x0000026911e8656c: ;   {runtime_call UncommonTrapBlob}
  0x0000026911e8656c: c5f8 77e8 

  0x0000026911e86570: ; ImmutableOopMap {rbp=Oop [48]=Oop [56]=Oop [64]=Oop [80]=NarrowOop [88]=Oop [96]=Oop [104]=Oop [112]=Oop [120]=Oop }
                      ;*invokeinterface stop {reexecute=0 rethrow=0 return_oop=0}
                      ; - org.gradle.internal.operations.DefaultBuildOperationRunner$BuildOperationTrackingListener::stop@9 (line 249)
                      ; - org.gradle.internal.operations.DefaultBuildOperationRunner$2::execute@62 (line 74)
                      ; - org.gradle.internal.operations.DefaultBuildOperationRunner$2::execute@8 (line 60)
                      ; - org.gradle.internal.operations.DefaultBuildOperationRunner::execute@141 (line 167)
  0x0000026911e86570: 8c03 5bfe | bade ffff | ff48 8b6c | 2430 4c8b | 5c24 784c | 8954 2430 | 4889 4424 | 384c 8b54 
  0x0000026911e86590: 2470 4c89 | 5424 404c | 8b54 2468 | 4c89 5424 | 4848 895c | 2450 4c8b | 5424 704c | 8954 2458 
  0x0000026911e865b0: 4c89 5c24 | 6089 4c24 | 704c 894c | 2478 6690 

  0x0000026911e865c0: ;   {runtime_call UncommonTrapBlob}
  0x0000026911e865c0: c5f8 77e8 

  0x0000026911e865c4: ; ImmutableOopMap {rbp=Oop [48]=Oop [56]=Oop [64]=Oop [72]=Oop [80]=Oop [88]=Oop [96]=Oop [112]=NarrowOop [120]=Oop }
                      ;*invokeinterface getStatus {reexecute=0 rethrow=0 return_oop=0}
                      ; - org.gradle.internal.operations.BuildOperationProgressEventListenerAdapter::stop@22 (line 78)
                      ; - org.gradle.internal.operations.DefaultBuildOperationRunner$BuildOperationTrackingListener::stop@9 (line 249)
                      ; - org.gradle.internal.operations.DefaultBuildOperationRunner$2::execute@62 (line 74)
                      ; - org.gradle.internal.operations.DefaultBuildOperationRunner$2::execute@8 (line 60)
                      ; - org.gradle.internal.operations.DefaultBuildOperationRunner::execute@141 (line 167)
  0x0000026911e865c4: 3803 5bfe | bade ffff | ff48 8b6c | 2430 4c8b | 4424 784c | 8954 2430 | 4889 4424 | 384c 8b54 
  0x0000026911e865e4: 2470 4c89 | 5424 404c | 8b54 2468 | 4c89 5424 | 4848 895c | 2450 4c8b | 5424 704c | 8954 2458 
  0x0000026911e86604: 4c89 4424 | 604c 894c | 2468 894c | 2470 4489 | 5c24 7489 | 7c24 7890 

  0x0000026911e8661c: ;   {runtime_call UncommonTrapBlob}
  0x0000026911e8661c: c5f8 77e8 

  0x0000026911e86620: ; ImmutableOopMap {rbp=Oop [48]=Oop [56]=Oop [64]=Oop [72]=Oop [80]=Oop [88]=Oop [96]=Oop [104]=Oop [112]=NarrowOop [116]=NarrowOop }
                      ;*invokeinterface completed {reexecute=0 rethrow=0 return_oop=0}
                      ; - org.gradle.internal.operations.BuildOperationProgressEventListenerAdapter::stop@42 (line 78)
                      ; - org.gradle.internal.operations.DefaultBuildOperationRunner$BuildOperationTrackingListener::stop@9 (line 249)
                      ; - org.gradle.internal.operations.DefaultBuildOperationRunner$2::execute@62 (line 74)
                      ; - org.gradle.internal.operations.DefaultBuildOperationRunner$2::execute@8 (line 60)
                      ; - org.gradle.internal.operations.DefaultBuildOperationRunner::execute@141 (line 167)
  0x0000026911e86620: dc02 5bfe | bade ffff | ff48 8b6c | 2430 4c8b | 6c24 784c | 8954 2430 | 4889 4424 | 384c 8b54 
  0x0000026911e86640: 2470 4c89 | 5424 404c | 8b54 2468 | 4c89 5424 | 4848 895c | 2450 4c8b | 5424 704c | 8954 2458 
  0x0000026911e86660: 4c89 6c24 | 604c 894c | 2468 4889 | 7424 7044 | 895c 2478 | 897c 247c | 898c 2480 | 0000 0044 
  0x0000026911e86680: 8984 2484 | 0000 0090 

  0x0000026911e86688: ;   {runtime_call UncommonTrapBlob}
  0x0000026911e86688: c5f8 77e8 

  0x0000026911e8668c: ; ImmutableOopMap {rbp=Oop [48]=Oop [56]=Oop [64]=Oop [72]=Oop [80]=Oop [88]=Oop [96]=Oop [104]=Oop [112]=Oop [120]=NarrowOop [128]=NarrowOop [132]=NarrowOop }
                      ;*invokevirtual set {reexecute=0 rethrow=0 return_oop=0}
                      ; - org.gradle.internal.logging.progress.DefaultProgressLoggerFactory$ProgressLoggerImpl::completed@22 (line 250)
                      ; - org.gradle.internal.operations.BuildOperationProgressEventListenerAdapter::stop@42 (line 78)
                      ; - org.gradle.internal.operations.DefaultBuildOperationRunner$BuildOperationTrackingListener::stop@9 (line 249)
                      ; - org.gradle.internal.operations.DefaultBuildOperationRunner$2::execute@62 (line 74)
                      ; - org.gradle.internal.operations.DefaultBuildOperationRunner$2::execute@8 (line 60)
                      ; - org.gradle.internal.operations.DefaultBuildOperationRunner::execute@141 (line 167)
  0x0000026911e8668c: 7002 5bfe | bade ffff | ff48 8b6c | 2430 4c8b | 5c24 784c | 895c 2428 | 4c8b 5c24 | 384c 895c 
  0x0000026911e866ac: 2430 4c8b | 5c24 404c | 895c 2438 | 4c8b 5c24 | 704c 895c | 2440 4c8b | 5c24 684c | 895c 2448 
  0x0000026911e866cc: 4c8b 5c24 | 584c 895c | 2450 4c8b | 5c24 704c | 895c 2458 | 4c8b 9c24 | 8800 0000 | 4c89 5c24 
  0x0000026911e866ec: 684c 896c | 2470 448b | 9c24 9000 | 0000 4489 | 5c24 7844 | 8b84 2494 | 0000 0044 | 8944 247c 
  0x0000026911e8670c: 4489 b424 | 8000 0000 | 4889 8424 | 9000 0000 | 89b4 2484 | 0000 0044 | 8994 2498 | 0000 0090 
  0x0000026911e8672c: ;   {runtime_call UncommonTrapBlob}
  0x0000026911e8672c: c5f8 77e8 

  0x0000026911e86730: ; ImmutableOopMap {rbp=Oop [40]=Oop [48]=Oop [56]=Oop [64]=Oop [72]=Oop [80]=Oop [88]=Oop [104]=Oop [112]=Oop [120]=NarrowOop [128]=NarrowOop [132]=NarrowOop [144]=Oop [152]=NarrowOop }
                      ;*invokeinterface getCurrentTime {reexecute=0 rethrow=0 return_oop=0}
                      ; - org.gradle.internal.logging.progress.DefaultProgressLoggerFactory$ProgressLoggerImpl::completed@41 (line 251)
                      ; - org.gradle.internal.operations.BuildOperationProgressEventListenerAdapter::stop@42 (line 78)
                      ; - org.gradle.internal.operations.DefaultBuildOperationRunner$BuildOperationTrackingListener::stop@9 (line 249)
                      ; - org.gradle.internal.operations.DefaultBuildOperationRunner$2::execute@62 (line 74)
                      ; - org.gradle.internal.operations.DefaultBuildOperationRunner$2::execute@8 (line 60)
                      ; - org.gradle.internal.operations.DefaultBuildOperationRunner::execute@141 (line 167)
  0x0000026911e86730: cc01 5bfe | bade ffff | ff48 8b6c | 2430 4c8b | 5424 784c | 8954 2428 | 4c8b 5424 | 384c 8954 
  0x0000026911e86750: 2430 4c8b | 5424 404c | 8954 2438 | 4c8b 5424 | 704c 8954 | 2440 4c8b | 5424 684c | 8954 2448 
  0x0000026911e86770: 4c8b 5424 | 584c 8954 | 2450 4c8b | 5424 704c | 8954 2458 | 4c8b 9424 | 8800 0000 | 4c89 5424 
  0x0000026911e86790: 684c 896c | 2470 448b | 9424 9000 | 0000 4489 | 5424 7844 | 8b9c 2494 | 0000 0044 | 895c 247c 
  0x0000026911e867b0: 4489 b424 | 8000 0000 | 4889 8424 | 9000 0000 | 89b4 2484 | 0000 0048 | 899c 2498 | 0000 0044 
  0x0000026911e867d0: 898c 24a0 | 0000 0090 

  0x0000026911e867d8: ;   {runtime_call UncommonTrapBlob}
  0x0000026911e867d8: c5f8 77e8 

  0x0000026911e867dc: ; ImmutableOopMap {rbp=Oop [40]=Oop [48]=Oop [56]=Oop [64]=Oop [72]=Oop [80]=Oop [88]=Oop [104]=Oop [112]=Oop [120]=NarrowOop [128]=NarrowOop [132]=NarrowOop [144]=Oop [152]=Oop [160]=NarrowOop }
                      ;*invokeinterface nanoTime {reexecute=0 rethrow=0 return_oop=0}
                      ; - org.gradle.internal.time.MonotonicClock::getCurrentTime@4 (line 77)
                      ; - org.gradle.internal.logging.progress.DefaultProgressLoggerFactory$ProgressLoggerImpl::completed@41 (line 251)
                      ; - org.gradle.internal.operations.BuildOperationProgressEventListenerAdapter::stop@42 (line 78)
                      ; - org.gradle.internal.operations.DefaultBuildOperationRunner$BuildOperationTrackingListener::stop@9 (line 249)
                      ; - org.gradle.internal.operations.DefaultBuildOperationRunner$2::execute@62 (line 74)
                      ; - org.gradle.internal.operations.DefaultBuildOperationRunner$2::execute@8 (line 60)
                      ; - org.gradle.internal.operations.DefaultBuildOperationRunner::execute@141 (line 167)
  0x0000026911e867dc: 2001 5bfe | bade ffff | ff48 8b6c | 2430 4c8b | 5424 784c | 8954 2428 | 4c8b 5424 | 384c 8954 
  0x0000026911e867fc: 2430 4c8b | 5424 404c | 8954 2438 | 4c8b 5424 | 704c 8954 | 2440 4c8b | 5424 684c | 8954 2448 
  0x0000026911e8681c: 4c8b 5424 | 584c 8954 | 2450 4c8b | 5424 704c | 8954 2458 | 4489 7424 | 7048 895c | 2478 6690 
  0x0000026911e8683c: ;   {runtime_call UncommonTrapBlob}
  0x0000026911e8683c: c5f8 77e8 

  0x0000026911e86840: ; ImmutableOopMap {rbp=Oop [40]=Oop [48]=Oop [56]=Oop [64]=Oop [72]=Oop [80]=Oop [88]=Oop [112]=NarrowOop [120]=Oop [136]=Oop }
                      ;*invokeinterface completed {reexecute=0 rethrow=0 return_oop=0}
                      ; - org.gradle.internal.logging.progress.DefaultProgressLoggerFactory$ProgressLoggerImpl::completed@55 (line 251)
                      ; - org.gradle.internal.operations.BuildOperationProgressEventListenerAdapter::stop@42 (line 78)
                      ; - org.gradle.internal.operations.DefaultBuildOperationRunner$BuildOperationTrackingListener::stop@9 (line 249)
                      ; - org.gradle.internal.operations.DefaultBuildOperationRunner$2::execute@62 (line 74)
                      ; - org.gradle.internal.operations.DefaultBuildOperationRunner$2::execute@8 (line 60)
                      ; - org.gradle.internal.operations.DefaultBuildOperationRunner::execute@141 (line 167)
  0x0000026911e86840: bc00 5bfe | bade ffff | ff48 8b6c | 2430 4c8b | 5c24 784c | 895c 2428 | 4c8b 5c24 | 384c 895c 
  0x0000026911e86860: 2430 4c8b | 5c24 404c | 895c 2438 | 4c8b 5c24 | 704c 895c | 2440 4c8b | 5c24 684c | 895c 2448 
  0x0000026911e86880: 4c8b 5c24 | 584c 895c | 2450 4c8b | 5c24 704c | 895c 2458 | 4489 5424 | 7048 895c | 2478 6690 
  0x0000026911e868a0: ;   {runtime_call UncommonTrapBlob}
  0x0000026911e868a0: c5f8 77e8 

  0x0000026911e868a4: ; ImmutableOopMap {rbp=Oop [40]=Oop [48]=Oop [56]=Oop [64]=Oop [72]=Oop [80]=Oop [88]=Oop [112]=NarrowOop [120]=Oop [136]=Oop }
                      ;*invokeinterface onOutput {reexecute=0 rethrow=0 return_oop=0}
                      ; - org.gradle.internal.logging.services.ProgressLoggingBridge::completed@5 (line 34)
                      ; - org.gradle.internal.logging.progress.DefaultProgressLoggerFactory$ProgressLoggerImpl::completed@55 (line 251)
                      ; - org.gradle.internal.operations.BuildOperationProgressEventListenerAdapter::stop@42 (line 78)
                      ; - org.gradle.internal.operations.DefaultBuildOperationRunner$BuildOperationTrackingListener::stop@9 (line 249)
                      ; - org.gradle.internal.operations.DefaultBuildOperationRunner$2::execute@62 (line 74)
                      ; - org.gradle.internal.operations.DefaultBuildOperationRunner$2::execute@8 (line 60)
                      ; - org.gradle.internal.operations.DefaultBuildOperationRunner::execute@141 (line 167)
  0x0000026911e868a4: 5800 5bfe | bade ffff | ff4c 8b54 | 2430 4c89 | 5424 204c | 8b54 2478 | 4c89 5424 | 304c 8b54 
  0x0000026911e868c4: 2470 4c89 | 5424 484c | 8b54 2468 | 4c89 5424 | 504c 8b54 | 2470 4c89 | 5424 604c | 8b94 2488 
  0x0000026911e868e4: 0000 004c | 8954 2470 | 4489 9c24 | 8000 0000 | 4889 9c24 | 8800 0000 

  0x0000026911e868fc: ;   {runtime_call UncommonTrapBlob}
  0x0000026911e868fc: c5f8 77e8 

  0x0000026911e86900: ; ImmutableOopMap {rbp=Oop [32]=Oop [48]=Oop [56]=Oop [64]=Oop [72]=Oop [80]=Oop [88]=Oop [96]=Oop [112]=Oop [128]=NarrowOop [136]=Oop }
                      ;*invokeinterface onOutput {reexecute=0 rethrow=0 return_oop=0}
                      ; - org.gradle.internal.logging.sink.OutputEventListenerManager$1::onOutput@8 (line 36)
                      ; - org.gradle.internal.logging.services.ProgressLoggingBridge::completed@5 (line 34)
                      ; - org.gradle.internal.logging.progress.DefaultProgressLoggerFactory$ProgressLoggerImpl::completed@55 (line 251)
                      ; - org.gradle.internal.operations.BuildOperationProgressEventListenerAdapter::stop@42 (line 78)
                      ; - org.gradle.internal.operations.DefaultBuildOperationRunner$BuildOperationTrackingListener::stop@9 (line 249)
                      ; - org.gradle.internal.operations.DefaultBuildOperationRunner$2::execute@62 (line 74)
                      ; - org.gradle.internal.operations.DefaultBuildOperationRunner$2::execute@8 (line 60)
                      ; - org.gradle.internal.operations.DefaultBuildOperationRunner::execute@141 (line 167)
  0x0000026911e86900: fcff 5afe | bade ffff | ff48 8b6c | 2430 4c8b | 5424 784c | 8954 2428 | 4c8b 5424 | 384c 8954 
  0x0000026911e86920: 2430 4c8b | 5424 404c | 8954 2438 | 4c8b 5424 | 704c 8954 | 2440 4c8b | 5424 684c | 8954 2448 
  0x0000026911e86940: 8974 2458 | 4c8b 5424 | 704c 8954 | 2460 4889 | 4424 7048 | 897c 2478 | 4489 5c24 | 5c66 6690 
  0x0000026911e86960: ;   {runtime_call UncommonTrapBlob}
  0x0000026911e86960: c5f8 77e8 

  0x0000026911e86964: ; ImmutableOopMap {rbp=Oop [40]=Oop [48]=Oop [56]=Oop [64]=Oop [72]=Oop [88]=NarrowOop [92]=NarrowOop [96]=Oop [112]=Oop [136]=Oop }
                      ;*invokeinterface getCurrentTime {reexecute=0 rethrow=0 return_oop=0}
                      ; - org.gradle.internal.operations.BuildOperationProgressEventListenerAdapter::stop@64 (line 79)
                      ; - org.gradle.internal.operations.DefaultBuildOperationRunner$BuildOperationTrackingListener::stop@9 (line 249)
                      ; - org.gradle.internal.operations.DefaultBuildOperationRunner$2::execute@62 (line 74)
                      ; - org.gradle.internal.operations.DefaultBuildOperationRunner$2::execute@8 (line 60)
                      ; - org.gradle.internal.operations.DefaultBuildOperationRunner::execute@141 (line 167)
  0x0000026911e86964: 98ff 5afe | bade ffff | ff48 8b6c | 2430 4c8b | 5c24 784c | 895c 2428 | 4c8b 5c24 | 384c 895c 
  0x0000026911e86984: 2430 4c8b | 5c24 404c | 895c 2438 | 4c8b 5c24 | 704c 895c | 2440 4c8b | 5c24 684c | 895c 2448 
  0x0000026911e869a4: 8974 2458 | 4c8b 5c24 | 704c 895c | 2460 4889 | 4424 7048 | 897c 2478 | 4889 9c24 | 8000 0000 
  0x0000026911e869c4: 4489 5424 | 5c66 6690 

  0x0000026911e869cc: ;   {runtime_call UncommonTrapBlob}
  0x0000026911e869cc: c5f8 77e8 

  0x0000026911e869d0: ; ImmutableOopMap {rbp=Oop [40]=Oop [48]=Oop [56]=Oop [64]=Oop [72]=Oop [88]=NarrowOop [92]=NarrowOop [96]=Oop [112]=Oop [128]=Oop [136]=Oop }
                      ;*invokeinterface nanoTime {reexecute=0 rethrow=0 return_oop=0}
                      ; - org.gradle.internal.time.MonotonicClock::getCurrentTime@4 (line 77)
                      ; - org.gradle.internal.operations.BuildOperationProgressEventListenerAdapter::stop@64 (line 79)
                      ; - org.gradle.internal.operations.DefaultBuildOperationRunner$BuildOperationTrackingListener::stop@9 (line 249)
                      ; - org.gradle.internal.operations.DefaultBuildOperationRunner$2::execute@62 (line 74)
                      ; - org.gradle.internal.operations.DefaultBuildOperationRunner$2::execute@8 (line 60)
                      ; - org.gradle.internal.operations.DefaultBuildOperationRunner::execute@141 (line 167)
  0x0000026911e869d0: 2cff 5afe | bade ffff | ff48 8b6c | 2430 4c8b | 5424 384c | 8954 2430 | 4c8b 5424 | 404c 8954 
  0x0000026911e869f0: 2438 897c | 2450 4889 | 5c24 6090 

  0x0000026911e869fc: ;   {runtime_call UncommonTrapBlob}
  0x0000026911e869fc: c5f8 77e8 

  0x0000026911e86a00: ; ImmutableOopMap {rbp=Oop [48]=Oop [56]=Oop [80]=NarrowOop [96]=Oop [104]=Oop [112]=Oop [120]=Oop }
                      ;*invokeinterface finished {reexecute=0 rethrow=0 return_oop=0}
                      ; - org.gradle.internal.operations.BuildOperationProgressEventListenerAdapter::stop@86 (line 79)
                      ; - org.gradle.internal.operations.DefaultBuildOperationRunner$BuildOperationTrackingListener::stop@9 (line 249)
                      ; - org.gradle.internal.operations.DefaultBuildOperationRunner$2::execute@62 (line 74)
                      ; - org.gradle.internal.operations.DefaultBuildOperationRunner$2::execute@8 (line 60)
                      ; - org.gradle.internal.operations.DefaultBuildOperationRunner::execute@141 (line 167)
  0x0000026911e86a00: fcfe 5afe | bade ffff | ff48 8b6c | 2430 4c8b | 5c24 384c | 895c 2430 | 4c8b 5c24 | 404c 895c 
  0x0000026911e86a20: 2438 4889 | 5c24 5844 | 8954 2464 

  0x0000026911e86a2c: ;   {runtime_call UncommonTrapBlob}
  0x0000026911e86a2c: c5f8 77e8 

  0x0000026911e86a30: ; ImmutableOopMap {rbp=Oop [48]=Oop [56]=Oop [88]=Oop [100]=NarrowOop [104]=Oop [112]=Oop [120]=Oop }
                      ;*invokeinterface size {reexecute=0 rethrow=0 return_oop=0}
                      ; - org.gradle.internal.operations.DefaultBuildOperationListenerManager$1::finished@9 (line 59)
                      ; - org.gradle.internal.operations.BuildOperationProgressEventListenerAdapter::stop@86 (line 79)
                      ; - org.gradle.internal.operations.DefaultBuildOperationRunner$BuildOperationTrackingListener::stop@9 (line 249)
                      ; - org.gradle.internal.operations.DefaultBuildOperationRunner$2::execute@62 (line 74)
                      ; - org.gradle.internal.operations.DefaultBuildOperationRunner$2::execute@8 (line 60)
                      ; - org.gradle.internal.operations.DefaultBuildOperationRunner::execute@141 (line 167)
  0x0000026911e86a30: ccfe 5afe | bade ffff | ff41 8beb 

  0x0000026911e86a3c: ;   {runtime_call UncommonTrapBlob}
  0x0000026911e86a3c: c5f8 77e8 

  0x0000026911e86a40: ; ImmutableOopMap {rbp=NarrowOop }
                      ;*checkcast {reexecute=0 rethrow=0 return_oop=0}
                      ; - org.gradle.internal.operations.DefaultBuildOperationRunner::execute@4 (line 156)
  0x0000026911e86a40: bcfe 5afe | bae4 ffff | ff48 8b6c | 2430 4c8b | 5424 784c | 8954 2428 | 4c8b 5424 | 384c 8954 
  0x0000026911e86a60: 2430 4889 | 4424 384c | 8b54 2470 | 4c89 5424 | 404c 8b54 | 2468 4c89 | 5424 4848 | 895c 2450 
  0x0000026911e86a80: 4c8b 5424 | 704c 8954 | 2458 4c89 | 4c24 6848 | 8974 2470 | 448b 9424 | 9000 0000 | 4489 5424 
  0x0000026911e86aa0: 7889 7c24 | 7c44 8984 | 2484 0000 | 0044 8b94 | 24b0 0000 | 0044 8994 | 2490 0000 | 0044 8b94 
  0x0000026911e86ac0: 24b8 0000 | 0044 8994 | 24a0 0000 | 0066 6690 

  0x0000026911e86ad0: ;   {runtime_call UncommonTrapBlob}
  0x0000026911e86ad0: c5f8 77e8 

  0x0000026911e86ad4: ; ImmutableOopMap {rbp=Oop [40]=Oop [48]=Oop [56]=Oop [64]=Oop [72]=Oop [80]=Oop [88]=Oop [104]=Oop [112]=Oop [120]=NarrowOop [132]=NarrowOop [144]=NarrowOop [164]=NarrowOop [168]=Oop }
                      ;*aaload {reexecute=0 rethrow=0 return_oop=0}
                      ; - java.lang.ThreadLocal$ThreadLocalMap::set@23 (line 484)
                      ; - java.lang.ThreadLocal::set@17 (line 222)
                      ; - org.gradle.internal.logging.progress.DefaultProgressLoggerFactory$ProgressLoggerImpl::completed@22 (line 250)
                      ; - org.gradle.internal.operations.BuildOperationProgressEventListenerAdapter::stop@42 (line 78)
                      ; - org.gradle.internal.operations.DefaultBuildOperationRunner$BuildOperationTrackingListener::stop@9 (line 249)
                      ; - org.gradle.internal.operations.DefaultBuildOperationRunner$2::execute@62 (line 74)
                      ; - org.gradle.internal.operations.DefaultBuildOperationRunner$2::execute@8 (line 60)
                      ; - org.gradle.internal.operations.DefaultBuildOperationRunner::execute@141 (line 167)
  0x0000026911e86ad4: 28fe 5afe | bade ffff | ff48 8b6c | 2430 4c8b | 5424 384c | 8954 2430 | 4c8b 5424 | 404c 8954 
  0x0000026911e86af4: 2438 4c8b | 5424 704c | 8954 2440 | 4c8b 5424 | 684c 8954 | 2448 4c8b | 5424 584c | 8954 2450 
  0x0000026911e86b14: 4c8b 5424 | 704c 8954 | 2458 4489 | 5c24 7090 

  0x0000026911e86b24: ;   {runtime_call UncommonTrapBlob}
  0x0000026911e86b24: c5f8 77e8 

  0x0000026911e86b28: ; ImmutableOopMap {rbp=Oop [48]=Oop [56]=Oop [64]=Oop [72]=Oop [80]=Oop [88]=Oop [96]=Oop [112]=NarrowOop [128]=Oop [136]=Oop }
                      ;*invokeinterface onOutput {reexecute=0 rethrow=0 return_oop=0}
                      ; - org.gradle.internal.logging.sink.OutputEventListenerManager$1::onOutput@27 (line 40)
                      ; - org.gradle.internal.logging.services.ProgressLoggingBridge::completed@5 (line 34)
                      ; - org.gradle.internal.logging.progress.DefaultProgressLoggerFactory$ProgressLoggerImpl::completed@55 (line 251)
                      ; - org.gradle.internal.operations.BuildOperationProgressEventListenerAdapter::stop@42 (line 78)
                      ; - org.gradle.internal.operations.DefaultBuildOperationRunner$BuildOperationTrackingListener::stop@9 (line 249)
                      ; - org.gradle.internal.operations.DefaultBuildOperationRunner$2::execute@62 (line 74)
                      ; - org.gradle.internal.operations.DefaultBuildOperationRunner$2::execute@8 (line 60)
                      ; - org.gradle.internal.operations.DefaultBuildOperationRunner::execute@141 (line 167)
  0x0000026911e86b28: d4fd 5afe | ba86 ffff | ff48 8beb 

  0x0000026911e86b34: ;   {runtime_call UncommonTrapBlob}
  0x0000026911e86b34: c5f8 77e8 

  0x0000026911e86b38: ; ImmutableOopMap {}
                      ;*ldiv {reexecute=0 rethrow=0 return_oop=0}
                      ; - java.util.concurrent.TimeUnit::toMillis@31 (line 294)
                      ; - org.gradle.internal.time.MonotonicClock::getCurrentTime@37 (line 81)
                      ; - org.gradle.internal.operations.DefaultBuildOperationRunner::execute@84 (line 164)
  0x0000026911e86b38: c4fd 5afe | ba86 ffff | ff48 8b6c | 2430 4c8b | 5424 384c | 8954 2430 | 4c8b 5424 | 404c 8954 
  0x0000026911e86b58: 2438 c5fb | 1144 2440 

  0x0000026911e86b60: ;   {runtime_call UncommonTrapBlob}
  0x0000026911e86b60: c5f8 77e8 

  0x0000026911e86b64: ; ImmutableOopMap {rbp=Oop [48]=Oop [56]=Oop [112]=Oop [120]=Oop }
                      ;*ldiv {reexecute=0 rethrow=0 return_oop=0}
                      ; - java.util.concurrent.TimeUnit::toMillis@31 (line 294)
                      ; - org.gradle.internal.time.MonotonicClock::getCurrentTime@37 (line 81)
                      ; - org.gradle.internal.logging.progress.DefaultProgressLoggerFactory$ProgressLoggerImpl::completed@41 (line 251)
                      ; - org.gradle.internal.operations.BuildOperationProgressEventListenerAdapter::stop@42 (line 78)
                      ; - org.gradle.internal.operations.DefaultBuildOperationRunner$BuildOperationTrackingListener::stop@9 (line 249)
                      ; - org.gradle.internal.operations.DefaultBuildOperationRunner$2::execute@62 (line 74)
                      ; - org.gradle.internal.operations.DefaultBuildOperationRunner$2::execute@8 (line 60)
                      ; - org.gradle.internal.operations.DefaultBuildOperationRunner::execute@141 (line 167)
  0x0000026911e86b64: 98fd 5afe | ba86 ffff | ff48 8b6c | 2430 4c8b | 5424 384c | 8954 2430 | 4c8b 5424 | 404c 8954 
  0x0000026911e86b84: 2438 4c89 | 4424 4090 

  0x0000026911e86b8c: ;   {runtime_call UncommonTrapBlob}
  0x0000026911e86b8c: c5f8 77e8 

  0x0000026911e86b90: ; ImmutableOopMap {rbp=Oop [48]=Oop [56]=Oop [112]=Oop [120]=Oop }
                      ;*ldiv {reexecute=0 rethrow=0 return_oop=0}
                      ; - java.util.concurrent.TimeUnit::toMillis@31 (line 294)
                      ; - org.gradle.internal.time.MonotonicClock::getCurrentTime@37 (line 81)
                      ; - org.gradle.internal.operations.BuildOperationProgressEventListenerAdapter::stop@64 (line 79)
                      ; - org.gradle.internal.operations.DefaultBuildOperationRunner$BuildOperationTrackingListener::stop@9 (line 249)
                      ; - org.gradle.internal.operations.DefaultBuildOperationRunner$2::execute@62 (line 74)
                      ; - org.gradle.internal.operations.DefaultBuildOperationRunner$2::execute@8 (line 60)
                      ; - org.gradle.internal.operations.DefaultBuildOperationRunner::execute@141 (line 167)
  0x0000026911e86b90: 6cfd 5afe | bae4 ffff | ff48 8b6c | 2430 4c8b | 5424 784c | 8954 2428 | 4c8b 5424 | 384c 8954 
  0x0000026911e86bb0: 2430 4c8b | 5424 404c | 8954 2438 | 4c8b 5424 | 704c 8954 | 2440 4c8b | 5424 684c | 8954 2448 
  0x0000026911e86bd0: 4c8b 5424 | 584c 8954 | 2450 4c8b | 5424 704c | 8954 2458 | 4c8b 9424 | 8800 0000 | 4c89 5424 
  0x0000026911e86bf0: 6844 8b9c | 2490 0000 | 0044 895c | 2478 448b | 9424 9400 | 0000 4489 | 5424 7c48 | 899c 2490 
  0x0000026911e86c10: 0000 0090 

  0x0000026911e86c14: ;   {runtime_call UncommonTrapBlob}
  0x0000026911e86c14: c5f8 77e8 

  0x0000026911e86c18: ; ImmutableOopMap {rbp=Oop [40]=Oop [48]=Oop [56]=Oop [64]=Oop [72]=Oop [80]=Oop [88]=Oop [104]=Oop [120]=NarrowOop [144]=Oop [152]=Oop [164]=NarrowOop [176]=NarrowOop }
                      ;*aastore {reexecute=1 rethrow=0 return_oop=0}
                      ; - (reexecute) java.lang.ThreadLocal$ThreadLocalMap::set@94 (line 498)
                      ; - java.lang.ThreadLocal::set@17 (line 222)
                      ; - org.gradle.internal.logging.progress.DefaultProgressLoggerFactory$ProgressLoggerImpl::completed@22 (line 250)
                      ; - org.gradle.internal.operations.BuildOperationProgressEventListenerAdapter::stop@42 (line 78)
                      ; - org.gradle.internal.operations.DefaultBuildOperationRunner$BuildOperationTrackingListener::stop@9 (line 249)
                      ; - org.gradle.internal.operations.DefaultBuildOperationRunner$2::execute@62 (line 74)
                      ; - org.gradle.internal.operations.DefaultBuildOperationRunner$2::execute@8 (line 60)
                      ; - org.gradle.internal.operations.DefaultBuildOperationRunner::execute@141 (line 167)
  0x0000026911e86c18: e4fc 5afe | 4533 c090 

  0x0000026911e86c20: ;   {static_call}
  0x0000026911e86c20: c5f8 77e8 

  0x0000026911e86c24: ; ImmutableOopMap {rbp=NarrowOop [32]=Oop [48]=Oop [56]=Oop [64]=Oop [72]=Oop [104]=Oop [120]=Oop }
                      ;*invokestatic newString {reexecute=0 rethrow=0 return_oop=1}
                      ; - java.lang.StringBuilder::toString@31 (line 454)
                      ; - org.slf4j.helpers.MessageFormatter::arrayFormat@253 (line 218)
                      ; - org.slf4j.helpers.MessageFormatter::arrayFormat@19 (line 161)
                      ; - org.gradle.internal.logging.slf4j.BuildOperationAwareLogger::log@3 (line 153)
                      ; - org.gradle.internal.logging.slf4j.BuildOperationAwareLogger::log@13 (line 145)
                      ; - org.gradle.internal.logging.slf4j.BuildOperationAwareLogger::debug@14 (line 168)
                      ; - org.gradle.internal.logging.slf4j.OutputEventListenerBackedLogger::debug@3 (line 25)
                      ; - org.gradle.internal.operations.DefaultBuildOperationRunner$BuildOperationTrackingListener::stop@23 (line 250)
                      ; - org.gradle.internal.operations.DefaultBuildOperationRunner$2::execute@62 (line 74)
                      ; - org.gradle.internal.operations.DefaultBuildOperationRunner$2::execute@8 (line 60)
                      ; - org.gradle.internal.operations.DefaultBuildOperationRunner::execute@141 (line 167)
  0x0000026911e86c24: 58ad 5afe | 4889 8424 | a800 0000 | e967 d4ff | ff85 f60f | 8557 d6ff | ffba f6ff | ffff 488b 
  0x0000026911e86c44: 6c24 304c | 8b54 2438 | 4c89 5424 | 304c 8b54 | 2440 4c89 | 5424 384c | 8b54 2448 | 4c89 5424 
  0x0000026911e86c64: 404c 8b54 | 2468 4c89 | 5424 4848 | 897c 2458 | 4c89 6c24 | 6866 6690 

  0x0000026911e86c7c: ;   {runtime_call UncommonTrapBlob}
  0x0000026911e86c7c: c5f8 77e8 

  0x0000026911e86c80: ; ImmutableOopMap {rbp=Oop [48]=Oop [56]=Oop [64]=Oop [72]=Oop [88]=Oop [104]=Oop [120]=Oop [168]=Oop }
                      ;*invokevirtual get {reexecute=0 rethrow=0 return_oop=0}
                      ; - org.gradle.internal.time.MonotonicClock::advance@4 (line 111)
                      ; - org.gradle.internal.time.MonotonicClock::getCurrentTime@66 (line 86)
                      ; - org.gradle.internal.logging.slf4j.OutputEventListenerBackedLogger::log@8 (line 49)
                      ; - org.gradle.internal.logging.slf4j.BuildOperationAwareLogger::log@10 (line 141)
                      ; - org.gradle.internal.logging.slf4j.BuildOperationAwareLogger::log@32 (line 155)
                      ; - org.gradle.internal.logging.slf4j.BuildOperationAwareLogger::log@13 (line 145)
                      ; - org.gradle.internal.logging.slf4j.BuildOperationAwareLogger::debug@14 (line 168)
                      ; - org.gradle.internal.logging.slf4j.OutputEventListenerBackedLogger::debug@3 (line 25)
                      ; - org.gradle.internal.operations.DefaultBuildOperationRunner$BuildOperationTrackingListener::stop@23 (line 250)
                      ; - org.gradle.internal.operations.DefaultBuildOperationRunner$2::execute@62 (line 74)
                      ; - org.gradle.internal.operations.DefaultBuildOperationRunner$2::execute@8 (line 60)
                      ; - org.gradle.internal.operations.DefaultBuildOperationRunner::execute@141 (line 167)
  0x0000026911e86c80: 7cfc 5afe | 0f1f 8400 | 0000 0000 | 6666 6690 | 4d8b c344 | 8b5b 2045 | 85db 660f | 1f44 0000 
  0x0000026911e86ca0: 0f84 021c | 0000 498b | c0f0 4d0f | b153 1041 | 0f94 c345 | 0fb6 db45 | 85db 660f | 1f44 0000 
  0x0000026911e86cc0: 0f85 90f2 | ffff 4d8b | 9f50 0300 | 0044 8b43 

  0x0000026911e86cd0: ; ImmutableOopMap {r8=NarrowOop rbx=Oop rdi=Oop r13=Oop [48]=Oop [56]=Oop [64]=Oop [72]=Oop [104]=Oop [120]=Oop [168]=Oop }
                      ;*goto {reexecute=1 rethrow=0 return_oop=0}
                      ; - (reexecute) org.gradle.internal.time.MonotonicClock::advance@30 (line 117)
                      ; - org.gradle.internal.time.MonotonicClock::sync@10 (line 99)
                      ; - org.gradle.internal.time.MonotonicClock::getCurrentTime@56 (line 84)
                      ; - org.gradle.internal.logging.slf4j.OutputEventListenerBackedLogger::log@8 (line 49)
                      ; - org.gradle.internal.logging.slf4j.BuildOperationAwareLogger::log@10 (line 141)
                      ; - org.gradle.internal.logging.slf4j.BuildOperationAwareLogger::log@32 (line 155)
                      ; - org.gradle.internal.logging.slf4j.BuildOperationAwareLogger::log@13 (line 145)
                      ; - org.gradle.internal.logging.slf4j.BuildOperationAwareLogger::debug@14 (line 168)
                      ; - org.gradle.internal.logging.slf4j.OutputEventListenerBackedLogger::debug@3 (line 25)
                      ; - org.gradle.internal.operations.DefaultBuildOperationRunner$BuildOperationTrackingListener::stop@23 (line 250)
                      ; - org.gradle.internal.operations.DefaultBuildOperationRunner$2::execute@62 (line 74)
                      ; - org.gradle.internal.operations.DefaultBuildOperationRunner$2::execute@8 (line 60)
                      ; - org.gradle.internal.operations.DefaultBuildOperationRunner::execute@141 (line 167)
                      ;   {poll}
  0x0000026911e86cd0: 2041 8503 

  0x0000026911e86cd4: ; implicit exception: dispatches to 0x0000026911e897b4
  0x0000026911e86cd4: 4d8b 5810 | 4d3b d30f | 1f44 0000 | 7fae e96c | f2ff ffba | e4ff ffff | 488b 6c24 | 304c 8b54 
  0x0000026911e86cf4: 2478 4c89 | 5424 284c | 8b54 2438 | 4c89 5424 | 304c 8b54 | 2440 4c89 | 5424 384c | 8b54 2470 
  0x0000026911e86d14: 4c89 5424 | 404c 8b54 | 2468 4c89 | 5424 484c | 8b54 2458 | 4c89 5424 | 504c 8b54 | 2470 4c89 
  0x0000026911e86d34: 5424 584c | 8b94 2488 | 0000 004c | 8954 2468 | 4c8b 9424 | 9800 0000 | 4c89 5424 | 7044 8b9c 
  0x0000026911e86d54: 2490 0000 | 0044 895c | 2478 448b | 9424 9400 | 0000 4489 | 5424 7c44 | 8b94 24a0 | 0000 0044 
  0x0000026911e86d74: 8994 2484 | 0000 0044 | 8b9c 24b0 | 0000 0044 | 899c 249c | 0000 0044 | 8984 24a0 | 0000 0090 
  0x0000026911e86d94: ;   {runtime_call UncommonTrapBlob}
  0x0000026911e86d94: c5f8 77e8 

  0x0000026911e86d98: ; ImmutableOopMap {rbp=Oop [40]=Oop [48]=Oop [56]=Oop [64]=Oop [72]=Oop [80]=Oop [88]=Oop [104]=Oop [112]=Oop [120]=NarrowOop [132]=NarrowOop [156]=NarrowOop [164]=NarrowOop [168]=Oop [176]=NarrowOop }
                      ;*aaload {reexecute=0 rethrow=0 return_oop=0}
                      ; - java.lang.ThreadLocal$ThreadLocalMap::set@76 (line 486)
                      ; - java.lang.ThreadLocal::set@17 (line 222)
                      ; - org.gradle.internal.logging.progress.DefaultProgressLoggerFactory$ProgressLoggerImpl::completed@22 (line 250)
                      ; - org.gradle.internal.operations.BuildOperationProgressEventListenerAdapter::stop@42 (line 78)
                      ; - org.gradle.internal.operations.DefaultBuildOperationRunner$BuildOperationTrackingListener::stop@9 (line 249)
                      ; - org.gradle.internal.operations.DefaultBuildOperationRunner$2::execute@62 (line 74)
                      ; - org.gradle.internal.operations.DefaultBuildOperationRunner$2::execute@8 (line 60)
                      ; - org.gradle.internal.operations.DefaultBuildOperationRunner::execute@141 (line 167)
  0x0000026911e86d98: 64fb 5afe 

  0x0000026911e86d9c: ;   {metadata('java/lang/ThreadLocal$ThreadLocalMap$Entry'[])}
  0x0000026911e86d9c: 48ba b834 | 0420 6902 | 0000 41b8 | 1000 0000 

  0x0000026911e86dac: ;   {runtime_call _new_array_Java}
  0x0000026911e86dac: c5f8 77e8 

  0x0000026911e86db0: ; ImmutableOopMap {[48]=Oop [56]=Oop [64]=Oop [72]=Oop [80]=NarrowOop [88]=Oop [104]=Oop [112]=Oop [120]=Oop [128]=Oop [136]=Oop [144]=NarrowOop [152]=Oop [160]=NarrowOop [168]=Oop [176]=Oop }
                      ;*anewarray {reexecute=0 rethrow=0 return_oop=1}
                      ; - java.lang.ThreadLocal$ThreadLocalMap::<init>@12 (line 387)
                      ; - java.lang.ThreadLocal::createMap@7 (line 265)
                      ; - java.lang.ThreadLocal::set@26 (line 224)
                      ; - org.gradle.internal.logging.progress.DefaultProgressLoggerFactory$ProgressLoggerImpl::completed@22 (line 250)
                      ; - org.gradle.internal.operations.BuildOperationProgressEventListenerAdapter::stop@42 (line 78)
                      ; - org.gradle.internal.operations.DefaultBuildOperationRunner$BuildOperationTrackingListener::stop@9 (line 249)
                      ; - org.gradle.internal.operations.DefaultBuildOperationRunner$2::execute@62 (line 74)
                      ; - org.gradle.internal.operations.DefaultBuildOperationRunner$2::execute@8 (line 60)
                      ; - org.gradle.internal.operations.DefaultBuildOperationRunner::execute@141 (line 167)
  0x0000026911e86db0: 4c84 65fe | 4c8b d0e9 | 74d7 ffff 

  0x0000026911e86dbc: ;   {metadata('java/lang/ThreadLocal$ThreadLocalMap')}
  0x0000026911e86dbc: 48ba b096 | 0b1f 6902 | 0000 6690 

  0x0000026911e86dc8: ;   {runtime_call _new_instance_Java}
  0x0000026911e86dc8: c5f8 77e8 

  0x0000026911e86dcc: ; ImmutableOopMap {[48]=Oop [56]=Oop [64]=Oop [72]=Oop [80]=NarrowOop [88]=Oop [104]=Oop [112]=Oop [120]=Oop [128]=Oop [136]=Oop [144]=NarrowOop [152]=Oop [160]=NarrowOop [168]=Oop }
                      ;*new {reexecute=0 rethrow=0 return_oop=1}
                      ; - java.lang.ThreadLocal::createMap@1 (line 265)
                      ; - java.lang.ThreadLocal::set@26 (line 224)
                      ; - org.gradle.internal.logging.progress.DefaultProgressLoggerFactory$ProgressLoggerImpl::completed@22 (line 250)
                      ; - org.gradle.internal.operations.BuildOperationProgressEventListenerAdapter::stop@42 (line 78)
                      ; - org.gradle.internal.operations.DefaultBuildOperationRunner$BuildOperationTrackingListener::stop@9 (line 249)
                      ; - org.gradle.internal.operations.DefaultBuildOperationRunner$2::execute@62 (line 74)
                      ; - org.gradle.internal.operations.DefaultBuildOperationRunner$2::execute@8 (line 60)
                      ; - org.gradle.internal.operations.DefaultBuildOperationRunner::execute@141 (line 167)
  0x0000026911e86dcc: 3081 65fe | 4c8b d0e9 | dfd6 ffff 

  0x0000026911e86dd8: ;   {metadata('java/lang/ThreadLocal$ThreadLocalMap$Entry')}
  0x0000026911e86dd8: 48ba c098 | 0b1f 6902 | 0000 488b | ac24 a800 | 0000 6690 

  0x0000026911e86dec: ;   {runtime_call _new_instance_Java}
  0x0000026911e86dec: c5f8 77e8 

  0x0000026911e86df0: ; ImmutableOopMap {rbp=Oop [32]=Oop [48]=Oop [56]=Oop [64]=Oop [72]=Oop [80]=NarrowOop [88]=Oop [104]=Oop [112]=Oop [120]=Oop [128]=Oop [136]=Oop [144]=NarrowOop [152]=Oop [160]=NarrowOop [176]=Oop }
                      ;*new {reexecute=0 rethrow=0 return_oop=1}
                      ; - java.lang.ThreadLocal$ThreadLocalMap::<init>@31 (line 389)
                      ; - java.lang.ThreadLocal::createMap@7 (line 265)
                      ; - java.lang.ThreadLocal::set@26 (line 224)
                      ; - org.gradle.internal.logging.progress.DefaultProgressLoggerFactory$ProgressLoggerImpl::completed@22 (line 250)
                      ; - org.gradle.internal.operations.BuildOperationProgressEventListenerAdapter::stop@42 (line 78)
                      ; - org.gradle.internal.operations.DefaultBuildOperationRunner$BuildOperationTrackingListener::stop@9 (line 249)
                      ; - org.gradle.internal.operations.DefaultBuildOperationRunner$2::execute@62 (line 74)
                      ; - org.gradle.internal.operations.DefaultBuildOperationRunner$2::execute@8 (line 60)
                      ; - org.gradle.internal.operations.DefaultBuildOperationRunner::execute@141 (line 167)
  0x0000026911e86df0: 0c81 65fe | 4c8b d0e9 | dbd7 ffff | 498b d790 | c5f8 7749 | ba50 ce6e | 57f8 7f00 | 0041 ffd2 
  0x0000026911e86e10: e996 bdff | ff49 8bd7 | 0f1f 8400 | 0000 0000 | c5f8 7749 | ba50 ce6e | 57f8 7f00 | 0041 ffd2 
  0x0000026911e86e30: e922 bdff | ff48 8b7c | 2470 498b | d766 6690 | c5f8 7749 | ba50 ce6e | 57f8 7f00 | 0041 ffd2 
  0x0000026911e86e50: e9df dbff | ff49 8bd7 | 0f1f 8400 | 0000 0000 | c5f8 7749 | ba50 ce6e | 57f8 7f00 | 0041 ffd2 
  0x0000026911e86e70: e9c6 bbff | ff49 8bd7 | 0f1f 8400 | 0000 0000 | c5f8 7749 | ba50 ce6e | 57f8 7f00 | 0041 ffd2 
  0x0000026911e86e90: e976 bcff | ff49 8bd7 | 0f1f 8400 | 0000 0000 | c5f8 7749 | ba50 ce6e | 57f8 7f00 | 0041 ffd2 
  0x0000026911e86eb0: e9c7 bbff | ff49 8bd7 | 0f1f 8400 | 0000 0000 | c5f8 7749 | ba50 ce6e | 57f8 7f00 | 0041 ffd2 
  0x0000026911e86ed0: e936 bfff | ff49 8bd7 | 0f1f 8400 | 0000 0000 | c5f8 7749 | ba50 ce6e | 57f8 7f00 | 0041 ffd2 
  0x0000026911e86ef0: e9c5 beff | ff4c 8944 | 2438 4889 | 5c24 2844 | 896c 2420 | 4c8b ef49 | 8bd7 c5f8 | 7749 ba50 
  0x0000026911e86f10: ce6e 57f8 | 7f00 0041 | ffd2 498b | fd44 8b6c | 2420 488b | 5c24 284c | 8b44 2438 | e92d c0ff 
  0x0000026911e86f30: ff48 8974 | 2420 448b | f745 8beb | 488b eb49 | 8bf1 488b | f849 8bda | 498b d7c5 | f877 49ba 
  0x0000026911e86f50: 50ce 6e57 | f87f 0000 | 41ff d24c | 8bd3 488b | c74c 8bce | 488b dd45 | 8bdd 418b | fe48 8b74 
  0x0000026911e86f70: 2420 e974 | c1ff ff49 | 8bd7 660f | 1f44 0000 | c5f8 7749 | ba50 ce6e | 57f8 7f00 | 0041 ffd2 
  0x0000026911e86f90: e97e c7ff | ff49 8bd7 | 0f1f 8400 | 0000 0000 | c5f8 7749 | ba50 ce6e | 57f8 7f00 | 0041 ffd2 
  0x0000026911e86fb0: e902 c7ff | ff49 8bd7 | 0f1f 8400 | 0000 0000 | c5f8 7749 | ba50 ce6e | 57f8 7f00 | 0041 ffd2 
  0x0000026911e86fd0: e940 caff | ff49 8bf3 | 498b d70f | 1f44 0000 | c5f8 7749 | ba50 ce6e | 57f8 7f00 | 0041 ffd2 
  0x0000026911e86ff0: 4c8b dee9 | c2c9 ffff | 4533 d24d | 3bda bdff | ffff ff7c | 0840 0f95 | c540 0fb6 | edba 45ff 
  0x0000026911e87010: ffff 4889 | 5c24 2048 | ff74 2440 | 488f 4424 | 284c 8944 | 2438 4c89 | 4c24 484c | 895c 2450 
  0x0000026911e87030: ;   {runtime_call UncommonTrapBlob}
  0x0000026911e87030: c5f8 77e8 

  0x0000026911e87034: ; ImmutableOopMap {[32]=Oop [40]=Oop [48]=Oop [56]=Oop [72]=Oop }
                      ;*ifne {reexecute=1 rethrow=0 return_oop=0}
                      ; - (reexecute) org.gradle.internal.operations.OperationIdentifier::<init>@7 (line 26)
                      ; - org.gradle.internal.operations.DefaultBuildOperationRunner::execute@35 (line 158)
  0x0000026911e87034: c8f8 5afe | 4585 db40 | 0f95 c540 | 0fb6 edba | 45ff ffff | 4c8b 5424 | 304c 8954 | 2428 6690 
  0x0000026911e87054: ;   {runtime_call UncommonTrapBlob}
  0x0000026911e87054: c5f8 77e8 

  0x0000026911e87058: ; ImmutableOopMap {[32]=Oop [40]=Oop [104]=Oop [112]=Oop }
                      ;*ifne {reexecute=1 rethrow=0 return_oop=0}
                      ; - (reexecute) org.gradle.internal.operations.DefaultBuildOperationRunner::assertParentRunning@8 (line 177)
                      ; - org.gradle.internal.operations.DefaultBuildOperationRunner::execute@71 (line 162)
  0x0000026911e87058: a4f8 5afe | ba45 ffff | ff48 8b6c | 2430 488b | 4c24 784c | 8954 2430 | 4889 4424 | 384c 8b54 
  0x0000026911e87078: 2470 4c89 | 5424 404c | 8b54 2468 | 4c89 5424 | 4848 895c | 2450 4c8b | 5424 704c | 8954 2458 
  0x0000026911e87098: 4889 4c24 | 604c 894c | 2468 4489 | 5c24 7889 | 7c24 7c48 | 89b4 2480 | 0000 0044 | 8984 2488 
  0x0000026911e870b8: 0000 0090 

  0x0000026911e870bc: ;   {runtime_call UncommonTrapBlob}
  0x0000026911e870bc: c5f8 77e8 

  0x0000026911e870c0: ; ImmutableOopMap {rbp=Oop [48]=Oop [56]=Oop [64]=Oop [72]=Oop [80]=Oop [88]=Oop [96]=Oop [104]=Oop [120]=NarrowOop [128]=Oop [136]=NarrowOop }
                      ;*if_acmpne {reexecute=1 rethrow=0 return_oop=0}
                      ; - (reexecute) org.gradle.internal.logging.progress.DefaultProgressLoggerFactory$ProgressLoggerImpl::assertRunning@7 (line 268)
                      ; - org.gradle.internal.logging.progress.DefaultProgressLoggerFactory$ProgressLoggerImpl::completed@1 (line 248)
                      ; - org.gradle.internal.operations.BuildOperationProgressEventListenerAdapter::stop@42 (line 78)
                      ; - org.gradle.internal.operations.DefaultBuildOperationRunner$BuildOperationTrackingListener::stop@9 (line 249)
                      ; - org.gradle.internal.operations.DefaultBuildOperationRunner$2::execute@62 (line 74)
                      ; - org.gradle.internal.operations.DefaultBuildOperationRunner$2::execute@8 (line 60)
                      ; - org.gradle.internal.operations.DefaultBuildOperationRunner::execute@141 (line 167)
  0x0000026911e870c0: 3cf8 5afe | ba45 ffff | ff48 8b6c | 2430 488b | 4c24 784c | 8954 2430 | 4889 4424 | 384c 8b54 
  0x0000026911e870e0: 2470 4c89 | 5424 404c | 8b54 2468 | 4c89 5424 | 4848 895c | 2450 4c8b | 5424 704c | 8954 2458 
  0x0000026911e87100: 4889 4c24 | 604c 894c | 2468 4489 | 5c24 7889 | 7c24 7c48 | 89b4 2480 | 0000 0044 | 8984 2488 
  0x0000026911e87120: 0000 0090 

  0x0000026911e87124: ;   {runtime_call UncommonTrapBlob}
  0x0000026911e87124: c5f8 77e8 

  0x0000026911e87128: ; ImmutableOopMap {rbp=Oop [48]=Oop [56]=Oop [64]=Oop [72]=Oop [80]=Oop [88]=Oop [96]=Oop [104]=Oop [120]=NarrowOop [128]=Oop [136]=NarrowOop }
                      ;*if_acmpne {reexecute=1 rethrow=0 return_oop=0}
                      ; - (reexecute) org.gradle.internal.logging.progress.DefaultProgressLoggerFactory$ProgressLoggerImpl::assertRunning@38 (line 271)
                      ; - org.gradle.internal.logging.progress.DefaultProgressLoggerFactory$ProgressLoggerImpl::completed@1 (line 248)
                      ; - org.gradle.internal.operations.BuildOperationProgressEventListenerAdapter::stop@42 (line 78)
                      ; - org.gradle.internal.operations.DefaultBuildOperationRunner$BuildOperationTrackingListener::stop@9 (line 249)
                      ; - org.gradle.internal.operations.DefaultBuildOperationRunner$2::execute@62 (line 74)
                      ; - org.gradle.internal.operations.DefaultBuildOperationRunner$2::execute@8 (line 60)
                      ; - org.gradle.internal.operations.DefaultBuildOperationRunner::execute@141 (line 167)
  0x0000026911e87128: d4f7 5afe | ba45 ffff | ff4c 8b54 | 2430 4c89 | 5424 204c | 8b54 2478 | 4c89 5424 | 304c 8b54 
  0x0000026911e87148: 2470 4c89 | 5424 484c | 8b54 2468 | 4c89 5424 | 504c 8b54 | 2470 4c89 | 5424 604c | 8b94 2488 
  0x0000026911e87168: 0000 004c | 8954 2470 | 4c89 8424 | 8000 0000 | 4889 9c24 | 8800 0000 | 4489 9c24 | 9000 0000 
  0x0000026911e87188: ;   {runtime_call UncommonTrapBlob}
  0x0000026911e87188: c5f8 77e8 

  0x0000026911e8718c: ; ImmutableOopMap {rbp=Oop [32]=Oop [48]=Oop [56]=Oop [64]=Oop [72]=Oop [80]=Oop [88]=Oop [96]=Oop [112]=Oop [128]=Oop [136]=Oop }
                      ;*ifge {reexecute=1 rethrow=0 return_oop=0}
                      ; - (reexecute) org.gradle.internal.logging.sink.OutputEventRenderer::onOutput@24 (line 424)
                      ; - org.gradle.internal.logging.sink.OutputEventListenerManager$1::onOutput@8 (line 36)
                      ; - org.gradle.internal.logging.services.ProgressLoggingBridge::completed@5 (line 34)
                      ; - org.gradle.internal.logging.progress.DefaultProgressLoggerFactory$ProgressLoggerImpl::completed@55 (line 251)
                      ; - org.gradle.internal.operations.BuildOperationProgressEventListenerAdapter::stop@42 (line 78)
                      ; - org.gradle.internal.operations.DefaultBuildOperationRunner$BuildOperationTrackingListener::stop@9 (line 249)
                      ; - org.gradle.internal.operations.DefaultBuildOperationRunner$2::execute@62 (line 74)
                      ; - org.gradle.internal.operations.DefaultBuildOperationRunner$2::execute@8 (line 60)
                      ; - org.gradle.internal.operations.DefaultBuildOperationRunner::execute@141 (line 167)
  0x0000026911e8718c: 70f7 5afe | 498b d766 | 0f1f 8400 | 0000 0000 | 6666 6690 | c5f8 7749 | ba50 ce6e | 57f8 7f00 
  0x0000026911e871ac: 0041 ffd2 | e9c5 c1ff | ff49 8bd7 | 0f1f 8400 | 0000 0000 | c5f8 7749 | ba50 ce6e | 57f8 7f00 
  0x0000026911e871cc: 0041 ffd2 | e956 c1ff | ff49 8bd7 | 0f1f 8400 | 0000 0000 | c5f8 7749 | ba50 ce6e | 57f8 7f00 
  0x0000026911e871ec: 0041 ffd2 | e9ff c1ff | ff4d 85d2 | 400f 95c5 | 400f b6ed | 83f5 01ba | 45ff ffff | 4c8b 5424 
  0x0000026911e8720c: 304c 8954 | 2420 4c8b | 5424 784c | 8954 2430 | 4c8b 5424 | 704c 8954 | 2448 4c8b | 5424 684c 
  0x0000026911e8722c: 8954 2450 | 4c8b 5424 | 704c 8954 | 2460 4c8b | 9424 8800 | 0000 4c89 | 5424 704c | 8b94 2498 
  0x0000026911e8724c: 0000 004c | 8954 2478 | 448b 9c24 | 9000 0000 | 4489 9c24 | 8000 0000 | 448b 9424 | 9400 0000 
  0x0000026911e8726c: 4489 9424 | 8400 0000 | 448b 9424 | a000 0000 | 4489 9424 | 8c00 0000 

  0x0000026911e87284: ;   {runtime_call UncommonTrapBlob}
  0x0000026911e87284: c5f8 77e8 

  0x0000026911e87288: ; ImmutableOopMap {[32]=Oop [48]=Oop [56]=Oop [64]=Oop [72]=Oop [80]=Oop [88]=Oop [96]=Oop [112]=Oop [120]=Oop [128]=NarrowOop [140]=NarrowOop [164]=NarrowOop [168]=Oop [176]=NarrowOop }
                      ;*ifeq {reexecute=1 rethrow=0 return_oop=0}
                      ; - (reexecute) java.lang.ThreadLocal$ThreadLocalMap::set@53 (line 492)
                      ; - java.lang.ThreadLocal::set@17 (line 222)
                      ; - org.gradle.internal.logging.progress.DefaultProgressLoggerFactory$ProgressLoggerImpl::completed@22 (line 250)
                      ; - org.gradle.internal.operations.BuildOperationProgressEventListenerAdapter::stop@42 (line 78)
                      ; - org.gradle.internal.operations.DefaultBuildOperationRunner$BuildOperationTrackingListener::stop@9 (line 249)
                      ; - org.gradle.internal.operations.DefaultBuildOperationRunner$2::execute@62 (line 74)
                      ; - org.gradle.internal.operations.DefaultBuildOperationRunner$2::execute@8 (line 60)
                      ; - org.gradle.internal.operations.DefaultBuildOperationRunner::execute@141 (line 167)
  0x0000026911e87288: 74f6 5afe | 4c8b 9c24 | 8000 0000 | 458b 531c | 4585 d20f | 1f44 0000 | 0f84 2de4 | ffff 4d8b 
  0x0000026911e872a8: 4720 498b | ca4d 85c0 | 0f84 a112 | 0000 4d8b | 5730 4b89 | 4c02 f849 | 83c0 f84d | 8947 20e9 
  0x0000026911e872c8: 07e4 ffff | 448b 1745 | 85d2 0f84 | 27e4 ffff | 4d8b 4720 | 498b ca90 | 4d85 c00f | 848f 1200 
  0x0000026911e872e8: 004d 8b57 | 304b 894c | 02f8 4983 | c0f8 4d89 | 4720 e900 | e4ff ff4d | 8b57 504d | 8b5f 40f0 
  0x0000026911e87308: 8344 24c0 | 0080 3900 | 0f84 18e4 | ffff 4488 | 214d 85db | 7518 498b | d7c5 f877 | 49ba 30ce 
  0x0000026911e87328: 6e57 f87f | 0000 41ff | d2e9 f8e3 | ffff 4b89 | 4c1a f849 | 83c3 f84d | 895f 40e9 | e6e3 ffff 
  0x0000026911e87348: 448b 531c | 4585 d20f | 8456 e4ff | ff4d 8b5f | 2049 8bca | 0f1f 4000 | 4d85 db0f | 842f 1200 
  0x0000026911e87368: 004d 8b57 | 304b 894c | 1af8 4983 | c3f8 4d89 | 5f20 e92c | e4ff ff49 | 8b87 0801 | 0000 4c8b 
  0x0000026911e87388: d049 83c2 | 184d 3b97 | 1801 0000 | 0f83 e413 | 0000 4d89 | 9708 0100 | 0041 0f0d | 8a00 0100 
  0x0000026911e873a8: 0048 c700 | 0100 0000 

  0x0000026911e873b0: ;   {metadata('java/lang/ThreadLocal$ThreadLocalMap')}
  0x0000026911e873b0: c740 08b0 | 960b 0044 | 8960 0c4c | 8960 104c | 8bd8 498b | 8708 0100 | 004c 8bd0 | 4983 c250 
  0x0000026911e873d0: 4d3b 9718 | 0100 000f | 8360 1300 | 004d 8997 | 0801 0000 | 410f 0d8a | 0001 0000 | 48c7 0001 
  0x0000026911e873f0: 0000 0041 | 0f0d 8a40 

  0x0000026911e873f8: ;   {metadata('java/lang/ThreadLocal$ThreadLocalMap$Entry'[])}
  0x0000026911e873f8: 0100 00c7 | 4008 b834 | 0401 410f | 0d8a 8001 | 0000 c740 | 0c10 0000 | 004c 8960 | 104c 8960 
  0x0000026911e87418: 184c 8960 | 204c 8960 | 284c 8960 | 304c 8960 | 384c 8960 | 404c 8960 | 484d 8bd3 | 4c8b c045 
  0x0000026911e87438: 8943 144c | 8bc0 4d33 | c249 c1e8 | 144d 85c0 | 0f84 a20f | 0000 49c1 | ea09 48b9 | 0000 ab17 
  0x0000026911e87458: 6902 0000 | 4903 ca90 | 8039 040f | 853c 1000 | 0048 8984 | 2498 0000 | 0049 8b87 | 0801 0000 
  0x0000026911e87478: 4c8b d049 | 83c2 2083 | e20f 4d3b | 9718 0100 | 000f 837d | 1200 004d | 8997 0801 | 0000 410f 
  0x0000026911e87498: 0d8a 0001 | 0000 48c7 | 0001 0000 

  0x0000026911e874a4: ;   {metadata('java/lang/ThreadLocal$ThreadLocalMap$Entry')}
  0x0000026911e874a4: 00c7 4008 | c098 0b00 | 4489 600c | 4c89 6010 | 4c89 6018 | 4c89 4c24 | 6048 897c | 2458 8954 
  0x0000026911e874c4: 2450 4c89 | 5c24 704c | 8bd0 498b | ea49 8bd2 | 4c8b 4424 | 5866 6690 

  0x0000026911e874dc: ;   {optimized virtual_call}
  0x0000026911e874dc: c5f8 77e8 

  0x0000026911e874e0: ; ImmutableOopMap {rbp=Oop [48]=Oop [56]=Oop [64]=Oop [72]=Oop [88]=Oop [96]=Oop [104]=Oop [112]=Oop [120]=Oop [152]=Oop [168]=Oop }
                      ;*invokespecial <init> {reexecute=0 rethrow=0 return_oop=0}
                      ; - java.lang.ref.WeakReference::<init>@2 (line 57)
                      ; - java.lang.ThreadLocal$ThreadLocalMap$Entry::<init>@2 (line 334)
                      ; - java.lang.ThreadLocal$ThreadLocalMap::<init>@37 (line 389)
                      ; - java.lang.ThreadLocal::createMap@7 (line 265)
                      ; - java.lang.ThreadLocal::setInitialValue@31 (line 201)
                      ; - java.lang.ThreadLocal::get@34 (line 172)
                      ; - org.gradle.internal.operations.CurrentBuildOperationRef::get@4 (line 37)
                      ; - org.gradle.internal.operations.CurrentBuildOperationRef::getId@1 (line 42)
                      ; - org.gradle.internal.logging.slf4j.BuildOperationAwareLogger::log@7 (line 141)
                      ; - org.gradle.internal.logging.slf4j.BuildOperationAwareLogger::log@32 (line 155)
                      ; - org.gradle.internal.logging.slf4j.BuildOperationAwareLogger::log@13 (line 145)
                      ; - org.gradle.internal.logging.slf4j.BuildOperationAwareLogger::debug@14 (line 168)
                      ; - org.gradle.internal.logging.slf4j.OutputEventListenerBackedLogger::debug@3 (line 25)
                      ; - org.gradle.internal.operations.DefaultBuildOperationRunner$BuildOperationTrackingListener::stop@23 (line 250)
                      ; - org.gradle.internal.operations.DefaultBuildOperationRunner$2::execute@62 (line 74)
                      ; - org.gradle.internal.operations.DefaultBuildOperationRunner$2::execute@8 (line 60)
                      ; - org.gradle.internal.operations.DefaultBuildOperationRunner::execute@141 (line 167)
  0x0000026911e874e0: 9c9e 5afe | 4180 7f38 | 000f 850e | 0f00 004c | 8bc5 4589 | 601c 4c8b | 9424 9800 | 0000 6690 
  0x0000026911e87500: ; implicit exception: dispatches to 0x0000026911e8977f
  0x0000026911e87500: 418b 4a0c | 448b 5c24 | 5044 3bd9 | 0f83 ee13 | 0000 4b8d | 749a 1066 | 0f1f 8400 | 0000 0000 
  0x0000026911e87520: 4180 7f38 | 000f 8544 | 0f00 004d | 8bd8 4489 | 1e4c 8b4c | 2470 498b | f94c 8bd6 | 4d8b d84d 
  0x0000026911e87540: 33da 49c1 | eb14 4d85 | db74 1e49 | c1ea 0948 | b900 00ab | 1769 0200 | 0049 03ca | 0f1f 4000 
  0x0000026911e87560: 8039 040f | 859f 0f00 | 0041 807f | 3800 0f85 | bf0e 0000 | 4c8b 4424 | 6041 8978 | 4441 c741 
  0x0000026911e87580: 100a 0000 | 0041 c741 | 0c01 0000 | 004d 8bd0 | 4d8b d94d | 33da 49c1 | eb14 660f | 1f44 0000 
  0x0000026911e875a0: 4d85 db0f | 8406 e2ff | ff49 c1ea | 0948 b900 | 00ab 1769 | 0200 0049 | 03ca 660f | 1f44 0000 
  0x0000026911e875c0: 8039 040f | 84e6 e1ff | ff4d 8b57 | 404d 8b5f | 50f0 8344 | 24c0 0080 | 3900 660f | 1f44 0000 
  0x0000026911e875e0: 0f84 c9e1 | ffff 4488 | 214d 85d2 | 7527 498b | d766 6666 | 0f1f 8400 | 0000 0000 | 6666 6690 
  0x0000026911e87600: c5f8 7749 | ba30 ce6e | 57f8 7f00 | 0041 ffd2 | e99a e1ff | ff4b 894c | 13f8 4983 | c2f8 4d89 
  0x0000026911e87620: 5740 e988 | e1ff ff45 | 33d2 e947 | e1ff ff48 | 8b6c 2458 | 488b 5424 | 5066 6690 

  0x0000026911e8763c: ;   {optimized virtual_call}
  0x0000026911e8763c: c5f8 77e8 

  0x0000026911e87640: ; ImmutableOopMap {rbp=Oop [48]=Oop [56]=Oop [64]=Oop [72]=Oop [104]=Oop [120]=Oop [168]=Oop }
                      ;*invokevirtual rehash {reexecute=0 rethrow=0 return_oop=0}
                      ; - java.lang.ThreadLocal$ThreadLocalMap::set@129 (line 501)
                      ; - java.lang.ThreadLocal::setInitialValue@22 (line 199)
                      ; - java.lang.ThreadLocal::get@34 (line 172)
                      ; - org.gradle.internal.operations.CurrentBuildOperationRef::get@4 (line 37)
                      ; - org.gradle.internal.operations.CurrentBuildOperationRef::getId@1 (line 42)
                      ; - org.gradle.internal.logging.slf4j.BuildOperationAwareLogger::log@7 (line 141)
                      ; - org.gradle.internal.logging.slf4j.BuildOperationAwareLogger::log@32 (line 155)
                      ; - org.gradle.internal.logging.slf4j.BuildOperationAwareLogger::log@13 (line 145)
                      ; - org.gradle.internal.logging.slf4j.BuildOperationAwareLogger::debug@14 (line 168)
                      ; - org.gradle.internal.logging.slf4j.OutputEventListenerBackedLogger::debug@3 (line 25)
                      ; - org.gradle.internal.operations.DefaultBuildOperationRunner$BuildOperationTrackingListener::stop@23 (line 250)
                      ; - org.gradle.internal.operations.DefaultBuildOperationRunner$2::execute@62 (line 74)
                      ; - org.gradle.internal.operations.DefaultBuildOperationRunner$2::execute@8 (line 60)
                      ; - org.gradle.internal.operations.DefaultBuildOperationRunner::execute@141 (line 167)
  0x0000026911e87640: 3c9d 5afe | e966 e1ff | ffba f6ff | ffff 488b | e848 895c | 2420 6690 

  0x0000026911e87658: ;   {runtime_call UncommonTrapBlob}
  0x0000026911e87658: c5f8 77e8 

  0x0000026911e8765c: ; ImmutableOopMap {}
                      ;*invokevirtual compareAndSet {reexecute=0 rethrow=0 return_oop=0}
                      ; - org.gradle.internal.time.MonotonicClock::advance@22 (line 114)
                      ; - org.gradle.internal.time.MonotonicClock::getCurrentTime@66 (line 86)
                      ; - org.gradle.internal.operations.DefaultBuildOperationRunner::execute@84 (line 164)
  0x0000026911e8765c: a0f2 5afe | baf6 ffff | ff48 8b6c | 2430 4c8b | 5424 384c | 8954 2430 | 4c8b 5424 | 404c 8954 
  0x0000026911e8767c: 2438 4889 | 4424 4090 

  0x0000026911e87684: ;   {runtime_call UncommonTrapBlob}
  0x0000026911e87684: c5f8 77e8 

  0x0000026911e87688: ; ImmutableOopMap {rbp=Oop [48]=Oop [56]=Oop [112]=Oop [120]=Oop }
                      ;*invokevirtual compareAndSet {reexecute=0 rethrow=0 return_oop=0}
                      ; - org.gradle.internal.time.MonotonicClock::advance@22 (line 114)
                      ; - org.gradle.internal.time.MonotonicClock::getCurrentTime@66 (line 86)
                      ; - org.gradle.internal.logging.progress.DefaultProgressLoggerFactory$ProgressLoggerImpl::completed@41 (line 251)
                      ; - org.gradle.internal.operations.BuildOperationProgressEventListenerAdapter::stop@42 (line 78)
                      ; - org.gradle.internal.operations.DefaultBuildOperationRunner$BuildOperationTrackingListener::stop@9 (line 249)
                      ; - org.gradle.internal.operations.DefaultBuildOperationRunner$2::execute@62 (line 74)
                      ; - org.gradle.internal.operations.DefaultBuildOperationRunner$2::execute@8 (line 60)
                      ; - org.gradle.internal.operations.DefaultBuildOperationRunner::execute@141 (line 167)
  0x0000026911e87688: 74f2 5afe | baf6 ffff | ff48 8b6c | 2430 4c8b | 5424 384c | 8954 2430 | 4c8b 5424 | 404c 8954 
  0x0000026911e876a8: 2438 4889 | 4424 404c | 895c 2448 

  0x0000026911e876b4: ;   {runtime_call UncommonTrapBlob}
  0x0000026911e876b4: c5f8 77e8 

  0x0000026911e876b8: ; ImmutableOopMap {rbp=Oop [48]=Oop [56]=Oop [112]=Oop [120]=Oop }
                      ;*invokevirtual compareAndSet {reexecute=0 rethrow=0 return_oop=0}
                      ; - org.gradle.internal.time.MonotonicClock::advance@22 (line 114)
                      ; - org.gradle.internal.time.MonotonicClock::getCurrentTime@66 (line 86)
                      ; - org.gradle.internal.operations.BuildOperationProgressEventListenerAdapter::stop@64 (line 79)
                      ; - org.gradle.internal.operations.DefaultBuildOperationRunner$BuildOperationTrackingListener::stop@9 (line 249)
                      ; - org.gradle.internal.operations.DefaultBuildOperationRunner$2::execute@62 (line 74)
                      ; - org.gradle.internal.operations.DefaultBuildOperationRunner$2::execute@8 (line 60)
                      ; - org.gradle.internal.operations.DefaultBuildOperationRunner::execute@141 (line 167)
  0x0000026911e876b8: 44f2 5afe | 498b d790 | c5f8 7749 | ba50 ce6e | 57f8 7f00 | 0041 ffd2 | e9a0 c6ff | ff48 8974 
  0x0000026911e876d8: 2450 4489 | 5424 2489 | 4c24 2044 | 895c 2470 | 4489 4424 | 6048 897c 

  0x0000026911e876f0: ;   {metadata('java/lang/ThreadLocal$ThreadLocalMap$Entry')}
  0x0000026911e876f0: 2458 48ba | c098 0b1f | 6902 0000 

  0x0000026911e876fc: ;   {runtime_call _new_instance_Java}
  0x0000026911e876fc: c5f8 77e8 

  0x0000026911e87700: ; ImmutableOopMap {rbp=Oop [48]=Oop [56]=Oop [64]=Oop [72]=Oop [80]=Oop [88]=Oop [96]=NarrowOop [104]=Oop [112]=NarrowOop [120]=Oop [168]=Oop }
                      ;*new {reexecute=0 rethrow=0 return_oop=1}
                      ; - java.lang.ThreadLocal$ThreadLocalMap::set@85 (line 498)
                      ; - java.lang.ThreadLocal::setInitialValue@22 (line 199)
                      ; - java.lang.ThreadLocal::get@34 (line 172)
                      ; - org.gradle.internal.operations.CurrentBuildOperationRef::get@4 (line 37)
                      ; - org.gradle.internal.operations.CurrentBuildOperationRef::getId@1 (line 42)
                      ; - org.gradle.internal.logging.slf4j.BuildOperationAwareLogger::log@7 (line 141)
                      ; - org.gradle.internal.logging.slf4j.BuildOperationAwareLogger::log@32 (line 155)
                      ; - org.gradle.internal.logging.slf4j.BuildOperationAwareLogger::log@13 (line 145)
                      ; - org.gradle.internal.logging.slf4j.BuildOperationAwareLogger::debug@14 (line 168)
                      ; - org.gradle.internal.logging.slf4j.OutputEventListenerBackedLogger::debug@3 (line 25)
                      ; - org.gradle.internal.operations.DefaultBuildOperationRunner$BuildOperationTrackingListener::stop@23 (line 250)
                      ; - org.gradle.internal.operations.DefaultBuildOperationRunner$2::execute@62 (line 74)
                      ; - org.gradle.internal.operations.DefaultBuildOperationRunner$2::execute@8 (line 60)
                      ; - org.gradle.internal.operations.DefaultBuildOperationRunner::execute@141 (line 167)
  0x0000026911e87700: fc77 65fe | e991 dfff | ff49 3bdb | bdff ffff | ff7c 0840 | 0f95 c540 | 0fb6 edba | 45ff ffff 
  0x0000026911e87720: 4c8b 4c24 | 304c 894c | 2428 48ff | 7424 6848 | 8f44 2430 | 48ff 7424 | 7848 8f44 | 2440 48ff 
  0x0000026911e87740: 7424 7048 | 8f44 2450 | 4889 7424 | 5848 8944 | 2460 4c89 | 5424 684c | 896c 2470 | 4889 5c24 
  0x0000026911e87760: 784c 899c | 2480 0000 | 0066 6690 

  0x0000026911e8776c: ;   {runtime_call UncommonTrapBlob}
  0x0000026911e8776c: c5f8 77e8 

  0x0000026911e87770: ; ImmutableOopMap {[32]=Oop [40]=Oop [48]=Oop [64]=Oop [80]=Oop [88]=Oop }
                      ;*ifle {reexecute=1 rethrow=0 return_oop=0}
                      ; - (reexecute) java.util.concurrent.TimeUnit::toMillis@42 (line 295)
                      ; - org.gradle.internal.time.MonotonicClock::getCurrentTime@37 (line 81)
                      ; - org.gradle.internal.operations.DefaultBuildOperationRunner::execute@84 (line 164)
  0x0000026911e87770: 8cf1 5afe | 493b dbbd | ffff ffff | 7c08 400f | 95c5 400f | b6ed ba45 | ffff ff4c | 8b5c 2430 
  0x0000026911e87790: 4c89 5c24 | 2848 ff74 | 2468 488f | 4424 3048 | ff74 2478 | 488f 4424 | 4048 ff74 | 2470 488f 
  0x0000026911e877b0: 4424 5048 | 8974 2458 | 4889 4424 | 604c 8954 | 2468 4c89 | 6c24 7048 | 895c 2478 

  0x0000026911e877cc: ;   {runtime_call UncommonTrapBlob}
  0x0000026911e877cc: c5f8 77e8 

  0x0000026911e877d0: ; ImmutableOopMap {[32]=Oop [40]=Oop [48]=Oop [64]=Oop [80]=Oop [88]=Oop }
                      ;*ifge {reexecute=1 rethrow=0 return_oop=0}
                      ; - (reexecute) java.util.concurrent.TimeUnit::toMillis@54 (line 297)
                      ; - org.gradle.internal.time.MonotonicClock::getCurrentTime@37 (line 81)
                      ; - org.gradle.internal.operations.DefaultBuildOperationRunner::execute@84 (line 164)
  0x0000026911e877d0: 2cf1 5afe | 4d8b d34d | 3bd0 bdff | ffff ff7c | 0840 0f95 | c540 0fb6 | edba 45ff | ffff 4c8b 
  0x0000026911e877f0: 5424 304c | 8954 2420 | 4c8b 5424 | 784c 8954 | 2430 4c8b | 5424 704c | 8954 2448 | 4c8b 5424 
  0x0000026911e87810: 684c 8954 | 2450 4c8b | 5424 704c | 8954 2460 | 4c8b 9424 | 8800 0000 | 4c89 5424 | 704c 896c 
  0x0000026911e87830: 2478 448b | 9c24 9000 | 0000 4489 | 9c24 8000 | 0000 448b | 9424 9400 | 0000 4489 | 9424 8400 
  0x0000026911e87850: 0000 4489 | b424 8800 | 0000 89b4 | 248c 0000 | 0048 899c | 24a0 0000 | 0048 8984 | 24a8 0000 
  0x0000026911e87870: 0048 898c | 24b0 0000 | 00c5 fb11 | 8424 c000 | 0000 4c89 | 8424 c800 | 0000 6690 

  0x0000026911e8788c: ;   {runtime_call UncommonTrapBlob}
  0x0000026911e8788c: c5f8 77e8 

  0x0000026911e87890: ; ImmutableOopMap {[32]=Oop [48]=Oop [56]=Oop [64]=Oop [72]=Oop [80]=Oop [88]=Oop [96]=Oop [112]=Oop [120]=Oop [128]=NarrowOop [136]=NarrowOop [140]=NarrowOop [152]=Oop [160]=Oop }
                      ;*ifle {reexecute=1 rethrow=0 return_oop=0}
                      ; - (reexecute) java.util.concurrent.TimeUnit::toMillis@42 (line 295)
                      ; - org.gradle.internal.time.MonotonicClock::getCurrentTime@37 (line 81)
                      ; - org.gradle.internal.logging.progress.DefaultProgressLoggerFactory$ProgressLoggerImpl::completed@41 (line 251)
                      ; - org.gradle.internal.operations.BuildOperationProgressEventListenerAdapter::stop@42 (line 78)
                      ; - org.gradle.internal.operations.DefaultBuildOperationRunner$BuildOperationTrackingListener::stop@9 (line 249)
                      ; - org.gradle.internal.operations.DefaultBuildOperationRunner$2::execute@62 (line 74)
                      ; - org.gradle.internal.operations.DefaultBuildOperationRunner$2::execute@8 (line 60)
                      ; - org.gradle.internal.operations.DefaultBuildOperationRunner::execute@141 (line 167)
  0x0000026911e87890: 6cf0 5afe | 4d8b d34d | 3bd0 bdff | ffff ff7c | 0840 0f95 | c540 0fb6 | edba 45ff | ffff 4c8b 
  0x0000026911e878b0: 5424 304c | 8954 2420 | 4c8b 5424 | 784c 8954 | 2430 4c8b | 5424 704c | 8954 2448 | 4c8b 5424 
  0x0000026911e878d0: 684c 8954 | 2450 4c8b | 5424 704c | 8954 2460 | 4c8b 9424 | 8800 0000 | 4c89 5424 | 704c 896c 
  0x0000026911e878f0: 2478 448b | 9c24 9000 | 0000 4489 | 9c24 8000 | 0000 448b | 9424 9400 | 0000 4489 | 9424 8400 
  0x0000026911e87910: 0000 4489 | b424 8800 | 0000 89b4 | 248c 0000 | 0048 899c | 24a0 0000 | 0048 8984 | 24a8 0000 
  0x0000026911e87930: 0048 898c | 24b0 0000 | 00c5 fb11 | 8424 c000 | 0000 6690 

  0x0000026911e87944: ;   {runtime_call UncommonTrapBlob}
  0x0000026911e87944: c5f8 77e8 

  0x0000026911e87948: ; ImmutableOopMap {[32]=Oop [48]=Oop [56]=Oop [64]=Oop [72]=Oop [80]=Oop [88]=Oop [96]=Oop [112]=Oop [120]=Oop [128]=NarrowOop [136]=NarrowOop [140]=NarrowOop [152]=Oop [160]=Oop }
                      ;*ifge {reexecute=1 rethrow=0 return_oop=0}
                      ; - (reexecute) java.util.concurrent.TimeUnit::toMillis@54 (line 297)
                      ; - org.gradle.internal.time.MonotonicClock::getCurrentTime@37 (line 81)
                      ; - org.gradle.internal.logging.progress.DefaultProgressLoggerFactory$ProgressLoggerImpl::completed@41 (line 251)
                      ; - org.gradle.internal.operations.BuildOperationProgressEventListenerAdapter::stop@42 (line 78)
                      ; - org.gradle.internal.operations.DefaultBuildOperationRunner$BuildOperationTrackingListener::stop@9 (line 249)
                      ; - org.gradle.internal.operations.DefaultBuildOperationRunner$2::execute@62 (line 74)
                      ; - org.gradle.internal.operations.DefaultBuildOperationRunner$2::execute@8 (line 60)
                      ; - org.gradle.internal.operations.DefaultBuildOperationRunner::execute@141 (line 167)
  0x0000026911e87948: b4ef 5afe | 4d3b c3bd | ffff ffff | 7c08 400f | 95c5 400f | b6ed ba45 | ffff ff4c | 8b54 2430 
  0x0000026911e87968: 4c89 5424 | 204c 8b54 | 2478 4c89 | 5424 304c | 8b54 2470 | 4c89 5424 | 484c 8b54 | 2468 4c89 
  0x0000026911e87988: 5424 504c | 8b94 2488 | 0000 004c | 8954 2458 | 4489 7424 | 604c 8b54 | 2470 4c89 | 5424 684c 
  0x0000026911e879a8: 896c 2478 | 4889 bc24 | 8000 0000 | 4889 9c24 | 8800 0000 | 4889 8424 | 9000 0000 | 4889 8c24 
  0x0000026911e879c8: 9800 0000 | 4c89 8424 | a800 0000 | 4c89 9c24 | b000 0000 

  0x0000026911e879dc: ;   {runtime_call UncommonTrapBlob}
  0x0000026911e879dc: c5f8 77e8 

  0x0000026911e879e0: ; ImmutableOopMap {[32]=Oop [48]=Oop [56]=Oop [64]=Oop [72]=Oop [80]=Oop [88]=Oop [96]=NarrowOop [104]=Oop [120]=Oop [136]=Oop }
                      ;*ifle {reexecute=1 rethrow=0 return_oop=0}
                      ; - (reexecute) java.util.concurrent.TimeUnit::toMillis@42 (line 295)
                      ; - org.gradle.internal.time.MonotonicClock::getCurrentTime@37 (line 81)
                      ; - org.gradle.internal.operations.BuildOperationProgressEventListenerAdapter::stop@64 (line 79)
                      ; - org.gradle.internal.operations.DefaultBuildOperationRunner$BuildOperationTrackingListener::stop@9 (line 249)
                      ; - org.gradle.internal.operations.DefaultBuildOperationRunner$2::execute@62 (line 74)
                      ; - org.gradle.internal.operations.DefaultBuildOperationRunner$2::execute@8 (line 60)
                      ; - org.gradle.internal.operations.DefaultBuildOperationRunner::execute@141 (line 167)
  0x0000026911e879e0: 1cef 5afe | 4d3b c3bd | ffff ffff | 7c08 400f | 95c5 400f | b6ed ba45 | ffff ff4c | 8b5c 2430 
  0x0000026911e87a00: 4c89 5c24 | 204c 8b5c | 2478 4c89 | 5c24 304c | 8b5c 2470 | 4c89 5c24 | 484c 8b5c | 2468 4c89 
  0x0000026911e87a20: 5c24 504c | 8b9c 2488 | 0000 004c | 895c 2458 | 4489 7424 | 604c 8b5c | 2470 4c89 | 5c24 684c 
  0x0000026911e87a40: 896c 2478 | 4889 bc24 | 8000 0000 | 4889 9c24 | 8800 0000 | 4889 8424 | 9000 0000 | 4889 8c24 
  0x0000026911e87a60: 9800 0000 | 4c89 8424 | a800 0000 

  0x0000026911e87a6c: ;   {runtime_call UncommonTrapBlob}
  0x0000026911e87a6c: c5f8 77e8 

  0x0000026911e87a70: ; ImmutableOopMap {[32]=Oop [48]=Oop [56]=Oop [64]=Oop [72]=Oop [80]=Oop [88]=Oop [96]=NarrowOop [104]=Oop [120]=Oop [136]=Oop }
                      ;*ifge {reexecute=1 rethrow=0 return_oop=0}
                      ; - (reexecute) java.util.concurrent.TimeUnit::toMillis@54 (line 297)
                      ; - org.gradle.internal.time.MonotonicClock::getCurrentTime@37 (line 81)
                      ; - org.gradle.internal.operations.BuildOperationProgressEventListenerAdapter::stop@64 (line 79)
                      ; - org.gradle.internal.operations.DefaultBuildOperationRunner$BuildOperationTrackingListener::stop@9 (line 249)
                      ; - org.gradle.internal.operations.DefaultBuildOperationRunner$2::execute@62 (line 74)
                      ; - org.gradle.internal.operations.DefaultBuildOperationRunner$2::execute@8 (line 60)
                      ; - org.gradle.internal.operations.DefaultBuildOperationRunner::execute@141 (line 167)
  0x0000026911e87a70: 8cee 5afe | ba5c ffff | ff4c 8b54 | 2430 4c89 | 5424 2090 

  0x0000026911e87a84: ;   {runtime_call UncommonTrapBlob}
  0x0000026911e87a84: c5f8 77e8 

  0x0000026911e87a88: ; ImmutableOopMap {rbp=NarrowOop [32]=Oop [56]=Oop [64]=Oop [104]=Oop [112]=Oop [120]=Oop }
                      ;*instanceof {reexecute=0 rethrow=0 return_oop=0}
                      ; - org.slf4j.helpers.MessageFormatter::getThrowableCandidate@19 (line 406)
                      ; - org.slf4j.helpers.MessageFormatter::arrayFormat@1 (line 156)
                      ; - org.gradle.internal.logging.slf4j.BuildOperationAwareLogger::log@3 (line 153)
                      ; - org.gradle.internal.logging.slf4j.BuildOperationAwareLogger::log@13 (line 145)
                      ; - org.gradle.internal.logging.slf4j.BuildOperationAwareLogger::debug@14 (line 168)
                      ; - org.gradle.internal.logging.slf4j.OutputEventListenerBackedLogger::debug@3 (line 25)
                      ; - org.gradle.internal.operations.DefaultBuildOperationRunner$BuildOperationTrackingListener::stop@23 (line 250)
                      ; - org.gradle.internal.operations.DefaultBuildOperationRunner$2::execute@62 (line 74)
                      ; - org.gradle.internal.operations.DefaultBuildOperationRunner$2::execute@8 (line 60)
                      ; - org.gradle.internal.operations.DefaultBuildOperationRunner::execute@141 (line 167)
  0x0000026911e87a88: 74ee 5afe | bade ffff | ff48 8b6c | 2430 4c8b | 4c24 384c | 894c 2430 | 4c8b 4c24 | 404c 894c 
  0x0000026911e87aa8: 2438 4c8b | 4c24 484c | 894c 2440 | 4c8b 4c24 | 684c 894c | 2448 4c89 | 5424 584c | 8944 2468 
  0x0000026911e87ac8: 4489 5c24 | 7066 6690 

  0x0000026911e87ad0: ;   {runtime_call UncommonTrapBlob}
  0x0000026911e87ad0: c5f8 77e8 

  0x0000026911e87ad4: ; ImmutableOopMap {rbp=Oop [48]=Oop [56]=Oop [64]=Oop [72]=Oop [88]=Oop [104]=Oop [112]=NarrowOop [120]=Oop [168]=Oop }
                      ;*invokeinterface getCurrentTime {reexecute=0 rethrow=0 return_oop=0}
                      ; - org.gradle.internal.logging.slf4j.OutputEventListenerBackedLogger::log@8 (line 49)
                      ; - org.gradle.internal.logging.slf4j.BuildOperationAwareLogger::log@10 (line 141)
                      ; - org.gradle.internal.logging.slf4j.BuildOperationAwareLogger::log@32 (line 155)
                      ; - org.gradle.internal.logging.slf4j.BuildOperationAwareLogger::log@13 (line 145)
                      ; - org.gradle.internal.logging.slf4j.BuildOperationAwareLogger::debug@14 (line 168)
                      ; - org.gradle.internal.logging.slf4j.OutputEventListenerBackedLogger::debug@3 (line 25)
                      ; - org.gradle.internal.operations.DefaultBuildOperationRunner$BuildOperationTrackingListener::stop@23 (line 250)
                      ; - org.gradle.internal.operations.DefaultBuildOperationRunner$2::execute@62 (line 74)
                      ; - org.gradle.internal.operations.DefaultBuildOperationRunner$2::execute@8 (line 60)
                      ; - org.gradle.internal.operations.DefaultBuildOperationRunner::execute@141 (line 167)
  0x0000026911e87ad4: 28ee 5afe | bade ffff | ff48 8b6c | 2430 4c8b | 4c24 784c | 894c 2428 | 4c8b 4c24 | 384c 894c 
  0x0000026911e87af4: 2430 4c8b | 4c24 404c | 894c 2438 | 4c8b 4c24 | 484c 894c | 2440 4c8b | 4c24 684c | 894c 2448 
  0x0000026911e87b14: 4c89 5424 | 584c 8944 | 2468 4889 | 5c24 7044 | 895c 2478 

  0x0000026911e87b28: ;   {runtime_call UncommonTrapBlob}
  0x0000026911e87b28: c5f8 77e8 

  0x0000026911e87b2c: ; ImmutableOopMap {rbp=Oop [40]=Oop [48]=Oop [56]=Oop [64]=Oop [72]=Oop [88]=Oop [104]=Oop [112]=Oop [120]=NarrowOop [168]=Oop }
                      ;*invokeinterface nanoTime {reexecute=0 rethrow=0 return_oop=0}
                      ; - org.gradle.internal.time.MonotonicClock::getCurrentTime@4 (line 77)
                      ; - org.gradle.internal.logging.slf4j.OutputEventListenerBackedLogger::log@8 (line 49)
                      ; - org.gradle.internal.logging.slf4j.BuildOperationAwareLogger::log@10 (line 141)
                      ; - org.gradle.internal.logging.slf4j.BuildOperationAwareLogger::log@32 (line 155)
                      ; - org.gradle.internal.logging.slf4j.BuildOperationAwareLogger::log@13 (line 145)
                      ; - org.gradle.internal.logging.slf4j.BuildOperationAwareLogger::debug@14 (line 168)
                      ; - org.gradle.internal.logging.slf4j.OutputEventListenerBackedLogger::debug@3 (line 25)
                      ; - org.gradle.internal.operations.DefaultBuildOperationRunner$BuildOperationTrackingListener::stop@23 (line 250)
                      ; - org.gradle.internal.operations.DefaultBuildOperationRunner$2::execute@62 (line 74)
                      ; - org.gradle.internal.operations.DefaultBuildOperationRunner$2::execute@8 (line 60)
                      ; - org.gradle.internal.operations.DefaultBuildOperationRunner::execute@141 (line 167)
  0x0000026911e87b2c: d0ed 5afe | 488b 6c24 | 304c 8b54 | 2438 4c89 | 5424 304c | 8b54 2440 | 4c89 5424 | 384c 8b54 
  0x0000026911e87b4c: 2448 4c89 | 5424 4048 | 8954 2450 | 4889 5c24 | 58ba deff | ffff 6690 

  0x0000026911e87b64: ;   {runtime_call UncommonTrapBlob}
  0x0000026911e87b64: c5f8 77e8 

  0x0000026911e87b68: ; ImmutableOopMap {rbp=Oop [48]=Oop [56]=Oop [64]=Oop [80]=Oop [88]=Oop [104]=Oop [120]=Oop }
                      ;*invokeinterface onOutput {reexecute=0 rethrow=0 return_oop=0}
                      ; - org.gradle.internal.logging.slf4j.OutputEventListenerBackedLogger::log@40 (line 52)
                      ; - org.gradle.internal.logging.slf4j.BuildOperationAwareLogger::log@10 (line 141)
                      ; - org.gradle.internal.logging.slf4j.BuildOperationAwareLogger::log@32 (line 155)
                      ; - org.gradle.internal.logging.slf4j.BuildOperationAwareLogger::log@13 (line 145)
                      ; - org.gradle.internal.logging.slf4j.BuildOperationAwareLogger::debug@14 (line 168)
                      ; - org.gradle.internal.logging.slf4j.OutputEventListenerBackedLogger::debug@3 (line 25)
                      ; - org.gradle.internal.operations.DefaultBuildOperationRunner$BuildOperationTrackingListener::stop@23 (line 250)
                      ; - org.gradle.internal.operations.DefaultBuildOperationRunner$2::execute@62 (line 74)
                      ; - org.gradle.internal.operations.DefaultBuildOperationRunner$2::execute@8 (line 60)
                      ; - org.gradle.internal.operations.DefaultBuildOperationRunner::execute@141 (line 167)
  0x0000026911e87b68: 94ed 5afe | bae4 ffff | ff48 8b6c | 2430 4c8b | 5424 384c | 8954 2430 | 4c8b 5424 | 404c 8954 
  0x0000026911e87b88: 2438 4c8b | 5424 484c | 8954 2440 | 4c8b 5424 | 684c 8954 | 2448 894c | 2468 4489 | 5c24 6c90 
  0x0000026911e87ba8: ;   {runtime_call UncommonTrapBlob}
  0x0000026911e87ba8: c5f8 77e8 

  0x0000026911e87bac: ; ImmutableOopMap {rbp=Oop [48]=Oop [56]=Oop [64]=Oop [72]=Oop [88]=NarrowOop [92]=NarrowOop [104]=NarrowOop [120]=Oop [168]=Oop }
                      ;*aaload {reexecute=0 rethrow=0 return_oop=0}
                      ; - java.lang.ThreadLocal$ThreadLocalMap::getEntry@18 (line 435)
                      ; - java.lang.ThreadLocal::get@16 (line 165)
                      ; - org.gradle.internal.operations.CurrentBuildOperationRef::get@4 (line 37)
                      ; - org.gradle.internal.operations.CurrentBuildOperationRef::getId@1 (line 42)
                      ; - org.gradle.internal.logging.slf4j.BuildOperationAwareLogger::log@7 (line 141)
                      ; - org.gradle.internal.logging.slf4j.BuildOperationAwareLogger::log@32 (line 155)
                      ; - org.gradle.internal.logging.slf4j.BuildOperationAwareLogger::log@13 (line 145)
                      ; - org.gradle.internal.logging.slf4j.BuildOperationAwareLogger::debug@14 (line 168)
                      ; - org.gradle.internal.logging.slf4j.OutputEventListenerBackedLogger::debug@3 (line 25)
                      ; - org.gradle.internal.operations.DefaultBuildOperationRunner$BuildOperationTrackingListener::stop@23 (line 250)
                      ; - org.gradle.internal.operations.DefaultBuildOperationRunner$2::execute@62 (line 74)
                      ; - org.gradle.internal.operations.DefaultBuildOperationRunner$2::execute@8 (line 60)
                      ; - org.gradle.internal.operations.DefaultBuildOperationRunner::execute@141 (line 167)
  0x0000026911e87bac: 50ed 5afe | bade ffff | ff48 8b6c | 2430 4c8b | 5424 384c | 8954 2430 | 4c8b 5424 | 404c 8954 
  0x0000026911e87bcc: 2438 4c8b | 5424 484c | 8954 2440 | 4c89 4424 | 5866 6690 

  0x0000026911e87be0: ;   {runtime_call UncommonTrapBlob}
  0x0000026911e87be0: c5f8 77e8 

  0x0000026911e87be4: ; ImmutableOopMap {rbp=Oop [48]=Oop [56]=Oop [64]=Oop [88]=Oop [104]=Oop [120]=Oop [168]=Oop }
                      ;*invokeinterface getId {reexecute=0 rethrow=0 return_oop=0}
                      ; - org.gradle.internal.operations.CurrentBuildOperationRef::getId@14 (line 43)
                      ; - org.gradle.internal.logging.slf4j.BuildOperationAwareLogger::log@7 (line 141)
                      ; - org.gradle.internal.logging.slf4j.BuildOperationAwareLogger::log@32 (line 155)
                      ; - org.gradle.internal.logging.slf4j.BuildOperationAwareLogger::log@13 (line 145)
                      ; - org.gradle.internal.logging.slf4j.BuildOperationAwareLogger::debug@14 (line 168)
                      ; - org.gradle.internal.logging.slf4j.OutputEventListenerBackedLogger::debug@3 (line 25)
                      ; - org.gradle.internal.operations.DefaultBuildOperationRunner$BuildOperationTrackingListener::stop@23 (line 250)
                      ; - org.gradle.internal.operations.DefaultBuildOperationRunner$2::execute@62 (line 74)
                      ; - org.gradle.internal.operations.DefaultBuildOperationRunner$2::execute@8 (line 60)
                      ; - org.gradle.internal.operations.DefaultBuildOperationRunner::execute@141 (line 167)
  0x0000026911e87be4: 18ed 5afe | ba86 ffff | ff48 8b6c | 2430 4c8b | 5424 384c | 8954 2430 | 4c8b 5424 | 404c 8954 
  0x0000026911e87c04: 2438 4c8b | 5424 484c | 8954 2440 | 4c8b 5424 | 684c 8954 | 2448 4889 | 7c24 584c | 896c 2468 
  0x0000026911e87c24: 4c89 4424 | 7066 6690 

  0x0000026911e87c2c: ;   {runtime_call UncommonTrapBlob}
  0x0000026911e87c2c: c5f8 77e8 

  0x0000026911e87c30: ; ImmutableOopMap {rbp=Oop [48]=Oop [56]=Oop [64]=Oop [72]=Oop [88]=Oop [104]=Oop [120]=Oop [168]=Oop }
                      ;*ldiv {reexecute=0 rethrow=0 return_oop=0}
                      ; - java.util.concurrent.TimeUnit::toMillis@31 (line 294)
                      ; - org.gradle.internal.time.MonotonicClock::getCurrentTime@37 (line 81)
                      ; - org.gradle.internal.logging.slf4j.OutputEventListenerBackedLogger::log@8 (line 49)
                      ; - org.gradle.internal.logging.slf4j.BuildOperationAwareLogger::log@10 (line 141)
                      ; - org.gradle.internal.logging.slf4j.BuildOperationAwareLogger::log@32 (line 155)
                      ; - org.gradle.internal.logging.slf4j.BuildOperationAwareLogger::log@13 (line 145)
                      ; - org.gradle.internal.logging.slf4j.BuildOperationAwareLogger::debug@14 (line 168)
                      ; - org.gradle.internal.logging.slf4j.OutputEventListenerBackedLogger::debug@3 (line 25)
                      ; - org.gradle.internal.operations.DefaultBuildOperationRunner$BuildOperationTrackingListener::stop@23 (line 250)
                      ; - org.gradle.internal.operations.DefaultBuildOperationRunner$2::execute@62 (line 74)
                      ; - org.gradle.internal.operations.DefaultBuildOperationRunner$2::execute@8 (line 60)
                      ; - org.gradle.internal.operations.DefaultBuildOperationRunner::execute@141 (line 167)
  0x0000026911e87c30: ccec 5afe | bae4 ffff | ff48 8b6c | 2430 4c8b | 5c24 784c | 895c 2428 | 4c8b 5c24 | 384c 895c 
  0x0000026911e87c50: 2430 4c8b | 5c24 404c | 895c 2438 | 4c8b 5c24 | 704c 895c | 2440 4c8b | 5c24 684c | 895c 2448 
  0x0000026911e87c70: 4c8b 5c24 | 584c 895c | 2450 4c8b | 5c24 704c | 895c 2458 | 4c8b 9c24 | 8800 0000 | 4c89 5c24 
  0x0000026911e87c90: 684c 8b9c | 2498 0000 | 004c 895c | 2470 448b | 9c24 9000 | 0000 4489 | 5c24 7844 | 8b84 2494 
  0x0000026911e87cb0: 0000 0044 | 8944 247c | 4c8b 9c24 | b000 0000 | 4c89 9c24 | 9000 0000 | 4c89 8c24 | 9800 0000 
  0x0000026911e87cd0: 4489 9424 | a000 0000 | 4889 bc24 | a800 0000 

  0x0000026911e87ce0: ;   {runtime_call UncommonTrapBlob}
  0x0000026911e87ce0: c5f8 77e8 

  0x0000026911e87ce4: ; ImmutableOopMap {rbp=Oop [40]=Oop [48]=Oop [56]=Oop [64]=Oop [72]=Oop [80]=Oop [88]=Oop [104]=Oop [112]=Oop [120]=NarrowOop [128]=Oop [144]=Oop [152]=Oop [168]=Oop [176]=Oop }
                      ;*aastore {reexecute=1 rethrow=0 return_oop=0}
                      ; - (reexecute) java.lang.ThreadLocal$ThreadLocalMap::<init>@40 (line 389)
                      ; - java.lang.ThreadLocal::createMap@7 (line 265)
                      ; - java.lang.ThreadLocal::set@26 (line 224)
                      ; - org.gradle.internal.logging.progress.DefaultProgressLoggerFactory$ProgressLoggerImpl::completed@22 (line 250)
                      ; - org.gradle.internal.operations.BuildOperationProgressEventListenerAdapter::stop@42 (line 78)
                      ; - org.gradle.internal.operations.DefaultBuildOperationRunner$BuildOperationTrackingListener::stop@9 (line 249)
                      ; - org.gradle.internal.operations.DefaultBuildOperationRunner$2::execute@62 (line 74)
                      ; - org.gradle.internal.operations.DefaultBuildOperationRunner$2::execute@8 (line 60)
                      ; - org.gradle.internal.operations.DefaultBuildOperationRunner::execute@141 (line 167)
  0x0000026911e87ce4: 18ec 5afe | 498b d7c5 | f877 49ba | 50ce 6e57 | f87f 0000 | 41ff d20f | 1f44 0000 | e9f0 c6ff 
  0x0000026911e87d04: ff49 8bd7 | c5f8 7749 | ba50 ce6e | 57f8 7f00 | 0041 ffd2 | e997 c6ff | ff48 895c | 2420 498b 
  0x0000026911e87d24: eb49 8bd7 | c5f8 7749 | ba50 ce6e | 57f8 7f00 | 0041 ffd2 | 4c8b dd48 | 8b5c 2420 | e9e6 c5ff 
  0x0000026911e87d44: ff49 8bf2 | 498b d7c5 | f877 49ba | 50ce 6e57 | f87f 0000 | 41ff d24c | 8bd6 6690 | e952 c5ff 
  0x0000026911e87d64: ff4c 8beb | 498b eb49 | 8bd7 c5f8 | 7749 ba50 | ce6e 57f8 | 7f00 0041 | ffd2 4c8b | dd49 8bdd 
  0x0000026911e87d84: e9e2 c5ff | ffba 45ff | ffff 4c8b | 5424 304c | 8954 2420 | 895c 245c 

  0x0000026911e87d9c: ;   {runtime_call UncommonTrapBlob}
  0x0000026911e87d9c: c5f8 77e8 

  0x0000026911e87da0: ; ImmutableOopMap {rbp=NarrowOop [32]=Oop [56]=Oop [64]=Oop [72]=Oop [96]=Oop [104]=Oop [120]=Oop }
                      ;*if_icmpne {reexecute=1 rethrow=0 return_oop=0}
                      ; - (reexecute) org.slf4j.helpers.MessageFormatter::arrayFormat@68 (line 184)
                      ; - org.slf4j.helpers.MessageFormatter::arrayFormat@19 (line 161)
                      ; - org.gradle.internal.logging.slf4j.BuildOperationAwareLogger::log@3 (line 153)
                      ; - org.gradle.internal.logging.slf4j.BuildOperationAwareLogger::log@13 (line 145)
                      ; - org.gradle.internal.logging.slf4j.BuildOperationAwareLogger::debug@14 (line 168)
                      ; - org.gradle.internal.logging.slf4j.OutputEventListenerBackedLogger::debug@3 (line 25)
                      ; - org.gradle.internal.operations.DefaultBuildOperationRunner$BuildOperationTrackingListener::stop@23 (line 250)
                      ; - org.gradle.internal.operations.DefaultBuildOperationRunner$2::execute@62 (line 74)
                      ; - org.gradle.internal.operations.DefaultBuildOperationRunner$2::execute@8 (line 60)
                      ; - org.gradle.internal.operations.DefaultBuildOperationRunner::execute@141 (line 167)
  0x0000026911e87da0: 5ceb 5afe | ba3d ffff | ff4c 8b5c | 2430 4c89 | 5c24 204c | 8b5c 2468 | 4c89 5c24 | 5089 5c24 
  0x0000026911e87dc0: 5844 8954 | 2468 6690 

  0x0000026911e87dc8: ;   {runtime_call UncommonTrapBlob}
  0x0000026911e87dc8: c5f8 77e8 

  0x0000026911e87dcc: ; ImmutableOopMap {rbp=NarrowOop [32]=Oop [56]=Oop [64]=Oop [72]=Oop [80]=Oop [96]=Oop [120]=Oop }
                      ;*iflt {reexecute=1 rethrow=0 return_oop=0}
                      ; - (reexecute) java.lang.StringLatin1::charAt@1 (line 47)
                      ; - java.lang.String::charAt@12 (line 1517)
                      ; - org.slf4j.helpers.MessageFormatter::isEscapedDelimeter@10 (line 226)
                      ; - org.slf4j.helpers.MessageFormatter::arrayFormat@116 (line 194)
                      ; - org.slf4j.helpers.MessageFormatter::arrayFormat@19 (line 161)
                      ; - org.gradle.internal.logging.slf4j.BuildOperationAwareLogger::log@3 (line 153)
                      ; - org.gradle.internal.logging.slf4j.BuildOperationAwareLogger::log@13 (line 145)
                      ; - org.gradle.internal.logging.slf4j.BuildOperationAwareLogger::debug@14 (line 168)
                      ; - org.gradle.internal.logging.slf4j.OutputEventListenerBackedLogger::debug@3 (line 25)
                      ; - org.gradle.internal.operations.DefaultBuildOperationRunner$BuildOperationTrackingListener::stop@23 (line 250)
                      ; - org.gradle.internal.operations.DefaultBuildOperationRunner$2::execute@62 (line 74)
                      ; - org.gradle.internal.operations.DefaultBuildOperationRunner$2::execute@8 (line 60)
                      ; - org.gradle.internal.operations.DefaultBuildOperationRunner::execute@141 (line 167)
  0x0000026911e87dcc: 30eb 5afe | ba45 ffff | ff4c 8b5c | 2430 4c89 | 5c24 2089 | 5c24 5844 | 8954 245c 

  0x0000026911e87de8: ;   {runtime_call UncommonTrapBlob}
  0x0000026911e87de8: c5f8 77e8 

  0x0000026911e87dec: ; ImmutableOopMap {rbp=NarrowOop [32]=Oop [56]=Oop [64]=Oop [72]=Oop [96]=Oop [104]=Oop [120]=Oop }
                      ;*if_icmpne {reexecute=1 rethrow=0 return_oop=0}
                      ; - (reexecute) org.slf4j.helpers.MessageFormatter::isEscapedDelimeter@17 (line 227)
                      ; - org.slf4j.helpers.MessageFormatter::arrayFormat@116 (line 194)
                      ; - org.slf4j.helpers.MessageFormatter::arrayFormat@19 (line 161)
                      ; - org.gradle.internal.logging.slf4j.BuildOperationAwareLogger::log@3 (line 153)
                      ; - org.gradle.internal.logging.slf4j.BuildOperationAwareLogger::log@13 (line 145)
                      ; - org.gradle.internal.logging.slf4j.BuildOperationAwareLogger::debug@14 (line 168)
                      ; - org.gradle.internal.logging.slf4j.OutputEventListenerBackedLogger::debug@3 (line 25)
                      ; - org.gradle.internal.operations.DefaultBuildOperationRunner$BuildOperationTrackingListener::stop@23 (line 250)
                      ; - org.gradle.internal.operations.DefaultBuildOperationRunner$2::execute@62 (line 74)
                      ; - org.gradle.internal.operations.DefaultBuildOperationRunner$2::execute@8 (line 60)
                      ; - org.gradle.internal.operations.DefaultBuildOperationRunner::execute@141 (line 167)
  0x0000026911e87dec: 10eb 5afe | bae4 ffff | ff48 8b6c | 2430 4c8b | 5424 384c | 8954 2430 | 4c8b 5424 | 404c 8954 
  0x0000026911e87e0c: 2438 4c8b | 5424 484c | 8954 2440 | 4c8b 5424 | 684c 8954 | 2448 448b | 4424 7444 | 8944 246c 
  0x0000026911e87e2c: 4489 5c24 | 7466 6690 

  0x0000026911e87e34: ;   {runtime_call UncommonTrapBlob}
  0x0000026911e87e34: c5f8 77e8 

  0x0000026911e87e38: ; ImmutableOopMap {rbp=Oop [48]=Oop [56]=Oop [64]=Oop [72]=Oop [88]=NarrowOop [92]=NarrowOop [112]=NarrowOop [120]=Oop [168]=Oop }
                      ;*aaload {reexecute=0 rethrow=0 return_oop=0}
                      ; - java.lang.ThreadLocal$ThreadLocalMap::getEntryAfterMiss@52 (line 462)
                      ; - java.lang.ThreadLocal$ThreadLocalMap::getEntry@38 (line 439)
                      ; - java.lang.ThreadLocal::get@16 (line 165)
                      ; - org.gradle.internal.operations.CurrentBuildOperationRef::get@4 (line 37)
                      ; - org.gradle.internal.operations.CurrentBuildOperationRef::getId@1 (line 42)
                      ; - org.gradle.internal.logging.slf4j.BuildOperationAwareLogger::log@7 (line 141)
                      ; - org.gradle.internal.logging.slf4j.BuildOperationAwareLogger::log@32 (line 155)
                      ; - org.gradle.internal.logging.slf4j.BuildOperationAwareLogger::log@13 (line 145)
                      ; - org.gradle.internal.logging.slf4j.BuildOperationAwareLogger::debug@14 (line 168)
                      ; - org.gradle.internal.logging.slf4j.OutputEventListenerBackedLogger::debug@3 (line 25)
                      ; - org.gradle.internal.operations.DefaultBuildOperationRunner$BuildOperationTrackingListener::stop@23 (line 250)
                      ; - org.gradle.internal.operations.DefaultBuildOperationRunner$2::execute@62 (line 74)
                      ; - org.gradle.internal.operations.DefaultBuildOperationRunner$2::execute@8 (line 60)
                      ; - org.gradle.internal.operations.DefaultBuildOperationRunner::execute@141 (line 167)
  0x0000026911e87e38: c4ea 5afe | 498b d790 | c5f8 7749 | ba50 ce6e | 57f8 7f00 | 0041 ffd2 | e9e8 c7ff | ff49 8bd7 
  0x0000026911e87e58: 0f1f 8400 | 0000 0000 | c5f8 7749 | ba50 ce6e | 57f8 7f00 | 0041 ffd2 | e979 c7ff | ff49 8bf8 
  0x0000026911e87e78: 498b d70f | 1f44 0000 | c5f8 7749 | ba50 ce6e | 57f8 7f00 | 0041 ffd2 | e9c8 e1ff | ff49 8bd7 
  0x0000026911e87e98: 0f1f 8400 | 0000 0000 | c5f8 7749 | ba50 ce6e | 57f8 7f00 | 0041 ffd2 | e904 c8ff | ffba e4ff 
  0x0000026911e87eb8: ffff 488b | 6c24 304c | 8b5c 2478 | 4c89 5c24 | 284c 8b5c | 2438 4c89 | 5c24 304c | 8b5c 2440 
  0x0000026911e87ed8: 4c89 5c24 | 384c 8b5c | 2448 4c89 | 5c24 404c | 8b5c 2468 | 4c89 5c24 | 4889 7424 | 6489 4c24 
  0x0000026911e87ef8: 6844 8954 | 2470 4489 | 4424 7489 | 7c24 7c44 | 898c 2480 | 0000 0089 | 9c24 8400 | 0000 6690 
  0x0000026911e87f18: ;   {runtime_call UncommonTrapBlob}
  0x0000026911e87f18: c5f8 77e8 

  0x0000026911e87f1c: ; ImmutableOopMap {rbp=Oop [40]=Oop [48]=Oop [56]=Oop [64]=Oop [72]=Oop [88]=Oop [104]=NarrowOop [128]=NarrowOop [168]=Oop }
                      ;*aaload {reexecute=0 rethrow=0 return_oop=0}
                      ; - java.lang.ThreadLocal$ThreadLocalMap::cleanSomeSlots@23 (line 670)
                      ; - java.lang.ThreadLocal$ThreadLocalMap::set@113 (line 500)
                      ; - java.lang.ThreadLocal::setInitialValue@22 (line 199)
                      ; - java.lang.ThreadLocal::get@34 (line 172)
                      ; - org.gradle.internal.operations.CurrentBuildOperationRef::get@4 (line 37)
                      ; - org.gradle.internal.operations.CurrentBuildOperationRef::getId@1 (line 42)
                      ; - org.gradle.internal.logging.slf4j.BuildOperationAwareLogger::log@7 (line 141)
                      ; - org.gradle.internal.logging.slf4j.BuildOperationAwareLogger::log@32 (line 155)
                      ; - org.gradle.internal.logging.slf4j.BuildOperationAwareLogger::log@13 (line 145)
                      ; - org.gradle.internal.logging.slf4j.BuildOperationAwareLogger::debug@14 (line 168)
                      ; - org.gradle.internal.logging.slf4j.OutputEventListenerBackedLogger::debug@3 (line 25)
                      ; - org.gradle.internal.operations.DefaultBuildOperationRunner$BuildOperationTrackingListener::stop@23 (line 250)
                      ; - org.gradle.internal.operations.DefaultBuildOperationRunner$2::execute@62 (line 74)
                      ; - org.gradle.internal.operations.DefaultBuildOperationRunner$2::execute@8 (line 60)
                      ; - org.gradle.internal.operations.DefaultBuildOperationRunner::execute@141 (line 167)
  0x0000026911e87f1c: e0e9 5afe | baf6 ffff | ff48 8b6c | 2430 4c8b | 4424 784c | 8944 2428 | 4c8b 4424 | 384c 8944 
  0x0000026911e87f3c: 2430 4c8b | 4424 404c | 8944 2438 | 4c8b 4424 | 484c 8944 | 2440 4c8b | 4424 684c | 8944 2448 
  0x0000026911e87f5c: 4889 7c24 | 584c 896c | 2468 4c89 | 5424 704c | 895c 2478 

  0x0000026911e87f70: ;   {runtime_call UncommonTrapBlob}
  0x0000026911e87f70: c5f8 77e8 

  0x0000026911e87f74: ; ImmutableOopMap {rbp=Oop [40]=Oop [48]=Oop [56]=Oop [64]=Oop [72]=Oop [88]=Oop [104]=Oop [168]=Oop }
                      ;*invokevirtual compareAndSet {reexecute=0 rethrow=0 return_oop=0}
                      ; - org.gradle.internal.time.MonotonicClock::advance@22 (line 114)
                      ; - org.gradle.internal.time.MonotonicClock::getCurrentTime@66 (line 86)
                      ; - org.gradle.internal.logging.slf4j.OutputEventListenerBackedLogger::log@8 (line 49)
                      ; - org.gradle.internal.logging.slf4j.BuildOperationAwareLogger::log@10 (line 141)
                      ; - org.gradle.internal.logging.slf4j.BuildOperationAwareLogger::log@32 (line 155)
                      ; - org.gradle.internal.logging.slf4j.BuildOperationAwareLogger::log@13 (line 145)
                      ; - org.gradle.internal.logging.slf4j.BuildOperationAwareLogger::debug@14 (line 168)
                      ; - org.gradle.internal.logging.slf4j.OutputEventListenerBackedLogger::debug@3 (line 25)
                      ; - org.gradle.internal.operations.DefaultBuildOperationRunner$BuildOperationTrackingListener::stop@23 (line 250)
                      ; - org.gradle.internal.operations.DefaultBuildOperationRunner$2::execute@62 (line 74)
                      ; - org.gradle.internal.operations.DefaultBuildOperationRunner$2::execute@8 (line 60)
                      ; - org.gradle.internal.operations.DefaultBuildOperationRunner::execute@141 (line 167)
  0x0000026911e87f74: 88e9 5afe | bade ffff | ff48 8b6c | 2430 4c8b | 5c24 784c | 8954 2430 | 4889 4424 | 384c 8b54 
  0x0000026911e87f94: 2470 4c89 | 5424 404c | 8b54 2468 | 4c89 5424 | 4848 895c | 2450 4c8b | 5424 704c | 8954 2458 
  0x0000026911e87fb4: 4c89 5c24 | 604c 894c | 2468 894c | 2470 6690 

  0x0000026911e87fc4: ;   {runtime_call UncommonTrapBlob}
  0x0000026911e87fc4: c5f8 77e8 

  0x0000026911e87fc8: ; ImmutableOopMap {rbp=Oop [48]=Oop [56]=Oop [64]=Oop [72]=Oop [80]=Oop [88]=Oop [96]=Oop [104]=Oop [112]=NarrowOop [120]=Oop }
                      ;*invokeinterface completed {reexecute=0 rethrow=0 return_oop=0}
                      ; - org.gradle.internal.operations.BuildOperationProgressEventListenerAdapter::stop@11 (line 76)
                      ; - org.gradle.internal.operations.DefaultBuildOperationRunner$BuildOperationTrackingListener::stop@9 (line 249)
                      ; - org.gradle.internal.operations.DefaultBuildOperationRunner$2::execute@62 (line 74)
                      ; - org.gradle.internal.operations.DefaultBuildOperationRunner$2::execute@8 (line 60)
                      ; - org.gradle.internal.operations.DefaultBuildOperationRunner::execute@141 (line 167)
  0x0000026911e87fc8: 34e9 5afe | baf6 ffff | ff49 8bea | 4c89 4424 | 2066 6690 

  0x0000026911e87fdc: ;   {runtime_call UncommonTrapBlob}
  0x0000026911e87fdc: c5f8 77e8 

  0x0000026911e87fe0: ; ImmutableOopMap {}
                      ;*invokevirtual compareAndSet {reexecute=0 rethrow=0 return_oop=0}
                      ; - org.gradle.internal.time.MonotonicClock::syncIsDue@16 (line 91)
                      ; - org.gradle.internal.time.MonotonicClock::getCurrentTime@47 (line 83)
                      ; - org.gradle.internal.operations.DefaultBuildOperationRunner::execute@84 (line 164)
  0x0000026911e87fe0: 1ce9 5afe | baf6 ffff | ff48 8b6c | 2430 4c8b | 5424 384c | 8954 2430 | 4c8b 5424 | 404c 8954 
  0x0000026911e88000: 2438 4889 | 4c24 404c | 894c 2448 

  0x0000026911e8800c: ;   {runtime_call UncommonTrapBlob}
  0x0000026911e8800c: c5f8 77e8 

  0x0000026911e88010: ; ImmutableOopMap {rbp=Oop [48]=Oop [56]=Oop [112]=Oop [120]=Oop }
                      ;*invokevirtual compareAndSet {reexecute=0 rethrow=0 return_oop=0}
                      ; - org.gradle.internal.time.MonotonicClock::syncIsDue@16 (line 91)
                      ; - org.gradle.internal.time.MonotonicClock::getCurrentTime@47 (line 83)
                      ; - org.gradle.internal.logging.progress.DefaultProgressLoggerFactory$ProgressLoggerImpl::completed@41 (line 251)
                      ; - org.gradle.internal.operations.BuildOperationProgressEventListenerAdapter::stop@42 (line 78)
                      ; - org.gradle.internal.operations.DefaultBuildOperationRunner$BuildOperationTrackingListener::stop@9 (line 249)
                      ; - org.gradle.internal.operations.DefaultBuildOperationRunner$2::execute@62 (line 74)
                      ; - org.gradle.internal.operations.DefaultBuildOperationRunner$2::execute@8 (line 60)
                      ; - org.gradle.internal.operations.DefaultBuildOperationRunner::execute@141 (line 167)
  0x0000026911e88010: ece8 5afe | baf6 ffff | ff48 8b6c | 2430 4c8b | 5424 384c | 8954 2430 | 4c8b 5424 | 404c 8954 
  0x0000026911e88030: 2438 4889 | 4c24 404c | 894c 2448 

  0x0000026911e8803c: ;   {runtime_call UncommonTrapBlob}
  0x0000026911e8803c: c5f8 77e8 

  0x0000026911e88040: ; ImmutableOopMap {rbp=Oop [48]=Oop [56]=Oop [112]=Oop [120]=Oop }
                      ;*invokevirtual compareAndSet {reexecute=0 rethrow=0 return_oop=0}
                      ; - org.gradle.internal.time.MonotonicClock::syncIsDue@16 (line 91)
                      ; - org.gradle.internal.time.MonotonicClock::getCurrentTime@47 (line 83)
                      ; - org.gradle.internal.operations.BuildOperationProgressEventListenerAdapter::stop@64 (line 79)
                      ; - org.gradle.internal.operations.DefaultBuildOperationRunner$BuildOperationTrackingListener::stop@9 (line 249)
                      ; - org.gradle.internal.operations.DefaultBuildOperationRunner$2::execute@62 (line 74)
                      ; - org.gradle.internal.operations.DefaultBuildOperationRunner$2::execute@8 (line 60)
                      ; - org.gradle.internal.operations.DefaultBuildOperationRunner::execute@141 (line 167)
  0x0000026911e88040: bce8 5afe | baf6 ffff | ff49 8bed | 4889 5c24 | 2066 6690 

  0x0000026911e88054: ;   {runtime_call UncommonTrapBlob}
  0x0000026911e88054: c5f8 77e8 

  0x0000026911e88058: ; ImmutableOopMap {}
                      ;*invokevirtual compareAndSet {reexecute=0 rethrow=0 return_oop=0}
                      ; - org.gradle.internal.time.MonotonicClock::sync@20 (line 100)
                      ; - org.gradle.internal.time.MonotonicClock::getCurrentTime@56 (line 84)
                      ; - org.gradle.internal.operations.DefaultBuildOperationRunner::execute@84 (line 164)
  0x0000026911e88058: a4e8 5afe | baf6 ffff | ff48 8b6c | 2430 4c8b | 5424 384c | 8954 2430 | 4c8b 5424 | 404c 8954 
  0x0000026911e88078: 2438 6690 

  0x0000026911e8807c: ;   {runtime_call UncommonTrapBlob}
  0x0000026911e8807c: c5f8 77e8 

  0x0000026911e88080: ; ImmutableOopMap {rbp=Oop [48]=Oop [56]=Oop [112]=Oop [120]=Oop }
                      ;*invokevirtual compareAndSet {reexecute=0 rethrow=0 return_oop=0}
                      ; - org.gradle.internal.time.MonotonicClock::sync@20 (line 100)
                      ; - org.gradle.internal.time.MonotonicClock::getCurrentTime@56 (line 84)
                      ; - org.gradle.internal.logging.progress.DefaultProgressLoggerFactory$ProgressLoggerImpl::completed@41 (line 251)
                      ; - org.gradle.internal.operations.BuildOperationProgressEventListenerAdapter::stop@42 (line 78)
                      ; - org.gradle.internal.operations.DefaultBuildOperationRunner$BuildOperationTrackingListener::stop@9 (line 249)
                      ; - org.gradle.internal.operations.DefaultBuildOperationRunner$2::execute@62 (line 74)
                      ; - org.gradle.internal.operations.DefaultBuildOperationRunner$2::execute@8 (line 60)
                      ; - org.gradle.internal.operations.DefaultBuildOperationRunner::execute@141 (line 167)
  0x0000026911e88080: 7ce8 5afe | baf6 ffff | ff48 8b6c | 2430 4c8b | 5424 384c | 8954 2430 | 4c8b 5424 | 404c 8954 
  0x0000026911e880a0: 2438 4c89 | 5c24 4890 

  0x0000026911e880a8: ;   {runtime_call UncommonTrapBlob}
  0x0000026911e880a8: c5f8 77e8 

  0x0000026911e880ac: ; ImmutableOopMap {rbp=Oop [48]=Oop [56]=Oop [112]=Oop [120]=Oop }
                      ;*invokevirtual compareAndSet {reexecute=0 rethrow=0 return_oop=0}
                      ; - org.gradle.internal.time.MonotonicClock::sync@20 (line 100)
                      ; - org.gradle.internal.time.MonotonicClock::getCurrentTime@56 (line 84)
                      ; - org.gradle.internal.operations.BuildOperationProgressEventListenerAdapter::stop@64 (line 79)
                      ; - org.gradle.internal.operations.DefaultBuildOperationRunner$BuildOperationTrackingListener::stop@9 (line 249)
                      ; - org.gradle.internal.operations.DefaultBuildOperationRunner$2::execute@62 (line 74)
                      ; - org.gradle.internal.operations.DefaultBuildOperationRunner$2::execute@8 (line 60)
                      ; - org.gradle.internal.operations.DefaultBuildOperationRunner::execute@141 (line 167)
  0x0000026911e880ac: 50e8 5afe | badf ffff | ff48 8b6c | 2420 4c8b | 5424 304c | 8954 2420 | 48ff 7424 | 6848 8f44 
  0x0000026911e880cc: 2428 48ff | 7424 7848 | 8f44 2438 | 4c89 6c24 | 5848 8974 | 2460 4489 | 5c24 6890 

  0x0000026911e880e8: ;   {runtime_call UncommonTrapBlob}
  0x0000026911e880e8: c5f8 77e8 

  0x0000026911e880ec: ; ImmutableOopMap {rbp=Oop [32]=Oop [40]=Oop [56]=Oop [96]=Oop [104]=NarrowOop [112]=Oop }
                      ;*invokeinterface currentTimeMillis {reexecute=0 rethrow=0 return_oop=0}
                      ; - org.gradle.internal.time.MonotonicClock::sync@5 (line 99)
                      ; - org.gradle.internal.time.MonotonicClock::getCurrentTime@56 (line 84)
                      ; - org.gradle.internal.operations.DefaultBuildOperationRunner::execute@84 (line 164)
  0x0000026911e880ec: 10e8 5afe | badf ffff | ff48 8b6c | 2430 4c8b | 5c24 784c | 895c 2428 | 4c8b 5c24 | 384c 895c 
  0x0000026911e8810c: 2430 4c8b | 5c24 404c | 895c 2438 | 4c8b 5c24 | 704c 895c | 2440 4c8b | 5c24 684c | 895c 2448 
  0x0000026911e8812c: 4c8b 5c24 | 584c 895c | 2450 4c8b | 5c24 704c | 895c 2458 | 4c8b 9c24 | 8800 0000 | 4c89 5c24 
  0x0000026911e8814c: 684c 896c | 2470 448b | 8424 9000 | 0000 4489 | 4424 7844 | 8b9c 2494 | 0000 0044 | 895c 247c 
  0x0000026911e8816c: 4489 b424 | 8000 0000 | 4c8b 9c24 | 9800 0000 | 4c89 9c24 | 9000 0000 | 89b4 2484 | 0000 0048 
  0x0000026911e8818c: 899c 24a8 | 0000 0044 | 8994 24b0 | 0000 0090 

  0x0000026911e8819c: ;   {runtime_call UncommonTrapBlob}
  0x0000026911e8819c: c5f8 77e8 

  0x0000026911e881a0: ; ImmutableOopMap {rbp=Oop [40]=Oop [48]=Oop [56]=Oop [64]=Oop [72]=Oop [80]=Oop [88]=Oop [104]=Oop [112]=Oop [120]=NarrowOop [128]=NarrowOop [132]=NarrowOop [144]=Oop [168]=Oop [176]=NarrowOop }
                      ;*invokeinterface currentTimeMillis {reexecute=0 rethrow=0 return_oop=0}
                      ; - org.gradle.internal.time.MonotonicClock::sync@5 (line 99)
                      ; - org.gradle.internal.time.MonotonicClock::getCurrentTime@56 (line 84)
                      ; - org.gradle.internal.logging.progress.DefaultProgressLoggerFactory$ProgressLoggerImpl::completed@41 (line 251)
                      ; - org.gradle.internal.operations.BuildOperationProgressEventListenerAdapter::stop@42 (line 78)
                      ; - org.gradle.internal.operations.DefaultBuildOperationRunner$BuildOperationTrackingListener::stop@9 (line 249)
                      ; - org.gradle.internal.operations.DefaultBuildOperationRunner$2::execute@62 (line 74)
                      ; - org.gradle.internal.operations.DefaultBuildOperationRunner$2::execute@8 (line 60)
                      ; - org.gradle.internal.operations.DefaultBuildOperationRunner::execute@141 (line 167)
  0x0000026911e881a0: 5ce7 5afe | badf ffff | ff48 8b6c | 2430 4c8b | 5c24 784c | 895c 2428 | 4c8b 5c24 | 384c 895c 
  0x0000026911e881c0: 2430 4c8b | 5c24 404c | 895c 2438 | 4c8b 5c24 | 704c 895c | 2440 4c8b | 5c24 684c | 895c 2448 
  0x0000026911e881e0: 4c8b 9c24 | 8800 0000 | 4c89 5c24 | 5044 8974 | 2458 4c8b | 5c24 704c | 895c 2460 | 4c89 6c24 
  0x0000026911e88200: 7048 897c | 2478 4889 | 9c24 9000 | 0000 4489 | 5424 5c90 

  0x0000026911e88214: ;   {runtime_call UncommonTrapBlob}
  0x0000026911e88214: c5f8 77e8 

  0x0000026911e88218: ; ImmutableOopMap {rbp=Oop [40]=Oop [48]=Oop [56]=Oop [64]=Oop [72]=Oop [80]=Oop [88]=NarrowOop [92]=NarrowOop [96]=Oop [112]=Oop [144]=Oop }
                      ;*invokeinterface currentTimeMillis {reexecute=0 rethrow=0 return_oop=0}
                      ; - org.gradle.internal.time.MonotonicClock::sync@5 (line 99)
                      ; - org.gradle.internal.time.MonotonicClock::getCurrentTime@56 (line 84)
                      ; - org.gradle.internal.operations.BuildOperationProgressEventListenerAdapter::stop@64 (line 79)
                      ; - org.gradle.internal.operations.DefaultBuildOperationRunner$BuildOperationTrackingListener::stop@9 (line 249)
                      ; - org.gradle.internal.operations.DefaultBuildOperationRunner$2::execute@62 (line 74)
                      ; - org.gradle.internal.operations.DefaultBuildOperationRunner$2::execute@8 (line 60)
                      ; - org.gradle.internal.operations.DefaultBuildOperationRunner::execute@141 (line 167)
  0x0000026911e88218: e4e6 5afe | ba66 ffff | ff48 8b6c | 2430 4c8b | 5424 384c | 8954 2430 | 4c8b 5424 | 404c 8954 
  0x0000026911e88238: 2438 4c8b | 5424 484c | 8954 2440 | 4489 5c24 | 5c66 6690 

  0x0000026911e8824c: ;   {runtime_call UncommonTrapBlob}
  0x0000026911e8824c: c5f8 77e8 

  0x0000026911e88250: ; ImmutableOopMap {rbp=Oop [48]=Oop [56]=Oop [64]=Oop [92]=NarrowOop [104]=Oop [120]=Oop [168]=Oop }
                      ;*invokevirtual initialValue {reexecute=0 rethrow=0 return_oop=0}
                      ; - java.lang.ThreadLocal::setInitialValue@1 (line 195)
                      ; - java.lang.ThreadLocal::get@34 (line 172)
                      ; - org.gradle.internal.operations.CurrentBuildOperationRef::get@4 (line 37)
                      ; - org.gradle.internal.operations.CurrentBuildOperationRef::getId@1 (line 42)
                      ; - org.gradle.internal.logging.slf4j.BuildOperationAwareLogger::log@7 (line 141)
                      ; - org.gradle.internal.logging.slf4j.BuildOperationAwareLogger::log@32 (line 155)
                      ; - org.gradle.internal.logging.slf4j.BuildOperationAwareLogger::log@13 (line 145)
                      ; - org.gradle.internal.logging.slf4j.BuildOperationAwareLogger::debug@14 (line 168)
                      ; - org.gradle.internal.logging.slf4j.OutputEventListenerBackedLogger::debug@3 (line 25)
                      ; - org.gradle.internal.operations.DefaultBuildOperationRunner$BuildOperationTrackingListener::stop@23 (line 250)
                      ; - org.gradle.internal.operations.DefaultBuildOperationRunner$2::execute@62 (line 74)
                      ; - org.gradle.internal.operations.DefaultBuildOperationRunner$2::execute@8 (line 60)
                      ; - org.gradle.internal.operations.DefaultBuildOperationRunner::execute@141 (line 167)
  0x0000026911e88250: ace6 5afe | bae4 ffff | ff48 8b6c | 2430 4c8b | 4c24 784c | 894c 2428 | 4c8b 4c24 | 384c 894c 
  0x0000026911e88270: 2430 4c8b | 4c24 404c | 894c 2438 | 4c8b 4c24 | 484c 894c | 2440 4c8b | 4c24 684c | 894c 2448 
  0x0000026911e88290: 4489 4424 | 6048 897c | 2468 894c | 2470 4489 | 5c24 7844 | 8954 247c 

  0x0000026911e882a8: ;   {runtime_call UncommonTrapBlob}
  0x0000026911e882a8: c5f8 77e8 

  0x0000026911e882ac: ; ImmutableOopMap {rbp=Oop [40]=Oop [48]=Oop [56]=Oop [64]=Oop [72]=Oop [96]=NarrowOop [104]=Oop [120]=NarrowOop [168]=Oop }
                      ;*aaload {reexecute=0 rethrow=0 return_oop=0}
                      ; - java.lang.ThreadLocal$ThreadLocalMap::set@23 (line 484)
                      ; - java.lang.ThreadLocal::setInitialValue@22 (line 199)
                      ; - java.lang.ThreadLocal::get@34 (line 172)
                      ; - org.gradle.internal.operations.CurrentBuildOperationRef::get@4 (line 37)
                      ; - org.gradle.internal.operations.CurrentBuildOperationRef::getId@1 (line 42)
                      ; - org.gradle.internal.logging.slf4j.BuildOperationAwareLogger::log@7 (line 141)
                      ; - org.gradle.internal.logging.slf4j.BuildOperationAwareLogger::log@32 (line 155)
                      ; - org.gradle.internal.logging.slf4j.BuildOperationAwareLogger::log@13 (line 145)
                      ; - org.gradle.internal.logging.slf4j.BuildOperationAwareLogger::debug@14 (line 168)
                      ; - org.gradle.internal.logging.slf4j.OutputEventListenerBackedLogger::debug@3 (line 25)
                      ; - org.gradle.internal.operations.DefaultBuildOperationRunner$BuildOperationTrackingListener::stop@23 (line 250)
                      ; - org.gradle.internal.operations.DefaultBuildOperationRunner$2::execute@62 (line 74)
                      ; - org.gradle.internal.operations.DefaultBuildOperationRunner$2::execute@8 (line 60)
                      ; - org.gradle.internal.operations.DefaultBuildOperationRunner::execute@141 (line 167)
  0x0000026911e882ac: 50e6 5afe | baf6 ffff | ff66 6690 

  0x0000026911e882b8: ;   {runtime_call UncommonTrapBlob}
  0x0000026911e882b8: c5f8 77e8 

  0x0000026911e882bc: ; ImmutableOopMap {[56]=Oop [112]=Oop [120]=Oop }
                      ;*athrow {reexecute=1 rethrow=0 return_oop=0}
                      ; - (reexecute) org.gradle.internal.operations.DefaultBuildOperationRunner$2::execute@77 (line 76)
                      ; - org.gradle.internal.operations.DefaultBuildOperationRunner$2::execute@8 (line 60)
                      ; - org.gradle.internal.operations.DefaultBuildOperationRunner::execute@141 (line 167)
  0x0000026911e882bc: 40e6 5afe | bae4 ffff | ff48 8b6c | 2430 4c8b | 5424 384c | 8954 2430 | 4c8b 5424 | 404c 8954 
  0x0000026911e882dc: 2438 4c8b | 5424 484c | 8954 2440 | 4c8b 5424 | 684c 8954 | 2448 448b | 5424 7044 | 8954 2468 
  0x0000026911e882fc: 895c 246c | 4c89 5c24 | 7066 6690 

  0x0000026911e88308: ;   {runtime_call UncommonTrapBlob}
  0x0000026911e88308: c5f8 77e8 

  0x0000026911e8830c: ; ImmutableOopMap {rbp=Oop [48]=Oop [56]=Oop [64]=Oop [72]=Oop [88]=Oop [96]=NarrowOop [104]=NarrowOop [112]=Oop [120]=Oop [168]=Oop }
                      ;*aastore {reexecute=1 rethrow=0 return_oop=0}
                      ; - (reexecute) java.lang.ThreadLocal$ThreadLocalMap::set@94 (line 498)
                      ; - java.lang.ThreadLocal::setInitialValue@22 (line 199)
                      ; - java.lang.ThreadLocal::get@34 (line 172)
                      ; - org.gradle.internal.operations.CurrentBuildOperationRef::get@4 (line 37)
                      ; - org.gradle.internal.operations.CurrentBuildOperationRef::getId@1 (line 42)
                      ; - org.gradle.internal.logging.slf4j.BuildOperationAwareLogger::log@7 (line 141)
                      ; - org.gradle.internal.logging.slf4j.BuildOperationAwareLogger::log@32 (line 155)
                      ; - org.gradle.internal.logging.slf4j.BuildOperationAwareLogger::log@13 (line 145)
                      ; - org.gradle.internal.logging.slf4j.BuildOperationAwareLogger::debug@14 (line 168)
                      ; - org.gradle.internal.logging.slf4j.OutputEventListenerBackedLogger::debug@3 (line 25)
                      ; - org.gradle.internal.operations.DefaultBuildOperationRunner$BuildOperationTrackingListener::stop@23 (line 250)
                      ; - org.gradle.internal.operations.DefaultBuildOperationRunner$2::execute@62 (line 74)
                      ; - org.gradle.internal.operations.DefaultBuildOperationRunner$2::execute@8 (line 60)
                      ; - org.gradle.internal.operations.DefaultBuildOperationRunner::execute@141 (line 167)
  0x0000026911e8830c: f0e5 5afe | 4d3b dabd | ffff ffff | 7c08 400f | 95c5 400f | b6ed ba45 | ffff ff4c | 8b44 2430 
  0x0000026911e8832c: 4c89 4424 | 204c 8b44 | 2478 4c89 | 4424 304c | 8b44 2468 | 4c89 4424 | 5048 897c | 2460 4c89 
  0x0000026911e8834c: 6c24 7048 | 895c 2478 | 4889 8424 | 8000 0000 | 4889 8c24 | 8800 0000 | 4c89 b424 | 9000 0000 
  0x0000026911e8836c: 4c89 9c24 | 9800 0000 | 4c89 9424 | a000 0000 

  0x0000026911e8837c: ;   {runtime_call UncommonTrapBlob}
  0x0000026911e8837c: c5f8 77e8 

  0x0000026911e88380: ; ImmutableOopMap {[32]=Oop [48]=Oop [56]=Oop [64]=Oop [72]=Oop [80]=Oop [96]=Oop [112]=Oop [120]=Oop [168]=Oop }
                      ;*ifle {reexecute=1 rethrow=0 return_oop=0}
                      ; - (reexecute) java.util.concurrent.TimeUnit::toMillis@42 (line 295)
                      ; - org.gradle.internal.time.MonotonicClock::getCurrentTime@37 (line 81)
                      ; - org.gradle.internal.logging.slf4j.OutputEventListenerBackedLogger::log@8 (line 49)
                      ; - org.gradle.internal.logging.slf4j.BuildOperationAwareLogger::log@10 (line 141)
                      ; - org.gradle.internal.logging.slf4j.BuildOperationAwareLogger::log@32 (line 155)
                      ; - org.gradle.internal.logging.slf4j.BuildOperationAwareLogger::log@13 (line 145)
                      ; - org.gradle.internal.logging.slf4j.BuildOperationAwareLogger::debug@14 (line 168)
                      ; - org.gradle.internal.logging.slf4j.OutputEventListenerBackedLogger::debug@3 (line 25)
                      ; - org.gradle.internal.operations.DefaultBuildOperationRunner$BuildOperationTrackingListener::stop@23 (line 250)
                      ; - org.gradle.internal.operations.DefaultBuildOperationRunner$2::execute@62 (line 74)
                      ; - org.gradle.internal.operations.DefaultBuildOperationRunner$2::execute@8 (line 60)
                      ; - org.gradle.internal.operations.DefaultBuildOperationRunner::execute@141 (line 167)
  0x0000026911e88380: 7ce5 5afe | 4d3b dabd | ffff ffff | 7c08 400f | 95c5 400f | b6ed ba45 | ffff ff4c | 8b54 2430 
  0x0000026911e883a0: 4c89 5424 | 204c 8b54 | 2478 4c89 | 5424 304c | 8b54 2468 | 4c89 5424 | 5048 897c | 2460 4c89 
  0x0000026911e883c0: 6c24 7048 | 895c 2478 | 4889 8424 | 8000 0000 | 4889 8c24 | 8800 0000 | 4c89 b424 | 9000 0000 
  0x0000026911e883e0: 4c89 9c24 | 9800 0000 

  0x0000026911e883e8: ;   {runtime_call UncommonTrapBlob}
  0x0000026911e883e8: c5f8 77e8 

  0x0000026911e883ec: ; ImmutableOopMap {[32]=Oop [48]=Oop [56]=Oop [64]=Oop [72]=Oop [80]=Oop [96]=Oop [112]=Oop [120]=Oop [168]=Oop }
                      ;*ifge {reexecute=1 rethrow=0 return_oop=0}
                      ; - (reexecute) java.util.concurrent.TimeUnit::toMillis@54 (line 297)
                      ; - org.gradle.internal.time.MonotonicClock::getCurrentTime@37 (line 81)
                      ; - org.gradle.internal.logging.slf4j.OutputEventListenerBackedLogger::log@8 (line 49)
                      ; - org.gradle.internal.logging.slf4j.BuildOperationAwareLogger::log@10 (line 141)
                      ; - org.gradle.internal.logging.slf4j.BuildOperationAwareLogger::log@32 (line 155)
                      ; - org.gradle.internal.logging.slf4j.BuildOperationAwareLogger::log@13 (line 145)
                      ; - org.gradle.internal.logging.slf4j.BuildOperationAwareLogger::debug@14 (line 168)
                      ; - org.gradle.internal.logging.slf4j.OutputEventListenerBackedLogger::debug@3 (line 25)
                      ; - org.gradle.internal.operations.DefaultBuildOperationRunner$BuildOperationTrackingListener::stop@23 (line 250)
                      ; - org.gradle.internal.operations.DefaultBuildOperationRunner$2::execute@62 (line 74)
                      ; - org.gradle.internal.operations.DefaultBuildOperationRunner$2::execute@8 (line 60)
                      ; - org.gradle.internal.operations.DefaultBuildOperationRunner::execute@141 (line 167)
  0x0000026911e883ec: 10e5 5afe | 4889 8424 | 9800 0000 | e974 f0ff | ff4c 8bc5 | 458b 501c | 4585 d20f | 84e5 f0ff 
  0x0000026911e8840c: ff4d 8b5f | 2049 8bca | 4d85 db0f | 8437 0500 | 004d 8b57 | 304b 894c | 1af8 4983 | c3f8 4d89 
  0x0000026911e8842c: 5f20 e9bf | f0ff ff4c | 8b44 2460 | 458b 5844 | 0f1f 4000 | 4585 db0f | 8430 f1ff | ff4d 8b57 
  0x0000026911e8844c: 2049 8bcb | 4d85 d20f | 841f 0500 | 004d 8b5f | 304b 894c | 13f8 4983 | c2f8 4d89 | 5720 e90a 
  0x0000026911e8846c: f1ff ff44 | 8b16 4585 | d20f 84b0 | f0ff ff4d | 8b5f 2049 | 8bca 4d85 | db0f 8412 | 0500 004d 
  0x0000026911e8848c: 8b57 304b | 894c 1af8 | 4983 c3f8 | 4d89 5f20 | 0f1f 4000 | e986 f0ff | ff4d 8b57 | 504d 8b47 
  0x0000026911e884ac: 40f0 8344 | 24c0 0080 | 3900 743e | 4488 210f | 1f44 0000 | 4d85 c074 | 0f4b 894c | 02f8 4983 
  0x0000026911e884cc: c0f8 4d89 | 4740 eb22 | 498b f349 | 8bd9 498b | d766 6690 | c5f8 7749 | ba30 ce6e | 57f8 7f00 
  0x0000026911e884ec: 0041 ffd2 | 4c8b cb4c | 8bde 8b57 | 0c45 8b43 | 144d 8bd0 | 498b c2e9 | 61ef ffff | 4d8b 5750 
  0x0000026911e8850c: 4d8b 5f40 | f083 4424 | c000 8039 | 000f 844a | f0ff ff44 | 8821 4d85 | db75 1e49 | 8bd7 c5f8 
  0x0000026911e8852c: 7749 ba30 | ce6e 57f8 | 7f00 0041 | ffd2 4c8b | 4c24 7090 | e924 f0ff | ff4b 894c | 1af8 4983 
  0x0000026911e8854c: c3f8 4d89 | 5f40 e912 | f0ff ff49 | 8bdb 498b | d766 6690 | c5f8 7749 | ba50 ce6e | 57f8 7f00 
  0x0000026911e8856c: 0041 ffd2 | 4c8b dbe9 | 5bd1 ffff | 498b f349 | 8bd7 6690 | c5f8 7749 | ba50 ce6e | 57f8 7f00 
  0x0000026911e8858c: 0041 ffd2 | 4c8b dee9 | 67d1 ffff | 498b d70f | 1f44 0000 | c5f8 7749 | ba50 ce6e | 57f8 7f00 
  0x0000026911e885ac: 0041 ffd2 | e9f6 d1ff | ffba deff | ffff 488b | 6c24 204c | 8b5c 2430 | 4c89 5c24 | 204c 8b5c 
  0x0000026911e885cc: 2440 4c89 | 5c24 3048 | 8944 2440 | 4489 5424 | 5066 6690 

  0x0000026911e885e0: ;   {runtime_call UncommonTrapBlob}
  0x0000026911e885e0: c5f8 77e8 

  0x0000026911e885e4: ; ImmutableOopMap {rbp=Oop [32]=Oop [48]=Oop [64]=Oop [72]=Oop [80]=NarrowOop [104]=Oop [112]=Oop }
                      ;*invokeinterface getId {reexecute=0 rethrow=0 return_oop=0}
                      ; - org.gradle.internal.operations.BuildOperationDescriptor$Builder::build@20 (line 190)
                      ; - org.gradle.internal.operations.DefaultBuildOperationRunner::execute@60 (line 159)
  0x0000026911e885e4: 18e3 5afe | bae4 ffff | ff48 8b6c | 2430 4c8b | 4c24 784c | 894c 2428 | 4c8b 4c24 | 384c 894c 
  0x0000026911e88604: 2430 4c8b | 4c24 404c | 894c 2438 | 4c8b 4c24 | 484c 894c | 2440 4c8b | 4c24 684c | 894c 2448 
  0x0000026911e88624: 4489 4424 | 6048 897c | 2468 894c | 2470 4489 | 5c24 7844 | 8954 247c 

  0x0000026911e8863c: ;   {runtime_call UncommonTrapBlob}
  0x0000026911e8863c: c5f8 77e8 

  0x0000026911e88640: ; ImmutableOopMap {rbp=Oop [40]=Oop [48]=Oop [56]=Oop [64]=Oop [72]=Oop [96]=NarrowOop [104]=Oop [120]=NarrowOop [168]=Oop }
                      ;*aaload {reexecute=0 rethrow=0 return_oop=0}
                      ; - java.lang.ThreadLocal$ThreadLocalMap::set@76 (line 486)
                      ; - java.lang.ThreadLocal::setInitialValue@22 (line 199)
                      ; - java.lang.ThreadLocal::get@34 (line 172)
                      ; - org.gradle.internal.operations.CurrentBuildOperationRef::get@4 (line 37)
                      ; - org.gradle.internal.operations.CurrentBuildOperationRef::getId@1 (line 42)
                      ; - org.gradle.internal.logging.slf4j.BuildOperationAwareLogger::log@7 (line 141)
                      ; - org.gradle.internal.logging.slf4j.BuildOperationAwareLogger::log@32 (line 155)
                      ; - org.gradle.internal.logging.slf4j.BuildOperationAwareLogger::log@13 (line 145)
                      ; - org.gradle.internal.logging.slf4j.BuildOperationAwareLogger::debug@14 (line 168)
                      ; - org.gradle.internal.logging.slf4j.OutputEventListenerBackedLogger::debug@3 (line 25)
                      ; - org.gradle.internal.operations.DefaultBuildOperationRunner$BuildOperationTrackingListener::stop@23 (line 250)
                      ; - org.gradle.internal.operations.DefaultBuildOperationRunner$2::execute@62 (line 74)
                      ; - org.gradle.internal.operations.DefaultBuildOperationRunner$2::execute@8 (line 60)
                      ; - org.gradle.internal.operations.DefaultBuildOperationRunner::execute@141 (line 167)
  0x0000026911e88640: bce2 5afe | baf6 ffff | ff48 8be8 | 4889 5c24 | 2066 6690 

  0x0000026911e88654: ;   {runtime_call UncommonTrapBlob}
  0x0000026911e88654: c5f8 77e8 

  0x0000026911e88658: ; ImmutableOopMap {}
                      ;*invokevirtual compareAndSet {reexecute=0 rethrow=0 return_oop=0}
                      ; - org.gradle.internal.time.MonotonicClock::advance@22 (line 114)
                      ; - org.gradle.internal.time.MonotonicClock::sync@10 (line 99)
                      ; - org.gradle.internal.time.MonotonicClock::getCurrentTime@56 (line 84)
                      ; - org.gradle.internal.operations.DefaultBuildOperationRunner::execute@84 (line 164)
  0x0000026911e88658: a4e2 5afe | baf6 ffff | ff48 8b6c | 2430 4c8b | 5424 384c | 8954 2430 | 4c8b 5424 | 404c 8954 
  0x0000026911e88678: 2438 4889 | 4424 4090 

  0x0000026911e88680: ;   {runtime_call UncommonTrapBlob}
  0x0000026911e88680: c5f8 77e8 

  0x0000026911e88684: ; ImmutableOopMap {rbp=Oop [48]=Oop [56]=Oop [112]=Oop [120]=Oop }
                      ;*invokevirtual compareAndSet {reexecute=0 rethrow=0 return_oop=0}
                      ; - org.gradle.internal.time.MonotonicClock::advance@22 (line 114)
                      ; - org.gradle.internal.time.MonotonicClock::sync@10 (line 99)
                      ; - org.gradle.internal.time.MonotonicClock::getCurrentTime@56 (line 84)
                      ; - org.gradle.internal.logging.progress.DefaultProgressLoggerFactory$ProgressLoggerImpl::completed@41 (line 251)
                      ; - org.gradle.internal.operations.BuildOperationProgressEventListenerAdapter::stop@42 (line 78)
                      ; - org.gradle.internal.operations.DefaultBuildOperationRunner$BuildOperationTrackingListener::stop@9 (line 249)
                      ; - org.gradle.internal.operations.DefaultBuildOperationRunner$2::execute@62 (line 74)
                      ; - org.gradle.internal.operations.DefaultBuildOperationRunner$2::execute@8 (line 60)
                      ; - org.gradle.internal.operations.DefaultBuildOperationRunner::execute@141 (line 167)
  0x0000026911e88684: 78e2 5afe | baf6 ffff | ff48 8b6c | 2430 4c8b | 5424 384c | 8954 2430 | 4c8b 5424 | 404c 8954 
  0x0000026911e886a4: 2438 4889 | 4424 404c | 895c 2448 

  0x0000026911e886b0: ;   {runtime_call UncommonTrapBlob}
  0x0000026911e886b0: c5f8 77e8 

  0x0000026911e886b4: ; ImmutableOopMap {rbp=Oop [48]=Oop [56]=Oop [112]=Oop [120]=Oop }
                      ;*invokevirtual compareAndSet {reexecute=0 rethrow=0 return_oop=0}
                      ; - org.gradle.internal.time.MonotonicClock::advance@22 (line 114)
                      ; - org.gradle.internal.time.MonotonicClock::sync@10 (line 99)
                      ; - org.gradle.internal.time.MonotonicClock::getCurrentTime@56 (line 84)
                      ; - org.gradle.internal.operations.BuildOperationProgressEventListenerAdapter::stop@64 (line 79)
                      ; - org.gradle.internal.operations.DefaultBuildOperationRunner$BuildOperationTrackingListener::stop@9 (line 249)
                      ; - org.gradle.internal.operations.DefaultBuildOperationRunner$2::execute@62 (line 74)
                      ; - org.gradle.internal.operations.DefaultBuildOperationRunner$2::execute@8 (line 60)
                      ; - org.gradle.internal.operations.DefaultBuildOperationRunner::execute@141 (line 167)
  0x0000026911e886b4: 48e2 5afe | 4c8b cb4d | 85c9 400f | 95c5 400f | b6ed 83f5 | 01ba 45ff | ffff 4c8b | 4c24 304c 
  0x0000026911e886d4: 894c 2420 | 4c8b 4c24 | 784c 894c | 2430 4c8b | 4c24 684c | 894c 2450 | 4489 4424 | 6848 897c 
  0x0000026911e886f4: 2470 4489 | 5c24 6c89 | 4c24 7844 | 8954 247c 

  0x0000026911e88704: ;   {runtime_call UncommonTrapBlob}
  0x0000026911e88704: c5f8 77e8 

  0x0000026911e88708: ; ImmutableOopMap {[32]=Oop [48]=Oop [56]=Oop [64]=Oop [72]=Oop [80]=Oop [104]=NarrowOop [108]=NarrowOop [112]=Oop [168]=Oop }
                      ;*ifeq {reexecute=1 rethrow=0 return_oop=0}
                      ; - (reexecute) java.lang.ThreadLocal$ThreadLocalMap::set@53 (line 492)
                      ; - java.lang.ThreadLocal::setInitialValue@22 (line 199)
                      ; - java.lang.ThreadLocal::get@34 (line 172)
                      ; - org.gradle.internal.operations.CurrentBuildOperationRef::get@4 (line 37)
                      ; - org.gradle.internal.operations.CurrentBuildOperationRef::getId@1 (line 42)
                      ; - org.gradle.internal.logging.slf4j.BuildOperationAwareLogger::log@7 (line 141)
                      ; - org.gradle.internal.logging.slf4j.BuildOperationAwareLogger::log@32 (line 155)
                      ; - org.gradle.internal.logging.slf4j.BuildOperationAwareLogger::log@13 (line 145)
                      ; - org.gradle.internal.logging.slf4j.BuildOperationAwareLogger::debug@14 (line 168)
                      ; - org.gradle.internal.logging.slf4j.OutputEventListenerBackedLogger::debug@3 (line 25)
                      ; - org.gradle.internal.operations.DefaultBuildOperationRunner$BuildOperationTrackingListener::stop@23 (line 250)
                      ; - org.gradle.internal.operations.DefaultBuildOperationRunner$2::execute@62 (line 74)
                      ; - org.gradle.internal.operations.DefaultBuildOperationRunner$2::execute@8 (line 60)
                      ; - org.gradle.internal.operations.DefaultBuildOperationRunner::execute@141 (line 167)
  0x0000026911e88708: f4e1 5afe | 4c89 5c24 | 7089 5424 | 5048 897c | 2458 4c89 

  0x0000026911e8871c: ;   {metadata('java/lang/ThreadLocal$ThreadLocalMap$Entry')}
  0x0000026911e8871c: 4c24 6048 | bac0 980b | 1f69 0200 | 0048 8b6c | 2430 6690 

  0x0000026911e88730: ;   {runtime_call _new_instance_Java}
  0x0000026911e88730: c5f8 77e8 

  0x0000026911e88734: ; ImmutableOopMap {rbp=Oop [48]=Oop [56]=Oop [64]=Oop [72]=Oop [88]=Oop [96]=Oop [104]=Oop [112]=Oop [120]=Oop [152]=Oop [168]=Oop }
                      ;*new {reexecute=0 rethrow=0 return_oop=1}
                      ; - java.lang.ThreadLocal$ThreadLocalMap::<init>@31 (line 389)
                      ; - java.lang.ThreadLocal::createMap@7 (line 265)
                      ; - java.lang.ThreadLocal::setInitialValue@31 (line 201)
                      ; - java.lang.ThreadLocal::get@34 (line 172)
                      ; - org.gradle.internal.operations.CurrentBuildOperationRef::get@4 (line 37)
                      ; - org.gradle.internal.operations.CurrentBuildOperationRef::getId@1 (line 42)
                      ; - org.gradle.internal.logging.slf4j.BuildOperationAwareLogger::log@7 (line 141)
                      ; - org.gradle.internal.logging.slf4j.BuildOperationAwareLogger::log@32 (line 155)
                      ; - org.gradle.internal.logging.slf4j.BuildOperationAwareLogger::log@13 (line 145)
                      ; - org.gradle.internal.logging.slf4j.BuildOperationAwareLogger::debug@14 (line 168)
                      ; - org.gradle.internal.logging.slf4j.OutputEventListenerBackedLogger::debug@3 (line 25)
                      ; - org.gradle.internal.operations.DefaultBuildOperationRunner$BuildOperationTrackingListener::stop@23 (line 250)
                      ; - org.gradle.internal.operations.DefaultBuildOperationRunner$2::execute@62 (line 74)
                      ; - org.gradle.internal.operations.DefaultBuildOperationRunner$2::execute@8 (line 60)
                      ; - org.gradle.internal.operations.DefaultBuildOperationRunner::execute@141 (line 167)
  0x0000026911e88734: c867 65fe | e98e edff | ff4c 895c | 2458 8954 | 2450 4889 | 7c24 2049 

  0x0000026911e8874c: ;   {metadata('java/lang/ThreadLocal$ThreadLocalMap$Entry'[])}
  0x0000026911e8874c: 8be9 48ba | b834 0420 | 6902 0000 | 41b8 1000 | 0000 6690 

  0x0000026911e88760: ;   {runtime_call _new_array_Java}
  0x0000026911e88760: c5f8 77e8 

  0x0000026911e88764: ; ImmutableOopMap {rbp=Oop [32]=Oop [48]=Oop [56]=Oop [64]=Oop [72]=Oop [88]=Oop [104]=Oop [120]=Oop [168]=Oop }
                      ;*anewarray {reexecute=0 rethrow=0 return_oop=1}
                      ; - java.lang.ThreadLocal$ThreadLocalMap::<init>@12 (line 387)
                      ; - java.lang.ThreadLocal::createMap@7 (line 265)
                      ; - java.lang.ThreadLocal::setInitialValue@31 (line 201)
                      ; - java.lang.ThreadLocal::get@34 (line 172)
                      ; - org.gradle.internal.operations.CurrentBuildOperationRef::get@4 (line 37)
                      ; - org.gradle.internal.operations.CurrentBuildOperationRef::getId@1 (line 42)
                      ; - org.gradle.internal.logging.slf4j.BuildOperationAwareLogger::log@7 (line 141)
                      ; - org.gradle.internal.logging.slf4j.BuildOperationAwareLogger::log@32 (line 155)
                      ; - org.gradle.internal.logging.slf4j.BuildOperationAwareLogger::log@13 (line 145)
                      ; - org.gradle.internal.logging.slf4j.BuildOperationAwareLogger::debug@14 (line 168)
                      ; - org.gradle.internal.logging.slf4j.OutputEventListenerBackedLogger::debug@3 (line 25)
                      ; - org.gradle.internal.operations.DefaultBuildOperationRunner$BuildOperationTrackingListener::stop@23 (line 250)
                      ; - org.gradle.internal.operations.DefaultBuildOperationRunner$2::execute@62 (line 74)
                      ; - org.gradle.internal.operations.DefaultBuildOperationRunner$2::execute@8 (line 60)
                      ; - org.gradle.internal.operations.DefaultBuildOperationRunner::execute@141 (line 167)
  0x0000026911e88764: 986a 65fe | 4c8b cd48 | 8b7c 2420 | 8b54 2450 | 4c8b 5c24 | 58e9 b3ec | ffff 8954 | 2450 4889 
  0x0000026911e88784: 7c24 2049 

  0x0000026911e88788: ;   {metadata('java/lang/ThreadLocal$ThreadLocalMap')}
  0x0000026911e88788: 8be9 48ba | b096 0b1f | 6902 0000 

  0x0000026911e88794: ;   {runtime_call _new_instance_Java}
  0x0000026911e88794: c5f8 77e8 

  0x0000026911e88798: ; ImmutableOopMap {rbp=Oop [32]=Oop [48]=Oop [56]=Oop [64]=Oop [72]=Oop [104]=Oop [120]=Oop [168]=Oop }
                      ;*new {reexecute=0 rethrow=0 return_oop=1}
                      ; - java.lang.ThreadLocal::createMap@1 (line 265)
                      ; - java.lang.ThreadLocal::setInitialValue@31 (line 201)
                      ; - java.lang.ThreadLocal::get@34 (line 172)
                      ; - org.gradle.internal.operations.CurrentBuildOperationRef::get@4 (line 37)
                      ; - org.gradle.internal.operations.CurrentBuildOperationRef::getId@1 (line 42)
                      ; - org.gradle.internal.logging.slf4j.BuildOperationAwareLogger::log@7 (line 141)
                      ; - org.gradle.internal.logging.slf4j.BuildOperationAwareLogger::log@32 (line 155)
                      ; - org.gradle.internal.logging.slf4j.BuildOperationAwareLogger::log@13 (line 145)
                      ; - org.gradle.internal.logging.slf4j.BuildOperationAwareLogger::debug@14 (line 168)
                      ; - org.gradle.internal.logging.slf4j.OutputEventListenerBackedLogger::debug@3 (line 25)
                      ; - org.gradle.internal.operations.DefaultBuildOperationRunner$BuildOperationTrackingListener::stop@23 (line 250)
                      ; - org.gradle.internal.operations.DefaultBuildOperationRunner$2::execute@62 (line 74)
                      ; - org.gradle.internal.operations.DefaultBuildOperationRunner$2::execute@8 (line 60)
                      ; - org.gradle.internal.operations.DefaultBuildOperationRunner::execute@141 (line 167)
  0x0000026911e88798: 6467 65fe | 4c8b cd48 | 8b7c 2420 | 8b54 2450 | e912 ecff | ffba f6ff | ffff 488b | 6c24 304c 
  0x0000026911e887b8: 8b54 2478 | 4c89 5424 | 284c 8b54 | 2438 4c89 | 5424 304c | 8b54 2440 | 4c89 5424 | 384c 8b54 
  0x0000026911e887d8: 2448 4c89 | 5424 404c | 8b54 2468 | 4c89 5424 | 4848 897c | 2458 4c89 | 6c24 6848 | 894c 2470 
  0x0000026911e887f8: 4c89 4c24 | 7866 6690 

  0x0000026911e88800: ;   {runtime_call UncommonTrapBlob}
  0x0000026911e88800: c5f8 77e8 

  0x0000026911e88804: ; ImmutableOopMap {rbp=Oop [40]=Oop [48]=Oop [56]=Oop [64]=Oop [72]=Oop [88]=Oop [104]=Oop [168]=Oop }
                      ;*invokevirtual compareAndSet {reexecute=0 rethrow=0 return_oop=0}
                      ; - org.gradle.internal.time.MonotonicClock::syncIsDue@16 (line 91)
                      ; - org.gradle.internal.time.MonotonicClock::getCurrentTime@47 (line 83)
                      ; - org.gradle.internal.logging.slf4j.OutputEventListenerBackedLogger::log@8 (line 49)
                      ; - org.gradle.internal.logging.slf4j.BuildOperationAwareLogger::log@10 (line 141)
                      ; - org.gradle.internal.logging.slf4j.BuildOperationAwareLogger::log@32 (line 155)
                      ; - org.gradle.internal.logging.slf4j.BuildOperationAwareLogger::log@13 (line 145)
                      ; - org.gradle.internal.logging.slf4j.BuildOperationAwareLogger::debug@14 (line 168)
                      ; - org.gradle.internal.logging.slf4j.OutputEventListenerBackedLogger::debug@3 (line 25)
                      ; - org.gradle.internal.operations.DefaultBuildOperationRunner$BuildOperationTrackingListener::stop@23 (line 250)
                      ; - org.gradle.internal.operations.DefaultBuildOperationRunner$2::execute@62 (line 74)
                      ; - org.gradle.internal.operations.DefaultBuildOperationRunner$2::execute@8 (line 60)
                      ; - org.gradle.internal.operations.DefaultBuildOperationRunner::execute@141 (line 167)
  0x0000026911e88804: f8e0 5afe | baf6 ffff | ff48 8b6c | 2430 4c8b | 5c24 784c | 895c 2428 | 4c8b 5c24 | 384c 895c 
  0x0000026911e88824: 2430 4c8b | 5c24 404c | 895c 2438 | 4c8b 5c24 | 484c 895c | 2440 4c8b | 5c24 684c | 895c 2448 
  0x0000026911e88844: 4889 7c24 | 584c 896c | 2468 4c89 | 7424 704c | 8954 2478 

  0x0000026911e88858: ;   {runtime_call UncommonTrapBlob}
  0x0000026911e88858: c5f8 77e8 

  0x0000026911e8885c: ; ImmutableOopMap {rbp=Oop [40]=Oop [48]=Oop [56]=Oop [64]=Oop [72]=Oop [88]=Oop [104]=Oop [168]=Oop }
                      ;*invokevirtual compareAndSet {reexecute=0 rethrow=0 return_oop=0}
                      ; - org.gradle.internal.time.MonotonicClock::sync@20 (line 100)
                      ; - org.gradle.internal.time.MonotonicClock::getCurrentTime@56 (line 84)
                      ; - org.gradle.internal.logging.slf4j.OutputEventListenerBackedLogger::log@8 (line 49)
                      ; - org.gradle.internal.logging.slf4j.BuildOperationAwareLogger::log@10 (line 141)
                      ; - org.gradle.internal.logging.slf4j.BuildOperationAwareLogger::log@32 (line 155)
                      ; - org.gradle.internal.logging.slf4j.BuildOperationAwareLogger::log@13 (line 145)
                      ; - org.gradle.internal.logging.slf4j.BuildOperationAwareLogger::debug@14 (line 168)
                      ; - org.gradle.internal.logging.slf4j.OutputEventListenerBackedLogger::debug@3 (line 25)
                      ; - org.gradle.internal.operations.DefaultBuildOperationRunner$BuildOperationTrackingListener::stop@23 (line 250)
                      ; - org.gradle.internal.operations.DefaultBuildOperationRunner$2::execute@62 (line 74)
                      ; - org.gradle.internal.operations.DefaultBuildOperationRunner$2::execute@8 (line 60)
                      ; - org.gradle.internal.operations.DefaultBuildOperationRunner::execute@141 (line 167)
  0x0000026911e8885c: a0e0 5afe | badf ffff | ff4c 8b54 | 2430 4c89 | 5424 204c | 8b54 2478 | 4c89 5424 | 304c 8b54 
  0x0000026911e8887c: 2468 4c89 | 5424 5048 | 897c 2460 | 4c89 6c24 | 704c 89b4 | 2480 0000 | 0048 899c | 2488 0000 
  0x0000026911e8889c: 0066 6690 

  0x0000026911e888a0: ;   {runtime_call UncommonTrapBlob}
  0x0000026911e888a0: c5f8 77e8 

  0x0000026911e888a4: ; ImmutableOopMap {rbp=NarrowOop [32]=Oop [48]=Oop [56]=Oop [64]=Oop [72]=Oop [80]=Oop [96]=Oop [112]=Oop [136]=Oop [168]=Oop }
                      ;*invokeinterface currentTimeMillis {reexecute=0 rethrow=0 return_oop=0}
                      ; - org.gradle.internal.time.MonotonicClock::sync@5 (line 99)
                      ; - org.gradle.internal.time.MonotonicClock::getCurrentTime@56 (line 84)
                      ; - org.gradle.internal.logging.slf4j.OutputEventListenerBackedLogger::log@8 (line 49)
                      ; - org.gradle.internal.logging.slf4j.BuildOperationAwareLogger::log@10 (line 141)
                      ; - org.gradle.internal.logging.slf4j.BuildOperationAwareLogger::log@32 (line 155)
                      ; - org.gradle.internal.logging.slf4j.BuildOperationAwareLogger::log@13 (line 145)
                      ; - org.gradle.internal.logging.slf4j.BuildOperationAwareLogger::debug@14 (line 168)
                      ; - org.gradle.internal.logging.slf4j.OutputEventListenerBackedLogger::debug@3 (line 25)
                      ; - org.gradle.internal.operations.DefaultBuildOperationRunner$BuildOperationTrackingListener::stop@23 (line 250)
                      ; - org.gradle.internal.operations.DefaultBuildOperationRunner$2::execute@62 (line 74)
                      ; - org.gradle.internal.operations.DefaultBuildOperationRunner$2::execute@8 (line 60)
                      ; - org.gradle.internal.operations.DefaultBuildOperationRunner::execute@141 (line 167)
  0x0000026911e888a4: 58e0 5afe | baf6 ffff | ff48 8b6c | 2430 4c8b | 5c24 784c | 895c 2428 | 4c8b 5c24 | 384c 895c 
  0x0000026911e888c4: 2430 4c8b | 5c24 404c | 895c 2438 | 4c8b 5c24 | 484c 895c | 2440 4c8b | 5c24 684c | 895c 2448 
  0x0000026911e888e4: 4889 7c24 | 584c 896c | 2468 4c89 | 5424 704c | 8944 2478 

  0x0000026911e888f8: ;   {runtime_call UncommonTrapBlob}
  0x0000026911e888f8: c5f8 77e8 

  0x0000026911e888fc: ; ImmutableOopMap {rbp=Oop [40]=Oop [48]=Oop [56]=Oop [64]=Oop [72]=Oop [88]=Oop [104]=Oop [168]=Oop }
                      ;*invokevirtual compareAndSet {reexecute=0 rethrow=0 return_oop=0}
                      ; - org.gradle.internal.time.MonotonicClock::advance@22 (line 114)
                      ; - org.gradle.internal.time.MonotonicClock::sync@10 (line 99)
                      ; - org.gradle.internal.time.MonotonicClock::getCurrentTime@56 (line 84)
                      ; - org.gradle.internal.logging.slf4j.OutputEventListenerBackedLogger::log@8 (line 49)
                      ; - org.gradle.internal.logging.slf4j.BuildOperationAwareLogger::log@10 (line 141)
                      ; - org.gradle.internal.logging.slf4j.BuildOperationAwareLogger::log@32 (line 155)
                      ; - org.gradle.internal.logging.slf4j.BuildOperationAwareLogger::log@13 (line 145)
                      ; - org.gradle.internal.logging.slf4j.BuildOperationAwareLogger::debug@14 (line 168)
                      ; - org.gradle.internal.logging.slf4j.OutputEventListenerBackedLogger::debug@3 (line 25)
                      ; - org.gradle.internal.operations.DefaultBuildOperationRunner$BuildOperationTrackingListener::stop@23 (line 250)
                      ; - org.gradle.internal.operations.DefaultBuildOperationRunner$2::execute@62 (line 74)
                      ; - org.gradle.internal.operations.DefaultBuildOperationRunner$2::execute@8 (line 60)
                      ; - org.gradle.internal.operations.DefaultBuildOperationRunner::execute@141 (line 167)
  0x0000026911e888fc: 00e0 5afe | bae4 ffff | ff48 8b6c | 2430 4c8b | 4c24 784c | 894c 2428 | 4c8b 4c24 | 384c 894c 
  0x0000026911e8891c: 2430 4c8b | 4c24 404c | 894c 2438 | 4c8b 4c24 | 484c 894c | 2440 4c8b | 4c24 684c | 894c 2448 
  0x0000026911e8893c: 4489 5c24 | 684c 8984 | 2488 0000 | 0066 6690 

  0x0000026911e8894c: ;   {runtime_call UncommonTrapBlob}
  0x0000026911e8894c: c5f8 77e8 

  0x0000026911e88950: ; ImmutableOopMap {rbp=Oop [40]=Oop [48]=Oop [56]=Oop [64]=Oop [72]=Oop [88]=Oop [96]=Oop [112]=Oop [136]=Oop [152]=Oop [168]=Oop }
                      ;*aastore {reexecute=1 rethrow=0 return_oop=0}
                      ; - (reexecute) java.lang.ThreadLocal$ThreadLocalMap::<init>@40 (line 389)
                      ; - java.lang.ThreadLocal::createMap@7 (line 265)
                      ; - java.lang.ThreadLocal::setInitialValue@31 (line 201)
                      ; - java.lang.ThreadLocal::get@34 (line 172)
                      ; - org.gradle.internal.operations.CurrentBuildOperationRef::get@4 (line 37)
                      ; - org.gradle.internal.operations.CurrentBuildOperationRef::getId@1 (line 42)
                      ; - org.gradle.internal.logging.slf4j.BuildOperationAwareLogger::log@7 (line 141)
                      ; - org.gradle.internal.logging.slf4j.BuildOperationAwareLogger::log@32 (line 155)
                      ; - org.gradle.internal.logging.slf4j.BuildOperationAwareLogger::log@13 (line 145)
                      ; - org.gradle.internal.logging.slf4j.BuildOperationAwareLogger::debug@14 (line 168)
                      ; - org.gradle.internal.logging.slf4j.OutputEventListenerBackedLogger::debug@3 (line 25)
                      ; - org.gradle.internal.operations.DefaultBuildOperationRunner$BuildOperationTrackingListener::stop@23 (line 250)
                      ; - org.gradle.internal.operations.DefaultBuildOperationRunner$2::execute@62 (line 74)
                      ; - org.gradle.internal.operations.DefaultBuildOperationRunner$2::execute@8 (line 60)
                      ; - org.gradle.internal.operations.DefaultBuildOperationRunner::execute@141 (line 167)
  0x0000026911e88950: acdf 5afe | 498b d766 | 0f1f 8400 | 0000 0000 | c5f8 7749 | ba50 ce6e | 57f8 7f00 | 0041 ffd2 
  0x0000026911e88970: 4c8b c5e9 | 7aeb ffff | 498b f149 | 8bd7 6690 | c5f8 7749 | ba50 ce6e | 57f8 7f00 | 0041 ffd2 
  0x0000026911e88990: 4c8b 4424 | 604c 8bce | e9dc ebff | ff49 8bd8 | 498b d7c5 | f877 49ba | 50ce 6e57 | f87f 0000 
  0x0000026911e889b0: 41ff d24c | 8bc3 e970 | ebff ffba | deff ffff | 4c8b 5c24 | 304c 895c | 2420 4c8b | 5c24 784c 
  0x0000026911e889d0: 895c 2430 | 4c8b 5c24 | 704c 895c | 2448 4c8b | 5c24 684c | 895c 2450 | 4c8b 5c24 | 704c 895c 
  0x0000026911e889f0: 2460 4c8b | 9c24 8800 | 0000 4c89 | 5c24 704c | 8984 2480 | 0000 0048 | 899c 2488 | 0000 0044 
  0x0000026911e88a10: 8994 2490 | 0000 0090 

  0x0000026911e88a18: ;   {runtime_call UncommonTrapBlob}
  0x0000026911e88a18: c5f8 77e8 

  0x0000026911e88a1c: ; ImmutableOopMap {rbp=Oop [32]=Oop [48]=Oop [56]=Oop [64]=Oop [72]=Oop [80]=Oop [88]=Oop [96]=Oop [112]=Oop [128]=Oop [136]=Oop [144]=NarrowOop }
                      ;*checkcast {reexecute=0 rethrow=0 return_oop=0}
                      ; - org.gradle.internal.logging.sink.OutputEventRenderer::onOutput@18 (line 424)
                      ; - org.gradle.internal.logging.sink.OutputEventListenerManager$1::onOutput@8 (line 36)
                      ; - org.gradle.internal.logging.services.ProgressLoggingBridge::completed@5 (line 34)
                      ; - org.gradle.internal.logging.progress.DefaultProgressLoggerFactory$ProgressLoggerImpl::completed@55 (line 251)
                      ; - org.gradle.internal.operations.BuildOperationProgressEventListenerAdapter::stop@42 (line 78)
                      ; - org.gradle.internal.operations.DefaultBuildOperationRunner$BuildOperationTrackingListener::stop@9 (line 249)
                      ; - org.gradle.internal.operations.DefaultBuildOperationRunner$2::execute@62 (line 74)
                      ; - org.gradle.internal.operations.DefaultBuildOperationRunner$2::execute@8 (line 60)
                      ; - org.gradle.internal.operations.DefaultBuildOperationRunner::execute@141 (line 167)
  0x0000026911e88a1c: e0de 5afe | bade ffff | ff4c 8b54 | 2430 4c89 | 5424 2044 | 895c 2458 

  0x0000026911e88a34: ;   {runtime_call UncommonTrapBlob}
  0x0000026911e88a34: c5f8 77e8 

  0x0000026911e88a38: ; ImmutableOopMap {rbp=NarrowOop [32]=Oop [56]=Oop [64]=Oop [88]=NarrowOop [104]=Oop [112]=Oop [120]=Oop }
                      ;*checkcast {reexecute=0 rethrow=0 return_oop=0}
                      ; - org.gradle.internal.logging.slf4j.OutputEventListenerBackedLoggerContext::getLevel@7 (line 96)
                      ; - org.gradle.internal.logging.slf4j.OutputEventListenerBackedLogger::isLevelAtMost@5 (line 44)
                      ; - org.gradle.internal.logging.slf4j.BuildOperationAwareLogger::isDebugEnabled@4 (line 52)
                      ; - org.gradle.internal.logging.slf4j.OutputEventListenerBackedLogger::isDebugEnabled@1 (line 25)
                      ; - org.gradle.internal.logging.slf4j.BuildOperationAwareLogger::debug@1 (line 167)
                      ; - org.gradle.internal.logging.slf4j.OutputEventListenerBackedLogger::debug@3 (line 25)
                      ; - org.gradle.internal.operations.DefaultBuildOperationRunner$BuildOperationTrackingListener::stop@23 (line 250)
                      ; - org.gradle.internal.operations.DefaultBuildOperationRunner$2::execute@62 (line 74)
                      ; - org.gradle.internal.operations.DefaultBuildOperationRunner$2::execute@8 (line 60)
                      ; - org.gradle.internal.operations.DefaultBuildOperationRunner::execute@141 (line 167)
  0x0000026911e88a38: c4de 5afe | bade ffff | ff48 8b6c | 2430 4c8b | 5424 384c | 8954 2430 | 4c8b 5424 | 404c 8954 
  0x0000026911e88a58: 2438 4c8b | 5424 484c | 8954 2440 | 4889 5c24 | 5044 895c | 2458 6690 

  0x0000026911e88a70: ;   {runtime_call UncommonTrapBlob}
  0x0000026911e88a70: c5f8 77e8 

  0x0000026911e88a74: ; ImmutableOopMap {rbp=Oop [48]=Oop [56]=Oop [64]=Oop [80]=Oop [88]=NarrowOop [104]=Oop [120]=Oop }
                      ;*checkcast {reexecute=0 rethrow=0 return_oop=0}
                      ; - org.gradle.internal.logging.slf4j.OutputEventListenerBackedLoggerContext::getOutputEventListener@7 (line 72)
                      ; - org.gradle.internal.logging.slf4j.OutputEventListenerBackedLogger::log@31 (line 50)
                      ; - org.gradle.internal.logging.slf4j.BuildOperationAwareLogger::log@10 (line 141)
                      ; - org.gradle.internal.logging.slf4j.BuildOperationAwareLogger::log@32 (line 155)
                      ; - org.gradle.internal.logging.slf4j.BuildOperationAwareLogger::log@13 (line 145)
                      ; - org.gradle.internal.logging.slf4j.BuildOperationAwareLogger::debug@14 (line 168)
                      ; - org.gradle.internal.logging.slf4j.OutputEventListenerBackedLogger::debug@3 (line 25)
                      ; - org.gradle.internal.operations.DefaultBuildOperationRunner$BuildOperationTrackingListener::stop@23 (line 250)
                      ; - org.gradle.internal.operations.DefaultBuildOperationRunner$2::execute@62 (line 74)
                      ; - org.gradle.internal.operations.DefaultBuildOperationRunner$2::execute@8 (line 60)
                      ; - org.gradle.internal.operations.DefaultBuildOperationRunner::execute@141 (line 167)
  0x0000026911e88a74: 88de 5afe | bade ffff | ff48 8b6c | 2430 4c8b | 5c24 384c | 895c 2430 | 4c8b 5c24 | 404c 895c 
  0x0000026911e88a94: 2438 4c8b | 5c24 684c | 895c 2448 | 4889 5c24 | 584c 8944 | 2460 4489 | 4c24 6844 | 8954 246c 
  0x0000026911e88ab4: ;   {runtime_call UncommonTrapBlob}
  0x0000026911e88ab4: c5f8 77e8 

  0x0000026911e88ab8: ; ImmutableOopMap {rbp=Oop [48]=Oop [56]=Oop [72]=Oop [88]=Oop [96]=Oop [108]=NarrowOop [112]=Oop [120]=Oop }
                      ;*checkcast {reexecute=0 rethrow=0 return_oop=0}
                      ; - org.gradle.internal.operations.DefaultBuildOperationListenerManager$1::finished@31 (line 60)
                      ; - org.gradle.internal.operations.BuildOperationProgressEventListenerAdapter::stop@86 (line 79)
                      ; - org.gradle.internal.operations.DefaultBuildOperationRunner$BuildOperationTrackingListener::stop@9 (line 249)
                      ; - org.gradle.internal.operations.DefaultBuildOperationRunner$2::execute@62 (line 74)
                      ; - org.gradle.internal.operations.DefaultBuildOperationRunner$2::execute@8 (line 60)
                      ; - org.gradle.internal.operations.DefaultBuildOperationRunner::execute@141 (line 167)
  0x0000026911e88ab8: 44de 5afe | bade ffff | ff48 8b6c | 2430 4c8b | 5424 384c | 8954 2430 | 4c8b 5424 | 404c 8954 
  0x0000026911e88ad8: 2438 4c8b | 5424 484c | 8954 2440 | 4489 5c24 | 5866 6690 

  0x0000026911e88aec: ;   {runtime_call UncommonTrapBlob}
  0x0000026911e88aec: c5f8 77e8 

  0x0000026911e88af0: ; ImmutableOopMap {rbp=Oop [48]=Oop [56]=Oop [64]=Oop [88]=NarrowOop [104]=Oop [120]=Oop [168]=Oop }
                      ;*checkcast {reexecute=0 rethrow=0 return_oop=0}
                      ; - org.gradle.internal.operations.CurrentBuildOperationRef::get@7 (line 37)
                      ; - org.gradle.internal.operations.CurrentBuildOperationRef::getId@1 (line 42)
                      ; - org.gradle.internal.logging.slf4j.BuildOperationAwareLogger::log@7 (line 141)
                      ; - org.gradle.internal.logging.slf4j.BuildOperationAwareLogger::log@32 (line 155)
                      ; - org.gradle.internal.logging.slf4j.BuildOperationAwareLogger::log@13 (line 145)
                      ; - org.gradle.internal.logging.slf4j.BuildOperationAwareLogger::debug@14 (line 168)
                      ; - org.gradle.internal.logging.slf4j.OutputEventListenerBackedLogger::debug@3 (line 25)
                      ; - org.gradle.internal.operations.DefaultBuildOperationRunner$BuildOperationTrackingListener::stop@23 (line 250)
                      ; - org.gradle.internal.operations.DefaultBuildOperationRunner$2::execute@62 (line 74)
                      ; - org.gradle.internal.operations.DefaultBuildOperationRunner$2::execute@8 (line 60)
                      ; - org.gradle.internal.operations.DefaultBuildOperationRunner::execute@141 (line 167)
  0x0000026911e88af0: 0cde 5afe | 488b e8e9 | 90ca ffff | 0f1f 4000 | e9a2 caff | ffba f6ff | ffff 488b | 6c24 304c 
  0x0000026911e88b10: 8b54 2438 | 4c89 5424 | 304c 8b54 | 2440 4c89 | 5424 3844 | 894c 2440 

  0x0000026911e88b28: ;   {runtime_call UncommonTrapBlob}
  0x0000026911e88b28: c5f8 77e8 

  0x0000026911e88b2c: ; ImmutableOopMap {rbp=Oop [48]=Oop [56]=Oop [112]=Oop [120]=Oop }
                      ;*aaload {reexecute=0 rethrow=0 return_oop=0}
                      ; - java.util.ArrayList::elementData@5 (line 411)
                      ; - java.util.ArrayList::get@11 (line 428)
                      ; - org.gradle.internal.operations.DefaultBuildOperationListenerManager$1::finished@26 (line 60)
                      ; - org.gradle.internal.operations.BuildOperationProgressEventListenerAdapter::stop@86 (line 79)
                      ; - org.gradle.internal.operations.DefaultBuildOperationRunner$BuildOperationTrackingListener::stop@9 (line 249)
                      ; - org.gradle.internal.operations.DefaultBuildOperationRunner$2::execute@62 (line 74)
                      ; - org.gradle.internal.operations.DefaultBuildOperationRunner$2::execute@8 (line 60)
                      ; - org.gradle.internal.operations.DefaultBuildOperationRunner::execute@141 (line 167)
  0x0000026911e88b2c: d0dd 5afe | baf4 ffff | ff48 8b6c | 2430 4c8b | 5424 384c | 8954 2430 | 4c8b 5424 | 404c 8954 
  0x0000026911e88b4c: 2438 4c8b | 5424 684c | 8954 2448 | 4889 5c24 | 584c 8944 | 2460 4489 | 4c24 6890 

  0x0000026911e88b68: ;   {runtime_call UncommonTrapBlob}
  0x0000026911e88b68: c5f8 77e8 

  0x0000026911e88b6c: ; ImmutableOopMap {rbp=Oop [48]=Oop [56]=Oop [72]=Oop [88]=Oop [96]=Oop [112]=Oop [120]=Oop }
                      ;*checkcast {reexecute=0 rethrow=0 return_oop=0}
                      ; - org.gradle.internal.operations.DefaultBuildOperationListenerManager$1::finished@31 (line 60)
                      ; - org.gradle.internal.operations.BuildOperationProgressEventListenerAdapter::stop@86 (line 79)
                      ; - org.gradle.internal.operations.DefaultBuildOperationRunner$BuildOperationTrackingListener::stop@9 (line 249)
                      ; - org.gradle.internal.operations.DefaultBuildOperationRunner$2::execute@62 (line 74)
                      ; - org.gradle.internal.operations.DefaultBuildOperationRunner$2::execute@8 (line 60)
                      ; - org.gradle.internal.operations.DefaultBuildOperationRunner::execute@141 (line 167)
  0x0000026911e88b6c: 90dd 5afe | baf6 ffff | ff48 8b6c | 2430 4c8b | 5424 384c | 8954 2430 | 4c8b 5424 | 404c 8954 
  0x0000026911e88b8c: 2438 8974 | 2440 6690 

  0x0000026911e88b94: ;   {runtime_call UncommonTrapBlob}
  0x0000026911e88b94: c5f8 77e8 

  0x0000026911e88b98: ; ImmutableOopMap {rbp=Oop [48]=Oop [56]=Oop [64]=NarrowOop [112]=Oop [120]=Oop }
                      ;*invokeinterface remove {reexecute=0 rethrow=0 return_oop=0}
                      ; - org.gradle.internal.operations.DefaultBuildOperationListenerManager$ProgressShieldingBuildOperationListener::finished@8 (line 126)
                      ; - org.gradle.internal.operations.DefaultBuildOperationListenerManager$1::finished@36 (line 60)
                      ; - org.gradle.internal.operations.BuildOperationProgressEventListenerAdapter::stop@86 (line 79)
                      ; - org.gradle.internal.operations.DefaultBuildOperationRunner$BuildOperationTrackingListener::stop@9 (line 249)
                      ; - org.gradle.internal.operations.DefaultBuildOperationRunner$2::execute@62 (line 74)
                      ; - org.gradle.internal.operations.DefaultBuildOperationRunner$2::execute@8 (line 60)
                      ; - org.gradle.internal.operations.DefaultBuildOperationRunner::execute@141 (line 167)
  0x0000026911e88b98: 64dd 5afe | baf6 ffff | ff66 6690 

  0x0000026911e88ba4: ;   {runtime_call UncommonTrapBlob}
  0x0000026911e88ba4: c5f8 77e8 

  0x0000026911e88ba8: ; ImmutableOopMap {}
                      ;*invokevirtual getParentState {reexecute=0 rethrow=0 return_oop=0}
                      ; - org.gradle.internal.operations.DefaultBuildOperationRunner::execute@1 (line 156)
  0x0000026911e88ba8: 54dd 5afe | baf6 ffff | ff66 6690 

  0x0000026911e88bb4: ;   {runtime_call UncommonTrapBlob}
  0x0000026911e88bb4: c5f8 77e8 

  0x0000026911e88bb8: ; ImmutableOopMap {}
                      ;*invokeinterface nextId {reexecute=0 rethrow=0 return_oop=0}
                      ; - org.gradle.internal.operations.DefaultBuildOperationRunner::execute@30 (line 158)
  0x0000026911e88bb8: 44dd 5afe | baf6 ffff | ff66 6690 

  0x0000026911e88bc4: ;   {runtime_call UncommonTrapBlob}
  0x0000026911e88bc4: c5f8 77e8 

  0x0000026911e88bc8: ; ImmutableOopMap {}
                      ;*invokeinterface getCurrentTime {reexecute=0 rethrow=0 return_oop=0}
                      ; - org.gradle.internal.operations.DefaultBuildOperationRunner::execute@84 (line 164)
  0x0000026911e88bc8: 34dd 5afe | baf6 ffff | ff66 6690 

  0x0000026911e88bd4: ;   {runtime_call UncommonTrapBlob}
  0x0000026911e88bd4: c5f8 77e8 

  0x0000026911e88bd8: ; ImmutableOopMap {}
                      ;*invokeinterface nanoTime {reexecute=0 rethrow=0 return_oop=0}
                      ; - org.gradle.internal.time.MonotonicClock::getCurrentTime@4 (line 77)
                      ; - org.gradle.internal.operations.DefaultBuildOperationRunner::execute@84 (line 164)
  0x0000026911e88bd8: 24dd 5afe | baf6 ffff | ff66 6690 

  0x0000026911e88be4: ;   {runtime_call UncommonTrapBlob}
  0x0000026911e88be4: c5f8 77e8 

  0x0000026911e88be8: ; ImmutableOopMap {}
                      ;*invokevirtual get {reexecute=0 rethrow=0 return_oop=0}
                      ; - org.gradle.internal.time.MonotonicClock::getCurrentTime@14 (line 78)
                      ; - org.gradle.internal.operations.DefaultBuildOperationRunner::execute@84 (line 164)
  0x0000026911e88be8: 14dd 5afe | baf6 ffff | ff66 6690 

  0x0000026911e88bf4: ;   {runtime_call UncommonTrapBlob}
  0x0000026911e88bf4: c5f8 77e8 

  0x0000026911e88bf8: ; ImmutableOopMap {}
                      ;*invokevirtual get {reexecute=0 rethrow=0 return_oop=0}
                      ; - org.gradle.internal.time.MonotonicClock::getCurrentTime@22 (line 79)
                      ; - org.gradle.internal.operations.DefaultBuildOperationRunner::execute@84 (line 164)
  0x0000026911e88bf8: 04dd 5afe | baf6 ffff | ff66 6690 

  0x0000026911e88c04: ;   {runtime_call UncommonTrapBlob}
  0x0000026911e88c04: c5f8 77e8 

  0x0000026911e88c08: ; ImmutableOopMap {}
                      ;*invokeinterface createListener {reexecute=0 rethrow=0 return_oop=0}
                      ; - org.gradle.internal.operations.DefaultBuildOperationRunner::execute@106 (line 165)
  0x0000026911e88c08: f4dc 5afe | baf6 ffff | ff4c 895c | 2430 4889 | 5c24 3890 

  0x0000026911e88c1c: ;   {runtime_call UncommonTrapBlob}
  0x0000026911e88c1c: c5f8 77e8 

  0x0000026911e88c20: ; ImmutableOopMap {[48]=Oop [56]=Oop [104]=Oop [112]=Oop [120]=Oop }
                      ;*invokeinterface execute {reexecute=0 rethrow=0 return_oop=0}
                      ; - org.gradle.internal.operations.DefaultBuildOperationRunner::execute@141 (line 167)
  0x0000026911e88c20: dcdc 5afe | baf6 ffff | ff66 6690 

  0x0000026911e88c2c: ;   {runtime_call UncommonTrapBlob}
  0x0000026911e88c2c: c5f8 77e8 

  0x0000026911e88c30: ; ImmutableOopMap {}
                      ;*invokevirtual getId {reexecute=0 rethrow=0 return_oop=0}
                      ; - org.gradle.internal.operations.DefaultBuildOperationRunner::execute@57 (line 161)
  0x0000026911e88c30: ccdc 5afe | baf6 ffff | ff66 6690 

  0x0000026911e88c3c: ;   {runtime_call UncommonTrapBlob}
  0x0000026911e88c3c: c5f8 77e8 

  0x0000026911e88c40: ; ImmutableOopMap {}
                      ;*invokevirtual get {reexecute=0 rethrow=0 return_oop=0}
                      ; - org.gradle.internal.operations.BuildOperationState::isRunning@4 (line 37)
                      ; - org.gradle.internal.operations.DefaultBuildOperationRunner::assertParentRunning@5 (line 177)
                      ; - org.gradle.internal.operations.DefaultBuildOperationRunner::execute@71 (line 162)
  0x0000026911e88c40: bcdc 5afe | baf6 ffff | ff48 8b6c | 2430 4c8b | 5c24 784c | 8954 2430 | 4889 4424 | 384c 895c 
  0x0000026911e88c60: 2448 4c89 | 4c24 5890 

  0x0000026911e88c68: ;   {runtime_call UncommonTrapBlob}
  0x0000026911e88c68: c5f8 77e8 

  0x0000026911e88c6c: ; ImmutableOopMap {rbp=Oop [48]=Oop [56]=Oop [72]=Oop [88]=Oop [104]=Oop [112]=Oop [120]=Oop }
                      ;*invokeinterface stop {reexecute=0 rethrow=0 return_oop=0}
                      ; - org.gradle.internal.operations.DefaultBuildOperationRunner$BuildOperationTrackingListener::stop@9 (line 249)
                      ; - org.gradle.internal.operations.DefaultBuildOperationRunner$2::execute@62 (line 74)
                      ; - org.gradle.internal.operations.DefaultBuildOperationRunner$2::execute@8 (line 60)
                      ; - org.gradle.internal.operations.DefaultBuildOperationRunner::execute@141 (line 167)
  0x0000026911e88c6c: 90dc 5afe | baf6 ffff | ff48 8b6c | 2430 4c89 | 5424 3048 | 8944 2438 | 4489 5c24 | 4089 7c24 
  0x0000026911e88c8c: 4466 6690 

  0x0000026911e88c90: ;   {runtime_call UncommonTrapBlob}
  0x0000026911e88c90: c5f8 77e8 

  0x0000026911e88c94: ; ImmutableOopMap {rbp=Oop [48]=Oop [56]=Oop [64]=NarrowOop [112]=Oop [120]=Oop }
                      ;*invokeinterface completed {reexecute=0 rethrow=0 return_oop=0}
                      ; - org.gradle.internal.operations.BuildOperationProgressEventListenerAdapter::stop@42 (line 78)
                      ; - org.gradle.internal.operations.DefaultBuildOperationRunner$BuildOperationTrackingListener::stop@9 (line 249)
                      ; - org.gradle.internal.operations.DefaultBuildOperationRunner$2::execute@62 (line 74)
                      ; - org.gradle.internal.operations.DefaultBuildOperationRunner$2::execute@8 (line 60)
                      ; - org.gradle.internal.operations.DefaultBuildOperationRunner::execute@141 (line 167)
  0x0000026911e88c94: 68dc 5afe | baf6 ffff | ff48 8b6c | 2430 4c89 | 5424 3048 | 8944 2438 

  0x0000026911e88cac: ;   {runtime_call UncommonTrapBlob}
  0x0000026911e88cac: c5f8 77e8 

  0x0000026911e88cb0: ; ImmutableOopMap {rbp=Oop [48]=Oop [56]=Oop [112]=Oop [120]=Oop }
                      ;*getfield current {reexecute=1 rethrow=0 return_oop=0}
                      ; - (reexecute) org.gradle.internal.logging.progress.DefaultProgressLoggerFactory::access$200@1 (line 34)
                      ; - org.gradle.internal.logging.progress.DefaultProgressLoggerFactory$ProgressLoggerImpl::completed@15 (line 250)
                      ; - org.gradle.internal.operations.BuildOperationProgressEventListenerAdapter::stop@42 (line 78)
                      ; - org.gradle.internal.operations.DefaultBuildOperationRunner$BuildOperationTrackingListener::stop@9 (line 249)
                      ; - org.gradle.internal.operations.DefaultBuildOperationRunner$2::execute@62 (line 74)
                      ; - org.gradle.internal.operations.DefaultBuildOperationRunner$2::execute@8 (line 60)
                      ; - org.gradle.internal.operations.DefaultBuildOperationRunner::execute@141 (line 167)
  0x0000026911e88cb0: 4cdc 5afe | baf6 ffff | ff48 8b6c | 2430 4c89 | 5424 3048 | 8944 2438 | 4489 4424 | 4066 6690 
  0x0000026911e88cd0: ;   {runtime_call UncommonTrapBlob}
  0x0000026911e88cd0: c5f8 77e8 

  0x0000026911e88cd4: ; ImmutableOopMap {rbp=Oop [48]=Oop [56]=Oop [64]=NarrowOop [112]=Oop [120]=Oop }
                      ;*invokevirtual set {reexecute=0 rethrow=0 return_oop=0}
                      ; - org.gradle.internal.logging.progress.DefaultProgressLoggerFactory$ProgressLoggerImpl::completed@22 (line 250)
                      ; - org.gradle.internal.operations.BuildOperationProgressEventListenerAdapter::stop@42 (line 78)
                      ; - org.gradle.internal.operations.DefaultBuildOperationRunner$BuildOperationTrackingListener::stop@9 (line 249)
                      ; - org.gradle.internal.operations.DefaultBuildOperationRunner$2::execute@62 (line 74)
                      ; - org.gradle.internal.operations.DefaultBuildOperationRunner$2::execute@8 (line 60)
                      ; - org.gradle.internal.operations.DefaultBuildOperationRunner::execute@141 (line 167)
  0x0000026911e88cd4: 28dc 5afe | baf6 ffff | ff48 8b6c | 2430 4c8b | 5424 384c | 8954 2430 

  0x0000026911e88cec: ;   {runtime_call UncommonTrapBlob}
  0x0000026911e88cec: c5f8 77e8 

  0x0000026911e88cf0: ; ImmutableOopMap {rbp=Oop [48]=Oop [64]=Oop [112]=Oop [120]=Oop }
                      ;*invokeinterface getCurrentTime {reexecute=0 rethrow=0 return_oop=0}
                      ; - org.gradle.internal.logging.progress.DefaultProgressLoggerFactory$ProgressLoggerImpl::completed@41 (line 251)
                      ; - org.gradle.internal.operations.BuildOperationProgressEventListenerAdapter::stop@42 (line 78)
                      ; - org.gradle.internal.operations.DefaultBuildOperationRunner$BuildOperationTrackingListener::stop@9 (line 249)
                      ; - org.gradle.internal.operations.DefaultBuildOperationRunner$2::execute@62 (line 74)
                      ; - org.gradle.internal.operations.DefaultBuildOperationRunner$2::execute@8 (line 60)
                      ; - org.gradle.internal.operations.DefaultBuildOperationRunner::execute@141 (line 167)
  0x0000026911e88cf0: 0cdc 5afe | baf6 ffff | ff48 8b6c | 2430 4c8b | 5424 384c | 8954 2430 

  0x0000026911e88d08: ;   {runtime_call UncommonTrapBlob}
  0x0000026911e88d08: c5f8 77e8 

  0x0000026911e88d0c: ; ImmutableOopMap {rbp=Oop [48]=Oop [64]=Oop [112]=Oop [120]=Oop }
                      ;*invokeinterface nanoTime {reexecute=0 rethrow=0 return_oop=0}
                      ; - org.gradle.internal.time.MonotonicClock::getCurrentTime@4 (line 77)
                      ; - org.gradle.internal.logging.progress.DefaultProgressLoggerFactory$ProgressLoggerImpl::completed@41 (line 251)
                      ; - org.gradle.internal.operations.BuildOperationProgressEventListenerAdapter::stop@42 (line 78)
                      ; - org.gradle.internal.operations.DefaultBuildOperationRunner$BuildOperationTrackingListener::stop@9 (line 249)
                      ; - org.gradle.internal.operations.DefaultBuildOperationRunner$2::execute@62 (line 74)
                      ; - org.gradle.internal.operations.DefaultBuildOperationRunner$2::execute@8 (line 60)
                      ; - org.gradle.internal.operations.DefaultBuildOperationRunner::execute@141 (line 167)
  0x0000026911e88d0c: f0db 5afe | baf6 ffff | ff48 8b6c | 2430 4c8b | 5424 384c | 8954 2430 

  0x0000026911e88d24: ;   {runtime_call UncommonTrapBlob}
  0x0000026911e88d24: c5f8 77e8 

  0x0000026911e88d28: ; ImmutableOopMap {rbp=Oop [48]=Oop [64]=Oop [112]=Oop [120]=Oop }
                      ;*invokevirtual get {reexecute=0 rethrow=0 return_oop=0}
                      ; - org.gradle.internal.time.MonotonicClock::getCurrentTime@14 (line 78)
                      ; - org.gradle.internal.logging.progress.DefaultProgressLoggerFactory$ProgressLoggerImpl::completed@41 (line 251)
                      ; - org.gradle.internal.operations.BuildOperationProgressEventListenerAdapter::stop@42 (line 78)
                      ; - org.gradle.internal.operations.DefaultBuildOperationRunner$BuildOperationTrackingListener::stop@9 (line 249)
                      ; - org.gradle.internal.operations.DefaultBuildOperationRunner$2::execute@62 (line 74)
                      ; - org.gradle.internal.operations.DefaultBuildOperationRunner$2::execute@8 (line 60)
                      ; - org.gradle.internal.operations.DefaultBuildOperationRunner::execute@141 (line 167)
  0x0000026911e88d28: d4db 5afe | baf6 ffff | ff48 8b6c | 2430 4c8b | 5424 384c | 8954 2430 

  0x0000026911e88d40: ;   {runtime_call UncommonTrapBlob}
  0x0000026911e88d40: c5f8 77e8 

  0x0000026911e88d44: ; ImmutableOopMap {rbp=Oop [48]=Oop [64]=Oop [112]=Oop [120]=Oop }
                      ;*invokevirtual get {reexecute=0 rethrow=0 return_oop=0}
                      ; - org.gradle.internal.time.MonotonicClock::getCurrentTime@22 (line 79)
                      ; - org.gradle.internal.logging.progress.DefaultProgressLoggerFactory$ProgressLoggerImpl::completed@41 (line 251)
                      ; - org.gradle.internal.operations.BuildOperationProgressEventListenerAdapter::stop@42 (line 78)
                      ; - org.gradle.internal.operations.DefaultBuildOperationRunner$BuildOperationTrackingListener::stop@9 (line 249)
                      ; - org.gradle.internal.operations.DefaultBuildOperationRunner$2::execute@62 (line 74)
                      ; - org.gradle.internal.operations.DefaultBuildOperationRunner$2::execute@8 (line 60)
                      ; - org.gradle.internal.operations.DefaultBuildOperationRunner::execute@141 (line 167)
  0x0000026911e88d44: b8db 5afe | baf6 ffff | ff48 8b6c | 2430 4c8b | 5424 384c | 8954 2430 | 4c8b 5424 | 404c 8954 
  0x0000026911e88d64: 2438 4889 | 5c24 4090 

  0x0000026911e88d6c: ;   {runtime_call UncommonTrapBlob}
  0x0000026911e88d6c: c5f8 77e8 

  0x0000026911e88d70: ; ImmutableOopMap {rbp=Oop [48]=Oop [56]=Oop [64]=Oop [112]=Oop [120]=Oop }
                      ;*invokeinterface completed {reexecute=0 rethrow=0 return_oop=0}
                      ; - org.gradle.internal.logging.progress.DefaultProgressLoggerFactory$ProgressLoggerImpl::completed@55 (line 251)
                      ; - org.gradle.internal.operations.BuildOperationProgressEventListenerAdapter::stop@42 (line 78)
                      ; - org.gradle.internal.operations.DefaultBuildOperationRunner$BuildOperationTrackingListener::stop@9 (line 249)
                      ; - org.gradle.internal.operations.DefaultBuildOperationRunner$2::execute@62 (line 74)
                      ; - org.gradle.internal.operations.DefaultBuildOperationRunner$2::execute@8 (line 60)
                      ; - org.gradle.internal.operations.DefaultBuildOperationRunner::execute@141 (line 167)
  0x0000026911e88d70: 8cdb 5afe | baf6 ffff | ff48 8b6c | 2430 4c8b | 5424 384c | 8954 2430 | 4c8b 5424 | 404c 8954 
  0x0000026911e88d90: 2438 4889 | 5c24 4090 

  0x0000026911e88d98: ;   {runtime_call UncommonTrapBlob}
  0x0000026911e88d98: c5f8 77e8 

  0x0000026911e88d9c: ; ImmutableOopMap {rbp=Oop [48]=Oop [56]=Oop [64]=Oop [112]=Oop [120]=Oop }
                      ;*invokeinterface onOutput {reexecute=0 rethrow=0 return_oop=0}
                      ; - org.gradle.internal.logging.services.ProgressLoggingBridge::completed@5 (line 34)
                      ; - org.gradle.internal.logging.progress.DefaultProgressLoggerFactory$ProgressLoggerImpl::completed@55 (line 251)
                      ; - org.gradle.internal.operations.BuildOperationProgressEventListenerAdapter::stop@42 (line 78)
                      ; - org.gradle.internal.operations.DefaultBuildOperationRunner$BuildOperationTrackingListener::stop@9 (line 249)
                      ; - org.gradle.internal.operations.DefaultBuildOperationRunner$2::execute@62 (line 74)
                      ; - org.gradle.internal.operations.DefaultBuildOperationRunner$2::execute@8 (line 60)
                      ; - org.gradle.internal.operations.DefaultBuildOperationRunner::execute@141 (line 167)
  0x0000026911e88d9c: 60db 5afe | baf6 ffff | ff48 8b6c | 2430 4c8b | 5424 384c | 8954 2430 

  0x0000026911e88db4: ;   {runtime_call UncommonTrapBlob}
  0x0000026911e88db4: c5f8 77e8 

  0x0000026911e88db8: ; ImmutableOopMap {rbp=Oop [48]=Oop [64]=Oop [112]=Oop [120]=Oop }
                      ;*getfield renderer {reexecute=1 rethrow=0 return_oop=0}
                      ; - (reexecute) org.gradle.internal.logging.sink.OutputEventListenerManager::access$000@1 (line 29)
                      ; - org.gradle.internal.logging.sink.OutputEventListenerManager$1::onOutput@4 (line 36)
                      ; - org.gradle.internal.logging.services.ProgressLoggingBridge::completed@5 (line 34)
                      ; - org.gradle.internal.logging.progress.DefaultProgressLoggerFactory$ProgressLoggerImpl::completed@55 (line 251)
                      ; - org.gradle.internal.operations.BuildOperationProgressEventListenerAdapter::stop@42 (line 78)
                      ; - org.gradle.internal.operations.DefaultBuildOperationRunner$BuildOperationTrackingListener::stop@9 (line 249)
                      ; - org.gradle.internal.operations.DefaultBuildOperationRunner$2::execute@62 (line 74)
                      ; - org.gradle.internal.operations.DefaultBuildOperationRunner$2::execute@8 (line 60)
                      ; - org.gradle.internal.operations.DefaultBuildOperationRunner::execute@141 (line 167)
  0x0000026911e88db8: 44db 5afe | baf6 ffff | ff48 8b6c | 2430 4c8b | 5424 384c | 8954 2430 | 4c8b 5424 | 404c 8954 
  0x0000026911e88dd8: 2438 4889 | 5c24 4090 

  0x0000026911e88de0: ;   {runtime_call UncommonTrapBlob}
  0x0000026911e88de0: c5f8 77e8 

  0x0000026911e88de4: ; ImmutableOopMap {rbp=Oop [48]=Oop [56]=Oop [64]=Oop [112]=Oop [120]=Oop }
                      ;*invokeinterface onOutput {reexecute=0 rethrow=0 return_oop=0}
                      ; - org.gradle.internal.logging.sink.OutputEventListenerManager$1::onOutput@8 (line 36)
                      ; - org.gradle.internal.logging.services.ProgressLoggingBridge::completed@5 (line 34)
                      ; - org.gradle.internal.logging.progress.DefaultProgressLoggerFactory$ProgressLoggerImpl::completed@55 (line 251)
                      ; - org.gradle.internal.operations.BuildOperationProgressEventListenerAdapter::stop@42 (line 78)
                      ; - org.gradle.internal.operations.DefaultBuildOperationRunner$BuildOperationTrackingListener::stop@9 (line 249)
                      ; - org.gradle.internal.operations.DefaultBuildOperationRunner$2::execute@62 (line 74)
                      ; - org.gradle.internal.operations.DefaultBuildOperationRunner$2::execute@8 (line 60)
                      ; - org.gradle.internal.operations.DefaultBuildOperationRunner::execute@141 (line 167)
  0x0000026911e88de4: 18db 5afe | baf6 ffff | ff48 8b6c | 2430 4c8b | 5424 384c | 8954 2430 

  0x0000026911e88dfc: ;   {runtime_call UncommonTrapBlob}
  0x0000026911e88dfc: c5f8 77e8 

  0x0000026911e88e00: ; ImmutableOopMap {rbp=Oop [48]=Oop [64]=Oop [112]=Oop [120]=Oop }
                      ;*invokevirtual get {reexecute=0 rethrow=0 return_oop=0}
                      ; - org.gradle.internal.logging.sink.OutputEventRenderer::onOutput@15 (line 424)
                      ; - org.gradle.internal.logging.sink.OutputEventListenerManager$1::onOutput@8 (line 36)
                      ; - org.gradle.internal.logging.services.ProgressLoggingBridge::completed@5 (line 34)
                      ; - org.gradle.internal.logging.progress.DefaultProgressLoggerFactory$ProgressLoggerImpl::completed@55 (line 251)
                      ; - org.gradle.internal.operations.BuildOperationProgressEventListenerAdapter::stop@42 (line 78)
                      ; - org.gradle.internal.operations.DefaultBuildOperationRunner$BuildOperationTrackingListener::stop@9 (line 249)
                      ; - org.gradle.internal.operations.DefaultBuildOperationRunner$2::execute@62 (line 74)
                      ; - org.gradle.internal.operations.DefaultBuildOperationRunner$2::execute@8 (line 60)
                      ; - org.gradle.internal.operations.DefaultBuildOperationRunner::execute@141 (line 167)
  0x0000026911e88e00: fcda 5afe | baf4 ffff | ff4c 8b54 | 2430 4c89 | 5424 204c | 8b54 2478 | 4c89 5424 | 304c 8b54 
  0x0000026911e88e20: 2470 4c89 | 5424 484c | 8b54 2468 | 4c89 5424 | 504c 8b54 | 2470 4c89 | 5424 604c | 8b94 2488 
  0x0000026911e88e40: 0000 004c | 8954 2470 | 4c89 8424 | 8000 0000 | 4889 9c24 | 8800 0000 

  0x0000026911e88e58: ;   {runtime_call UncommonTrapBlob}
  0x0000026911e88e58: c5f8 77e8 

  0x0000026911e88e5c: ; ImmutableOopMap {rbp=Oop [32]=Oop [48]=Oop [56]=Oop [64]=Oop [72]=Oop [80]=Oop [88]=Oop [96]=Oop [112]=Oop [128]=Oop [136]=Oop }
                      ;*checkcast {reexecute=0 rethrow=0 return_oop=0}
                      ; - org.gradle.internal.logging.sink.OutputEventRenderer::onOutput@18 (line 424)
                      ; - org.gradle.internal.logging.sink.OutputEventListenerManager$1::onOutput@8 (line 36)
                      ; - org.gradle.internal.logging.services.ProgressLoggingBridge::completed@5 (line 34)
                      ; - org.gradle.internal.logging.progress.DefaultProgressLoggerFactory$ProgressLoggerImpl::completed@55 (line 251)
                      ; - org.gradle.internal.operations.BuildOperationProgressEventListenerAdapter::stop@42 (line 78)
                      ; - org.gradle.internal.operations.DefaultBuildOperationRunner$BuildOperationTrackingListener::stop@9 (line 249)
                      ; - org.gradle.internal.operations.DefaultBuildOperationRunner$2::execute@62 (line 74)
                      ; - org.gradle.internal.operations.DefaultBuildOperationRunner$2::execute@8 (line 60)
                      ; - org.gradle.internal.operations.DefaultBuildOperationRunner::execute@141 (line 167)
  0x0000026911e88e5c: a0da 5afe | baf6 ffff | ff48 8b6c | 2430 4c8b | 5424 384c | 8954 2430 

  0x0000026911e88e74: ;   {runtime_call UncommonTrapBlob}
  0x0000026911e88e74: c5f8 77e8 

  0x0000026911e88e78: ; ImmutableOopMap {rbp=Oop [48]=Oop [64]=Oop [96]=Oop [112]=Oop }
                      ;*getfield other {reexecute=1 rethrow=0 return_oop=0}
                      ; - (reexecute) org.gradle.internal.logging.sink.OutputEventListenerManager::access$100@1 (line 29)
                      ; - org.gradle.internal.logging.sink.OutputEventListenerManager$1::onOutput@17 (line 38)
                      ; - org.gradle.internal.logging.services.ProgressLoggingBridge::completed@5 (line 34)
                      ; - org.gradle.internal.logging.progress.DefaultProgressLoggerFactory$ProgressLoggerImpl::completed@55 (line 251)
                      ; - org.gradle.internal.operations.BuildOperationProgressEventListenerAdapter::stop@42 (line 78)
                      ; - org.gradle.internal.operations.DefaultBuildOperationRunner$BuildOperationTrackingListener::stop@9 (line 249)
                      ; - org.gradle.internal.operations.DefaultBuildOperationRunner$2::execute@62 (line 74)
                      ; - org.gradle.internal.operations.DefaultBuildOperationRunner$2::execute@8 (line 60)
                      ; - org.gradle.internal.operations.DefaultBuildOperationRunner::execute@141 (line 167)
  0x0000026911e88e78: 84da 5afe | baf6 ffff | ff48 8b6c | 2430 4c8b | 5424 384c | 8954 2430 

  0x0000026911e88e90: ;   {runtime_call UncommonTrapBlob}
  0x0000026911e88e90: c5f8 77e8 

  0x0000026911e88e94: ; ImmutableOopMap {rbp=Oop [48]=Oop [64]=Oop [112]=Oop [120]=Oop }
                      ;*invokeinterface getCurrentTime {reexecute=0 rethrow=0 return_oop=0}
                      ; - org.gradle.internal.operations.BuildOperationProgressEventListenerAdapter::stop@64 (line 79)
                      ; - org.gradle.internal.operations.DefaultBuildOperationRunner$BuildOperationTrackingListener::stop@9 (line 249)
                      ; - org.gradle.internal.operations.DefaultBuildOperationRunner$2::execute@62 (line 74)
                      ; - org.gradle.internal.operations.DefaultBuildOperationRunner$2::execute@8 (line 60)
                      ; - org.gradle.internal.operations.DefaultBuildOperationRunner::execute@141 (line 167)
  0x0000026911e88e94: 68da 5afe | baf6 ffff | ff48 8b6c | 2430 4c8b | 5424 384c | 8954 2430 

  0x0000026911e88eac: ;   {runtime_call UncommonTrapBlob}
  0x0000026911e88eac: c5f8 77e8 

  0x0000026911e88eb0: ; ImmutableOopMap {rbp=Oop [48]=Oop [64]=Oop [112]=Oop [120]=Oop }
                      ;*invokeinterface nanoTime {reexecute=0 rethrow=0 return_oop=0}
                      ; - org.gradle.internal.time.MonotonicClock::getCurrentTime@4 (line 77)
                      ; - org.gradle.internal.operations.BuildOperationProgressEventListenerAdapter::stop@64 (line 79)
                      ; - org.gradle.internal.operations.DefaultBuildOperationRunner$BuildOperationTrackingListener::stop@9 (line 249)
                      ; - org.gradle.internal.operations.DefaultBuildOperationRunner$2::execute@62 (line 74)
                      ; - org.gradle.internal.operations.DefaultBuildOperationRunner$2::execute@8 (line 60)
                      ; - org.gradle.internal.operations.DefaultBuildOperationRunner::execute@141 (line 167)
  0x0000026911e88eb0: 4cda 5afe | baf6 ffff | ff48 8b6c | 2430 4c8b | 5424 384c | 8954 2430 

  0x0000026911e88ec8: ;   {runtime_call UncommonTrapBlob}
  0x0000026911e88ec8: c5f8 77e8 

  0x0000026911e88ecc: ; ImmutableOopMap {rbp=Oop [48]=Oop [64]=Oop [112]=Oop [120]=Oop }
                      ;*invokevirtual get {reexecute=0 rethrow=0 return_oop=0}
                      ; - org.gradle.internal.time.MonotonicClock::getCurrentTime@14 (line 78)
                      ; - org.gradle.internal.operations.BuildOperationProgressEventListenerAdapter::stop@64 (line 79)
                      ; - org.gradle.internal.operations.DefaultBuildOperationRunner$BuildOperationTrackingListener::stop@9 (line 249)
                      ; - org.gradle.internal.operations.DefaultBuildOperationRunner$2::execute@62 (line 74)
                      ; - org.gradle.internal.operations.DefaultBuildOperationRunner$2::execute@8 (line 60)
                      ; - org.gradle.internal.operations.DefaultBuildOperationRunner::execute@141 (line 167)
  0x0000026911e88ecc: 30da 5afe | baf6 ffff | ff48 8b6c | 2430 4c8b | 5424 384c | 8954 2430 

  0x0000026911e88ee4: ;   {runtime_call UncommonTrapBlob}
  0x0000026911e88ee4: c5f8 77e8 

  0x0000026911e88ee8: ; ImmutableOopMap {rbp=Oop [48]=Oop [64]=Oop [112]=Oop [120]=Oop }
                      ;*invokevirtual get {reexecute=0 rethrow=0 return_oop=0}
                      ; - org.gradle.internal.time.MonotonicClock::getCurrentTime@22 (line 79)
                      ; - org.gradle.internal.operations.BuildOperationProgressEventListenerAdapter::stop@64 (line 79)
                      ; - org.gradle.internal.operations.DefaultBuildOperationRunner$BuildOperationTrackingListener::stop@9 (line 249)
                      ; - org.gradle.internal.operations.DefaultBuildOperationRunner$2::execute@62 (line 74)
                      ; - org.gradle.internal.operations.DefaultBuildOperationRunner$2::execute@8 (line 60)
                      ; - org.gradle.internal.operations.DefaultBuildOperationRunner::execute@141 (line 167)
  0x0000026911e88ee8: 14da 5afe | baf6 ffff | ff48 8b6c | 2430 4c8b | 5424 384c | 8954 2430 | 4c8b 5424 | 404c 8954 
  0x0000026911e88f08: 2438 4889 | 5c24 4890 

  0x0000026911e88f10: ;   {runtime_call UncommonTrapBlob}
  0x0000026911e88f10: c5f8 77e8 

  0x0000026911e88f14: ; ImmutableOopMap {rbp=Oop [48]=Oop [56]=Oop [72]=Oop [112]=Oop [120]=Oop }
                      ;*invokeinterface finished {reexecute=0 rethrow=0 return_oop=0}
                      ; - org.gradle.internal.operations.BuildOperationProgressEventListenerAdapter::stop@86 (line 79)
                      ; - org.gradle.internal.operations.DefaultBuildOperationRunner$BuildOperationTrackingListener::stop@9 (line 249)
                      ; - org.gradle.internal.operations.DefaultBuildOperationRunner$2::execute@62 (line 74)
                      ; - org.gradle.internal.operations.DefaultBuildOperationRunner$2::execute@8 (line 60)
                      ; - org.gradle.internal.operations.DefaultBuildOperationRunner::execute@141 (line 167)
  0x0000026911e88f14: e8d9 5afe | baf6 ffff | ff48 8b6c | 2430 4c8b | 5424 384c | 8954 2430 

  0x0000026911e88f2c: ;   {runtime_call UncommonTrapBlob}
  0x0000026911e88f2c: c5f8 77e8 

  0x0000026911e88f30: ; ImmutableOopMap {rbp=Oop [48]=Oop [64]=Oop [112]=Oop [120]=Oop }
                      ;*getfield listeners {reexecute=1 rethrow=0 return_oop=0}
                      ; - (reexecute) org.gradle.internal.operations.DefaultBuildOperationListenerManager::access$000@1 (line 28)
                      ; - org.gradle.internal.operations.DefaultBuildOperationListenerManager$1::finished@4 (line 58)
                      ; - org.gradle.internal.operations.BuildOperationProgressEventListenerAdapter::stop@86 (line 79)
                      ; - org.gradle.internal.operations.DefaultBuildOperationRunner$BuildOperationTrackingListener::stop@9 (line 249)
                      ; - org.gradle.internal.operations.DefaultBuildOperationRunner$2::execute@62 (line 74)
                      ; - org.gradle.internal.operations.DefaultBuildOperationRunner$2::execute@8 (line 60)
                      ; - org.gradle.internal.operations.DefaultBuildOperationRunner::execute@141 (line 167)
  0x0000026911e88f30: ccd9 5afe | baf6 ffff | ff48 8b6c | 2430 4c8b | 5424 384c | 8954 2430 

  0x0000026911e88f48: ;   {runtime_call UncommonTrapBlob}
  0x0000026911e88f48: c5f8 77e8 

  0x0000026911e88f4c: ; ImmutableOopMap {rbp=Oop [48]=Oop [64]=Oop [112]=Oop [120]=Oop }
                      ;*invokeinterface size {reexecute=0 rethrow=0 return_oop=0}
                      ; - org.gradle.internal.operations.DefaultBuildOperationListenerManager$1::finished@9 (line 59)
                      ; - org.gradle.internal.operations.BuildOperationProgressEventListenerAdapter::stop@86 (line 79)
                      ; - org.gradle.internal.operations.DefaultBuildOperationRunner$BuildOperationTrackingListener::stop@9 (line 249)
                      ; - org.gradle.internal.operations.DefaultBuildOperationRunner$2::execute@62 (line 74)
                      ; - org.gradle.internal.operations.DefaultBuildOperationRunner$2::execute@8 (line 60)
                      ; - org.gradle.internal.operations.DefaultBuildOperationRunner::execute@141 (line 167)
  0x0000026911e88f4c: b0d9 5afe | baf6 ffff | ff48 8b6c | 2430 4c8b | 5424 384c | 8954 2430 

  0x0000026911e88f64: ;   {runtime_call UncommonTrapBlob}
  0x0000026911e88f64: c5f8 77e8 

  0x0000026911e88f68: ; ImmutableOopMap {rbp=Oop [48]=Oop [64]=Oop [112]=Oop [120]=Oop }
                      ;*invokevirtual getLevel {reexecute=0 rethrow=0 return_oop=0}
                      ; - org.gradle.internal.logging.slf4j.OutputEventListenerBackedLogger::isLevelAtMost@5 (line 44)
                      ; - org.gradle.internal.logging.slf4j.BuildOperationAwareLogger::isDebugEnabled@4 (line 52)
                      ; - org.gradle.internal.logging.slf4j.OutputEventListenerBackedLogger::isDebugEnabled@1 (line 25)
                      ; - org.gradle.internal.logging.slf4j.BuildOperationAwareLogger::debug@1 (line 167)
                      ; - org.gradle.internal.logging.slf4j.OutputEventListenerBackedLogger::debug@3 (line 25)
                      ; - org.gradle.internal.operations.DefaultBuildOperationRunner$BuildOperationTrackingListener::stop@23 (line 250)
                      ; - org.gradle.internal.operations.DefaultBuildOperationRunner$2::execute@62 (line 74)
                      ; - org.gradle.internal.operations.DefaultBuildOperationRunner$2::execute@8 (line 60)
                      ; - org.gradle.internal.operations.DefaultBuildOperationRunner::execute@141 (line 167)
  0x0000026911e88f68: 94d9 5afe | baf6 ffff | ff48 8b6c | 2430 4c8b | 5424 384c | 8954 2430 

  0x0000026911e88f80: ;   {runtime_call UncommonTrapBlob}
  0x0000026911e88f80: c5f8 77e8 

  0x0000026911e88f84: ; ImmutableOopMap {rbp=Oop [48]=Oop [64]=Oop [112]=Oop [120]=Oop }
                      ;*invokevirtual get {reexecute=0 rethrow=0 return_oop=0}
                      ; - org.gradle.internal.logging.slf4j.OutputEventListenerBackedLoggerContext::getLevel@4 (line 96)
                      ; - org.gradle.internal.logging.slf4j.OutputEventListenerBackedLogger::isLevelAtMost@5 (line 44)
                      ; - org.gradle.internal.logging.slf4j.BuildOperationAwareLogger::isDebugEnabled@4 (line 52)
                      ; - org.gradle.internal.logging.slf4j.OutputEventListenerBackedLogger::isDebugEnabled@1 (line 25)
                      ; - org.gradle.internal.logging.slf4j.BuildOperationAwareLogger::debug@1 (line 167)
                      ; - org.gradle.internal.logging.slf4j.OutputEventListenerBackedLogger::debug@3 (line 25)
                      ; - org.gradle.internal.operations.DefaultBuildOperationRunner$BuildOperationTrackingListener::stop@23 (line 250)
                      ; - org.gradle.internal.operations.DefaultBuildOperationRunner$2::execute@62 (line 74)
                      ; - org.gradle.internal.operations.DefaultBuildOperationRunner$2::execute@8 (line 60)
                      ; - org.gradle.internal.operations.DefaultBuildOperationRunner::execute@141 (line 167)
  0x0000026911e88f84: 78d9 5afe | baf4 ffff | ff4c 8b54 | 2430 4c89 | 5424 2090 

  0x0000026911e88f98: ;   {runtime_call UncommonTrapBlob}
  0x0000026911e88f98: c5f8 77e8 

  0x0000026911e88f9c: ; ImmutableOopMap {rbp=NarrowOop [32]=Oop [56]=Oop [64]=Oop [104]=Oop [112]=Oop [120]=Oop }
                      ;*checkcast {reexecute=0 rethrow=0 return_oop=0}
                      ; - org.gradle.internal.logging.slf4j.OutputEventListenerBackedLoggerContext::getLevel@7 (line 96)
                      ; - org.gradle.internal.logging.slf4j.OutputEventListenerBackedLogger::isLevelAtMost@5 (line 44)
                      ; - org.gradle.internal.logging.slf4j.BuildOperationAwareLogger::isDebugEnabled@4 (line 52)
                      ; - org.gradle.internal.logging.slf4j.OutputEventListenerBackedLogger::isDebugEnabled@1 (line 25)
                      ; - org.gradle.internal.logging.slf4j.BuildOperationAwareLogger::debug@1 (line 167)
                      ; - org.gradle.internal.logging.slf4j.OutputEventListenerBackedLogger::debug@3 (line 25)
                      ; - org.gradle.internal.operations.DefaultBuildOperationRunner$BuildOperationTrackingListener::stop@23 (line 250)
                      ; - org.gradle.internal.operations.DefaultBuildOperationRunner$2::execute@62 (line 74)
                      ; - org.gradle.internal.operations.DefaultBuildOperationRunner$2::execute@8 (line 60)
                      ; - org.gradle.internal.operations.DefaultBuildOperationRunner::execute@141 (line 167)
  0x0000026911e88f9c: 60d9 5afe | baf6 ffff | ff48 8b6c | 2430 4c8b | 5424 384c | 8954 2430 

  0x0000026911e88fb4: ;   {runtime_call UncommonTrapBlob}
  0x0000026911e88fb4: c5f8 77e8 

  0x0000026911e88fb8: ; ImmutableOopMap {rbp=Oop [48]=Oop [64]=Oop [112]=Oop [120]=Oop }
                      ;*arraylength {reexecute=0 rethrow=0 return_oop=0}
                      ; - java.lang.ThreadLocal$ThreadLocalMap::set@6 (line 481)
                      ; - java.lang.ThreadLocal::set@17 (line 222)
                      ; - org.gradle.internal.logging.progress.DefaultProgressLoggerFactory$ProgressLoggerImpl::completed@22 (line 250)
                      ; - org.gradle.internal.operations.BuildOperationProgressEventListenerAdapter::stop@42 (line 78)
                      ; - org.gradle.internal.operations.DefaultBuildOperationRunner$BuildOperationTrackingListener::stop@9 (line 249)
                      ; - org.gradle.internal.operations.DefaultBuildOperationRunner$2::execute@62 (line 74)
                      ; - org.gradle.internal.operations.DefaultBuildOperationRunner$2::execute@8 (line 60)
                      ; - org.gradle.internal.operations.DefaultBuildOperationRunner::execute@141 (line 167)
  0x0000026911e88fb8: 44d9 5afe | baf6 ffff | ff48 8b6c | 2430 4c8b | 5424 384c | 8954 2430 

  0x0000026911e88fd0: ;   {runtime_call UncommonTrapBlob}
  0x0000026911e88fd0: c5f8 77e8 

  0x0000026911e88fd4: ; ImmutableOopMap {rbp=Oop [48]=Oop [64]=Oop [112]=Oop [120]=Oop }
                      ;*arraylength {reexecute=0 rethrow=0 return_oop=0}
                      ; - java.lang.ThreadLocal$ThreadLocalMap::cleanSomeSlots@10 (line 667)
                      ; - java.lang.ThreadLocal$ThreadLocalMap::set@113 (line 500)
                      ; - java.lang.ThreadLocal::set@17 (line 222)
                      ; - org.gradle.internal.logging.progress.DefaultProgressLoggerFactory$ProgressLoggerImpl::completed@22 (line 250)
                      ; - org.gradle.internal.operations.BuildOperationProgressEventListenerAdapter::stop@42 (line 78)
                      ; - org.gradle.internal.operations.DefaultBuildOperationRunner$BuildOperationTrackingListener::stop@9 (line 249)
                      ; - org.gradle.internal.operations.DefaultBuildOperationRunner$2::execute@62 (line 74)
                      ; - org.gradle.internal.operations.DefaultBuildOperationRunner$2::execute@8 (line 60)
                      ; - org.gradle.internal.operations.DefaultBuildOperationRunner::execute@141 (line 167)
  0x0000026911e88fd4: 28d9 5afe | 4889 8424 | 9000 0000 | eb08 4889 | 8424 9000 | 0000 498b | 8708 0100 | 004c 8bd0 
  0x0000026911e88ff4: 4983 c218 | 0f1f 8400 | 0000 0000 | 4d3b 9718 | 0100 000f | 83f8 0000 | 004d 8997 | 0801 0000 
  0x0000026911e89014: 410f 0d8a | 0001 0000 | 48c7 0001 

  0x0000026911e89020: ;   {metadata('java/lang/StringBuilder')}
  0x0000026911e89020: 0000 00c7 | 4008 f0f4 | 0000 4489 | 600c 4c89 | 6010 4c8b | d04c 8954 | 2450 498b | d266 6690 
  0x0000026911e89040: ;   {optimized virtual_call}
  0x0000026911e89040: c5f8 77e8 

  0x0000026911e89044: ; ImmutableOopMap {rbp=NarrowOop [32]=Oop [48]=Oop [56]=Oop [64]=Oop [72]=Oop [80]=Oop [96]=Oop [104]=Oop [120]=Oop [144]=Oop }
                      ;*invokespecial <init> {reexecute=0 rethrow=0 return_oop=0}
                      ; - org.slf4j.helpers.MessageFormatter::safeObjectAppend@19 (line 280)
                      ; - org.slf4j.helpers.MessageFormatter::deeplyAppendParameter@24 (line 249)
                      ; - org.slf4j.helpers.MessageFormatter::arrayFormat@221 (line 211)
                      ; - org.slf4j.helpers.MessageFormatter::arrayFormat@19 (line 161)
                      ; - org.gradle.internal.logging.slf4j.BuildOperationAwareLogger::log@3 (line 153)
                      ; - org.gradle.internal.logging.slf4j.BuildOperationAwareLogger::log@13 (line 145)
                      ; - org.gradle.internal.logging.slf4j.BuildOperationAwareLogger::debug@14 (line 168)
                      ; - org.gradle.internal.logging.slf4j.OutputEventListenerBackedLogger::debug@3 (line 25)
                      ; - org.gradle.internal.operations.DefaultBuildOperationRunner$BuildOperationTrackingListener::stop@23 (line 250)
                      ; - org.gradle.internal.operations.DefaultBuildOperationRunner$2::execute@62 (line 74)
                      ; - org.gradle.internal.operations.DefaultBuildOperationRunner$2::execute@8 (line 60)
                      ; - org.gradle.internal.operations.DefaultBuildOperationRunner::execute@141 (line 167)
  0x0000026911e89044: 3883 5afe 

  0x0000026911e89048: ;   {oop("SLF4J: Failed toString() invocation on an object of type ["{0x00000000877009c0})}
  0x0000026911e89048: 49b8 c009 | 7087 0000 | 0000 488b | 5424 5090 

  0x0000026911e89058: ;   {optimized virtual_call}
  0x0000026911e89058: c5f8 77e8 

  0x0000026911e8905c: ; ImmutableOopMap {rbp=NarrowOop [32]=Oop [48]=Oop [56]=Oop [64]=Oop [72]=Oop [96]=Oop [104]=Oop [120]=Oop [144]=Oop }
                      ;*invokevirtual append {reexecute=0 rethrow=0 return_oop=1}
                      ; - org.slf4j.helpers.MessageFormatter::safeObjectAppend@24 (line 280)
                      ; - org.slf4j.helpers.MessageFormatter::deeplyAppendParameter@24 (line 249)
                      ; - org.slf4j.helpers.MessageFormatter::arrayFormat@221 (line 211)
                      ; - org.slf4j.helpers.MessageFormatter::arrayFormat@19 (line 161)
                      ; - org.gradle.internal.logging.slf4j.BuildOperationAwareLogger::log@3 (line 153)
                      ; - org.gradle.internal.logging.slf4j.BuildOperationAwareLogger::log@13 (line 145)
                      ; - org.gradle.internal.logging.slf4j.BuildOperationAwareLogger::debug@14 (line 168)
                      ; - org.gradle.internal.logging.slf4j.OutputEventListenerBackedLogger::debug@3 (line 25)
                      ; - org.gradle.internal.operations.DefaultBuildOperationRunner$BuildOperationTrackingListener::stop@23 (line 250)
                      ; - org.gradle.internal.operations.DefaultBuildOperationRunner$2::execute@62 (line 74)
                      ; - org.gradle.internal.operations.DefaultBuildOperationRunner$2::execute@8 (line 60)
                      ; - org.gradle.internal.operations.DefaultBuildOperationRunner::execute@141 (line 167)
  0x0000026911e8905c: 2083 5afe | 4889 4424 

  0x0000026911e89064: ;   {oop(a 'java/lang/Class'{0x0000000080667568} = 'java/lang/String')}
  0x0000026911e89064: 5048 ba68 | 7566 8000 | 0000 0090 

  0x0000026911e89070: ;   {optimized virtual_call}
  0x0000026911e89070: c5f8 77e8 

  0x0000026911e89074: ; ImmutableOopMap {rbp=NarrowOop [32]=Oop [48]=Oop [56]=Oop [64]=Oop [72]=Oop [80]=Oop [96]=Oop [104]=Oop [120]=Oop [144]=Oop }
                      ;*invokevirtual getName {reexecute=0 rethrow=0 return_oop=1}
                      ; - org.slf4j.helpers.MessageFormatter::safeObjectAppend@31 (line 280)
                      ; - org.slf4j.helpers.MessageFormatter::deeplyAppendParameter@24 (line 249)
                      ; - org.slf4j.helpers.MessageFormatter::arrayFormat@221 (line 211)
                      ; - org.slf4j.helpers.MessageFormatter::arrayFormat@19 (line 161)
                      ; - org.gradle.internal.logging.slf4j.BuildOperationAwareLogger::log@3 (line 153)
                      ; - org.gradle.internal.logging.slf4j.BuildOperationAwareLogger::log@13 (line 145)
                      ; - org.gradle.internal.logging.slf4j.BuildOperationAwareLogger::debug@14 (line 168)
                      ; - org.gradle.internal.logging.slf4j.OutputEventListenerBackedLogger::debug@3 (line 25)
                      ; - org.gradle.internal.operations.DefaultBuildOperationRunner$BuildOperationTrackingListener::stop@23 (line 250)
                      ; - org.gradle.internal.operations.DefaultBuildOperationRunner$2::execute@62 (line 74)
                      ; - org.gradle.internal.operations.DefaultBuildOperationRunner$2::execute@8 (line 60)
                      ; - org.gradle.internal.operations.DefaultBuildOperationRunner::execute@141 (line 167)
  0x0000026911e89074: 0883 5afe | 4c8b 5424 | 5066 6690 | 4d85 d20f | 8494 0000 | 0049 8bd2 | 4c8b c090 

  0x0000026911e89090: ;   {optimized virtual_call}
  0x0000026911e89090: c5f8 77e8 

  0x0000026911e89094: ; ImmutableOopMap {rbp=NarrowOop [32]=Oop [48]=Oop [56]=Oop [64]=Oop [72]=Oop [96]=Oop [104]=Oop [120]=Oop [144]=Oop }
                      ;*invokevirtual append {reexecute=0 rethrow=0 return_oop=1}
                      ; - org.slf4j.helpers.MessageFormatter::safeObjectAppend@34 (line 280)
                      ; - org.slf4j.helpers.MessageFormatter::deeplyAppendParameter@24 (line 249)
                      ; - org.slf4j.helpers.MessageFormatter::arrayFormat@221 (line 211)
                      ; - org.slf4j.helpers.MessageFormatter::arrayFormat@19 (line 161)
                      ; - org.gradle.internal.logging.slf4j.BuildOperationAwareLogger::log@3 (line 153)
                      ; - org.gradle.internal.logging.slf4j.BuildOperationAwareLogger::log@13 (line 145)
                      ; - org.gradle.internal.logging.slf4j.BuildOperationAwareLogger::debug@14 (line 168)
                      ; - org.gradle.internal.logging.slf4j.OutputEventListenerBackedLogger::debug@3 (line 25)
                      ; - org.gradle.internal.operations.DefaultBuildOperationRunner$BuildOperationTrackingListener::stop@23 (line 250)
                      ; - org.gradle.internal.operations.DefaultBuildOperationRunner$2::execute@62 (line 74)
                      ; - org.gradle.internal.operations.DefaultBuildOperationRunner$2::execute@8 (line 60)
                      ; - org.gradle.internal.operations.DefaultBuildOperationRunner::execute@141 (line 167)
  0x0000026911e89094: e882 5afe | 4885 c00f | 1f44 0000 | 0f84 aa00 

  0x0000026911e890a4: ;   {oop("]"{0x0000000080f8cf48})}
  0x0000026911e890a4: 0000 49b8 | 48cf f880 | 0000 0000 | 488b d090 

  0x0000026911e890b4: ;   {optimized virtual_call}
  0x0000026911e890b4: c5f8 77e8 

  0x0000026911e890b8: ; ImmutableOopMap {rbp=NarrowOop [32]=Oop [48]=Oop [56]=Oop [64]=Oop [72]=Oop [96]=Oop [104]=Oop [120]=Oop [144]=Oop }
                      ;*invokevirtual append {reexecute=0 rethrow=0 return_oop=1}
                      ; - org.slf4j.helpers.MessageFormatter::safeObjectAppend@39 (line 280)
                      ; - org.slf4j.helpers.MessageFormatter::deeplyAppendParameter@24 (line 249)
                      ; - org.slf4j.helpers.MessageFormatter::arrayFormat@221 (line 211)
                      ; - org.slf4j.helpers.MessageFormatter::arrayFormat@19 (line 161)
                      ; - org.gradle.internal.logging.slf4j.BuildOperationAwareLogger::log@3 (line 153)
                      ; - org.gradle.internal.logging.slf4j.BuildOperationAwareLogger::log@13 (line 145)
                      ; - org.gradle.internal.logging.slf4j.BuildOperationAwareLogger::debug@14 (line 168)
                      ; - org.gradle.internal.logging.slf4j.OutputEventListenerBackedLogger::debug@3 (line 25)
                      ; - org.gradle.internal.operations.DefaultBuildOperationRunner$BuildOperationTrackingListener::stop@23 (line 250)
                      ; - org.gradle.internal.operations.DefaultBuildOperationRunner$2::execute@62 (line 74)
                      ; - org.gradle.internal.operations.DefaultBuildOperationRunner$2::execute@8 (line 60)
                      ; - org.gradle.internal.operations.DefaultBuildOperationRunner::execute@141 (line 167)
  0x0000026911e890b8: c482 5afe | 0f1f 4000 | 4885 c00f | 84ab 0000 | 0048 8bd0 

  0x0000026911e890cc: ;   {optimized virtual_call}
  0x0000026911e890cc: c5f8 77e8 

  0x0000026911e890d0: ; ImmutableOopMap {rbp=NarrowOop [32]=Oop [48]=Oop [56]=Oop [64]=Oop [72]=Oop [96]=Oop [104]=Oop [120]=Oop [144]=Oop }
                      ;*invokevirtual toString {reexecute=0 rethrow=0 return_oop=1}
                      ; - org.slf4j.helpers.MessageFormatter::safeObjectAppend@42 (line 280)
                      ; - org.slf4j.helpers.MessageFormatter::deeplyAppendParameter@24 (line 249)
                      ; - org.slf4j.helpers.MessageFormatter::arrayFormat@221 (line 211)
                      ; - org.slf4j.helpers.MessageFormatter::arrayFormat@19 (line 161)
                      ; - org.gradle.internal.logging.slf4j.BuildOperationAwareLogger::log@3 (line 153)
                      ; - org.gradle.internal.logging.slf4j.BuildOperationAwareLogger::log@13 (line 145)
                      ; - org.gradle.internal.logging.slf4j.BuildOperationAwareLogger::debug@14 (line 168)
                      ; - org.gradle.internal.logging.slf4j.OutputEventListenerBackedLogger::debug@3 (line 25)
                      ; - org.gradle.internal.operations.DefaultBuildOperationRunner$BuildOperationTrackingListener::stop@23 (line 250)
                      ; - org.gradle.internal.operations.DefaultBuildOperationRunner$2::execute@62 (line 74)
                      ; - org.gradle.internal.operations.DefaultBuildOperationRunner$2::execute@8 (line 60)
                      ; - org.gradle.internal.operations.DefaultBuildOperationRunner::execute@141 (line 167)
  0x0000026911e890d0: ac82 5afe | 488b d04c | 8b84 2490 | 0000 0090 

  0x0000026911e890e0: ;   {static_call}
  0x0000026911e890e0: c5f8 77e8 

  0x0000026911e890e4: ; ImmutableOopMap {rbp=NarrowOop [32]=Oop [48]=Oop [56]=Oop [64]=Oop [72]=Oop [96]=Oop [104]=Oop [120]=Oop }
                      ;*invokestatic report {reexecute=0 rethrow=0 return_oop=0}
                      ; - org.slf4j.helpers.MessageFormatter::safeObjectAppend@46 (line 280)
                      ; - org.slf4j.helpers.MessageFormatter::deeplyAppendParameter@24 (line 249)
                      ; - org.slf4j.helpers.MessageFormatter::arrayFormat@221 (line 211)
                      ; - org.slf4j.helpers.MessageFormatter::arrayFormat@19 (line 161)
                      ; - org.gradle.internal.logging.slf4j.BuildOperationAwareLogger::log@3 (line 153)
                      ; - org.gradle.internal.logging.slf4j.BuildOperationAwareLogger::log@13 (line 145)
                      ; - org.gradle.internal.logging.slf4j.BuildOperationAwareLogger::debug@14 (line 168)
                      ; - org.gradle.internal.logging.slf4j.OutputEventListenerBackedLogger::debug@3 (line 25)
                      ; - org.gradle.internal.operations.DefaultBuildOperationRunner$BuildOperationTrackingListener::stop@23 (line 250)
                      ; - org.gradle.internal.operations.DefaultBuildOperationRunner$2::execute@62 (line 74)
                      ; - org.gradle.internal.operations.DefaultBuildOperationRunner$2::execute@8 (line 60)
                      ; - org.gradle.internal.operations.DefaultBuildOperationRunner::execute@141 (line 167)
  0x0000026911e890e4: 9888 5afe 

  0x0000026911e890e8: ;   {oop("[FAILED toString()]"{0x00000000877009d8})}
  0x0000026911e890e8: 49b8 d809 | 7087 0000 | 0000 488b | 5424 6090 

  0x0000026911e890f8: ;   {optimized virtual_call}
  0x0000026911e890f8: c5f8 77e8 

  0x0000026911e890fc: ; ImmutableOopMap {rbp=NarrowOop [32]=Oop [48]=Oop [56]=Oop [64]=Oop [72]=Oop [96]=Oop [104]=Oop [120]=Oop }
                      ;*invokevirtual append {reexecute=0 rethrow=0 return_oop=1}
                      ; - org.slf4j.helpers.MessageFormatter::safeObjectAppend@52 (line 281)
                      ; - org.slf4j.helpers.MessageFormatter::deeplyAppendParameter@24 (line 249)
                      ; - org.slf4j.helpers.MessageFormatter::arrayFormat@221 (line 211)
                      ; - org.slf4j.helpers.MessageFormatter::arrayFormat@19 (line 161)
                      ; - org.gradle.internal.logging.slf4j.BuildOperationAwareLogger::log@3 (line 153)
                      ; - org.gradle.internal.logging.slf4j.BuildOperationAwareLogger::log@13 (line 145)
                      ; - org.gradle.internal.logging.slf4j.BuildOperationAwareLogger::debug@14 (line 168)
                      ; - org.gradle.internal.logging.slf4j.OutputEventListenerBackedLogger::debug@3 (line 25)
                      ; - org.gradle.internal.operations.DefaultBuildOperationRunner$BuildOperationTrackingListener::stop@23 (line 250)
                      ; - org.gradle.internal.operations.DefaultBuildOperationRunner$2::execute@62 (line 74)
                      ; - org.gradle.internal.operations.DefaultBuildOperationRunner$2::execute@8 (line 60)
                      ; - org.gradle.internal.operations.DefaultBuildOperationRunner::execute@141 (line 167)
  0x0000026911e890fc: 8082 5afe | e933 afff 

  0x0000026911e89104: ;   {metadata('java/lang/StringBuilder')}
  0x0000026911e89104: ff48 baf0 | f400 1f69 | 0200 0090 

  0x0000026911e89110: ;   {runtime_call _new_instance_Java}
  0x0000026911e89110: c5f8 77e8 

  0x0000026911e89114: ; ImmutableOopMap {rbp=NarrowOop [32]=Oop [48]=Oop [56]=Oop [64]=Oop [72]=Oop [96]=Oop [104]=Oop [120]=Oop [144]=Oop }
                      ;*new {reexecute=0 rethrow=0 return_oop=1}
                      ; - org.slf4j.helpers.MessageFormatter::safeObjectAppend@15 (line 280)
                      ; - org.slf4j.helpers.MessageFormatter::deeplyAppendParameter@24 (line 249)
                      ; - org.slf4j.helpers.MessageFormatter::arrayFormat@221 (line 211)
                      ; - org.slf4j.helpers.MessageFormatter::arrayFormat@19 (line 161)
                      ; - org.gradle.internal.logging.slf4j.BuildOperationAwareLogger::log@3 (line 153)
                      ; - org.gradle.internal.logging.slf4j.BuildOperationAwareLogger::log@13 (line 145)
                      ; - org.gradle.internal.logging.slf4j.BuildOperationAwareLogger::debug@14 (line 168)
                      ; - org.gradle.internal.logging.slf4j.OutputEventListenerBackedLogger::debug@3 (line 25)
                      ; - org.gradle.internal.operations.DefaultBuildOperationRunner$BuildOperationTrackingListener::stop@23 (line 250)
                      ; - org.gradle.internal.operations.DefaultBuildOperationRunner$2::execute@62 (line 74)
                      ; - org.gradle.internal.operations.DefaultBuildOperationRunner$2::execute@8 (line 60)
                      ; - org.gradle.internal.operations.DefaultBuildOperationRunner::execute@141 (line 167)
  0x0000026911e89114: e85d 65fe | e915 ffff | ffba f6ff | ffff 4c8b | 5424 304c | 8954 2420 | 4c8b 5424 | 784c 8954 
  0x0000026911e89134: 2430 4c8b | 5424 684c | 8954 2450 | 4889 4424 | 7866 6690 

  0x0000026911e89148: ;   {runtime_call UncommonTrapBlob}
  0x0000026911e89148: c5f8 77e8 

  0x0000026911e8914c: ; ImmutableOopMap {rbp=NarrowOop [32]=Oop [48]=Oop [56]=Oop [64]=Oop [72]=Oop [80]=Oop [96]=Oop [120]=Oop [144]=Oop }
                      ;*invokevirtual append {reexecute=0 rethrow=0 return_oop=0}
                      ; - org.slf4j.helpers.MessageFormatter::safeObjectAppend@34 (line 280)
                      ; - org.slf4j.helpers.MessageFormatter::deeplyAppendParameter@24 (line 249)
                      ; - org.slf4j.helpers.MessageFormatter::arrayFormat@221 (line 211)
                      ; - org.slf4j.helpers.MessageFormatter::arrayFormat@19 (line 161)
                      ; - org.gradle.internal.logging.slf4j.BuildOperationAwareLogger::log@3 (line 153)
                      ; - org.gradle.internal.logging.slf4j.BuildOperationAwareLogger::log@13 (line 145)
                      ; - org.gradle.internal.logging.slf4j.BuildOperationAwareLogger::debug@14 (line 168)
                      ; - org.gradle.internal.logging.slf4j.OutputEventListenerBackedLogger::debug@3 (line 25)
                      ; - org.gradle.internal.operations.DefaultBuildOperationRunner$BuildOperationTrackingListener::stop@23 (line 250)
                      ; - org.gradle.internal.operations.DefaultBuildOperationRunner$2::execute@62 (line 74)
                      ; - org.gradle.internal.operations.DefaultBuildOperationRunner$2::execute@8 (line 60)
                      ; - org.gradle.internal.operations.DefaultBuildOperationRunner::execute@141 (line 167)
  0x0000026911e8914c: b0d7 5afe | baf6 ffff | ff4c 8b54 | 2430 4c89 | 5424 204c | 8b54 2468 | 4c89 5424 | 5066 6690 
  0x0000026911e8916c: ;   {runtime_call UncommonTrapBlob}
  0x0000026911e8916c: c5f8 77e8 

  0x0000026911e89170: ; ImmutableOopMap {rbp=NarrowOop [32]=Oop [56]=Oop [64]=Oop [72]=Oop [80]=Oop [96]=Oop [120]=Oop [144]=Oop }
                      ;*invokevirtual append {reexecute=0 rethrow=0 return_oop=0}
                      ; - org.slf4j.helpers.MessageFormatter::safeObjectAppend@39 (line 280)
                      ; - org.slf4j.helpers.MessageFormatter::deeplyAppendParameter@24 (line 249)
                      ; - org.slf4j.helpers.MessageFormatter::arrayFormat@221 (line 211)
                      ; - org.slf4j.helpers.MessageFormatter::arrayFormat@19 (line 161)
                      ; - org.gradle.internal.logging.slf4j.BuildOperationAwareLogger::log@3 (line 153)
                      ; - org.gradle.internal.logging.slf4j.BuildOperationAwareLogger::log@13 (line 145)
                      ; - org.gradle.internal.logging.slf4j.BuildOperationAwareLogger::debug@14 (line 168)
                      ; - org.gradle.internal.logging.slf4j.OutputEventListenerBackedLogger::debug@3 (line 25)
                      ; - org.gradle.internal.operations.DefaultBuildOperationRunner$BuildOperationTrackingListener::stop@23 (line 250)
                      ; - org.gradle.internal.operations.DefaultBuildOperationRunner$2::execute@62 (line 74)
                      ; - org.gradle.internal.operations.DefaultBuildOperationRunner$2::execute@8 (line 60)
                      ; - org.gradle.internal.operations.DefaultBuildOperationRunner::execute@141 (line 167)
  0x0000026911e89170: 8cd7 5afe | baf6 ffff | ff4c 8b54 | 2430 4c89 | 5424 204c | 8b54 2468 | 4c89 5424 | 5066 6690 
  0x0000026911e89190: ;   {runtime_call UncommonTrapBlob}
  0x0000026911e89190: c5f8 77e8 

  0x0000026911e89194: ; ImmutableOopMap {rbp=NarrowOop [32]=Oop [56]=Oop [64]=Oop [72]=Oop [80]=Oop [96]=Oop [120]=Oop [144]=Oop }
                      ;*invokevirtual toString {reexecute=0 rethrow=0 return_oop=0}
                      ; - org.slf4j.helpers.MessageFormatter::safeObjectAppend@42 (line 280)
                      ; - org.slf4j.helpers.MessageFormatter::deeplyAppendParameter@24 (line 249)
                      ; - org.slf4j.helpers.MessageFormatter::arrayFormat@221 (line 211)
                      ; - org.slf4j.helpers.MessageFormatter::arrayFormat@19 (line 161)
                      ; - org.gradle.internal.logging.slf4j.BuildOperationAwareLogger::log@3 (line 153)
                      ; - org.gradle.internal.logging.slf4j.BuildOperationAwareLogger::log@13 (line 145)
                      ; - org.gradle.internal.logging.slf4j.BuildOperationAwareLogger::debug@14 (line 168)
                      ; - org.gradle.internal.logging.slf4j.OutputEventListenerBackedLogger::debug@3 (line 25)
                      ; - org.gradle.internal.operations.DefaultBuildOperationRunner$BuildOperationTrackingListener::stop@23 (line 250)
                      ; - org.gradle.internal.operations.DefaultBuildOperationRunner$2::execute@62 (line 74)
                      ; - org.gradle.internal.operations.DefaultBuildOperationRunner$2::execute@8 (line 60)
                      ; - org.gradle.internal.operations.DefaultBuildOperationRunner::execute@141 (line 167)
  0x0000026911e89194: 68d7 5afe 

  0x0000026911e89198: ;   {oop(a 'java/lang/Class'{0x00000000806678d0} = 'java/lang/System')}
  0x0000026911e89198: 49bb d078 | 6680 0000 | 0000 458b | 4374 488b | d090 c5f8 | 7748 b8ff | ffff ffff 

  0x0000026911e891b4: ;   {virtual_call}
  0x0000026911e891b4: ffff ffe8 

  0x0000026911e891b8: ; ImmutableOopMap {rbp=Oop [48]=Oop [56]=Oop [64]=Oop [72]=Oop [104]=Oop [120]=Oop }
                      ;*invokevirtual printStackTrace {reexecute=0 rethrow=0 return_oop=0}
                      ; - org.gradle.internal.logging.slf4j.OutputEventListenerBackedLogger::log@55 (line 55)
                      ; - org.gradle.internal.logging.slf4j.BuildOperationAwareLogger::log@10 (line 141)
                      ; - org.gradle.internal.logging.slf4j.BuildOperationAwareLogger::log@32 (line 155)
                      ; - org.gradle.internal.logging.slf4j.BuildOperationAwareLogger::log@13 (line 145)
                      ; - org.gradle.internal.logging.slf4j.BuildOperationAwareLogger::debug@14 (line 168)
                      ; - org.gradle.internal.logging.slf4j.OutputEventListenerBackedLogger::debug@3 (line 25)
                      ; - org.gradle.internal.operations.DefaultBuildOperationRunner$BuildOperationTrackingListener::stop@23 (line 250)
                      ; - org.gradle.internal.operations.DefaultBuildOperationRunner$2::execute@62 (line 74)
                      ; - org.gradle.internal.operations.DefaultBuildOperationRunner$2::execute@8 (line 60)
                      ; - org.gradle.internal.operations.DefaultBuildOperationRunner::execute@141 (line 167)
  0x0000026911e891b8: c484 5afe | 0f1f 4000 | e99b b2ff | ffba f6ff | ffff 488b | 6c24 304c | 8b54 2438 | 4c89 5424 
  0x0000026911e891d8: 3066 6690 

  0x0000026911e891dc: ;   {runtime_call UncommonTrapBlob}
  0x0000026911e891dc: c5f8 77e8 

  0x0000026911e891e0: ; ImmutableOopMap {rbp=Oop [48]=Oop [64]=Oop [72]=Oop [120]=Oop }
                      ;*invokevirtual get {reexecute=0 rethrow=0 return_oop=0}
                      ; - org.gradle.internal.operations.CurrentBuildOperationRef::get@4 (line 37)
                      ; - org.gradle.internal.operations.CurrentBuildOperationRef::getId@1 (line 42)
                      ; - org.gradle.internal.logging.slf4j.BuildOperationAwareLogger::log@7 (line 141)
                      ; - org.gradle.internal.logging.slf4j.BuildOperationAwareLogger::log@32 (line 155)
                      ; - org.gradle.internal.logging.slf4j.BuildOperationAwareLogger::log@13 (line 145)
                      ; - org.gradle.internal.logging.slf4j.BuildOperationAwareLogger::debug@14 (line 168)
                      ; - org.gradle.internal.logging.slf4j.OutputEventListenerBackedLogger::debug@3 (line 25)
                      ; - org.gradle.internal.operations.DefaultBuildOperationRunner$BuildOperationTrackingListener::stop@23 (line 250)
                      ; - org.gradle.internal.operations.DefaultBuildOperationRunner$2::execute@62 (line 74)
                      ; - org.gradle.internal.operations.DefaultBuildOperationRunner$2::execute@8 (line 60)
                      ; - org.gradle.internal.operations.DefaultBuildOperationRunner::execute@141 (line 167)
  0x0000026911e891e0: 1cd7 5afe | baf6 ffff | ff48 8b6c | 2430 4c8b | 5c24 384c | 895c 2430 | 4c8b 5c24 | 404c 895c 
  0x0000026911e89200: 2438 4c8b | 5c24 484c | 895c 2440 | 4c8b 5c24 | 684c 895c | 2448 4c89 | 5424 584c | 8944 2468 
  0x0000026911e89220: ;   {runtime_call UncommonTrapBlob}
  0x0000026911e89220: c5f8 77e8 

  0x0000026911e89224: ; ImmutableOopMap {rbp=Oop [48]=Oop [56]=Oop [64]=Oop [72]=Oop [88]=Oop [104]=Oop [120]=Oop [168]=Oop }
                      ;*invokeinterface getCurrentTime {reexecute=0 rethrow=0 return_oop=0}
                      ; - org.gradle.internal.logging.slf4j.OutputEventListenerBackedLogger::log@8 (line 49)
                      ; - org.gradle.internal.logging.slf4j.BuildOperationAwareLogger::log@10 (line 141)
                      ; - org.gradle.internal.logging.slf4j.BuildOperationAwareLogger::log@32 (line 155)
                      ; - org.gradle.internal.logging.slf4j.BuildOperationAwareLogger::log@13 (line 145)
                      ; - org.gradle.internal.logging.slf4j.BuildOperationAwareLogger::debug@14 (line 168)
                      ; - org.gradle.internal.logging.slf4j.OutputEventListenerBackedLogger::debug@3 (line 25)
                      ; - org.gradle.internal.operations.DefaultBuildOperationRunner$BuildOperationTrackingListener::stop@23 (line 250)
                      ; - org.gradle.internal.operations.DefaultBuildOperationRunner$2::execute@62 (line 74)
                      ; - org.gradle.internal.operations.DefaultBuildOperationRunner$2::execute@8 (line 60)
                      ; - org.gradle.internal.operations.DefaultBuildOperationRunner::execute@141 (line 167)
  0x0000026911e89224: d8d6 5afe | baf6 ffff | ff48 8b6c | 2430 4c8b | 5c24 384c | 895c 2430 | 4c8b 5c24 | 404c 895c 
  0x0000026911e89244: 2438 4c8b | 5c24 484c | 895c 2440 | 4c8b 5c24 | 684c 895c | 2448 4c89 | 5424 584c | 8944 2468 
  0x0000026911e89264: ;   {runtime_call UncommonTrapBlob}
  0x0000026911e89264: c5f8 77e8 

  0x0000026911e89268: ; ImmutableOopMap {rbp=Oop [48]=Oop [56]=Oop [64]=Oop [72]=Oop [88]=Oop [104]=Oop [120]=Oop [168]=Oop }
                      ;*invokeinterface nanoTime {reexecute=0 rethrow=0 return_oop=0}
                      ; - org.gradle.internal.time.MonotonicClock::getCurrentTime@4 (line 77)
                      ; - org.gradle.internal.logging.slf4j.OutputEventListenerBackedLogger::log@8 (line 49)
                      ; - org.gradle.internal.logging.slf4j.BuildOperationAwareLogger::log@10 (line 141)
                      ; - org.gradle.internal.logging.slf4j.BuildOperationAwareLogger::log@32 (line 155)
                      ; - org.gradle.internal.logging.slf4j.BuildOperationAwareLogger::log@13 (line 145)
                      ; - org.gradle.internal.logging.slf4j.BuildOperationAwareLogger::debug@14 (line 168)
                      ; - org.gradle.internal.logging.slf4j.OutputEventListenerBackedLogger::debug@3 (line 25)
                      ; - org.gradle.internal.operations.DefaultBuildOperationRunner$BuildOperationTrackingListener::stop@23 (line 250)
                      ; - org.gradle.internal.operations.DefaultBuildOperationRunner$2::execute@62 (line 74)
                      ; - org.gradle.internal.operations.DefaultBuildOperationRunner$2::execute@8 (line 60)
                      ; - org.gradle.internal.operations.DefaultBuildOperationRunner::execute@141 (line 167)
  0x0000026911e89268: 94d6 5afe | baf6 ffff | ff48 8b6c | 2430 4c8b | 5424 384c | 8954 2430 | 4c8b 5424 | 404c 8954 
  0x0000026911e89288: 2438 4c8b | 5424 484c | 8954 2440 | 4c8b 5424 | 684c 8954 | 2448 4889 | 7c24 584c | 896c 2468 
  0x0000026911e892a8: ;   {runtime_call UncommonTrapBlob}
  0x0000026911e892a8: c5f8 77e8 

  0x0000026911e892ac: ; ImmutableOopMap {rbp=Oop [48]=Oop [56]=Oop [64]=Oop [72]=Oop [88]=Oop [104]=Oop [120]=Oop [168]=Oop }
                      ;*invokevirtual get {reexecute=0 rethrow=0 return_oop=0}
                      ; - org.gradle.internal.time.MonotonicClock::getCurrentTime@14 (line 78)
                      ; - org.gradle.internal.logging.slf4j.OutputEventListenerBackedLogger::log@8 (line 49)
                      ; - org.gradle.internal.logging.slf4j.BuildOperationAwareLogger::log@10 (line 141)
                      ; - org.gradle.internal.logging.slf4j.BuildOperationAwareLogger::log@32 (line 155)
                      ; - org.gradle.internal.logging.slf4j.BuildOperationAwareLogger::log@13 (line 145)
                      ; - org.gradle.internal.logging.slf4j.BuildOperationAwareLogger::debug@14 (line 168)
                      ; - org.gradle.internal.logging.slf4j.OutputEventListenerBackedLogger::debug@3 (line 25)
                      ; - org.gradle.internal.operations.DefaultBuildOperationRunner$BuildOperationTrackingListener::stop@23 (line 250)
                      ; - org.gradle.internal.operations.DefaultBuildOperationRunner$2::execute@62 (line 74)
                      ; - org.gradle.internal.operations.DefaultBuildOperationRunner$2::execute@8 (line 60)
                      ; - org.gradle.internal.operations.DefaultBuildOperationRunner::execute@141 (line 167)
  0x0000026911e892ac: 50d6 5afe | baf6 ffff | ff48 8b6c | 2430 4c8b | 5424 384c | 8954 2430 | 4c8b 5424 | 404c 8954 
  0x0000026911e892cc: 2438 4c8b | 5424 484c | 8954 2440 | 4c8b 5424 | 684c 8954 | 2448 4889 | 7c24 584c | 896c 2468 
  0x0000026911e892ec: ;   {runtime_call UncommonTrapBlob}
  0x0000026911e892ec: c5f8 77e8 

  0x0000026911e892f0: ; ImmutableOopMap {rbp=Oop [48]=Oop [56]=Oop [64]=Oop [72]=Oop [88]=Oop [104]=Oop [120]=Oop [168]=Oop }
                      ;*invokevirtual get {reexecute=0 rethrow=0 return_oop=0}
                      ; - org.gradle.internal.time.MonotonicClock::getCurrentTime@22 (line 79)
                      ; - org.gradle.internal.logging.slf4j.OutputEventListenerBackedLogger::log@8 (line 49)
                      ; - org.gradle.internal.logging.slf4j.BuildOperationAwareLogger::log@10 (line 141)
                      ; - org.gradle.internal.logging.slf4j.BuildOperationAwareLogger::log@32 (line 155)
                      ; - org.gradle.internal.logging.slf4j.BuildOperationAwareLogger::log@13 (line 145)
                      ; - org.gradle.internal.logging.slf4j.BuildOperationAwareLogger::debug@14 (line 168)
                      ; - org.gradle.internal.logging.slf4j.OutputEventListenerBackedLogger::debug@3 (line 25)
                      ; - org.gradle.internal.operations.DefaultBuildOperationRunner$BuildOperationTrackingListener::stop@23 (line 250)
                      ; - org.gradle.internal.operations.DefaultBuildOperationRunner$2::execute@62 (line 74)
                      ; - org.gradle.internal.operations.DefaultBuildOperationRunner$2::execute@8 (line 60)
                      ; - org.gradle.internal.operations.DefaultBuildOperationRunner::execute@141 (line 167)
  0x0000026911e892f0: 0cd6 5afe | baf6 ffff | ff48 8b6c | 2430 4c8b | 5424 384c | 8954 2430 | 4c8b 5424 | 404c 8954 
  0x0000026911e89310: 2438 4c8b | 5424 484c | 8954 2440 | 4889 5c24 | 5066 6690 

  0x0000026911e89324: ;   {runtime_call UncommonTrapBlob}
  0x0000026911e89324: c5f8 77e8 

  0x0000026911e89328: ; ImmutableOopMap {rbp=Oop [48]=Oop [56]=Oop [64]=Oop [80]=Oop [104]=Oop [120]=Oop }
                      ;*invokevirtual getOutputEventListener {reexecute=0 rethrow=0 return_oop=0}
                      ; - org.gradle.internal.logging.slf4j.OutputEventListenerBackedLogger::log@31 (line 50)
                      ; - org.gradle.internal.logging.slf4j.BuildOperationAwareLogger::log@10 (line 141)
                      ; - org.gradle.internal.logging.slf4j.BuildOperationAwareLogger::log@32 (line 155)
                      ; - org.gradle.internal.logging.slf4j.BuildOperationAwareLogger::log@13 (line 145)
                      ; - org.gradle.internal.logging.slf4j.BuildOperationAwareLogger::debug@14 (line 168)
                      ; - org.gradle.internal.logging.slf4j.OutputEventListenerBackedLogger::debug@3 (line 25)
                      ; - org.gradle.internal.operations.DefaultBuildOperationRunner$BuildOperationTrackingListener::stop@23 (line 250)
                      ; - org.gradle.internal.operations.DefaultBuildOperationRunner$2::execute@62 (line 74)
                      ; - org.gradle.internal.operations.DefaultBuildOperationRunner$2::execute@8 (line 60)
                      ; - org.gradle.internal.operations.DefaultBuildOperationRunner::execute@141 (line 167)
  0x0000026911e89328: d4d5 5afe | baf6 ffff | ff48 8b6c | 2430 4c8b | 5424 384c | 8954 2430 | 4c8b 5424 | 404c 8954 
  0x0000026911e89348: 2438 4c8b | 5424 484c | 8954 2440 | 4889 5c24 | 5066 6690 

  0x0000026911e8935c: ;   {runtime_call UncommonTrapBlob}
  0x0000026911e8935c: c5f8 77e8 

  0x0000026911e89360: ; ImmutableOopMap {rbp=Oop [48]=Oop [56]=Oop [64]=Oop [80]=Oop [104]=Oop [120]=Oop }
                      ;*invokevirtual get {reexecute=0 rethrow=0 return_oop=0}
                      ; - org.gradle.internal.logging.slf4j.OutputEventListenerBackedLoggerContext::getOutputEventListener@4 (line 72)
                      ; - org.gradle.internal.logging.slf4j.OutputEventListenerBackedLogger::log@31 (line 50)
                      ; - org.gradle.internal.logging.slf4j.BuildOperationAwareLogger::log@10 (line 141)
                      ; - org.gradle.internal.logging.slf4j.BuildOperationAwareLogger::log@32 (line 155)
                      ; - org.gradle.internal.logging.slf4j.BuildOperationAwareLogger::log@13 (line 145)
                      ; - org.gradle.internal.logging.slf4j.BuildOperationAwareLogger::debug@14 (line 168)
                      ; - org.gradle.internal.logging.slf4j.OutputEventListenerBackedLogger::debug@3 (line 25)
                      ; - org.gradle.internal.operations.DefaultBuildOperationRunner$BuildOperationTrackingListener::stop@23 (line 250)
                      ; - org.gradle.internal.operations.DefaultBuildOperationRunner$2::execute@62 (line 74)
                      ; - org.gradle.internal.operations.DefaultBuildOperationRunner$2::execute@8 (line 60)
                      ; - org.gradle.internal.operations.DefaultBuildOperationRunner::execute@141 (line 167)
  0x0000026911e89360: 9cd5 5afe | baf4 ffff | ff48 8b6c | 2430 4c8b | 5424 384c | 8954 2430 | 4c8b 5424 | 404c 8954 
  0x0000026911e89380: 2438 4c8b | 5424 484c | 8954 2440 | 4889 5c24 | 5066 6690 

  0x0000026911e89394: ;   {runtime_call UncommonTrapBlob}
  0x0000026911e89394: c5f8 77e8 

  0x0000026911e89398: ; ImmutableOopMap {rbp=Oop [48]=Oop [56]=Oop [64]=Oop [80]=Oop [104]=Oop [120]=Oop }
                      ;*checkcast {reexecute=0 rethrow=0 return_oop=0}
                      ; - org.gradle.internal.logging.slf4j.OutputEventListenerBackedLoggerContext::getOutputEventListener@7 (line 72)
                      ; - org.gradle.internal.logging.slf4j.OutputEventListenerBackedLogger::log@31 (line 50)
                      ; - org.gradle.internal.logging.slf4j.BuildOperationAwareLogger::log@10 (line 141)
                      ; - org.gradle.internal.logging.slf4j.BuildOperationAwareLogger::log@32 (line 155)
                      ; - org.gradle.internal.logging.slf4j.BuildOperationAwareLogger::log@13 (line 145)
                      ; - org.gradle.internal.logging.slf4j.BuildOperationAwareLogger::debug@14 (line 168)
                      ; - org.gradle.internal.logging.slf4j.OutputEventListenerBackedLogger::debug@3 (line 25)
                      ; - org.gradle.internal.operations.DefaultBuildOperationRunner$BuildOperationTrackingListener::stop@23 (line 250)
                      ; - org.gradle.internal.operations.DefaultBuildOperationRunner$2::execute@62 (line 74)
                      ; - org.gradle.internal.operations.DefaultBuildOperationRunner$2::execute@8 (line 60)
                      ; - org.gradle.internal.operations.DefaultBuildOperationRunner::execute@141 (line 167)
  0x0000026911e89398: 64d5 5afe | baf6 ffff | ff48 8b6c | 2430 4c8b | 5424 384c | 8954 2430 

  0x0000026911e893b0: ;   {runtime_call UncommonTrapBlob}
  0x0000026911e893b0: c5f8 77e8 

  0x0000026911e893b4: ; ImmutableOopMap {rbp=Oop [48]=Oop [64]=Oop [72]=Oop [120]=Oop }
                      ;*arraylength {reexecute=0 rethrow=0 return_oop=0}
                      ; - java.lang.ThreadLocal$ThreadLocalMap::getEntry@8 (line 434)
                      ; - java.lang.ThreadLocal::get@16 (line 165)
                      ; - org.gradle.internal.operations.CurrentBuildOperationRef::get@4 (line 37)
                      ; - org.gradle.internal.operations.CurrentBuildOperationRef::getId@1 (line 42)
                      ; - org.gradle.internal.logging.slf4j.BuildOperationAwareLogger::log@7 (line 141)
                      ; - org.gradle.internal.logging.slf4j.BuildOperationAwareLogger::log@32 (line 155)
                      ; - org.gradle.internal.logging.slf4j.BuildOperationAwareLogger::log@13 (line 145)
                      ; - org.gradle.internal.logging.slf4j.BuildOperationAwareLogger::debug@14 (line 168)
                      ; - org.gradle.internal.logging.slf4j.OutputEventListenerBackedLogger::debug@3 (line 25)
                      ; - org.gradle.internal.operations.DefaultBuildOperationRunner$BuildOperationTrackingListener::stop@23 (line 250)
                      ; - org.gradle.internal.operations.DefaultBuildOperationRunner$2::execute@62 (line 74)
                      ; - org.gradle.internal.operations.DefaultBuildOperationRunner$2::execute@8 (line 60)
                      ; - org.gradle.internal.operations.DefaultBuildOperationRunner::execute@141 (line 167)
  0x0000026911e893b4: 48d5 5afe | baf6 ffff | ff48 8b6c | 2430 4c8b | 5424 384c | 8954 2430 

  0x0000026911e893cc: ;   {runtime_call UncommonTrapBlob}
  0x0000026911e893cc: c5f8 77e8 

  0x0000026911e893d0: ; ImmutableOopMap {rbp=Oop [48]=Oop [64]=Oop [72]=Oop [120]=Oop }
                      ;*invokevirtual getId {reexecute=0 rethrow=0 return_oop=0}
                      ; - org.gradle.internal.operations.BuildOperationState::getId@4 (line 53)
                      ; - org.gradle.internal.operations.CurrentBuildOperationRef::getId@14 (line 43)
                      ; - org.gradle.internal.logging.slf4j.BuildOperationAwareLogger::log@7 (line 141)
                      ; - org.gradle.internal.logging.slf4j.BuildOperationAwareLogger::log@32 (line 155)
                      ; - org.gradle.internal.logging.slf4j.BuildOperationAwareLogger::log@13 (line 145)
                      ; - org.gradle.internal.logging.slf4j.BuildOperationAwareLogger::debug@14 (line 168)
                      ; - org.gradle.internal.logging.slf4j.OutputEventListenerBackedLogger::debug@3 (line 25)
                      ; - org.gradle.internal.operations.DefaultBuildOperationRunner$BuildOperationTrackingListener::stop@23 (line 250)
                      ; - org.gradle.internal.operations.DefaultBuildOperationRunner$2::execute@62 (line 74)
                      ; - org.gradle.internal.operations.DefaultBuildOperationRunner$2::execute@8 (line 60)
                      ; - org.gradle.internal.operations.DefaultBuildOperationRunner::execute@141 (line 167)
  0x0000026911e893d0: 2cd5 5afe | 488b d0e9 | cec1 ffff | baf6 ffff | ff48 8b6c | 2430 4c8b | 5424 384c | 8954 2430 
  0x0000026911e893f0: 4c8b 5424 | 404c 8954 | 2438 4889 | 7c24 4890 

  0x0000026911e89400: ;   {runtime_call UncommonTrapBlob}
  0x0000026911e89400: c5f8 77e8 

  0x0000026911e89404: ; ImmutableOopMap {rbp=Oop [48]=Oop [56]=Oop [72]=Oop [112]=Oop [120]=Oop }
                      ;*aastore {reexecute=1 rethrow=0 return_oop=0}
                      ; - (reexecute) java.lang.ThreadLocal$ThreadLocalMap::<init>@40 (line 389)
                      ; - java.lang.ThreadLocal::createMap@7 (line 265)
                      ; - java.lang.ThreadLocal::set@26 (line 224)
                      ; - org.gradle.internal.logging.progress.DefaultProgressLoggerFactory$ProgressLoggerImpl::completed@22 (line 250)
                      ; - org.gradle.internal.operations.BuildOperationProgressEventListenerAdapter::stop@42 (line 78)
                      ; - org.gradle.internal.operations.DefaultBuildOperationRunner$BuildOperationTrackingListener::stop@9 (line 249)
                      ; - org.gradle.internal.operations.DefaultBuildOperationRunner$2::execute@62 (line 74)
                      ; - org.gradle.internal.operations.DefaultBuildOperationRunner$2::execute@8 (line 60)
                      ; - org.gradle.internal.operations.DefaultBuildOperationRunner::execute@141 (line 167)
  0x0000026911e89404: f8d4 5afe | e99a c1ff | ff48 8be8 | e977 c1ff | ffba f6ff | ffff 6690 

  0x0000026911e8941c: ;   {runtime_call UncommonTrapBlob}
  0x0000026911e8941c: c5f8 77e8 

  0x0000026911e89420: ; ImmutableOopMap {}
                      ;*invokevirtual get {reexecute=0 rethrow=0 return_oop=0}
                      ; - org.gradle.internal.time.MonotonicClock::advance@4 (line 111)
                      ; - org.gradle.internal.time.MonotonicClock::getCurrentTime@66 (line 86)
                      ; - org.gradle.internal.operations.DefaultBuildOperationRunner::execute@84 (line 164)
  0x0000026911e89420: dcd4 5afe | baf6 ffff | ff48 8b6c | 2430 4c8b | 5424 384c | 8954 2430 

  0x0000026911e89438: ;   {runtime_call UncommonTrapBlob}
  0x0000026911e89438: c5f8 77e8 

  0x0000026911e8943c: ; ImmutableOopMap {rbp=Oop [48]=Oop [64]=Oop [112]=Oop [120]=Oop }
                      ;*invokevirtual get {reexecute=0 rethrow=0 return_oop=0}
                      ; - org.gradle.internal.time.MonotonicClock::advance@4 (line 111)
                      ; - org.gradle.internal.time.MonotonicClock::getCurrentTime@66 (line 86)
                      ; - org.gradle.internal.logging.progress.DefaultProgressLoggerFactory$ProgressLoggerImpl::completed@41 (line 251)
                      ; - org.gradle.internal.operations.BuildOperationProgressEventListenerAdapter::stop@42 (line 78)
                      ; - org.gradle.internal.operations.DefaultBuildOperationRunner$BuildOperationTrackingListener::stop@9 (line 249)
                      ; - org.gradle.internal.operations.DefaultBuildOperationRunner$2::execute@62 (line 74)
                      ; - org.gradle.internal.operations.DefaultBuildOperationRunner$2::execute@8 (line 60)
                      ; - org.gradle.internal.operations.DefaultBuildOperationRunner::execute@141 (line 167)
  0x0000026911e8943c: c0d4 5afe | baf6 ffff | ff48 8b6c | 2430 4c8b | 5424 384c | 8954 2430 

  0x0000026911e89454: ;   {runtime_call UncommonTrapBlob}
  0x0000026911e89454: c5f8 77e8 

  0x0000026911e89458: ; ImmutableOopMap {rbp=Oop [48]=Oop [64]=Oop [112]=Oop [120]=Oop }
                      ;*invokevirtual get {reexecute=0 rethrow=0 return_oop=0}
                      ; - org.gradle.internal.time.MonotonicClock::advance@4 (line 111)
                      ; - org.gradle.internal.time.MonotonicClock::getCurrentTime@66 (line 86)
                      ; - org.gradle.internal.operations.BuildOperationProgressEventListenerAdapter::stop@64 (line 79)
                      ; - org.gradle.internal.operations.DefaultBuildOperationRunner$BuildOperationTrackingListener::stop@9 (line 249)
                      ; - org.gradle.internal.operations.DefaultBuildOperationRunner$2::execute@62 (line 74)
                      ; - org.gradle.internal.operations.DefaultBuildOperationRunner$2::execute@8 (line 60)
                      ; - org.gradle.internal.operations.DefaultBuildOperationRunner::execute@141 (line 167)
  0x0000026911e89458: a4d4 5afe | baf6 ffff | ff48 8b6c | 2430 4c8b | 5424 384c | 8954 2430 

  0x0000026911e89470: ;   {runtime_call UncommonTrapBlob}
  0x0000026911e89470: c5f8 77e8 

  0x0000026911e89474: ; ImmutableOopMap {rbp=Oop [48]=Oop [64]=Oop [72]=Oop [120]=Oop }
                      ;*arraylength {reexecute=0 rethrow=0 return_oop=0}
                      ; - java.lang.ThreadLocal$ThreadLocalMap::getEntryAfterMiss@8 (line 453)
                      ; - java.lang.ThreadLocal$ThreadLocalMap::getEntry@38 (line 439)
                      ; - java.lang.ThreadLocal::get@16 (line 165)
                      ; - org.gradle.internal.operations.CurrentBuildOperationRef::get@4 (line 37)
                      ; - org.gradle.internal.operations.CurrentBuildOperationRef::getId@1 (line 42)
                      ; - org.gradle.internal.logging.slf4j.BuildOperationAwareLogger::log@7 (line 141)
                      ; - org.gradle.internal.logging.slf4j.BuildOperationAwareLogger::log@32 (line 155)
                      ; - org.gradle.internal.logging.slf4j.BuildOperationAwareLogger::log@13 (line 145)
                      ; - org.gradle.internal.logging.slf4j.BuildOperationAwareLogger::debug@14 (line 168)
                      ; - org.gradle.internal.logging.slf4j.OutputEventListenerBackedLogger::debug@3 (line 25)
                      ; - org.gradle.internal.operations.DefaultBuildOperationRunner$BuildOperationTrackingListener::stop@23 (line 250)
                      ; - org.gradle.internal.operations.DefaultBuildOperationRunner$2::execute@62 (line 74)
                      ; - org.gradle.internal.operations.DefaultBuildOperationRunner$2::execute@8 (line 60)
                      ; - org.gradle.internal.operations.DefaultBuildOperationRunner::execute@141 (line 167)
  0x0000026911e89474: 88d4 5afe | 488b d00f | 1f44 0000 | e925 c1ff | ff48 8bd0 | e91d c1ff | ff48 8bd0 | e915 c1ff 
  0x0000026911e89494: ff48 8bd0 | e90d c1ff | ff48 8bd0 | e905 c1ff | ff48 8bd0 | e9fd c0ff | ff48 8bd0 | e9f5 c0ff 
  0x0000026911e894b4: ffba f6ff | ffff 6690 

  0x0000026911e894bc: ;   {runtime_call UncommonTrapBlob}
  0x0000026911e894bc: c5f8 77e8 

  0x0000026911e894c0: ; ImmutableOopMap {}
                      ;*invokeinterface currentTimeMillis {reexecute=0 rethrow=0 return_oop=0}
                      ; - org.gradle.internal.time.MonotonicClock::sync@5 (line 99)
                      ; - org.gradle.internal.time.MonotonicClock::getCurrentTime@56 (line 84)
                      ; - org.gradle.internal.operations.DefaultBuildOperationRunner::execute@84 (line 164)
  0x0000026911e894c0: 3cd4 5afe | baf6 ffff | ff66 6690 

  0x0000026911e894cc: ;   {runtime_call UncommonTrapBlob}
  0x0000026911e894cc: c5f8 77e8 

  0x0000026911e894d0: ; ImmutableOopMap {}
                      ;*invokevirtual get {reexecute=0 rethrow=0 return_oop=0}
                      ; - org.gradle.internal.time.MonotonicClock::advance@4 (line 111)
                      ; - org.gradle.internal.time.MonotonicClock::sync@10 (line 99)
                      ; - org.gradle.internal.time.MonotonicClock::getCurrentTime@56 (line 84)
                      ; - org.gradle.internal.operations.DefaultBuildOperationRunner::execute@84 (line 164)
  0x0000026911e894d0: 2cd4 5afe | baf6 ffff | ff48 8b6c | 2430 4c8b | 5424 384c | 8954 2430 

  0x0000026911e894e8: ;   {runtime_call UncommonTrapBlob}
  0x0000026911e894e8: c5f8 77e8 

  0x0000026911e894ec: ; ImmutableOopMap {rbp=Oop [48]=Oop [64]=Oop [112]=Oop [120]=Oop }
                      ;*invokeinterface currentTimeMillis {reexecute=0 rethrow=0 return_oop=0}
                      ; - org.gradle.internal.time.MonotonicClock::sync@5 (line 99)
                      ; - org.gradle.internal.time.MonotonicClock::getCurrentTime@56 (line 84)
                      ; - org.gradle.internal.logging.progress.DefaultProgressLoggerFactory$ProgressLoggerImpl::completed@41 (line 251)
                      ; - org.gradle.internal.operations.BuildOperationProgressEventListenerAdapter::stop@42 (line 78)
                      ; - org.gradle.internal.operations.DefaultBuildOperationRunner$BuildOperationTrackingListener::stop@9 (line 249)
                      ; - org.gradle.internal.operations.DefaultBuildOperationRunner$2::execute@62 (line 74)
                      ; - org.gradle.internal.operations.DefaultBuildOperationRunner$2::execute@8 (line 60)
                      ; - org.gradle.internal.operations.DefaultBuildOperationRunner::execute@141 (line 167)
  0x0000026911e894ec: 10d4 5afe | baf6 ffff | ff48 8b6c | 2430 4c8b | 5424 384c | 8954 2430 

  0x0000026911e89504: ;   {runtime_call UncommonTrapBlob}
  0x0000026911e89504: c5f8 77e8 

  0x0000026911e89508: ; ImmutableOopMap {rbp=Oop [48]=Oop [64]=Oop [112]=Oop [120]=Oop }
                      ;*invokevirtual get {reexecute=0 rethrow=0 return_oop=0}
                      ; - org.gradle.internal.time.MonotonicClock::advance@4 (line 111)
                      ; - org.gradle.internal.time.MonotonicClock::sync@10 (line 99)
                      ; - org.gradle.internal.time.MonotonicClock::getCurrentTime@56 (line 84)
                      ; - org.gradle.internal.logging.progress.DefaultProgressLoggerFactory$ProgressLoggerImpl::completed@41 (line 251)
                      ; - org.gradle.internal.operations.BuildOperationProgressEventListenerAdapter::stop@42 (line 78)
                      ; - org.gradle.internal.operations.DefaultBuildOperationRunner$BuildOperationTrackingListener::stop@9 (line 249)
                      ; - org.gradle.internal.operations.DefaultBuildOperationRunner$2::execute@62 (line 74)
                      ; - org.gradle.internal.operations.DefaultBuildOperationRunner$2::execute@8 (line 60)
                      ; - org.gradle.internal.operations.DefaultBuildOperationRunner::execute@141 (line 167)
  0x0000026911e89508: f4d3 5afe | baf6 ffff | ff48 8b6c | 2430 4c8b | 5424 384c | 8954 2430 

  0x0000026911e89520: ;   {runtime_call UncommonTrapBlob}
  0x0000026911e89520: c5f8 77e8 

  0x0000026911e89524: ; ImmutableOopMap {rbp=Oop [48]=Oop [64]=Oop [112]=Oop [120]=Oop }
                      ;*invokeinterface currentTimeMillis {reexecute=0 rethrow=0 return_oop=0}
                      ; - org.gradle.internal.time.MonotonicClock::sync@5 (line 99)
                      ; - org.gradle.internal.time.MonotonicClock::getCurrentTime@56 (line 84)
                      ; - org.gradle.internal.operations.BuildOperationProgressEventListenerAdapter::stop@64 (line 79)
                      ; - org.gradle.internal.operations.DefaultBuildOperationRunner$BuildOperationTrackingListener::stop@9 (line 249)
                      ; - org.gradle.internal.operations.DefaultBuildOperationRunner$2::execute@62 (line 74)
                      ; - org.gradle.internal.operations.DefaultBuildOperationRunner$2::execute@8 (line 60)
                      ; - org.gradle.internal.operations.DefaultBuildOperationRunner::execute@141 (line 167)
  0x0000026911e89524: d8d3 5afe | baf6 ffff | ff48 8b6c | 2430 4c8b | 5424 384c | 8954 2430 

  0x0000026911e8953c: ;   {runtime_call UncommonTrapBlob}
  0x0000026911e8953c: c5f8 77e8 

  0x0000026911e89540: ; ImmutableOopMap {rbp=Oop [48]=Oop [64]=Oop [112]=Oop [120]=Oop }
                      ;*invokevirtual get {reexecute=0 rethrow=0 return_oop=0}
                      ; - org.gradle.internal.time.MonotonicClock::advance@4 (line 111)
                      ; - org.gradle.internal.time.MonotonicClock::sync@10 (line 99)
                      ; - org.gradle.internal.time.MonotonicClock::getCurrentTime@56 (line 84)
                      ; - org.gradle.internal.operations.BuildOperationProgressEventListenerAdapter::stop@64 (line 79)
                      ; - org.gradle.internal.operations.DefaultBuildOperationRunner$BuildOperationTrackingListener::stop@9 (line 249)
                      ; - org.gradle.internal.operations.DefaultBuildOperationRunner$2::execute@62 (line 74)
                      ; - org.gradle.internal.operations.DefaultBuildOperationRunner$2::execute@8 (line 60)
                      ; - org.gradle.internal.operations.DefaultBuildOperationRunner::execute@141 (line 167)
  0x0000026911e89540: bcd3 5afe | baf6 ffff | ff48 8b6c | 2430 4c8b | 5424 384c | 8954 2430 

  0x0000026911e89558: ;   {runtime_call UncommonTrapBlob}
  0x0000026911e89558: c5f8 77e8 

  0x0000026911e8955c: ; ImmutableOopMap {rbp=Oop [48]=Oop [64]=Oop [72]=Oop [120]=Oop }
                      ;*arraylength {reexecute=0 rethrow=0 return_oop=0}
                      ; - java.lang.ThreadLocal$ThreadLocalMap::set@6 (line 481)
                      ; - java.lang.ThreadLocal::setInitialValue@22 (line 199)
                      ; - java.lang.ThreadLocal::get@34 (line 172)
                      ; - org.gradle.internal.operations.CurrentBuildOperationRef::get@4 (line 37)
                      ; - org.gradle.internal.operations.CurrentBuildOperationRef::getId@1 (line 42)
                      ; - org.gradle.internal.logging.slf4j.BuildOperationAwareLogger::log@7 (line 141)
                      ; - org.gradle.internal.logging.slf4j.BuildOperationAwareLogger::log@32 (line 155)
                      ; - org.gradle.internal.logging.slf4j.BuildOperationAwareLogger::log@13 (line 145)
                      ; - org.gradle.internal.logging.slf4j.BuildOperationAwareLogger::debug@14 (line 168)
                      ; - org.gradle.internal.logging.slf4j.OutputEventListenerBackedLogger::debug@3 (line 25)
                      ; - org.gradle.internal.operations.DefaultBuildOperationRunner$BuildOperationTrackingListener::stop@23 (line 250)
                      ; - org.gradle.internal.operations.DefaultBuildOperationRunner$2::execute@62 (line 74)
                      ; - org.gradle.internal.operations.DefaultBuildOperationRunner$2::execute@8 (line 60)
                      ; - org.gradle.internal.operations.DefaultBuildOperationRunner::execute@141 (line 167)
  0x0000026911e8955c: a0d3 5afe | baf6 ffff | ff48 8b6c | 2430 4c8b | 5424 384c | 8954 2430 

  0x0000026911e89574: ;   {runtime_call UncommonTrapBlob}
  0x0000026911e89574: c5f8 77e8 

  0x0000026911e89578: ; ImmutableOopMap {rbp=Oop [48]=Oop [64]=Oop [72]=Oop [120]=Oop }
                      ;*arraylength {reexecute=0 rethrow=0 return_oop=0}
                      ; - java.lang.ThreadLocal$ThreadLocalMap::cleanSomeSlots@10 (line 667)
                      ; - java.lang.ThreadLocal$ThreadLocalMap::set@113 (line 500)
                      ; - java.lang.ThreadLocal::setInitialValue@22 (line 199)
                      ; - java.lang.ThreadLocal::get@34 (line 172)
                      ; - org.gradle.internal.operations.CurrentBuildOperationRef::get@4 (line 37)
                      ; - org.gradle.internal.operations.CurrentBuildOperationRef::getId@1 (line 42)
                      ; - org.gradle.internal.logging.slf4j.BuildOperationAwareLogger::log@7 (line 141)
                      ; - org.gradle.internal.logging.slf4j.BuildOperationAwareLogger::log@32 (line 155)
                      ; - org.gradle.internal.logging.slf4j.BuildOperationAwareLogger::log@13 (line 145)
                      ; - org.gradle.internal.logging.slf4j.BuildOperationAwareLogger::debug@14 (line 168)
                      ; - org.gradle.internal.logging.slf4j.OutputEventListenerBackedLogger::debug@3 (line 25)
                      ; - org.gradle.internal.operations.DefaultBuildOperationRunner$BuildOperationTrackingListener::stop@23 (line 250)
                      ; - org.gradle.internal.operations.DefaultBuildOperationRunner$2::execute@62 (line 74)
                      ; - org.gradle.internal.operations.DefaultBuildOperationRunner$2::execute@8 (line 60)
                      ; - org.gradle.internal.operations.DefaultBuildOperationRunner::execute@141 (line 167)
  0x0000026911e89578: 84d3 5afe | baf6 ffff | ff66 6690 

  0x0000026911e89584: ;   {runtime_call UncommonTrapBlob}
  0x0000026911e89584: c5f8 77e8 

  0x0000026911e89588: ; ImmutableOopMap {}
                      ;*invokevirtual getId {reexecute=0 rethrow=0 return_oop=0}
                      ; - org.gradle.internal.operations.BuildOperationState::getId@4 (line 53)
                      ; - org.gradle.internal.operations.BuildOperationDescriptor$Builder::build@20 (line 190)
                      ; - org.gradle.internal.operations.DefaultBuildOperationRunner::execute@60 (line 159)
  0x0000026911e89588: 74d3 5afe | baf6 ffff | ff48 8b6c | 2430 4c8b | 5424 384c | 8954 2430 | 4c8b 5424 | 404c 8954 
  0x0000026911e895a8: 2438 4c8b | 5424 484c | 8954 2440 | 4c8b 5424 | 684c 8954 | 2448 4889 | 7c24 584c | 896c 2468 
  0x0000026911e895c8: ;   {runtime_call UncommonTrapBlob}
  0x0000026911e895c8: c5f8 77e8 

  0x0000026911e895cc: ; ImmutableOopMap {rbp=Oop [48]=Oop [56]=Oop [64]=Oop [72]=Oop [88]=Oop [104]=Oop [120]=Oop [168]=Oop }
                      ;*invokevirtual get {reexecute=0 rethrow=0 return_oop=0}
                      ; - org.gradle.internal.time.MonotonicClock::advance@4 (line 111)
                      ; - org.gradle.internal.time.MonotonicClock::getCurrentTime@66 (line 86)
                      ; - org.gradle.internal.logging.slf4j.OutputEventListenerBackedLogger::log@8 (line 49)
                      ; - org.gradle.internal.logging.slf4j.BuildOperationAwareLogger::log@10 (line 141)
                      ; - org.gradle.internal.logging.slf4j.BuildOperationAwareLogger::log@32 (line 155)
                      ; - org.gradle.internal.logging.slf4j.BuildOperationAwareLogger::log@13 (line 145)
                      ; - org.gradle.internal.logging.slf4j.BuildOperationAwareLogger::debug@14 (line 168)
                      ; - org.gradle.internal.logging.slf4j.OutputEventListenerBackedLogger::debug@3 (line 25)
                      ; - org.gradle.internal.operations.DefaultBuildOperationRunner$BuildOperationTrackingListener::stop@23 (line 250)
                      ; - org.gradle.internal.operations.DefaultBuildOperationRunner$2::execute@62 (line 74)
                      ; - org.gradle.internal.operations.DefaultBuildOperationRunner$2::execute@8 (line 60)
                      ; - org.gradle.internal.operations.DefaultBuildOperationRunner::execute@141 (line 167)
  0x0000026911e895cc: 30d3 5afe | baf6 ffff | ff48 8b6c | 2430 4c8b | 5424 384c | 8954 2430 | 4c8b 5424 | 404c 8954 
  0x0000026911e895ec: 2438 4c8b | 5424 484c | 8954 2440 | 4c8b 5424 | 684c 8954 | 2448 4889 | 7c24 584c | 896c 2468 
  0x0000026911e8960c: ;   {runtime_call UncommonTrapBlob}
  0x0000026911e8960c: c5f8 77e8 

  0x0000026911e89610: ; ImmutableOopMap {rbp=Oop [48]=Oop [56]=Oop [64]=Oop [72]=Oop [88]=Oop [104]=Oop [120]=Oop [168]=Oop }
                      ;*invokeinterface currentTimeMillis {reexecute=0 rethrow=0 return_oop=0}
                      ; - org.gradle.internal.time.MonotonicClock::sync@5 (line 99)
                      ; - org.gradle.internal.time.MonotonicClock::getCurrentTime@56 (line 84)
                      ; - org.gradle.internal.logging.slf4j.OutputEventListenerBackedLogger::log@8 (line 49)
                      ; - org.gradle.internal.logging.slf4j.BuildOperationAwareLogger::log@10 (line 141)
                      ; - org.gradle.internal.logging.slf4j.BuildOperationAwareLogger::log@32 (line 155)
                      ; - org.gradle.internal.logging.slf4j.BuildOperationAwareLogger::log@13 (line 145)
                      ; - org.gradle.internal.logging.slf4j.BuildOperationAwareLogger::debug@14 (line 168)
                      ; - org.gradle.internal.logging.slf4j.OutputEventListenerBackedLogger::debug@3 (line 25)
                      ; - org.gradle.internal.operations.DefaultBuildOperationRunner$BuildOperationTrackingListener::stop@23 (line 250)
                      ; - org.gradle.internal.operations.DefaultBuildOperationRunner$2::execute@62 (line 74)
                      ; - org.gradle.internal.operations.DefaultBuildOperationRunner$2::execute@8 (line 60)
                      ; - org.gradle.internal.operations.DefaultBuildOperationRunner::execute@141 (line 167)
  0x0000026911e89610: ecd2 5afe | baf6 ffff | ff48 8b6c | 2430 4c8b | 5424 384c | 8954 2430 | 4c8b 5424 | 404c 8954 
  0x0000026911e89630: 2438 4c8b | 5424 484c | 8954 2440 | 4c8b 5424 | 684c 8954 | 2448 4889 | 7c24 584c | 896c 2468 
  0x0000026911e89650: ;   {runtime_call UncommonTrapBlob}
  0x0000026911e89650: c5f8 77e8 

  0x0000026911e89654: ; ImmutableOopMap {rbp=Oop [48]=Oop [56]=Oop [64]=Oop [72]=Oop [88]=Oop [104]=Oop [120]=Oop [168]=Oop }
                      ;*invokevirtual get {reexecute=0 rethrow=0 return_oop=0}
                      ; - org.gradle.internal.time.MonotonicClock::advance@4 (line 111)
                      ; - org.gradle.internal.time.MonotonicClock::sync@10 (line 99)
                      ; - org.gradle.internal.time.MonotonicClock::getCurrentTime@56 (line 84)
                      ; - org.gradle.internal.logging.slf4j.OutputEventListenerBackedLogger::log@8 (line 49)
                      ; - org.gradle.internal.logging.slf4j.BuildOperationAwareLogger::log@10 (line 141)
                      ; - org.gradle.internal.logging.slf4j.BuildOperationAwareLogger::log@32 (line 155)
                      ; - org.gradle.internal.logging.slf4j.BuildOperationAwareLogger::log@13 (line 145)
                      ; - org.gradle.internal.logging.slf4j.BuildOperationAwareLogger::debug@14 (line 168)
                      ; - org.gradle.internal.logging.slf4j.OutputEventListenerBackedLogger::debug@3 (line 25)
                      ; - org.gradle.internal.operations.DefaultBuildOperationRunner$BuildOperationTrackingListener::stop@23 (line 250)
                      ; - org.gradle.internal.operations.DefaultBuildOperationRunner$2::execute@62 (line 74)
                      ; - org.gradle.internal.operations.DefaultBuildOperationRunner$2::execute@8 (line 60)
                      ; - org.gradle.internal.operations.DefaultBuildOperationRunner::execute@141 (line 167)
  0x0000026911e89654: a8d2 5afe | baf6 ffff | ff66 6690 

  0x0000026911e89660: ;   {runtime_call UncommonTrapBlob}
  0x0000026911e89660: c5f8 77e8 

  0x0000026911e89664: ; ImmutableOopMap {}
                      ;*invokevirtual get {reexecute=0 rethrow=0 return_oop=0}
                      ; - org.gradle.internal.time.MonotonicClock::advance@4 (line 111)
                      ; - org.gradle.internal.time.MonotonicClock::sync@10 (line 99)
                      ; - org.gradle.internal.time.MonotonicClock::getCurrentTime@56 (line 84)
                      ; - org.gradle.internal.operations.DefaultBuildOperationRunner::execute@84 (line 164)
  0x0000026911e89664: 98d2 5afe | baf6 ffff | ff48 8b6c | 2430 4c8b | 5424 384c | 8954 2430 

  0x0000026911e8967c: ;   {runtime_call UncommonTrapBlob}
  0x0000026911e8967c: c5f8 77e8 

  0x0000026911e89680: ; ImmutableOopMap {rbp=Oop [48]=Oop [64]=Oop [112]=Oop [120]=Oop }
                      ;*invokevirtual get {reexecute=0 rethrow=0 return_oop=0}
                      ; - org.gradle.internal.time.MonotonicClock::advance@4 (line 111)
                      ; - org.gradle.internal.time.MonotonicClock::sync@10 (line 99)
                      ; - org.gradle.internal.time.MonotonicClock::getCurrentTime@56 (line 84)
                      ; - org.gradle.internal.logging.progress.DefaultProgressLoggerFactory$ProgressLoggerImpl::completed@41 (line 251)
                      ; - org.gradle.internal.operations.BuildOperationProgressEventListenerAdapter::stop@42 (line 78)
                      ; - org.gradle.internal.operations.DefaultBuildOperationRunner$BuildOperationTrackingListener::stop@9 (line 249)
                      ; - org.gradle.internal.operations.DefaultBuildOperationRunner$2::execute@62 (line 74)
                      ; - org.gradle.internal.operations.DefaultBuildOperationRunner$2::execute@8 (line 60)
                      ; - org.gradle.internal.operations.DefaultBuildOperationRunner::execute@141 (line 167)
  0x0000026911e89680: 7cd2 5afe | baf6 ffff | ff48 8b6c | 2430 4c8b | 5424 384c | 8954 2430 

  0x0000026911e89698: ;   {runtime_call UncommonTrapBlob}
  0x0000026911e89698: c5f8 77e8 

  0x0000026911e8969c: ; ImmutableOopMap {rbp=Oop [48]=Oop [64]=Oop [112]=Oop [120]=Oop }
                      ;*invokevirtual get {reexecute=0 rethrow=0 return_oop=0}
                      ; - org.gradle.internal.time.MonotonicClock::advance@4 (line 111)
                      ; - org.gradle.internal.time.MonotonicClock::sync@10 (line 99)
                      ; - org.gradle.internal.time.MonotonicClock::getCurrentTime@56 (line 84)
                      ; - org.gradle.internal.operations.BuildOperationProgressEventListenerAdapter::stop@64 (line 79)
                      ; - org.gradle.internal.operations.DefaultBuildOperationRunner$BuildOperationTrackingListener::stop@9 (line 249)
                      ; - org.gradle.internal.operations.DefaultBuildOperationRunner$2::execute@62 (line 74)
                      ; - org.gradle.internal.operations.DefaultBuildOperationRunner$2::execute@8 (line 60)
                      ; - org.gradle.internal.operations.DefaultBuildOperationRunner::execute@141 (line 167)
  0x0000026911e8969c: 60d2 5afe | 498b d7c5 | f877 49ba | 50ce 6e57 | f87f 0000 | 41ff d2eb | 2448 8bd8 | 0f1f 8400 
  0x0000026911e896bc: 0000 0000 | 443b 6514 | 7408 488b | c3e9 7c99 | ffff 4180 | 7f38 000f | 8573 0000 | 004c 8bd5 
  0x0000026911e896dc: 4c8b c344 | 8945 144c | 8bdb 4d33 | da49 c1eb | 144d 85db | 74d4 49c1 | ea09 48b9 | 0000 ab17 
  0x0000026911e896fc: 6902 0000 | 4903 ca80 | 3904 74be | 4d8b 5740 | 4d8b 5f50 | f083 4424 | c000 8039 | 0074 ab44 
  0x0000026911e8971c: 8821 6690 | 4d85 d275 | 1549 8bd7 | c5f8 7749 | ba30 ce6e | 57f8 7f00 | 0041 ffd2 | eb8c 4b89 
  0x0000026911e8973c: 4c13 f849 | 83c2 f84d | 8957 40e9 | 7aff ffff | 448b 5514 | 4585 d274 | 844d 8b5f | 2049 8bca 
  0x0000026911e8975c: 0f1f 4000 | 4d85 db0f | 8437 ffff | ff4d 8b57 | 304b 894c | 1af8 4983 | c3f8 4d89 | 5f20 e95a 
  0x0000026911e8977c: ffff ffba | f6ff ffff | 488b 6c24 | 304c 8b54 | 2448 4c89 | 5424 204c | 8b54 2438 | 4c89 5424 
  0x0000026911e8979c: 304c 8b54 | 2440 4c89 | 5424 384c | 8944 2448 

  0x0000026911e897ac: ;   {runtime_call UncommonTrapBlob}
  0x0000026911e897ac: c5f8 77e8 

  0x0000026911e897b0: ; ImmutableOopMap {rbp=Oop [32]=Oop [48]=Oop [56]=Oop [72]=Oop [120]=Oop }
                      ;*aastore {reexecute=1 rethrow=0 return_oop=0}
                      ; - (reexecute) java.lang.ThreadLocal$ThreadLocalMap::<init>@40 (line 389)
                      ; - java.lang.ThreadLocal::createMap@7 (line 265)
                      ; - java.lang.ThreadLocal::setInitialValue@31 (line 201)
                      ; - java.lang.ThreadLocal::get@34 (line 172)
                      ; - org.gradle.internal.operations.CurrentBuildOperationRef::get@4 (line 37)
                      ; - org.gradle.internal.operations.CurrentBuildOperationRef::getId@1 (line 42)
                      ; - org.gradle.internal.logging.slf4j.BuildOperationAwareLogger::log@7 (line 141)
                      ; - org.gradle.internal.logging.slf4j.BuildOperationAwareLogger::log@32 (line 155)
                      ; - org.gradle.internal.logging.slf4j.BuildOperationAwareLogger::log@13 (line 145)
                      ; - org.gradle.internal.logging.slf4j.BuildOperationAwareLogger::debug@14 (line 168)
                      ; - org.gradle.internal.logging.slf4j.OutputEventListenerBackedLogger::debug@3 (line 25)
                      ; - org.gradle.internal.operations.DefaultBuildOperationRunner$BuildOperationTrackingListener::stop@23 (line 250)
                      ; - org.gradle.internal.operations.DefaultBuildOperationRunner$2::execute@62 (line 74)
                      ; - org.gradle.internal.operations.DefaultBuildOperationRunner$2::execute@8 (line 60)
                      ; - org.gradle.internal.operations.DefaultBuildOperationRunner::execute@141 (line 167)
  0x0000026911e897b0: 4cd1 5afe | baf6 ffff | ff48 8b6c | 2430 4c8b | 5424 384c | 8954 2430 | 4c8b 5424 | 404c 8954 
  0x0000026911e897d0: 2438 4c8b | 5424 484c | 8954 2440 | 4c8b 5424 | 684c 8954 | 2448 4889 | 7c24 584c | 896c 2468 
  0x0000026911e897f0: ;   {runtime_call UncommonTrapBlob}
  0x0000026911e897f0: c5f8 77e8 

  0x0000026911e897f4: ; ImmutableOopMap {rbp=Oop [48]=Oop [56]=Oop [64]=Oop [72]=Oop [88]=Oop [104]=Oop [120]=Oop [168]=Oop }
                      ;*invokevirtual get {reexecute=0 rethrow=0 return_oop=0}
                      ; - org.gradle.internal.time.MonotonicClock::advance@4 (line 111)
                      ; - org.gradle.internal.time.MonotonicClock::sync@10 (line 99)
                      ; - org.gradle.internal.time.MonotonicClock::getCurrentTime@56 (line 84)
                      ; - org.gradle.internal.logging.slf4j.OutputEventListenerBackedLogger::log@8 (line 49)
                      ; - org.gradle.internal.logging.slf4j.BuildOperationAwareLogger::log@10 (line 141)
                      ; - org.gradle.internal.logging.slf4j.BuildOperationAwareLogger::log@32 (line 155)
                      ; - org.gradle.internal.logging.slf4j.BuildOperationAwareLogger::log@13 (line 145)
                      ; - org.gradle.internal.logging.slf4j.BuildOperationAwareLogger::debug@14 (line 168)
                      ; - org.gradle.internal.logging.slf4j.OutputEventListenerBackedLogger::debug@3 (line 25)
                      ; - org.gradle.internal.operations.DefaultBuildOperationRunner$BuildOperationTrackingListener::stop@23 (line 250)
                      ; - org.gradle.internal.operations.DefaultBuildOperationRunner$2::execute@62 (line 74)
                      ; - org.gradle.internal.operations.DefaultBuildOperationRunner$2::execute@8 (line 60)
                      ; - org.gradle.internal.operations.DefaultBuildOperationRunner::execute@141 (line 167)
  0x0000026911e897f4: 08d1 5afe | 48ff 7424 | 4848 8f44 | 2470 e9f8 | 0000 0048 | ff74 2448 | 488f 4424 | 70e9 e900 
  0x0000026911e89814: 0000 48ff | 7424 4848 | 8f44 2470 | e9da 0000 | 00e9 c300 | 0000 e98f | 0000 00e9 | 6000 0000 
  0x0000026911e89834: e985 0000 | 00e9 8000 | 0000 48ff | 7424 4848 | 8f44 2470 | e9b2 0000 | 00e9 9b00 | 0000 e996 
  0x0000026911e89854: 0000 00e9 | 9100 0000 | 0f1f 4000 | e988 0000 | 00e9 8300 | 0000 e97e | 0000 00e9 | 7900 0000 
  0x0000026911e89874: e974 0000 | 00e9 8100 | 0000 6690 | e97a 0000 | 00e9 7500 | 0000 e95e | 0000 00e9 | 5900 0000 
  0x0000026911e89894: 48ff 7424 | 4848 8f44 | 2470 6690 | e95a 0000 | 00e9 5500 | 0000 e950 | 0000 00e9 | 4b00 0000 
  0x0000026911e898b4: e946 0000 | 00e9 4100 | 0000 48ff | 7424 4848 | 8f44 2470 | e932 0000 | 00e9 2d00 | 0000 48ff 
  0x0000026911e898d4: 7424 4848 | 8f44 2470 | 0f1f 4000 | e91a 0000 | 00eb 06eb | 04eb 02eb | 0048 ff74 | 2448 488f 
  0x0000026911e898f4: 4424 70eb | 06eb 04eb | 02eb 0048 | 8be8 e985 

  0x0000026911e89904: ;   {internal_word}
  0x0000026911e89904: bcff ff49 | ba66 3ce8 | 1169 0200 | 004d 8997 | 6003 0000 

  0x0000026911e89918: ;   {runtime_call SafepointBlob}
  0x0000026911e89918: e9e3 e05a | fef4 f4f4 
[Stub Code]
  0x0000026911e89920: ;   {no_reloc}
  0x0000026911e89920: 48bb 0000 | 0000 0000 

  0x0000026911e89928: ;   {runtime_call}
  0x0000026911e89928: 0000 e9fb 

  0x0000026911e8992c: ;   {static_stub}
  0x0000026911e8992c: ffff ff48 | bbe8 3246 | 6069 0200 

  0x0000026911e89938: ;   {runtime_call I2C/C2I adapters}
  0x0000026911e89938: 00e9 1fcd 

  0x0000026911e8993c: ;   {static_stub}
  0x0000026911e8993c: 5afe 48bb | 0000 0000 | 0000 0000 

  0x0000026911e89948: ;   {runtime_call}
  0x0000026911e89948: e9fb ffff 

  0x0000026911e8994c: ;   {static_stub}
  0x0000026911e8994c: ff48 bb00 | 0000 0000 

  0x0000026911e89954: ;   {runtime_call}
  0x0000026911e89954: 0000 00e9 | fbff ffff 

  0x0000026911e8995c: ;   {static_stub}
  0x0000026911e8995c: 48bb 0000 | 0000 0000 

  0x0000026911e89964: ;   {runtime_call}
  0x0000026911e89964: 0000 e9fb 

  0x0000026911e89968: ;   {static_stub}
  0x0000026911e89968: ffff ff48 | bb00 0000 | 0000 0000 

  0x0000026911e89974: ;   {runtime_call}
  0x0000026911e89974: 00e9 fbff 

  0x0000026911e89978: ;   {static_stub}
  0x0000026911e89978: ffff 48bb | 0000 0000 | 0000 0000 

  0x0000026911e89984: ;   {runtime_call}
  0x0000026911e89984: e9fb ffff 

  0x0000026911e89988: ;   {static_stub}
  0x0000026911e89988: ff48 bb00 | 0000 0000 

  0x0000026911e89990: ;   {runtime_call}
  0x0000026911e89990: 0000 00e9 | fbff ffff 

  0x0000026911e89998: ;   {static_stub}
  0x0000026911e89998: 48bb 0000 | 0000 0000 

  0x0000026911e899a0: ;   {runtime_call}
  0x0000026911e899a0: 0000 e9fb 

  0x0000026911e899a4: ;   {static_stub}
  0x0000026911e899a4: ffff ff48 | bb00 0000 | 0000 0000 

  0x0000026911e899b0: ;   {runtime_call}
  0x0000026911e899b0: 00e9 fbff 

  0x0000026911e899b4: ;   {static_stub}
  0x0000026911e899b4: ffff 48bb | 0000 0000 | 0000 0000 

  0x0000026911e899c0: ;   {runtime_call}
  0x0000026911e899c0: e9fb ffff 

  0x0000026911e899c4: ;   {static_stub}
  0x0000026911e899c4: ff48 bb00 | 0000 0000 

  0x0000026911e899cc: ;   {runtime_call}
  0x0000026911e899cc: 0000 00e9 | fbff ffff 

  0x0000026911e899d4: ;   {static_stub}
  0x0000026911e899d4: 48bb 0000 | 0000 0000 

  0x0000026911e899dc: ;   {runtime_call}
  0x0000026911e899dc: 0000 e9fb 

  0x0000026911e899e0: ;   {static_stub}
  0x0000026911e899e0: ffff ff48 | bb00 0000 | 0000 0000 

  0x0000026911e899ec: ;   {runtime_call}
  0x0000026911e899ec: 00e9 fbff 

  0x0000026911e899f0: ;   {static_stub}
  0x0000026911e899f0: ffff 48bb | 0000 0000 | 0000 0000 

  0x0000026911e899fc: ;   {runtime_call}
  0x0000026911e899fc: e9fb ffff 

  0x0000026911e89a00: ;   {static_stub}
  0x0000026911e89a00: ff48 bbd0 | 4d8d 6069 

  0x0000026911e89a08: ;   {runtime_call I2C/C2I adapters}
  0x0000026911e89a08: 0200 00e9 | 49c3 5afe 

  0x0000026911e89a10: ;   {static_stub}
  0x0000026911e89a10: 48bb 0000 | 0000 0000 

  0x0000026911e89a18: ;   {runtime_call}
  0x0000026911e89a18: 0000 e9fb 

  0x0000026911e89a1c: ;   {static_stub}
  0x0000026911e89a1c: ffff ff48 | bb00 0000 | 0000 0000 

  0x0000026911e89a28: ;   {runtime_call}
  0x0000026911e89a28: 00e9 fbff 

  0x0000026911e89a2c: ;   {static_stub}
  0x0000026911e89a2c: ffff 48bb | 0000 0000 | 0000 0000 

  0x0000026911e89a38: ;   {runtime_call}
  0x0000026911e89a38: e9fb ffff 

  0x0000026911e89a3c: ;   {static_stub}
  0x0000026911e89a3c: ff48 bb00 | 0000 0000 

  0x0000026911e89a44: ;   {runtime_call}
  0x0000026911e89a44: 0000 00e9 | fbff ffff 

  0x0000026911e89a4c: ;   {static_stub}
  0x0000026911e89a4c: 48bb 0000 | 0000 0000 

  0x0000026911e89a54: ;   {runtime_call}
  0x0000026911e89a54: 0000 e9fb 

  0x0000026911e89a58: ;   {static_stub}
  0x0000026911e89a58: ffff ff48 | bb00 0000 | 0000 0000 

  0x0000026911e89a64: ;   {runtime_call}
  0x0000026911e89a64: 00e9 fbff 

  0x0000026911e89a68: ;   {static_stub}
  0x0000026911e89a68: ffff 48bb | 0000 0000 | 0000 0000 

  0x0000026911e89a74: ;   {runtime_call}
  0x0000026911e89a74: e9fb ffff 

  0x0000026911e89a78: ;   {static_stub}
  0x0000026911e89a78: ff48 bb00 | 0000 0000 

  0x0000026911e89a80: ;   {runtime_call}
  0x0000026911e89a80: 0000 00e9 | fbff ffff 

  0x0000026911e89a88: ;   {static_stub}
  0x0000026911e89a88: 48bb 0000 | 0000 0000 

  0x0000026911e89a90: ;   {runtime_call}
  0x0000026911e89a90: 0000 e9fb 

  0x0000026911e89a94: ;   {static_stub}
  0x0000026911e89a94: ffff ff48 | bb00 0000 | 0000 0000 

  0x0000026911e89aa0: ;   {runtime_call}
  0x0000026911e89aa0: 00e9 fbff 

  0x0000026911e89aa4: ;   {static_stub}
  0x0000026911e89aa4: ffff 48bb | 0000 0000 | 0000 0000 

  0x0000026911e89ab0: ;   {runtime_call}
  0x0000026911e89ab0: e9fb ffff 

  0x0000026911e89ab4: ;   {static_stub}
  0x0000026911e89ab4: ff48 bb00 | 0000 0000 

  0x0000026911e89abc: ;   {runtime_call}
  0x0000026911e89abc: 0000 00e9 | fbff ffff 

  0x0000026911e89ac4: ;   {static_stub}
  0x0000026911e89ac4: 48bb 0000 | 0000 0000 

  0x0000026911e89acc: ;   {runtime_call}
  0x0000026911e89acc: 0000 e9fb 

  0x0000026911e89ad0: ;   {static_stub}
  0x0000026911e89ad0: ffff ff48 | bb00 0000 | 0000 0000 

  0x0000026911e89adc: ;   {runtime_call}
  0x0000026911e89adc: 00e9 fbff 

  0x0000026911e89ae0: ;   {static_stub}
  0x0000026911e89ae0: ffff 48bb | 0000 0000 | 0000 0000 

  0x0000026911e89aec: ;   {runtime_call}
  0x0000026911e89aec: e9fb ffff 

  0x0000026911e89af0: ;   {static_stub}
  0x0000026911e89af0: ff48 bb00 | 0000 0000 

  0x0000026911e89af8: ;   {runtime_call}
  0x0000026911e89af8: 0000 00e9 | fbff ffff 
[Exception Handler]
  0x0000026911e89b00: ;   {runtime_call ExceptionBlob}
  0x0000026911e89b00: e97b 9364 | fee8 0000 | 0000 4883 

  0x0000026911e89b0c: ;   {runtime_call DeoptimizationBlob}
  0x0000026911e89b0c: 2c24 05e9 | 8cd1 5afe | f4f4 f4f4 
[/MachCode]


---------------  P R O C E S S  ---------------

Threads class SMR info:
_java_thread_list=0x000002697cc9dac0, length=49, elements={
0x000002697facb420, 0x000002691eb6e830, 0x000002691eb6f300, 0x000002691eb7dc50,
0x000002691eb82630, 0x000002691eb84f20, 0x000002691eb87410, 0x000002691eb87cd0,
0x000002691eb977c0, 0x000002691eba20e0, 0x000002691ed0f960, 0x000002691ed60490,
0x0000026964e69af0, 0x00000269651b5ac0, 0x000002696523dfc0, 0x00000269652031a0,
0x0000026965205000, 0x00000269652040d0, 0x0000026965206440, 0x00000269662daa30,
0x00000269662db960, 0x00000269662da520, 0x00000269662dbe70, 0x00000269662dc380,
0x00000269662daf40, 0x00000269763109f0, 0x000002697857e5c0, 0x000002697c2de700,
0x000002697c2df120, 0x000002697c2dcdb0, 0x00000269785583b0, 0x0000026970ad0520,
0x000002697ac74730, 0x000002697ac732f0, 0x000002697ac74c40, 0x000002697c43a960,
0x000002697c43b380, 0x000002697c43bda0, 0x000002697c43c2b0, 0x000002697c43c7c0,
0x000002697c43b890, 0x000002697c43d1e0, 0x000002697c43d6f0, 0x0000026970ad0a30,
0x0000026970acd790, 0x000002697ab12b30, 0x0000026978556a60, 0x00000269785592e0,
0x0000026978556040
}

Java Threads: ( => current thread )
  0x000002697facb420 JavaThread "main" [_thread_blocked, id=12100, stack(0x000000fdbeb00000,0x000000fdbec00000)]
  0x000002691eb6e830 JavaThread "Reference Handler" daemon [_thread_blocked, id=5108, stack(0x000000fdbf200000,0x000000fdbf300000)]
  0x000002691eb6f300 JavaThread "Finalizer" daemon [_thread_blocked, id=4972, stack(0x000000fdbf300000,0x000000fdbf400000)]
  0x000002691eb7dc50 JavaThread "Signal Dispatcher" daemon [_thread_blocked, id=4936, stack(0x000000fdbf400000,0x000000fdbf500000)]
  0x000002691eb82630 JavaThread "Attach Listener" daemon [_thread_blocked, id=768, stack(0x000000fdbf500000,0x000000fdbf600000)]
  0x000002691eb84f20 JavaThread "Service Thread" daemon [_thread_blocked, id=10464, stack(0x000000fdbf600000,0x000000fdbf700000)]
  0x000002691eb87410 JavaThread "Monitor Deflation Thread" daemon [_thread_blocked, id=7152, stack(0x000000fdbf700000,0x000000fdbf800000)]
  0x000002691eb87cd0 JavaThread "C2 CompilerThread0" daemon [_thread_blocked, id=6888, stack(0x000000fdbf800000,0x000000fdbf900000)]
  0x000002691eb977c0 JavaThread "C1 CompilerThread0" daemon [_thread_blocked, id=2900, stack(0x000000fdbf900000,0x000000fdbfa00000)]
  0x000002691eba20e0 JavaThread "Sweeper thread" daemon [_thread_blocked, id=13052, stack(0x000000fdbfa00000,0x000000fdbfb00000)]
  0x000002691ed0f960 JavaThread "Common-Cleaner" daemon [_thread_blocked, id=11252, stack(0x000000fdbfb00000,0x000000fdbfc00000)]
  0x000002691ed60490 JavaThread "Notification Thread" daemon [_thread_blocked, id=1264, stack(0x000000fdbfc00000,0x000000fdbfd00000)]
  0x0000026964e69af0 JavaThread "Daemon health stats" [_thread_blocked, id=8984, stack(0x000000fdc0200000,0x000000fdc0300000)]
  0x00000269651b5ac0 JavaThread "Incoming local TCP Connector on port 53020" [_thread_in_native, id=4044, stack(0x000000fdc0300000,0x000000fdc0400000)]
  0x000002696523dfc0 JavaThread "Daemon periodic checks" [_thread_blocked, id=3376, stack(0x000000fdc0400000,0x000000fdc0500000)]
  0x00000269652031a0 JavaThread "Cache worker for journal cache (C:\Users\HP\.gradle\caches\journal-1)" [_thread_blocked, id=11632, stack(0x000000fdc0b00000,0x000000fdc0c00000)]
  0x0000026965205000 JavaThread "File lock request listener" [_thread_in_native, id=9500, stack(0x000000fdc0c00000,0x000000fdc0d00000)]
  0x00000269652040d0 JavaThread "Cache worker for file hash cache (C:\Users\HP\.gradle\caches\8.13\fileHashes)" [_thread_blocked, id=1660, stack(0x000000fdc0d00000,0x000000fdc0e00000)]
  0x0000026965206440 JavaThread "File watcher server" daemon [_thread_in_native, id=1636, stack(0x000000fdc1100000,0x000000fdc1200000)]
  0x00000269662daa30 JavaThread "File watcher consumer" daemon [_thread_blocked, id=13300, stack(0x000000fdc1200000,0x000000fdc1300000)]
  0x00000269662db960 JavaThread "jar transforms" [_thread_blocked, id=1444, stack(0x000000fdc1300000,0x000000fdc1400000)]
  0x00000269662da520 JavaThread "jar transforms Thread 2" [_thread_blocked, id=10132, stack(0x000000fdc1400000,0x000000fdc1500000)]
  0x00000269662dbe70 JavaThread "jar transforms Thread 3" [_thread_blocked, id=6560, stack(0x000000fdc1500000,0x000000fdc1600000)]
  0x00000269662dc380 JavaThread "jar transforms Thread 4" [_thread_blocked, id=4464, stack(0x000000fdc1600000,0x000000fdc1700000)]
  0x00000269662daf40 JavaThread "Cache worker for file content cache (C:\Users\HP\.gradle\caches\8.13\fileContent)" [_thread_blocked, id=12520, stack(0x000000fdc1800000,0x000000fdc1900000)]
  0x00000269763109f0 JavaThread "Memory manager" [_thread_blocked, id=4804, stack(0x000000fdc2600000,0x000000fdc2700000)]
  0x000002697857e5c0 JavaThread "RMI Scheduler(0)" daemon [_thread_blocked, id=6768, stack(0x000000fdc3400000,0x000000fdc3500000)]
  0x000002697c2de700 JavaThread "RMI GC Daemon" daemon [_thread_blocked, id=12016, stack(0x000000fdc4600000,0x000000fdc4700000)]
  0x000002697c2df120 JavaThread "RMI TCP Accept-0" daemon [_thread_in_native, id=11736, stack(0x000000fdc5000000,0x000000fdc5100000)]
  0x000002697c2dcdb0 JavaThread "RMI Reaper" [_thread_blocked, id=6608, stack(0x000000fdc5800000,0x000000fdc5900000)]
  0x00000269785583b0 JavaThread "Cache worker for Java compile cache (C:\Users\HP\.gradle\caches\8.13\javaCompile)" [_thread_blocked, id=8792, stack(0x000000fdc5900000,0x000000fdc5a00000)]
  0x0000026970ad0520 JavaThread "Daemon Thread 18" [_thread_blocked, id=1700, stack(0x000000fdbe800000,0x000000fdbe900000)]
  0x000002697ac74730 JavaThread "Handler for socket connection from /127.0.0.1:53020 to /127.0.0.1:61144" [_thread_in_native, id=15500, stack(0x000000fdbe900000,0x000000fdbea00000)]
  0x000002697ac732f0 JavaThread "Cancel handler" [_thread_blocked, id=8508, stack(0x000000fdbea00000,0x000000fdbeb00000)]
=>0x000002697ac74c40 JavaThread "Daemon worker Thread 15" [_thread_in_vm, id=15540, stack(0x000000fdbfe00000,0x000000fdbff00000)]
  0x000002697c43a960 JavaThread "Asynchronous log dispatcher for DefaultDaemonConnection: socket connection from /127.0.0.1:53020 to /127.0.0.1:61144" [_thread_blocked, id=16108, stack(0x000000fdc0500000,0x000000fdc0600000)]
  0x000002697c43b380 JavaThread "Stdin handler" [_thread_blocked, id=15920, stack(0x000000fdc0600000,0x000000fdc0700000)]
  0x000002697c43bda0 JavaThread "Daemon client event forwarder" [_thread_blocked, id=8892, stack(0x000000fdc0700000,0x000000fdc0800000)]
  0x000002697c43c2b0 JavaThread "Cache worker for file hash cache (C:\Users\HP\AndroidStudioProjects\facercognitionapp\.gradle\8.13\fileHashes)" [_thread_blocked, id=15616, stack(0x000000fdc0800000,0x000000fdc0900000)]
  0x000002697c43c7c0 JavaThread "Cache worker for Build Output Cleanup Cache (C:\Users\HP\AndroidStudioProjects\facercognitionapp\.gradle\buildOutputCleanup)" [_thread_blocked, id=15312, stack(0x000000fdc0900000,0x000000fdc0a00000)]
  0x000002697c43b890 JavaThread "Cache worker for checksums cache (C:\Users\HP\AndroidStudioProjects\facercognitionapp\.gradle\8.13\checksums)" [_thread_blocked, id=14372, stack(0x000000fdc0a00000,0x000000fdc0b00000)]
  0x000002697c43d1e0 JavaThread "Cache worker for cache directory md-supplier (C:\Users\HP\.gradle\caches\8.13\md-supplier)" [_thread_blocked, id=13400, stack(0x000000fdc0e00000,0x000000fdc0f00000)]
  0x000002697c43d6f0 JavaThread "Cache worker for cache directory md-rule (C:\Users\HP\.gradle\caches\8.13\md-rule)" [_thread_blocked, id=13408, stack(0x000000fdc0f00000,0x000000fdc1000000)]
  0x0000026970ad0a30 JavaThread "Unconstrained build operations" [_thread_blocked, id=7296, stack(0x000000fdc1000000,0x000000fdc1100000)]
  0x0000026970acd790 JavaThread "Unconstrained build operations Thread 2" [_thread_blocked, id=14956, stack(0x000000fdc1700000,0x000000fdc1800000)]
  0x000002697ab12b30 JavaThread "Unconstrained build operations Thread 3" [_thread_blocked, id=14764, stack(0x000000fdc1900000,0x000000fdc1a00000)]
  0x0000026978556a60 JavaThread "Unconstrained build operations Thread 4" [_thread_blocked, id=7496, stack(0x000000fdc1a00000,0x000000fdc1b00000)]
  0x00000269785592e0 JavaThread "Unconstrained build operations Thread 5" [_thread_blocked, id=3364, stack(0x000000fdc1b00000,0x000000fdc1c00000)]
  0x0000026978556040 JavaThread "Unconstrained build operations Thread 6" [_thread_blocked, id=3784, stack(0x000000fdc1d00000,0x000000fdc1e00000)]

Other Threads:
  0x000002691eb66420 VMThread "VM Thread" [stack: 0x000000fdbf100000,0x000000fdbf200000] [id=12792] _threads_hazard_ptr=0x000002697cc9dac0
  0x000002697facc1b0 WatcherThread [stack: 0x000000fdbfd00000,0x000000fdbfe00000] [id=3800]
  0x000002697fb291d0 GCTaskThread "GC Thread#0" [stack: 0x000000fdbec00000,0x000000fdbed00000] [id=8440]
  0x000002691ee89b10 GCTaskThread "GC Thread#1" [stack: 0x000000fdbff00000,0x000000fdc0000000] [id=1380]
  0x000002691ee61110 GCTaskThread "GC Thread#2" [stack: 0x000000fdc0000000,0x000000fdc0100000] [id=9992]
  0x00000269647fe8d0 GCTaskThread "GC Thread#3" [stack: 0x000000fdc0100000,0x000000fdc0200000] [id=5096]
  0x000002697fb3ad00 ConcurrentGCThread "G1 Main Marker" [stack: 0x000000fdbed00000,0x000000fdbee00000] [id=5804]
  0x000002697fb3bdd0 ConcurrentGCThread "G1 Conc#0" [stack: 0x000000fdbee00000,0x000000fdbef00000] [id=2484]
  0x000002691ea184f0 ConcurrentGCThread "G1 Refine#0" [stack: 0x000000fdbef00000,0x000000fdbf000000] [id=784]
  0x00000269674af200 ConcurrentGCThread "G1 Refine#1" [stack: 0x000000fdc1c00000,0x000000fdc1d00000] [id=5252]
  0x00000269674af4f0 ConcurrentGCThread "G1 Refine#2" [stack: 0x000000fdc2500000,0x000000fdc2600000] [id=10976]
  0x000002691ea19be0 ConcurrentGCThread "G1 Service" [stack: 0x000000fdbf000000,0x000000fdbf100000] [id=11808]

Threads with active compile tasks:

VM state: synchronizing (normal execution)

VM Mutex/Monitor currently owned by a thread:  ([mutex/lock_event])
[0x000002697fab0d10] Threads_lock - owner thread: 0x000002691eb66420

Heap address: 0x0000000080000000, size: 2048 MB, Compressed Oops mode: 32-bit

CDS archive(s) mapped at: [0x000002691f000000-0x000002691fbb0000-0x000002691fbb0000), size 12255232, SharedBaseAddress: 0x000002691f000000, ArchiveRelocationMode: 1.
Compressed class space mapped at: 0x0000026920000000-0x0000026960000000, reserved size: 1073741824
Narrow klass base: 0x000002691f000000, Narrow klass shift: 0, Narrow klass range: 0x100000000

GC Precious Log:
 CPUs: 4 total, 4 available
 Memory: 8072M
 Large Page Support: Disabled
 NUMA Support: Disabled
 Compressed Oops: Enabled (32-bit)
 Heap Region Size: 1M
 Heap Min Capacity: 8M
 Heap Initial Capacity: 128M
 Heap Max Capacity: 2G
 Pre-touch: Disabled
 Parallel Workers: 4
 Concurrent Workers: 1
 Concurrent Refinement Workers: 4
 Periodic GC: Disabled

Heap:
 garbage-first heap   total 1495040K, used 555513K [0x0000000080000000, 0x0000000100000000)
  region size 1024K, 44 young (45056K), 3 survivors (3072K)
 Metaspace       used 261750K, committed 265344K, reserved 1310720K
  class space    used 32934K, committed 34752K, reserved 1048576K

Heap Regions: E=young(eden), S=young(survivor), O=old, HS=humongous(starts), HC=humongous(continues), CS=collection set, F=free, OA=open archive, CA=closed archive, TAMS=top-at-mark-start (previous, next)
|   0|0x0000000080000000, 0x0000000080100000, 0x0000000080100000|100%|HS|  |TAMS 0x0000000080100000, 0x0000000080000000| Complete 
|   1|0x0000000080100000, 0x0000000080200000, 0x0000000080200000|100%|HC|  |TAMS 0x0000000080200000, 0x0000000080100000| Complete 
|   2|0x0000000080200000, 0x0000000080300000, 0x0000000080300000|100%|HC|  |TAMS 0x0000000080300000, 0x0000000080200000| Complete 
|   3|0x0000000080300000, 0x0000000080400000, 0x0000000080400000|100%| O|  |TAMS 0x0000000080400000, 0x0000000080300000| Untracked 
|   4|0x0000000080400000, 0x0000000080500000, 0x0000000080500000|100%| O|  |TAMS 0x0000000080500000, 0x0000000080400000| Untracked 
|   5|0x0000000080500000, 0x0000000080600000, 0x0000000080600000|100%| O|  |TAMS 0x0000000080600000, 0x0000000080500000| Untracked 
|   6|0x0000000080600000, 0x0000000080700000, 0x0000000080700000|100%| O|  |TAMS 0x0000000080700000, 0x0000000080600000| Untracked 
|   7|0x0000000080700000, 0x0000000080800000, 0x0000000080800000|100%|HS|  |TAMS 0x0000000080800000, 0x0000000080700000| Complete 
|   8|0x0000000080800000, 0x0000000080900000, 0x0000000080900000|100%| O|  |TAMS 0x0000000080900000, 0x0000000080800000| Untracked 
|   9|0x0000000080900000, 0x0000000080a00000, 0x0000000080a00000|100%| O|  |TAMS 0x0000000080a00000, 0x0000000080900000| Untracked 
|  10|0x0000000080a00000, 0x0000000080b00000, 0x0000000080b00000|100%| O|  |TAMS 0x0000000080b00000, 0x0000000080a00000| Untracked 
|  11|0x0000000080b00000, 0x0000000080c00000, 0x0000000080c00000|100%| O|  |TAMS 0x0000000080c00000, 0x0000000080b00000| Untracked 
|  12|0x0000000080c00000, 0x0000000080d00000, 0x0000000080d00000|100%| O|  |TAMS 0x0000000080d00000, 0x0000000080c00000| Untracked 
|  13|0x0000000080d00000, 0x0000000080e00000, 0x0000000080e00000|100%| O|  |TAMS 0x0000000080e00000, 0x0000000080d00000| Untracked 
|  14|0x0000000080e00000, 0x0000000080f00000, 0x0000000080f00000|100%| O|  |TAMS 0x0000000080f00000, 0x0000000080e00000| Untracked 
|  15|0x0000000080f00000, 0x0000000081000000, 0x0000000081000000|100%| O|  |TAMS 0x0000000081000000, 0x0000000080f00000| Untracked 
|  16|0x0000000081000000, 0x0000000081100000, 0x0000000081100000|100%| O|  |TAMS 0x0000000081100000, 0x0000000081000000| Untracked 
|  17|0x0000000081100000, 0x0000000081200000, 0x0000000081200000|100%|HS|  |TAMS 0x0000000081200000, 0x0000000081100000| Complete 
|  18|0x0000000081200000, 0x0000000081300000, 0x0000000081300000|100%|HC|  |TAMS 0x0000000081300000, 0x0000000081200000| Complete 
|  19|0x0000000081300000, 0x0000000081400000, 0x0000000081400000|100%|HC|  |TAMS 0x0000000081400000, 0x0000000081300000| Complete 
|  20|0x0000000081400000, 0x0000000081500000, 0x0000000081500000|100%|HC|  |TAMS 0x0000000081500000, 0x0000000081400000| Complete 
|  21|0x0000000081500000, 0x0000000081600000, 0x0000000081600000|100%|HC|  |TAMS 0x0000000081600000, 0x0000000081500000| Complete 
|  22|0x0000000081600000, 0x0000000081700000, 0x0000000081700000|100%|HC|  |TAMS 0x0000000081700000, 0x0000000081600000| Complete 
|  23|0x0000000081700000, 0x0000000081800000, 0x0000000081800000|100%|HS|  |TAMS 0x0000000081800000, 0x0000000081700000| Complete 
|  24|0x0000000081800000, 0x0000000081900000, 0x0000000081900000|100%|HS|  |TAMS 0x0000000081900000, 0x0000000081800000| Complete 
|  25|0x0000000081900000, 0x0000000081a00000, 0x0000000081a00000|100%|HC|  |TAMS 0x0000000081a00000, 0x0000000081900000| Complete 
|  26|0x0000000081a00000, 0x0000000081b00000, 0x0000000081b00000|100%|HS|  |TAMS 0x0000000081b00000, 0x0000000081a00000| Complete 
|  27|0x0000000081b00000, 0x0000000081c00000, 0x0000000081c00000|100%|HC|  |TAMS 0x0000000081c00000, 0x0000000081b00000| Complete 
|  28|0x0000000081c00000, 0x0000000081d00000, 0x0000000081d00000|100%|HC|  |TAMS 0x0000000081d00000, 0x0000000081c00000| Complete 
|  29|0x0000000081d00000, 0x0000000081e00000, 0x0000000081e00000|100%|HC|  |TAMS 0x0000000081e00000, 0x0000000081d00000| Complete 
|  30|0x0000000081e00000, 0x0000000081f00000, 0x0000000081f00000|100%|HS|  |TAMS 0x0000000081f00000, 0x0000000081e00000| Complete 
|  31|0x0000000081f00000, 0x0000000082000000, 0x0000000082000000|100%|HS|  |TAMS 0x0000000082000000, 0x0000000081f00000| Complete 
|  32|0x0000000082000000, 0x0000000082100000, 0x0000000082100000|100%|HC|  |TAMS 0x0000000082100000, 0x0000000082000000| Complete 
|  33|0x0000000082100000, 0x0000000082200000, 0x0000000082200000|100%|HC|  |TAMS 0x0000000082200000, 0x0000000082100000| Complete 
|  34|0x0000000082200000, 0x0000000082300000, 0x0000000082300000|100%|HC|  |TAMS 0x0000000082300000, 0x0000000082200000| Complete 
|  35|0x0000000082300000, 0x0000000082400000, 0x0000000082400000|100%|HC|  |TAMS 0x0000000082400000, 0x0000000082300000| Complete 
|  36|0x0000000082400000, 0x0000000082500000, 0x0000000082500000|100%|HC|  |TAMS 0x0000000082500000, 0x0000000082400000| Complete 
|  37|0x0000000082500000, 0x0000000082600000, 0x0000000082600000|100%|HS|  |TAMS 0x0000000082600000, 0x0000000082500000| Complete 
|  38|0x0000000082600000, 0x0000000082700000, 0x0000000082700000|100%|HS|  |TAMS 0x0000000082700000, 0x0000000082600000| Complete 
|  39|0x0000000082700000, 0x0000000082800000, 0x0000000082800000|100%|HC|  |TAMS 0x0000000082800000, 0x0000000082700000| Complete 
|  40|0x0000000082800000, 0x0000000082900000, 0x0000000082900000|100%| O|  |TAMS 0x0000000082900000, 0x0000000082800000| Untracked 
|  41|0x0000000082900000, 0x0000000082a00000, 0x0000000082a00000|100%| O|  |TAMS 0x0000000082a00000, 0x0000000082900000| Untracked 
|  42|0x0000000082a00000, 0x0000000082b00000, 0x0000000082b00000|100%| O|  |TAMS 0x0000000082b00000, 0x0000000082a00000| Untracked 
|  43|0x0000000082b00000, 0x0000000082c00000, 0x0000000082c00000|100%| O|  |TAMS 0x0000000082c00000, 0x0000000082b00000| Untracked 
|  44|0x0000000082c00000, 0x0000000082d00000, 0x0000000082d00000|100%| O|  |TAMS 0x0000000082d00000, 0x0000000082c00000| Untracked 
|  45|0x0000000082d00000, 0x0000000082e00000, 0x0000000082e00000|100%| O|  |TAMS 0x0000000082e00000, 0x0000000082d00000| Untracked 
|  46|0x0000000082e00000, 0x0000000082f00000, 0x0000000082f00000|100%| O|  |TAMS 0x0000000082f00000, 0x0000000082e00000| Untracked 
|  47|0x0000000082f00000, 0x0000000083000000, 0x0000000083000000|100%| O|  |TAMS 0x0000000083000000, 0x0000000082f00000| Untracked 
|  48|0x0000000083000000, 0x0000000083100000, 0x0000000083100000|100%| O|  |TAMS 0x0000000083100000, 0x0000000083000000| Untracked 
|  49|0x0000000083100000, 0x0000000083200000, 0x0000000083200000|100%| O|  |TAMS 0x0000000083200000, 0x0000000083100000| Untracked 
|  50|0x0000000083200000, 0x0000000083300000, 0x0000000083300000|100%| O|  |TAMS 0x0000000083300000, 0x0000000083200000| Untracked 
|  51|0x0000000083300000, 0x0000000083400000, 0x0000000083400000|100%| O|  |TAMS 0x0000000083400000, 0x0000000083300000| Untracked 
|  52|0x0000000083400000, 0x0000000083500000, 0x0000000083500000|100%| O|  |TAMS 0x0000000083500000, 0x0000000083400000| Untracked 
|  53|0x0000000083500000, 0x0000000083600000, 0x0000000083600000|100%|HS|  |TAMS 0x0000000083600000, 0x0000000083500000| Complete 
|  54|0x0000000083600000, 0x0000000083700000, 0x0000000083700000|100%|HC|  |TAMS 0x0000000083700000, 0x0000000083600000| Complete 
|  55|0x0000000083700000, 0x0000000083800000, 0x0000000083800000|100%|HC|  |TAMS 0x0000000083800000, 0x0000000083700000| Complete 
|  56|0x0000000083800000, 0x0000000083900000, 0x0000000083900000|100%|HC|  |TAMS 0x0000000083900000, 0x0000000083800000| Complete 
|  57|0x0000000083900000, 0x0000000083a00000, 0x0000000083a00000|100%|HS|  |TAMS 0x0000000083a00000, 0x0000000083900000| Complete 
|  58|0x0000000083a00000, 0x0000000083b00000, 0x0000000083b00000|100%| O|  |TAMS 0x0000000083b00000, 0x0000000083a00000| Untracked 
|  59|0x0000000083b00000, 0x0000000083c00000, 0x0000000083c00000|100%| O|  |TAMS 0x0000000083c00000, 0x0000000083b00000| Untracked 
|  60|0x0000000083c00000, 0x0000000083d00000, 0x0000000083d00000|100%| O|  |TAMS 0x0000000083d00000, 0x0000000083c00000| Untracked 
|  61|0x0000000083d00000, 0x0000000083e00000, 0x0000000083e00000|100%| O|  |TAMS 0x0000000083e00000, 0x0000000083d00000| Untracked 
|  62|0x0000000083e00000, 0x0000000083f00000, 0x0000000083f00000|100%| O|  |TAMS 0x0000000083f00000, 0x0000000083e00000| Untracked 
|  63|0x0000000083f00000, 0x0000000084000000, 0x0000000084000000|100%| O|  |TAMS 0x0000000084000000, 0x0000000083f00000| Untracked 
|  64|0x0000000084000000, 0x0000000084100000, 0x0000000084100000|100%| O|  |TAMS 0x0000000084100000, 0x0000000084000000| Untracked 
|  65|0x0000000084100000, 0x0000000084200000, 0x0000000084200000|100%| O|  |TAMS 0x0000000084200000, 0x0000000084100000| Untracked 
|  66|0x0000000084200000, 0x0000000084300000, 0x0000000084300000|100%|HS|  |TAMS 0x0000000084300000, 0x0000000084200000| Complete 
|  67|0x0000000084300000, 0x0000000084400000, 0x0000000084400000|100%|HC|  |TAMS 0x0000000084400000, 0x0000000084300000| Complete 
|  68|0x0000000084400000, 0x0000000084500000, 0x0000000084500000|100%| O|  |TAMS 0x0000000084500000, 0x0000000084400000| Untracked 
|  69|0x0000000084500000, 0x0000000084600000, 0x0000000084600000|100%| O|  |TAMS 0x0000000084600000, 0x0000000084500000| Untracked 
|  70|0x0000000084600000, 0x0000000084700000, 0x0000000084700000|100%| O|  |TAMS 0x0000000084700000, 0x0000000084600000| Untracked 
|  71|0x0000000084700000, 0x0000000084800000, 0x0000000084800000|100%| O|  |TAMS 0x0000000084800000, 0x0000000084700000| Untracked 
|  72|0x0000000084800000, 0x0000000084900000, 0x0000000084900000|100%|HS|  |TAMS 0x0000000084900000, 0x0000000084800000| Complete 
|  73|0x0000000084900000, 0x0000000084a00000, 0x0000000084a00000|100%|HC|  |TAMS 0x0000000084a00000, 0x0000000084900000| Complete 
|  74|0x0000000084a00000, 0x0000000084b00000, 0x0000000084b00000|100%|HC|  |TAMS 0x0000000084b00000, 0x0000000084a00000| Complete 
|  75|0x0000000084b00000, 0x0000000084c00000, 0x0000000084c00000|100%|HC|  |TAMS 0x0000000084c00000, 0x0000000084b00000| Complete 
|  76|0x0000000084c00000, 0x0000000084d00000, 0x0000000084d00000|100%|HC|  |TAMS 0x0000000084d00000, 0x0000000084c00000| Complete 
|  77|0x0000000084d00000, 0x0000000084e00000, 0x0000000084e00000|100%|HC|  |TAMS 0x0000000084e00000, 0x0000000084d00000| Complete 
|  78|0x0000000084e00000, 0x0000000084f00000, 0x0000000084f00000|100%|HS|  |TAMS 0x0000000084f00000, 0x0000000084e00000| Complete 
|  79|0x0000000084f00000, 0x0000000085000000, 0x0000000085000000|100%|HS|  |TAMS 0x0000000085000000, 0x0000000084f00000| Complete 
|  80|0x0000000085000000, 0x0000000085100000, 0x0000000085100000|100%|HC|  |TAMS 0x0000000085100000, 0x0000000085000000| Complete 
|  81|0x0000000085100000, 0x0000000085200000, 0x0000000085200000|100%|HC|  |TAMS 0x0000000085200000, 0x0000000085100000| Complete 
|  82|0x0000000085200000, 0x0000000085300000, 0x0000000085300000|100%|HC|  |TAMS 0x0000000085300000, 0x0000000085200000| Complete 
|  83|0x0000000085300000, 0x0000000085400000, 0x0000000085400000|100%|HC|  |TAMS 0x0000000085400000, 0x0000000085300000| Complete 
|  84|0x0000000085400000, 0x0000000085500000, 0x0000000085500000|100%|HC|  |TAMS 0x0000000085500000, 0x0000000085400000| Complete 
|  85|0x0000000085500000, 0x0000000085600000, 0x0000000085600000|100%|HS|  |TAMS 0x0000000085600000, 0x0000000085500000| Complete 
|  86|0x0000000085600000, 0x0000000085700000, 0x0000000085700000|100%| O|  |TAMS 0x0000000085700000, 0x0000000085600000| Untracked 
|  87|0x0000000085700000, 0x0000000085800000, 0x0000000085800000|100%| O|  |TAMS 0x0000000085800000, 0x0000000085700000| Untracked 
|  88|0x0000000085800000, 0x0000000085900000, 0x0000000085900000|100%| O|  |TAMS 0x0000000085900000, 0x0000000085800000| Untracked 
|  89|0x0000000085900000, 0x0000000085a00000, 0x0000000085a00000|100%| O|  |TAMS 0x0000000085a00000, 0x0000000085900000| Untracked 
|  90|0x0000000085a00000, 0x0000000085b00000, 0x0000000085b00000|100%| O|  |TAMS 0x0000000085b00000, 0x0000000085a00000| Untracked 
|  91|0x0000000085b00000, 0x0000000085c00000, 0x0000000085c00000|100%| O|  |TAMS 0x0000000085c00000, 0x0000000085b00000| Untracked 
|  92|0x0000000085c00000, 0x0000000085d00000, 0x0000000085d00000|100%| O|  |TAMS 0x0000000085d00000, 0x0000000085c00000| Untracked 
|  93|0x0000000085d00000, 0x0000000085e00000, 0x0000000085e00000|100%| O|  |TAMS 0x0000000085e00000, 0x0000000085d00000| Untracked 
|  94|0x0000000085e00000, 0x0000000085f00000, 0x0000000085f00000|100%| O|  |TAMS 0x0000000085f00000, 0x0000000085e00000| Untracked 
|  95|0x0000000085f00000, 0x0000000086000000, 0x0000000086000000|100%| O|  |TAMS 0x0000000086000000, 0x0000000085f00000| Untracked 
|  96|0x0000000086000000, 0x0000000086100000, 0x0000000086100000|100%| O|  |TAMS 0x0000000086100000, 0x0000000086000000| Untracked 
|  97|0x0000000086100000, 0x0000000086200000, 0x0000000086200000|100%| O|  |TAMS 0x0000000086200000, 0x0000000086100000| Untracked 
|  98|0x0000000086200000, 0x0000000086300000, 0x0000000086300000|100%| O|  |TAMS 0x0000000086300000, 0x0000000086200000| Untracked 
|  99|0x0000000086300000, 0x0000000086400000, 0x0000000086400000|100%| O|  |TAMS 0x0000000086400000, 0x0000000086300000| Untracked 
| 100|0x0000000086400000, 0x0000000086500000, 0x0000000086500000|100%| O|  |TAMS 0x0000000086500000, 0x0000000086400000| Untracked 
| 101|0x0000000086500000, 0x0000000086600000, 0x0000000086600000|100%| O|  |TAMS 0x0000000086600000, 0x0000000086500000| Untracked 
| 102|0x0000000086600000, 0x0000000086700000, 0x0000000086700000|100%| O|  |TAMS 0x0000000086700000, 0x0000000086600000| Untracked 
| 103|0x0000000086700000, 0x0000000086800000, 0x0000000086800000|100%| O|  |TAMS 0x0000000086800000, 0x0000000086700000| Untracked 
| 104|0x0000000086800000, 0x0000000086900000, 0x0000000086900000|100%| O|  |TAMS 0x0000000086900000, 0x0000000086800000| Untracked 
| 105|0x0000000086900000, 0x0000000086a00000, 0x0000000086a00000|100%| O|  |TAMS 0x0000000086a00000, 0x0000000086900000| Untracked 
| 106|0x0000000086a00000, 0x0000000086b00000, 0x0000000086b00000|100%| O|  |TAMS 0x0000000086b00000, 0x0000000086a00000| Untracked 
| 107|0x0000000086b00000, 0x0000000086c00000, 0x0000000086c00000|100%| O|  |TAMS 0x0000000086c00000, 0x0000000086b00000| Untracked 
| 108|0x0000000086c00000, 0x0000000086d00000, 0x0000000086d00000|100%| O|  |TAMS 0x0000000086d00000, 0x0000000086c00000| Untracked 
| 109|0x0000000086d00000, 0x0000000086e00000, 0x0000000086e00000|100%| O|  |TAMS 0x0000000086e00000, 0x0000000086d00000| Untracked 
| 110|0x0000000086e00000, 0x0000000086f00000, 0x0000000086f00000|100%| O|  |TAMS 0x0000000086f00000, 0x0000000086e00000| Untracked 
| 111|0x0000000086f00000, 0x0000000087000000, 0x0000000087000000|100%| O|  |TAMS 0x0000000087000000, 0x0000000086f00000| Untracked 
| 112|0x0000000087000000, 0x0000000087100000, 0x0000000087100000|100%| O|  |TAMS 0x0000000087100000, 0x0000000087000000| Untracked 
| 113|0x0000000087100000, 0x0000000087200000, 0x0000000087200000|100%| O|  |TAMS 0x0000000087200000, 0x0000000087100000| Untracked 
| 114|0x0000000087200000, 0x0000000087300000, 0x0000000087300000|100%| O|  |TAMS 0x0000000087300000, 0x0000000087200000| Untracked 
| 115|0x0000000087300000, 0x0000000087400000, 0x0000000087400000|100%| O|  |TAMS 0x0000000087400000, 0x0000000087300000| Untracked 
| 116|0x0000000087400000, 0x0000000087500000, 0x0000000087500000|100%| O|  |TAMS 0x0000000087500000, 0x0000000087400000| Untracked 
| 117|0x0000000087500000, 0x0000000087600000, 0x0000000087600000|100%| O|  |TAMS 0x0000000087600000, 0x0000000087500000| Untracked 
| 118|0x0000000087600000, 0x0000000087700000, 0x0000000087700000|100%| O|  |TAMS 0x0000000087700000, 0x0000000087600000| Untracked 
| 119|0x0000000087700000, 0x0000000087800000, 0x0000000087800000|100%| O|  |TAMS 0x0000000087700000, 0x0000000087700000| Untracked 
| 120|0x0000000087800000, 0x0000000087900000, 0x0000000087900000|100%| O|  |TAMS 0x0000000087800000, 0x0000000087800000| Untracked 
| 121|0x0000000087900000, 0x0000000087a00000, 0x0000000087a00000|100%| O|  |TAMS 0x0000000087a00000, 0x0000000087900000| Untracked 
| 122|0x0000000087a00000, 0x0000000087b00000, 0x0000000087b00000|100%| O|  |TAMS 0x0000000087a00000, 0x0000000087a00000| Untracked 
| 123|0x0000000087b00000, 0x0000000087c00000, 0x0000000087c00000|100%| O|  |TAMS 0x0000000087c00000, 0x0000000087b00000| Untracked 
| 124|0x0000000087c00000, 0x0000000087d00000, 0x0000000087d00000|100%| O|  |TAMS 0x0000000087d00000, 0x0000000087c00000| Untracked 
| 125|0x0000000087d00000, 0x0000000087e00000, 0x0000000087e00000|100%| O|  |TAMS 0x0000000087e00000, 0x0000000087d00000| Untracked 
| 126|0x0000000087e00000, 0x0000000087f00000, 0x0000000087f00000|100%| O|  |TAMS 0x0000000087e00000, 0x0000000087e00000| Untracked 
| 127|0x0000000087f00000, 0x0000000088000000, 0x0000000088000000|100%| O|  |TAMS 0x0000000088000000, 0x0000000087f00000| Untracked 
| 128|0x0000000088000000, 0x0000000088100000, 0x0000000088100000|100%| O|  |TAMS 0x0000000088100000, 0x0000000088000000| Untracked 
| 129|0x0000000088100000, 0x0000000088200000, 0x0000000088200000|100%| O|  |TAMS 0x0000000088100000, 0x0000000088100000| Untracked 
| 130|0x0000000088200000, 0x0000000088300000, 0x0000000088300000|100%| O|  |TAMS 0x0000000088200000, 0x0000000088200000| Untracked 
| 131|0x0000000088300000, 0x0000000088400000, 0x0000000088400000|100%|HS|  |TAMS 0x0000000088400000, 0x0000000088300000| Complete 
| 132|0x0000000088400000, 0x0000000088500000, 0x0000000088500000|100%| O|  |TAMS 0x0000000088400000, 0x0000000088400000| Untracked 
| 133|0x0000000088500000, 0x0000000088600000, 0x0000000088600000|100%|HS|  |TAMS 0x0000000088600000, 0x0000000088500000| Complete 
| 134|0x0000000088600000, 0x0000000088700000, 0x0000000088700000|100%|HC|  |TAMS 0x0000000088700000, 0x0000000088600000| Complete 
| 135|0x0000000088700000, 0x0000000088800000, 0x0000000088800000|100%|HC|  |TAMS 0x0000000088800000, 0x0000000088700000| Complete 
| 136|0x0000000088800000, 0x0000000088900000, 0x0000000088900000|100%| O|  |TAMS 0x0000000088800000, 0x0000000088800000| Untracked 
| 137|0x0000000088900000, 0x0000000088a00000, 0x0000000088a00000|100%| O|  |TAMS 0x0000000088a00000, 0x0000000088900000| Untracked 
| 138|0x0000000088a00000, 0x0000000088b00000, 0x0000000088b00000|100%|HS|  |TAMS 0x0000000088b00000, 0x0000000088a00000| Complete 
| 139|0x0000000088b00000, 0x0000000088c00000, 0x0000000088c00000|100%| O|  |TAMS 0x0000000088c00000, 0x0000000088b00000| Untracked 
| 140|0x0000000088c00000, 0x0000000088d00000, 0x0000000088d00000|100%| O|  |TAMS 0x0000000088d00000, 0x0000000088c00000| Untracked 
| 141|0x0000000088d00000, 0x0000000088e00000, 0x0000000088e00000|100%| O|  |TAMS 0x0000000088e00000, 0x0000000088d00000| Untracked 
| 142|0x0000000088e00000, 0x0000000088f00000, 0x0000000088f00000|100%| O|  |TAMS 0x0000000088f00000, 0x0000000088e00000| Untracked 
| 143|0x0000000088f00000, 0x0000000089000000, 0x0000000089000000|100%| O|  |TAMS 0x0000000088f00000, 0x0000000088f00000| Untracked 
| 144|0x0000000089000000, 0x0000000089100000, 0x0000000089100000|100%| O|  |TAMS 0x0000000089100000, 0x0000000089000000| Untracked 
| 145|0x0000000089100000, 0x0000000089200000, 0x0000000089200000|100%| O|  |TAMS 0x0000000089200000, 0x0000000089100000| Untracked 
| 146|0x0000000089200000, 0x0000000089300000, 0x0000000089300000|100%| O|  |TAMS 0x0000000089300000, 0x0000000089200000| Untracked 
| 147|0x0000000089300000, 0x0000000089400000, 0x0000000089400000|100%| O|  |TAMS 0x0000000089400000, 0x0000000089300000| Untracked 
| 148|0x0000000089400000, 0x0000000089500000, 0x0000000089500000|100%| O|  |TAMS 0x0000000089400000, 0x0000000089400000| Untracked 
| 149|0x0000000089500000, 0x0000000089600000, 0x0000000089600000|100%| O|  |TAMS 0x0000000089500000, 0x0000000089500000| Untracked 
| 150|0x0000000089600000, 0x0000000089700000, 0x0000000089700000|100%| O|  |TAMS 0x0000000089600000, 0x0000000089600000| Untracked 
| 151|0x0000000089700000, 0x0000000089800000, 0x0000000089800000|100%| O|  |TAMS 0x0000000089800000, 0x0000000089700000| Untracked 
| 152|0x0000000089800000, 0x0000000089900000, 0x0000000089900000|100%|HS|  |TAMS 0x0000000089900000, 0x0000000089800000| Complete 
| 153|0x0000000089900000, 0x0000000089a00000, 0x0000000089a00000|100%|HS|  |TAMS 0x0000000089a00000, 0x0000000089900000| Complete 
| 154|0x0000000089a00000, 0x0000000089b00000, 0x0000000089b00000|100%|HS|  |TAMS 0x0000000089b00000, 0x0000000089a00000| Complete 
| 155|0x0000000089b00000, 0x0000000089c00000, 0x0000000089c00000|100%|HC|  |TAMS 0x0000000089c00000, 0x0000000089b00000| Complete 
| 156|0x0000000089c00000, 0x0000000089d00000, 0x0000000089d00000|100%|HS|  |TAMS 0x0000000089d00000, 0x0000000089c00000| Complete 
| 157|0x0000000089d00000, 0x0000000089e00000, 0x0000000089e00000|100%|HC|  |TAMS 0x0000000089e00000, 0x0000000089d00000| Complete 
| 158|0x0000000089e00000, 0x0000000089f00000, 0x0000000089f00000|100%|HC|  |TAMS 0x0000000089f00000, 0x0000000089e00000| Complete 
| 159|0x0000000089f00000, 0x000000008a000000, 0x000000008a000000|100%| O|  |TAMS 0x000000008a000000, 0x0000000089f00000| Untracked 
| 160|0x000000008a000000, 0x000000008a100000, 0x000000008a100000|100%| O|  |TAMS 0x000000008a100000, 0x000000008a000000| Untracked 
| 161|0x000000008a100000, 0x000000008a200000, 0x000000008a200000|100%| O|  |TAMS 0x000000008a200000, 0x000000008a100000| Untracked 
| 162|0x000000008a200000, 0x000000008a300000, 0x000000008a300000|100%| O|  |TAMS 0x000000008a300000, 0x000000008a200000| Untracked 
| 163|0x000000008a300000, 0x000000008a400000, 0x000000008a400000|100%| O|  |TAMS 0x000000008a400000, 0x000000008a300000| Untracked 
| 164|0x000000008a400000, 0x000000008a500000, 0x000000008a500000|100%| O|  |TAMS 0x000000008a500000, 0x000000008a400000| Untracked 
| 165|0x000000008a500000, 0x000000008a600000, 0x000000008a600000|100%| O|  |TAMS 0x000000008a600000, 0x000000008a500000| Untracked 
| 166|0x000000008a600000, 0x000000008a700000, 0x000000008a700000|100%| O|  |TAMS 0x000000008a700000, 0x000000008a600000| Untracked 
| 167|0x000000008a700000, 0x000000008a800000, 0x000000008a800000|100%| O|  |TAMS 0x000000008a700000, 0x000000008a700000| Untracked 
| 168|0x000000008a800000, 0x000000008a900000, 0x000000008a900000|100%| O|  |TAMS 0x000000008a800000, 0x000000008a800000| Untracked 
| 169|0x000000008a900000, 0x000000008aa00000, 0x000000008aa00000|100%| O|  |TAMS 0x000000008aa00000, 0x000000008a900000| Untracked 
| 170|0x000000008aa00000, 0x000000008ab00000, 0x000000008ab00000|100%| O|  |TAMS 0x000000008aa00000, 0x000000008aa00000| Untracked 
| 171|0x000000008ab00000, 0x000000008ac00000, 0x000000008ac00000|100%| O|  |TAMS 0x000000008ac00000, 0x000000008ab00000| Untracked 
| 172|0x000000008ac00000, 0x000000008ad00000, 0x000000008ad00000|100%| O|  |TAMS 0x000000008ad00000, 0x000000008ac00000| Untracked 
| 173|0x000000008ad00000, 0x000000008ae00000, 0x000000008ae00000|100%| O|  |TAMS 0x000000008ae00000, 0x000000008ad00000| Untracked 
| 174|0x000000008ae00000, 0x000000008af00000, 0x000000008af00000|100%| O|  |TAMS 0x000000008af00000, 0x000000008ae00000| Untracked 
| 175|0x000000008af00000, 0x000000008b000000, 0x000000008b000000|100%| O|  |TAMS 0x000000008b000000, 0x000000008af00000| Untracked 
| 176|0x000000008b000000, 0x000000008b100000, 0x000000008b100000|100%|HS|  |TAMS 0x000000008b100000, 0x000000008b000000| Complete 
| 177|0x000000008b100000, 0x000000008b200000, 0x000000008b200000|100%| O|  |TAMS 0x000000008b200000, 0x000000008b100000| Untracked 
| 178|0x000000008b200000, 0x000000008b300000, 0x000000008b300000|100%| O|  |TAMS 0x000000008b300000, 0x000000008b200000| Untracked 
| 179|0x000000008b300000, 0x000000008b400000, 0x000000008b400000|100%| O|  |TAMS 0x000000008b300000, 0x000000008b300000| Untracked 
| 180|0x000000008b400000, 0x000000008b500000, 0x000000008b500000|100%| O|  |TAMS 0x000000008b500000, 0x000000008b400000| Untracked 
| 181|0x000000008b500000, 0x000000008b600000, 0x000000008b600000|100%| O|  |TAMS 0x000000008b600000, 0x000000008b500000| Untracked 
| 182|0x000000008b600000, 0x000000008b700000, 0x000000008b700000|100%| O|  |TAMS 0x000000008b600000, 0x000000008b600000| Untracked 
| 183|0x000000008b700000, 0x000000008b800000, 0x000000008b800000|100%| O|  |TAMS 0x000000008b800000, 0x000000008b700000| Untracked 
| 184|0x000000008b800000, 0x000000008b900000, 0x000000008b900000|100%| O|  |TAMS 0x000000008b800000, 0x000000008b800000| Untracked 
| 185|0x000000008b900000, 0x000000008ba00000, 0x000000008ba00000|100%|HS|  |TAMS 0x000000008ba00000, 0x000000008b900000| Complete 
| 186|0x000000008ba00000, 0x000000008bb00000, 0x000000008bb00000|100%| O|  |TAMS 0x000000008bb00000, 0x000000008ba00000| Untracked 
| 187|0x000000008bb00000, 0x000000008bc00000, 0x000000008bc00000|100%| O|  |TAMS 0x000000008bc00000, 0x000000008bb00000| Untracked 
| 188|0x000000008bc00000, 0x000000008bd00000, 0x000000008bd00000|100%| O|  |TAMS 0x000000008bd00000, 0x000000008bc00000| Untracked 
| 189|0x000000008bd00000, 0x000000008be00000, 0x000000008be00000|100%| O|  |TAMS 0x000000008be00000, 0x000000008bd00000| Untracked 
| 190|0x000000008be00000, 0x000000008bf00000, 0x000000008bf00000|100%| O|  |TAMS 0x000000008bf00000, 0x000000008be00000| Untracked 
| 191|0x000000008bf00000, 0x000000008c000000, 0x000000008c000000|100%|HS|  |TAMS 0x000000008c000000, 0x000000008bf00000| Complete 
| 192|0x000000008c000000, 0x000000008c100000, 0x000000008c100000|100%|HC|  |TAMS 0x000000008c100000, 0x000000008c000000| Complete 
| 193|0x000000008c100000, 0x000000008c200000, 0x000000008c200000|100%| O|  |TAMS 0x000000008c200000, 0x000000008c100000| Untracked 
| 194|0x000000008c200000, 0x000000008c300000, 0x000000008c300000|100%|HS|  |TAMS 0x000000008c300000, 0x000000008c200000| Complete 
| 195|0x000000008c300000, 0x000000008c400000, 0x000000008c400000|100%| O|  |TAMS 0x000000008c400000, 0x000000008c300000| Untracked 
| 196|0x000000008c400000, 0x000000008c500000, 0x000000008c500000|100%| O|  |TAMS 0x000000008c500000, 0x000000008c400000| Untracked 
| 197|0x000000008c500000, 0x000000008c600000, 0x000000008c600000|100%| O|  |TAMS 0x000000008c600000, 0x000000008c500000| Untracked 
| 198|0x000000008c600000, 0x000000008c700000, 0x000000008c700000|100%| O|  |TAMS 0x000000008c700000, 0x000000008c600000| Untracked 
| 199|0x000000008c700000, 0x000000008c800000, 0x000000008c800000|100%| O|  |TAMS 0x000000008c800000, 0x000000008c700000| Untracked 
| 200|0x000000008c800000, 0x000000008c900000, 0x000000008c900000|100%| O|  |TAMS 0x000000008c900000, 0x000000008c800000| Untracked 
| 201|0x000000008c900000, 0x000000008ca00000, 0x000000008ca00000|100%| O|  |TAMS 0x000000008ca00000, 0x000000008c900000| Untracked 
| 202|0x000000008ca00000, 0x000000008cb00000, 0x000000008cb00000|100%| O|  |TAMS 0x000000008cb00000, 0x000000008ca00000| Untracked 
| 203|0x000000008cb00000, 0x000000008cc00000, 0x000000008cc00000|100%| O|  |TAMS 0x000000008cb00000, 0x000000008cb00000| Untracked 
| 204|0x000000008cc00000, 0x000000008cd00000, 0x000000008cd00000|100%| O|  |TAMS 0x000000008cc00000, 0x000000008cc00000| Untracked 
| 205|0x000000008cd00000, 0x000000008ce00000, 0x000000008ce00000|100%| O|  |TAMS 0x000000008cd00000, 0x000000008cd00000| Untracked 
| 206|0x000000008ce00000, 0x000000008cf00000, 0x000000008cf00000|100%| O|  |TAMS 0x000000008cf00000, 0x000000008ce00000| Untracked 
| 207|0x000000008cf00000, 0x000000008d000000, 0x000000008d000000|100%| O|  |TAMS 0x000000008d000000, 0x000000008cf00000| Untracked 
| 208|0x000000008d000000, 0x000000008d100000, 0x000000008d100000|100%| O|  |TAMS 0x000000008d000000, 0x000000008d000000| Untracked 
| 209|0x000000008d100000, 0x000000008d200000, 0x000000008d200000|100%| O|  |TAMS 0x000000008d200000, 0x000000008d100000| Untracked 
| 210|0x000000008d200000, 0x000000008d300000, 0x000000008d300000|100%| O|  |TAMS 0x000000008d300000, 0x000000008d200000| Untracked 
| 211|0x000000008d300000, 0x000000008d400000, 0x000000008d400000|100%| O|  |TAMS 0x000000008d400000, 0x000000008d300000| Untracked 
| 212|0x000000008d400000, 0x000000008d500000, 0x000000008d500000|100%| O|  |TAMS 0x000000008d400000, 0x000000008d400000| Untracked 
| 213|0x000000008d500000, 0x000000008d600000, 0x000000008d600000|100%| O|  |TAMS 0x000000008d500000, 0x000000008d500000| Untracked 
| 214|0x000000008d600000, 0x000000008d700000, 0x000000008d700000|100%| O|  |TAMS 0x000000008d600000, 0x000000008d600000| Untracked 
| 215|0x000000008d700000, 0x000000008d800000, 0x000000008d800000|100%| O|  |TAMS 0x000000008d700000, 0x000000008d700000| Untracked 
| 216|0x000000008d800000, 0x000000008d900000, 0x000000008d900000|100%| O|  |TAMS 0x000000008d900000, 0x000000008d800000| Untracked 
| 217|0x000000008d900000, 0x000000008da00000, 0x000000008da00000|100%| O|  |TAMS 0x000000008d900000, 0x000000008d900000| Untracked 
| 218|0x000000008da00000, 0x000000008db00000, 0x000000008db00000|100%| O|  |TAMS 0x000000008da00000, 0x000000008da00000| Untracked 
| 219|0x000000008db00000, 0x000000008dc00000, 0x000000008dc00000|100%| O|  |TAMS 0x000000008db00000, 0x000000008db00000| Untracked 
| 220|0x000000008dc00000, 0x000000008dd00000, 0x000000008dd00000|100%| O|  |TAMS 0x000000008dc00000, 0x000000008dc00000| Untracked 
| 221|0x000000008dd00000, 0x000000008de00000, 0x000000008de00000|100%| O|  |TAMS 0x000000008de00000, 0x000000008dd00000| Untracked 
| 222|0x000000008de00000, 0x000000008df00000, 0x000000008df00000|100%| O|  |TAMS 0x000000008de00000, 0x000000008de00000| Untracked 
| 223|0x000000008df00000, 0x000000008e000000, 0x000000008e000000|100%| O|  |TAMS 0x000000008df00000, 0x000000008df00000| Untracked 
| 224|0x000000008e000000, 0x000000008e100000, 0x000000008e100000|100%| O|  |TAMS 0x000000008e000000, 0x000000008e000000| Untracked 
| 225|0x000000008e100000, 0x000000008e200000, 0x000000008e200000|100%| O|  |TAMS 0x000000008e100000, 0x000000008e100000| Untracked 
| 226|0x000000008e200000, 0x000000008e300000, 0x000000008e300000|100%| O|  |TAMS 0x000000008e200000, 0x000000008e200000| Untracked 
| 227|0x000000008e300000, 0x000000008e400000, 0x000000008e400000|100%| O|  |TAMS 0x000000008e300000, 0x000000008e300000| Untracked 
| 228|0x000000008e400000, 0x000000008e500000, 0x000000008e500000|100%| O|  |TAMS 0x000000008e400000, 0x000000008e400000| Untracked 
| 229|0x000000008e500000, 0x000000008e600000, 0x000000008e600000|100%|HS|  |TAMS 0x000000008e500000, 0x000000008e500000| Complete 
| 230|0x000000008e600000, 0x000000008e700000, 0x000000008e700000|100%|HS|  |TAMS 0x000000008e700000, 0x000000008e600000| Complete 
| 231|0x000000008e700000, 0x000000008e800000, 0x000000008e800000|100%|HC|  |TAMS 0x000000008e800000, 0x000000008e700000| Complete 
| 232|0x000000008e800000, 0x000000008e900000, 0x000000008e900000|100%| O|  |TAMS 0x000000008e900000, 0x000000008e800000| Untracked 
| 233|0x000000008e900000, 0x000000008ea00000, 0x000000008ea00000|100%| O|  |TAMS 0x000000008ea00000, 0x000000008e900000| Untracked 
| 234|0x000000008ea00000, 0x000000008eb00000, 0x000000008eb00000|100%| O|  |TAMS 0x000000008eb00000, 0x000000008ea00000| Untracked 
| 235|0x000000008eb00000, 0x000000008ec00000, 0x000000008ec00000|100%| O|  |TAMS 0x000000008ec00000, 0x000000008eb00000| Untracked 
| 236|0x000000008ec00000, 0x000000008ed00000, 0x000000008ed00000|100%| O|  |TAMS 0x000000008ed00000, 0x000000008ec00000| Untracked 
| 237|0x000000008ed00000, 0x000000008ee00000, 0x000000008ee00000|100%| O|  |TAMS 0x000000008ee00000, 0x000000008ed00000| Untracked 
| 238|0x000000008ee00000, 0x000000008ef00000, 0x000000008ef00000|100%| O|  |TAMS 0x000000008ef00000, 0x000000008ee00000| Untracked 
| 239|0x000000008ef00000, 0x000000008f000000, 0x000000008f000000|100%| O|  |TAMS 0x000000008f000000, 0x000000008ef00000| Untracked 
| 240|0x000000008f000000, 0x000000008f07e400, 0x000000008f100000| 49%| O|  |TAMS 0x000000008f000000, 0x000000008f000000| Untracked 
| 241|0x000000008f100000, 0x000000008f200000, 0x000000008f200000|100%| O|  |TAMS 0x000000008f200000, 0x000000008f100000| Untracked 
| 242|0x000000008f200000, 0x000000008f300000, 0x000000008f300000|100%| O|  |TAMS 0x000000008f300000, 0x000000008f200000| Untracked 
| 243|0x000000008f300000, 0x000000008f400000, 0x000000008f400000|100%| O|  |TAMS 0x000000008f300000, 0x000000008f300000| Untracked 
| 244|0x000000008f400000, 0x000000008f500000, 0x000000008f500000|100%| O|  |TAMS 0x000000008f500000, 0x000000008f400000| Untracked 
| 245|0x000000008f500000, 0x000000008f600000, 0x000000008f600000|100%| O|  |TAMS 0x000000008f600000, 0x000000008f500000| Untracked 
| 246|0x000000008f600000, 0x000000008f700000, 0x000000008f700000|100%|HS|  |TAMS 0x000000008f600000, 0x000000008f600000| Complete 
| 247|0x000000008f700000, 0x000000008f800000, 0x000000008f800000|100%| O|  |TAMS 0x000000008f800000, 0x000000008f700000| Untracked 
| 248|0x000000008f800000, 0x000000008f900000, 0x000000008f900000|100%| O|  |TAMS 0x000000008f900000, 0x000000008f800000| Untracked 
| 249|0x000000008f900000, 0x000000008fa00000, 0x000000008fa00000|100%| O|  |TAMS 0x000000008fa00000, 0x000000008f900000| Untracked 
| 250|0x000000008fa00000, 0x000000008fa00000, 0x000000008fb00000|  0%| F|  |TAMS 0x000000008fa00000, 0x000000008fa00000| Untracked 
| 251|0x000000008fb00000, 0x000000008fb00000, 0x000000008fc00000|  0%| F|  |TAMS 0x000000008fb00000, 0x000000008fb00000| Untracked 
| 252|0x000000008fc00000, 0x000000008fd00000, 0x000000008fd00000|100%| O|  |TAMS 0x000000008fd00000, 0x000000008fc00000| Untracked 
| 253|0x000000008fd00000, 0x000000008fe00000, 0x000000008fe00000|100%| O|  |TAMS 0x000000008fe00000, 0x000000008fd00000| Untracked 
| 254|0x000000008fe00000, 0x000000008ff00000, 0x000000008ff00000|100%| O|  |TAMS 0x000000008ff00000, 0x000000008fe00000| Untracked 
| 255|0x000000008ff00000, 0x000000008ff00000, 0x0000000090000000|  0%| F|  |TAMS 0x000000008ff00000, 0x000000008ff00000| Untracked 
| 256|0x0000000090000000, 0x0000000090100000, 0x0000000090100000|100%| O|  |TAMS 0x0000000090000000, 0x0000000090000000| Untracked 
| 257|0x0000000090100000, 0x0000000090200000, 0x0000000090200000|100%| O|  |TAMS 0x0000000090200000, 0x0000000090100000| Untracked 
| 258|0x0000000090200000, 0x0000000090300000, 0x0000000090300000|100%| O|  |TAMS 0x0000000090300000, 0x0000000090200000| Untracked 
| 259|0x0000000090300000, 0x0000000090400000, 0x0000000090400000|100%| O|  |TAMS 0x0000000090400000, 0x0000000090300000| Untracked 
| 260|0x0000000090400000, 0x0000000090500000, 0x0000000090500000|100%|HS|  |TAMS 0x0000000090400000, 0x0000000090400000| Complete 
| 261|0x0000000090500000, 0x0000000090600000, 0x0000000090600000|100%|HC|  |TAMS 0x0000000090500000, 0x0000000090500000| Complete 
| 262|0x0000000090600000, 0x0000000090700000, 0x0000000090700000|100%|HS|  |TAMS 0x0000000090600000, 0x0000000090600000| Complete 
| 263|0x0000000090700000, 0x0000000090800000, 0x0000000090800000|100%|HS|  |TAMS 0x0000000090700000, 0x0000000090700000| Complete 
| 264|0x0000000090800000, 0x0000000090900000, 0x0000000090900000|100%|HC|  |TAMS 0x0000000090800000, 0x0000000090800000| Complete 
| 265|0x0000000090900000, 0x0000000090a00000, 0x0000000090a00000|100%|HS|  |TAMS 0x0000000090900000, 0x0000000090900000| Complete 
| 266|0x0000000090a00000, 0x0000000090b00000, 0x0000000090b00000|100%|HS|  |TAMS 0x0000000090a00000, 0x0000000090a00000| Complete 
| 267|0x0000000090b00000, 0x0000000090c00000, 0x0000000090c00000|100%| O|  |TAMS 0x0000000090b00000, 0x0000000090b00000| Untracked 
| 268|0x0000000090c00000, 0x0000000090d00000, 0x0000000090d00000|100%| O|  |TAMS 0x0000000090c00000, 0x0000000090c00000| Untracked 
| 269|0x0000000090d00000, 0x0000000090e00000, 0x0000000090e00000|100%| O|  |TAMS 0x0000000090d00000, 0x0000000090d00000| Untracked 
| 270|0x0000000090e00000, 0x0000000090e00000, 0x0000000090f00000|  0%| F|  |TAMS 0x0000000090e00000, 0x0000000090e00000| Untracked 
| 271|0x0000000090f00000, 0x0000000091000000, 0x0000000091000000|100%| O|  |TAMS 0x0000000090f00000, 0x0000000090f00000| Untracked 
| 272|0x0000000091000000, 0x0000000091100000, 0x0000000091100000|100%| O|  |TAMS 0x0000000091000000, 0x0000000091000000| Untracked 
| 273|0x0000000091100000, 0x0000000091200000, 0x0000000091200000|100%| O|  |TAMS 0x0000000091100000, 0x0000000091100000| Untracked 
| 274|0x0000000091200000, 0x0000000091300000, 0x0000000091300000|100%| O|  |TAMS 0x0000000091200000, 0x0000000091200000| Untracked 
| 275|0x0000000091300000, 0x0000000091400000, 0x0000000091400000|100%| O|  |TAMS 0x0000000091300000, 0x0000000091300000| Untracked 
| 276|0x0000000091400000, 0x0000000091500000, 0x0000000091500000|100%| O|  |TAMS 0x0000000091400000, 0x0000000091400000| Untracked 
| 277|0x0000000091500000, 0x0000000091600000, 0x0000000091600000|100%|HS|  |TAMS 0x0000000091500000, 0x0000000091500000| Complete 
| 278|0x0000000091600000, 0x0000000091600000, 0x0000000091700000|  0%| F|  |TAMS 0x0000000091600000, 0x0000000091600000| Untracked 
| 279|0x0000000091700000, 0x0000000091800000, 0x0000000091800000|100%| O|  |TAMS 0x0000000091700000, 0x0000000091700000| Untracked 
| 280|0x0000000091800000, 0x0000000091900000, 0x0000000091900000|100%|HS|  |TAMS 0x0000000091800000, 0x0000000091800000| Complete 
| 281|0x0000000091900000, 0x0000000091a00000, 0x0000000091a00000|100%| O|  |TAMS 0x0000000091900000, 0x0000000091900000| Untracked 
| 282|0x0000000091a00000, 0x0000000091b00000, 0x0000000091b00000|100%| O|  |TAMS 0x0000000091a00000, 0x0000000091a00000| Untracked 
| 283|0x0000000091b00000, 0x0000000091c00000, 0x0000000091c00000|100%| O|  |TAMS 0x0000000091b00000, 0x0000000091b00000| Untracked 
| 284|0x0000000091c00000, 0x0000000091d00000, 0x0000000091d00000|100%| O|  |TAMS 0x0000000091c00000, 0x0000000091c00000| Untracked 
| 285|0x0000000091d00000, 0x0000000091e00000, 0x0000000091e00000|100%| O|  |TAMS 0x0000000091d00000, 0x0000000091d00000| Untracked 
| 286|0x0000000091e00000, 0x0000000091f00000, 0x0000000091f00000|100%| O|  |TAMS 0x0000000091e00000, 0x0000000091e00000| Untracked 
| 287|0x0000000091f00000, 0x0000000092000000, 0x0000000092000000|100%|HS|  |TAMS 0x0000000091f00000, 0x0000000091f00000| Complete 
| 288|0x0000000092000000, 0x0000000092100000, 0x0000000092100000|100%| O|  |TAMS 0x0000000092000000, 0x0000000092000000| Untracked 
| 289|0x0000000092100000, 0x0000000092200000, 0x0000000092200000|100%| O|  |TAMS 0x0000000092100000, 0x0000000092100000| Untracked 
| 290|0x0000000092200000, 0x0000000092300000, 0x0000000092300000|100%| O|  |TAMS 0x0000000092200000, 0x0000000092200000| Untracked 
| 291|0x0000000092300000, 0x0000000092400000, 0x0000000092400000|100%| O|  |TAMS 0x0000000092300000, 0x0000000092300000| Untracked 
| 292|0x0000000092400000, 0x0000000092500000, 0x0000000092500000|100%| O|  |TAMS 0x0000000092400000, 0x0000000092400000| Untracked 
| 293|0x0000000092500000, 0x0000000092600000, 0x0000000092600000|100%| O|  |TAMS 0x0000000092500000, 0x0000000092500000| Untracked 
| 294|0x0000000092600000, 0x0000000092700000, 0x0000000092700000|100%| O|  |TAMS 0x0000000092600000, 0x0000000092600000| Untracked 
| 295|0x0000000092700000, 0x0000000092800000, 0x0000000092800000|100%|HS|  |TAMS 0x0000000092700000, 0x0000000092700000| Complete 
| 296|0x0000000092800000, 0x0000000092900000, 0x0000000092900000|100%| O|  |TAMS 0x0000000092800000, 0x0000000092800000| Untracked 
| 297|0x0000000092900000, 0x0000000092900000, 0x0000000092a00000|  0%| F|  |TAMS 0x0000000092900000, 0x0000000092900000| Untracked 
| 298|0x0000000092a00000, 0x0000000092a00000, 0x0000000092b00000|  0%| F|  |TAMS 0x0000000092a00000, 0x0000000092a00000| Untracked 
| 299|0x0000000092b00000, 0x0000000092b00000, 0x0000000092c00000|  0%| F|  |TAMS 0x0000000092b00000, 0x0000000092b00000| Untracked 
| 300|0x0000000092c00000, 0x0000000092c00000, 0x0000000092d00000|  0%| F|  |TAMS 0x0000000092c00000, 0x0000000092c00000| Untracked 
| 301|0x0000000092d00000, 0x0000000092d00000, 0x0000000092e00000|  0%| F|  |TAMS 0x0000000092d00000, 0x0000000092d00000| Untracked 
| 302|0x0000000092e00000, 0x0000000092e00000, 0x0000000092f00000|  0%| F|  |TAMS 0x0000000092e00000, 0x0000000092e00000| Untracked 
| 303|0x0000000092f00000, 0x0000000092f00000, 0x0000000093000000|  0%| F|  |TAMS 0x0000000092f00000, 0x0000000092f00000| Untracked 
| 304|0x0000000093000000, 0x0000000093000000, 0x0000000093100000|  0%| F|  |TAMS 0x0000000093000000, 0x0000000093000000| Untracked 
| 305|0x0000000093100000, 0x0000000093200000, 0x0000000093200000|100%|HS|  |TAMS 0x0000000093100000, 0x0000000093100000| Complete 
| 306|0x0000000093200000, 0x0000000093200000, 0x0000000093300000|  0%| F|  |TAMS 0x0000000093200000, 0x0000000093200000| Untracked 
| 307|0x0000000093300000, 0x0000000093300000, 0x0000000093400000|  0%| F|  |TAMS 0x0000000093300000, 0x0000000093300000| Untracked 
| 308|0x0000000093400000, 0x0000000093400000, 0x0000000093500000|  0%| F|  |TAMS 0x0000000093400000, 0x0000000093400000| Untracked 
| 309|0x0000000093500000, 0x0000000093500000, 0x0000000093600000|  0%| F|  |TAMS 0x0000000093500000, 0x0000000093500000| Untracked 
| 310|0x0000000093600000, 0x0000000093600000, 0x0000000093700000|  0%| F|  |TAMS 0x0000000093600000, 0x0000000093600000| Untracked 
| 311|0x0000000093700000, 0x0000000093700000, 0x0000000093800000|  0%| F|  |TAMS 0x0000000093700000, 0x0000000093700000| Untracked 
| 312|0x0000000093800000, 0x0000000093900000, 0x0000000093900000|100%|HS|  |TAMS 0x0000000093800000, 0x0000000093800000| Complete 
| 313|0x0000000093900000, 0x0000000093900000, 0x0000000093a00000|  0%| F|  |TAMS 0x0000000093900000, 0x0000000093900000| Untracked 
| 314|0x0000000093a00000, 0x0000000093a00000, 0x0000000093b00000|  0%| F|  |TAMS 0x0000000093a00000, 0x0000000093a00000| Untracked 
| 315|0x0000000093b00000, 0x0000000093b00000, 0x0000000093c00000|  0%| F|  |TAMS 0x0000000093b00000, 0x0000000093b00000| Untracked 
| 316|0x0000000093c00000, 0x0000000093c00000, 0x0000000093d00000|  0%| F|  |TAMS 0x0000000093c00000, 0x0000000093c00000| Untracked 
| 317|0x0000000093d00000, 0x0000000093d00000, 0x0000000093e00000|  0%| F|  |TAMS 0x0000000093d00000, 0x0000000093d00000| Untracked 
| 318|0x0000000093e00000, 0x0000000093e00000, 0x0000000093f00000|  0%| F|  |TAMS 0x0000000093e00000, 0x0000000093e00000| Untracked 
| 319|0x0000000093f00000, 0x0000000093f00000, 0x0000000094000000|  0%| F|  |TAMS 0x0000000093f00000, 0x0000000093f00000| Untracked 
| 320|0x0000000094000000, 0x0000000094000000, 0x0000000094100000|  0%| F|  |TAMS 0x0000000094000000, 0x0000000094000000| Untracked 
| 321|0x0000000094100000, 0x0000000094100000, 0x0000000094200000|  0%| F|  |TAMS 0x0000000094100000, 0x0000000094100000| Untracked 
| 322|0x0000000094200000, 0x0000000094200000, 0x0000000094300000|  0%| F|  |TAMS 0x0000000094200000, 0x0000000094200000| Untracked 
| 323|0x0000000094300000, 0x0000000094300000, 0x0000000094400000|  0%| F|  |TAMS 0x0000000094300000, 0x0000000094300000| Untracked 
| 324|0x0000000094400000, 0x0000000094400000, 0x0000000094500000|  0%| F|  |TAMS 0x0000000094400000, 0x0000000094400000| Untracked 
| 325|0x0000000094500000, 0x0000000094600000, 0x0000000094600000|100%| O|  |TAMS 0x0000000094600000, 0x0000000094500000| Untracked 
| 326|0x0000000094600000, 0x0000000094600000, 0x0000000094700000|  0%| F|  |TAMS 0x0000000094600000, 0x0000000094600000| Untracked 
| 327|0x0000000094700000, 0x0000000094700000, 0x0000000094800000|  0%| F|  |TAMS 0x0000000094700000, 0x0000000094700000| Untracked 
| 328|0x0000000094800000, 0x0000000094800000, 0x0000000094900000|  0%| F|  |TAMS 0x0000000094800000, 0x0000000094800000| Untracked 
| 329|0x0000000094900000, 0x0000000094900000, 0x0000000094a00000|  0%| F|  |TAMS 0x0000000094900000, 0x0000000094900000| Untracked 
| 330|0x0000000094a00000, 0x0000000094a00000, 0x0000000094b00000|  0%| F|  |TAMS 0x0000000094a00000, 0x0000000094a00000| Untracked 
| 331|0x0000000094b00000, 0x0000000094b00000, 0x0000000094c00000|  0%| F|  |TAMS 0x0000000094b00000, 0x0000000094b00000| Untracked 
| 332|0x0000000094c00000, 0x0000000094c00000, 0x0000000094d00000|  0%| F|  |TAMS 0x0000000094c00000, 0x0000000094c00000| Untracked 
| 333|0x0000000094d00000, 0x0000000094d00000, 0x0000000094e00000|  0%| F|  |TAMS 0x0000000094d00000, 0x0000000094d00000| Untracked 
| 334|0x0000000094e00000, 0x0000000094e00000, 0x0000000094f00000|  0%| F|  |TAMS 0x0000000094e00000, 0x0000000094e00000| Untracked 
| 335|0x0000000094f00000, 0x0000000094f00000, 0x0000000095000000|  0%| F|  |TAMS 0x0000000094f00000, 0x0000000094f00000| Untracked 
| 336|0x0000000095000000, 0x0000000095000000, 0x0000000095100000|  0%| F|  |TAMS 0x0000000095000000, 0x0000000095000000| Untracked 
| 337|0x0000000095100000, 0x0000000095100000, 0x0000000095200000|  0%| F|  |TAMS 0x0000000095100000, 0x0000000095100000| Untracked 
| 338|0x0000000095200000, 0x0000000095200000, 0x0000000095300000|  0%| F|  |TAMS 0x0000000095200000, 0x0000000095200000| Untracked 
| 339|0x0000000095300000, 0x0000000095300000, 0x0000000095400000|  0%| F|  |TAMS 0x0000000095300000, 0x0000000095300000| Untracked 
| 340|0x0000000095400000, 0x0000000095400000, 0x0000000095500000|  0%| F|  |TAMS 0x0000000095400000, 0x0000000095400000| Untracked 
| 341|0x0000000095500000, 0x0000000095500000, 0x0000000095600000|  0%| F|  |TAMS 0x0000000095500000, 0x0000000095500000| Untracked 
| 342|0x0000000095600000, 0x0000000095600000, 0x0000000095700000|  0%| F|  |TAMS 0x0000000095600000, 0x0000000095600000| Untracked 
| 343|0x0000000095700000, 0x0000000095700000, 0x0000000095800000|  0%| F|  |TAMS 0x0000000095700000, 0x0000000095700000| Untracked 
| 344|0x0000000095800000, 0x0000000095800000, 0x0000000095900000|  0%| F|  |TAMS 0x0000000095800000, 0x0000000095800000| Untracked 
| 345|0x0000000095900000, 0x0000000095900000, 0x0000000095a00000|  0%| F|  |TAMS 0x0000000095900000, 0x0000000095900000| Untracked 
| 346|0x0000000095a00000, 0x0000000095a00000, 0x0000000095b00000|  0%| F|  |TAMS 0x0000000095a00000, 0x0000000095a00000| Untracked 
| 347|0x0000000095b00000, 0x0000000095b00000, 0x0000000095c00000|  0%| F|  |TAMS 0x0000000095b00000, 0x0000000095b00000| Untracked 
| 348|0x0000000095c00000, 0x0000000095c00000, 0x0000000095d00000|  0%| F|  |TAMS 0x0000000095c00000, 0x0000000095c00000| Untracked 
| 349|0x0000000095d00000, 0x0000000095d00000, 0x0000000095e00000|  0%| F|  |TAMS 0x0000000095d00000, 0x0000000095d00000| Untracked 
| 350|0x0000000095e00000, 0x0000000095e00000, 0x0000000095f00000|  0%| F|  |TAMS 0x0000000095e00000, 0x0000000095e00000| Untracked 
| 351|0x0000000095f00000, 0x0000000095f00000, 0x0000000096000000|  0%| F|  |TAMS 0x0000000095f00000, 0x0000000095f00000| Untracked 
| 352|0x0000000096000000, 0x0000000096000000, 0x0000000096100000|  0%| F|  |TAMS 0x0000000096000000, 0x0000000096000000| Untracked 
| 353|0x0000000096100000, 0x0000000096100000, 0x0000000096200000|  0%| F|  |TAMS 0x0000000096100000, 0x0000000096100000| Untracked 
| 354|0x0000000096200000, 0x0000000096200000, 0x0000000096300000|  0%| F|  |TAMS 0x0000000096200000, 0x0000000096200000| Untracked 
| 355|0x0000000096300000, 0x0000000096300000, 0x0000000096400000|  0%| F|  |TAMS 0x0000000096300000, 0x0000000096300000| Untracked 
| 356|0x0000000096400000, 0x0000000096400000, 0x0000000096500000|  0%| F|  |TAMS 0x0000000096400000, 0x0000000096400000| Untracked 
| 357|0x0000000096500000, 0x0000000096500000, 0x0000000096600000|  0%| F|  |TAMS 0x0000000096500000, 0x0000000096500000| Untracked 
| 358|0x0000000096600000, 0x0000000096600000, 0x0000000096700000|  0%| F|  |TAMS 0x0000000096600000, 0x0000000096600000| Untracked 
| 359|0x0000000096700000, 0x0000000096700000, 0x0000000096800000|  0%| F|  |TAMS 0x0000000096700000, 0x0000000096700000| Untracked 
| 360|0x0000000096800000, 0x0000000096800000, 0x0000000096900000|  0%| F|  |TAMS 0x0000000096800000, 0x0000000096800000| Untracked 
| 361|0x0000000096900000, 0x0000000096900000, 0x0000000096a00000|  0%| F|  |TAMS 0x0000000096900000, 0x0000000096900000| Untracked 
| 362|0x0000000096a00000, 0x0000000096a00000, 0x0000000096b00000|  0%| F|  |TAMS 0x0000000096a00000, 0x0000000096a00000| Untracked 
| 363|0x0000000096b00000, 0x0000000096b00000, 0x0000000096c00000|  0%| F|  |TAMS 0x0000000096b00000, 0x0000000096b00000| Untracked 
| 364|0x0000000096c00000, 0x0000000096c00000, 0x0000000096d00000|  0%| F|  |TAMS 0x0000000096c00000, 0x0000000096c00000| Untracked 
| 365|0x0000000096d00000, 0x0000000096d00000, 0x0000000096e00000|  0%| F|  |TAMS 0x0000000096d00000, 0x0000000096d00000| Untracked 
| 366|0x0000000096e00000, 0x0000000096e00000, 0x0000000096f00000|  0%| F|  |TAMS 0x0000000096e00000, 0x0000000096e00000| Untracked 
| 367|0x0000000096f00000, 0x0000000096f00000, 0x0000000097000000|  0%| F|  |TAMS 0x0000000096f00000, 0x0000000096f00000| Untracked 
| 368|0x0000000097000000, 0x0000000097000000, 0x0000000097100000|  0%| F|  |TAMS 0x0000000097000000, 0x0000000097000000| Untracked 
| 369|0x0000000097100000, 0x0000000097100000, 0x0000000097200000|  0%| F|  |TAMS 0x0000000097100000, 0x0000000097100000| Untracked 
| 370|0x0000000097200000, 0x0000000097200000, 0x0000000097300000|  0%| F|  |TAMS 0x0000000097200000, 0x0000000097200000| Untracked 
| 371|0x0000000097300000, 0x0000000097300000, 0x0000000097400000|  0%| F|  |TAMS 0x0000000097300000, 0x0000000097300000| Untracked 
| 372|0x0000000097400000, 0x0000000097400000, 0x0000000097500000|  0%| F|  |TAMS 0x0000000097400000, 0x0000000097400000| Untracked 
| 373|0x0000000097500000, 0x0000000097500000, 0x0000000097600000|  0%| F|  |TAMS 0x0000000097500000, 0x0000000097500000| Untracked 
| 374|0x0000000097600000, 0x0000000097600000, 0x0000000097700000|  0%| F|  |TAMS 0x0000000097600000, 0x0000000097600000| Untracked 
| 375|0x0000000097700000, 0x0000000097700000, 0x0000000097800000|  0%| F|  |TAMS 0x0000000097700000, 0x0000000097700000| Untracked 
| 376|0x0000000097800000, 0x0000000097800000, 0x0000000097900000|  0%| F|  |TAMS 0x0000000097800000, 0x0000000097800000| Untracked 
| 377|0x0000000097900000, 0x0000000097900000, 0x0000000097a00000|  0%| F|  |TAMS 0x0000000097900000, 0x0000000097900000| Untracked 
| 378|0x0000000097a00000, 0x0000000097a00000, 0x0000000097b00000|  0%| F|  |TAMS 0x0000000097a00000, 0x0000000097a00000| Untracked 
| 379|0x0000000097b00000, 0x0000000097b00000, 0x0000000097c00000|  0%| F|  |TAMS 0x0000000097b00000, 0x0000000097b00000| Untracked 
| 380|0x0000000097c00000, 0x0000000097c00000, 0x0000000097d00000|  0%| F|  |TAMS 0x0000000097c00000, 0x0000000097c00000| Untracked 
| 381|0x0000000097d00000, 0x0000000097d00000, 0x0000000097e00000|  0%| F|  |TAMS 0x0000000097d00000, 0x0000000097d00000| Untracked 
| 382|0x0000000097e00000, 0x0000000097e00000, 0x0000000097f00000|  0%| F|  |TAMS 0x0000000097e00000, 0x0000000097e00000| Untracked 
| 383|0x0000000097f00000, 0x0000000097f00000, 0x0000000098000000|  0%| F|  |TAMS 0x0000000097f00000, 0x0000000097f00000| Untracked 
| 384|0x0000000098000000, 0x0000000098000000, 0x0000000098100000|  0%| F|  |TAMS 0x0000000098000000, 0x0000000098000000| Untracked 
| 385|0x0000000098100000, 0x0000000098100000, 0x0000000098200000|  0%| F|  |TAMS 0x0000000098100000, 0x0000000098100000| Untracked 
| 386|0x0000000098200000, 0x0000000098200000, 0x0000000098300000|  0%| F|  |TAMS 0x0000000098200000, 0x0000000098200000| Untracked 
| 387|0x0000000098300000, 0x0000000098300000, 0x0000000098400000|  0%| F|  |TAMS 0x0000000098300000, 0x0000000098300000| Untracked 
| 388|0x0000000098400000, 0x0000000098400000, 0x0000000098500000|  0%| F|  |TAMS 0x0000000098400000, 0x0000000098400000| Untracked 
| 389|0x0000000098500000, 0x0000000098500000, 0x0000000098600000|  0%| F|  |TAMS 0x0000000098500000, 0x0000000098500000| Untracked 
| 390|0x0000000098600000, 0x0000000098600000, 0x0000000098700000|  0%| F|  |TAMS 0x0000000098600000, 0x0000000098600000| Untracked 
| 391|0x0000000098700000, 0x0000000098700000, 0x0000000098800000|  0%| F|  |TAMS 0x0000000098700000, 0x0000000098700000| Untracked 
| 392|0x0000000098800000, 0x0000000098800000, 0x0000000098900000|  0%| F|  |TAMS 0x0000000098800000, 0x0000000098800000| Untracked 
| 393|0x0000000098900000, 0x0000000098900000, 0x0000000098a00000|  0%| F|  |TAMS 0x0000000098900000, 0x0000000098900000| Untracked 
| 394|0x0000000098a00000, 0x0000000098a00000, 0x0000000098b00000|  0%| F|  |TAMS 0x0000000098a00000, 0x0000000098a00000| Untracked 
| 395|0x0000000098b00000, 0x0000000098b00000, 0x0000000098c00000|  0%| F|  |TAMS 0x0000000098b00000, 0x0000000098b00000| Untracked 
| 396|0x0000000098c00000, 0x0000000098c00000, 0x0000000098d00000|  0%| F|  |TAMS 0x0000000098c00000, 0x0000000098c00000| Untracked 
| 397|0x0000000098d00000, 0x0000000098d00000, 0x0000000098e00000|  0%| F|  |TAMS 0x0000000098d00000, 0x0000000098d00000| Untracked 
| 398|0x0000000098e00000, 0x0000000098e00000, 0x0000000098f00000|  0%| F|  |TAMS 0x0000000098e00000, 0x0000000098e00000| Untracked 
| 399|0x0000000098f00000, 0x0000000098f00000, 0x0000000099000000|  0%| F|  |TAMS 0x0000000098f00000, 0x0000000098f00000| Untracked 
| 400|0x0000000099000000, 0x0000000099000000, 0x0000000099100000|  0%| F|  |TAMS 0x0000000099000000, 0x0000000099000000| Untracked 
| 401|0x0000000099100000, 0x0000000099100000, 0x0000000099200000|  0%| F|  |TAMS 0x0000000099100000, 0x0000000099100000| Untracked 
| 402|0x0000000099200000, 0x0000000099200000, 0x0000000099300000|  0%| F|  |TAMS 0x0000000099200000, 0x0000000099200000| Untracked 
| 403|0x0000000099300000, 0x0000000099300000, 0x0000000099400000|  0%| F|  |TAMS 0x0000000099300000, 0x0000000099300000| Untracked 
| 404|0x0000000099400000, 0x0000000099400000, 0x0000000099500000|  0%| F|  |TAMS 0x0000000099400000, 0x0000000099400000| Untracked 
| 405|0x0000000099500000, 0x0000000099500000, 0x0000000099600000|  0%| F|  |TAMS 0x0000000099500000, 0x0000000099500000| Untracked 
| 406|0x0000000099600000, 0x0000000099600000, 0x0000000099700000|  0%| F|  |TAMS 0x0000000099600000, 0x0000000099600000| Untracked 
| 407|0x0000000099700000, 0x0000000099700000, 0x0000000099800000|  0%| F|  |TAMS 0x0000000099700000, 0x0000000099700000| Untracked 
| 408|0x0000000099800000, 0x0000000099800000, 0x0000000099900000|  0%| F|  |TAMS 0x0000000099800000, 0x0000000099800000| Untracked 
| 409|0x0000000099900000, 0x0000000099900000, 0x0000000099a00000|  0%| F|  |TAMS 0x0000000099900000, 0x0000000099900000| Untracked 
| 410|0x0000000099a00000, 0x0000000099a00000, 0x0000000099b00000|  0%| F|  |TAMS 0x0000000099a00000, 0x0000000099a00000| Untracked 
| 411|0x0000000099b00000, 0x0000000099b00000, 0x0000000099c00000|  0%| F|  |TAMS 0x0000000099b00000, 0x0000000099b00000| Untracked 
| 412|0x0000000099c00000, 0x0000000099c00000, 0x0000000099d00000|  0%| F|  |TAMS 0x0000000099c00000, 0x0000000099c00000| Untracked 
| 413|0x0000000099d00000, 0x0000000099d00000, 0x0000000099e00000|  0%| F|  |TAMS 0x0000000099d00000, 0x0000000099d00000| Untracked 
| 414|0x0000000099e00000, 0x0000000099e00000, 0x0000000099f00000|  0%| F|  |TAMS 0x0000000099e00000, 0x0000000099e00000| Untracked 
| 415|0x0000000099f00000, 0x0000000099f00000, 0x000000009a000000|  0%| F|  |TAMS 0x0000000099f00000, 0x0000000099f00000| Untracked 
| 416|0x000000009a000000, 0x000000009a000000, 0x000000009a100000|  0%| F|  |TAMS 0x000000009a000000, 0x000000009a000000| Untracked 
| 417|0x000000009a100000, 0x000000009a100000, 0x000000009a200000|  0%| F|  |TAMS 0x000000009a100000, 0x000000009a100000| Untracked 
| 418|0x000000009a200000, 0x000000009a200000, 0x000000009a300000|  0%| F|  |TAMS 0x000000009a200000, 0x000000009a200000| Untracked 
| 419|0x000000009a300000, 0x000000009a300000, 0x000000009a400000|  0%| F|  |TAMS 0x000000009a300000, 0x000000009a300000| Untracked 
| 420|0x000000009a400000, 0x000000009a400000, 0x000000009a500000|  0%| F|  |TAMS 0x000000009a400000, 0x000000009a400000| Untracked 
| 421|0x000000009a500000, 0x000000009a500000, 0x000000009a600000|  0%| F|  |TAMS 0x000000009a500000, 0x000000009a500000| Untracked 
| 422|0x000000009a600000, 0x000000009a700000, 0x000000009a700000|100%| O|  |TAMS 0x000000009a700000, 0x000000009a600000| Untracked 
| 423|0x000000009a700000, 0x000000009a800000, 0x000000009a800000|100%| O|  |TAMS 0x000000009a800000, 0x000000009a700000| Untracked 
| 424|0x000000009a800000, 0x000000009a900000, 0x000000009a900000|100%| O|  |TAMS 0x000000009a900000, 0x000000009a800000| Untracked 
| 425|0x000000009a900000, 0x000000009aa00000, 0x000000009aa00000|100%| O|  |TAMS 0x000000009aa00000, 0x000000009a900000| Untracked 
| 426|0x000000009aa00000, 0x000000009ab00000, 0x000000009ab00000|100%| O|  |TAMS 0x000000009ab00000, 0x000000009aa00000| Untracked 
| 427|0x000000009ab00000, 0x000000009ac00000, 0x000000009ac00000|100%| O|  |TAMS 0x000000009ac00000, 0x000000009ab00000| Untracked 
| 428|0x000000009ac00000, 0x000000009ad00000, 0x000000009ad00000|100%| O|  |TAMS 0x000000009ad00000, 0x000000009ac00000| Untracked 
| 429|0x000000009ad00000, 0x000000009ad00000, 0x000000009ae00000|  0%| F|  |TAMS 0x000000009ad00000, 0x000000009ad00000| Untracked 
| 430|0x000000009ae00000, 0x000000009af00000, 0x000000009af00000|100%| O|  |TAMS 0x000000009af00000, 0x000000009ae00000| Untracked 
| 431|0x000000009af00000, 0x000000009af00000, 0x000000009b000000|  0%| F|  |TAMS 0x000000009af00000, 0x000000009af00000| Untracked 
| 432|0x000000009b000000, 0x000000009b000000, 0x000000009b100000|  0%| F|  |TAMS 0x000000009b000000, 0x000000009b000000| Untracked 
| 433|0x000000009b100000, 0x000000009b100000, 0x000000009b200000|  0%| F|  |TAMS 0x000000009b100000, 0x000000009b100000| Untracked 
| 434|0x000000009b200000, 0x000000009b200000, 0x000000009b300000|  0%| F|  |TAMS 0x000000009b200000, 0x000000009b200000| Untracked 
| 435|0x000000009b300000, 0x000000009b300000, 0x000000009b400000|  0%| F|  |TAMS 0x000000009b300000, 0x000000009b300000| Untracked 
| 436|0x000000009b400000, 0x000000009b400000, 0x000000009b500000|  0%| F|  |TAMS 0x000000009b400000, 0x000000009b400000| Untracked 
| 437|0x000000009b500000, 0x000000009b600000, 0x000000009b600000|100%| O|  |TAMS 0x000000009b600000, 0x000000009b500000| Untracked 
| 438|0x000000009b600000, 0x000000009b700000, 0x000000009b700000|100%| O|  |TAMS 0x000000009b700000, 0x000000009b600000| Untracked 
| 439|0x000000009b700000, 0x000000009b800000, 0x000000009b800000|100%| O|  |TAMS 0x000000009b800000, 0x000000009b700000| Untracked 
| 440|0x000000009b800000, 0x000000009b900000, 0x000000009b900000|100%| O|  |TAMS 0x000000009b900000, 0x000000009b800000| Untracked 
| 441|0x000000009b900000, 0x000000009ba00000, 0x000000009ba00000|100%| O|  |TAMS 0x000000009ba00000, 0x000000009b900000| Untracked 
| 442|0x000000009ba00000, 0x000000009bb00000, 0x000000009bb00000|100%| O|  |TAMS 0x000000009bb00000, 0x000000009ba00000| Untracked 
| 443|0x000000009bb00000, 0x000000009bc00000, 0x000000009bc00000|100%| O|  |TAMS 0x000000009bc00000, 0x000000009bb00000| Untracked 
| 444|0x000000009bc00000, 0x000000009bd00000, 0x000000009bd00000|100%| O|  |TAMS 0x000000009bd00000, 0x000000009bc00000| Untracked 
| 445|0x000000009bd00000, 0x000000009bd00000, 0x000000009be00000|  0%| F|  |TAMS 0x000000009bd00000, 0x000000009bd00000| Untracked 
| 446|0x000000009be00000, 0x000000009bf00000, 0x000000009bf00000|100%| O|  |TAMS 0x000000009bf00000, 0x000000009be00000| Untracked 
| 447|0x000000009bf00000, 0x000000009c000000, 0x000000009c000000|100%| O|  |TAMS 0x000000009c000000, 0x000000009bf00000| Untracked 
| 448|0x000000009c000000, 0x000000009c100000, 0x000000009c100000|100%| O|  |TAMS 0x000000009c100000, 0x000000009c000000| Untracked 
| 449|0x000000009c100000, 0x000000009c200000, 0x000000009c200000|100%| O|  |TAMS 0x000000009c200000, 0x000000009c100000| Untracked 
| 450|0x000000009c200000, 0x000000009c300000, 0x000000009c300000|100%| O|  |TAMS 0x000000009c300000, 0x000000009c200000| Untracked 
| 451|0x000000009c300000, 0x000000009c400000, 0x000000009c400000|100%| O|  |TAMS 0x000000009c400000, 0x000000009c300000| Untracked 
| 452|0x000000009c400000, 0x000000009c500000, 0x000000009c500000|100%| O|  |TAMS 0x000000009c500000, 0x000000009c400000| Untracked 
| 453|0x000000009c500000, 0x000000009c600000, 0x000000009c600000|100%| O|  |TAMS 0x000000009c600000, 0x000000009c500000| Untracked 
| 454|0x000000009c600000, 0x000000009c600000, 0x000000009c700000|  0%| F|  |TAMS 0x000000009c600000, 0x000000009c600000| Untracked 
| 455|0x000000009c700000, 0x000000009c700000, 0x000000009c800000|  0%| F|  |TAMS 0x000000009c700000, 0x000000009c700000| Untracked 
| 456|0x000000009c800000, 0x000000009c800000, 0x000000009c900000|  0%| F|  |TAMS 0x000000009c800000, 0x000000009c800000| Untracked 
| 457|0x000000009c900000, 0x000000009c900000, 0x000000009ca00000|  0%| F|  |TAMS 0x000000009c900000, 0x000000009c900000| Untracked 
| 458|0x000000009ca00000, 0x000000009ca00000, 0x000000009cb00000|  0%| F|  |TAMS 0x000000009ca00000, 0x000000009ca00000| Untracked 
| 459|0x000000009cb00000, 0x000000009cb00000, 0x000000009cc00000|  0%| F|  |TAMS 0x000000009cb00000, 0x000000009cb00000| Untracked 
| 460|0x000000009cc00000, 0x000000009cc00000, 0x000000009cd00000|  0%| F|  |TAMS 0x000000009cc00000, 0x000000009cc00000| Untracked 
| 461|0x000000009cd00000, 0x000000009cd00000, 0x000000009ce00000|  0%| F|  |TAMS 0x000000009cd00000, 0x000000009cd00000| Untracked 
| 462|0x000000009ce00000, 0x000000009ce00000, 0x000000009cf00000|  0%| F|  |TAMS 0x000000009ce00000, 0x000000009ce00000| Untracked 
| 463|0x000000009cf00000, 0x000000009d000000, 0x000000009d000000|100%| O|  |TAMS 0x000000009d000000, 0x000000009cf00000| Untracked 
| 464|0x000000009d000000, 0x000000009d100000, 0x000000009d100000|100%| O|  |TAMS 0x000000009d100000, 0x000000009d000000| Untracked 
| 465|0x000000009d100000, 0x000000009d200000, 0x000000009d200000|100%| O|  |TAMS 0x000000009d200000, 0x000000009d100000| Untracked 
| 466|0x000000009d200000, 0x000000009d300000, 0x000000009d300000|100%| O|  |TAMS 0x000000009d300000, 0x000000009d200000| Untracked 
| 467|0x000000009d300000, 0x000000009d300000, 0x000000009d400000|  0%| F|  |TAMS 0x000000009d300000, 0x000000009d300000| Untracked 
| 468|0x000000009d400000, 0x000000009d500000, 0x000000009d500000|100%| O|  |TAMS 0x000000009d500000, 0x000000009d400000| Untracked 
| 469|0x000000009d500000, 0x000000009d600000, 0x000000009d600000|100%| O|  |TAMS 0x000000009d600000, 0x000000009d500000| Untracked 
| 470|0x000000009d600000, 0x000000009d600000, 0x000000009d700000|  0%| F|  |TAMS 0x000000009d600000, 0x000000009d600000| Untracked 
| 471|0x000000009d700000, 0x000000009d800000, 0x000000009d800000|100%| O|  |TAMS 0x000000009d800000, 0x000000009d700000| Untracked 
| 472|0x000000009d800000, 0x000000009d900000, 0x000000009d900000|100%| O|  |TAMS 0x000000009d900000, 0x000000009d800000| Untracked 
| 473|0x000000009d900000, 0x000000009da00000, 0x000000009da00000|100%| O|  |TAMS 0x000000009da00000, 0x000000009d900000| Untracked 
| 474|0x000000009da00000, 0x000000009db00000, 0x000000009db00000|100%| O|  |TAMS 0x000000009db00000, 0x000000009da00000| Untracked 
| 475|0x000000009db00000, 0x000000009dc00000, 0x000000009dc00000|100%| O|  |TAMS 0x000000009dc00000, 0x000000009db00000| Untracked 
| 476|0x000000009dc00000, 0x000000009dd00000, 0x000000009dd00000|100%| O|  |TAMS 0x000000009dd00000, 0x000000009dc00000| Untracked 
| 477|0x000000009dd00000, 0x000000009dd00000, 0x000000009de00000|  0%| F|  |TAMS 0x000000009dd00000, 0x000000009dd00000| Untracked 
| 478|0x000000009de00000, 0x000000009df00000, 0x000000009df00000|100%| O|  |TAMS 0x000000009df00000, 0x000000009de00000| Untracked 
| 479|0x000000009df00000, 0x000000009df00000, 0x000000009e000000|  0%| F|  |TAMS 0x000000009df00000, 0x000000009df00000| Untracked 
| 480|0x000000009e000000, 0x000000009e000000, 0x000000009e100000|  0%| F|  |TAMS 0x000000009e000000, 0x000000009e000000| Untracked 
| 481|0x000000009e100000, 0x000000009e100000, 0x000000009e200000|  0%| F|  |TAMS 0x000000009e100000, 0x000000009e100000| Untracked 
| 482|0x000000009e200000, 0x000000009e200000, 0x000000009e300000|  0%| F|  |TAMS 0x000000009e200000, 0x000000009e200000| Untracked 
| 483|0x000000009e300000, 0x000000009e300000, 0x000000009e400000|  0%| F|  |TAMS 0x000000009e300000, 0x000000009e300000| Untracked 
| 484|0x000000009e400000, 0x000000009e400000, 0x000000009e500000|  0%| F|  |TAMS 0x000000009e400000, 0x000000009e400000| Untracked 
| 485|0x000000009e500000, 0x000000009e500000, 0x000000009e600000|  0%| F|  |TAMS 0x000000009e500000, 0x000000009e500000| Untracked 
| 486|0x000000009e600000, 0x000000009e700000, 0x000000009e700000|100%| O|  |TAMS 0x000000009e700000, 0x000000009e600000| Untracked 
| 487|0x000000009e700000, 0x000000009e800000, 0x000000009e800000|100%| O|  |TAMS 0x000000009e800000, 0x000000009e700000| Untracked 
| 488|0x000000009e800000, 0x000000009e900000, 0x000000009e900000|100%| O|  |TAMS 0x000000009e900000, 0x000000009e800000| Untracked 
| 489|0x000000009e900000, 0x000000009ea00000, 0x000000009ea00000|100%| O|  |TAMS 0x000000009ea00000, 0x000000009e900000| Untracked 
| 490|0x000000009ea00000, 0x000000009eb00000, 0x000000009eb00000|100%| O|  |TAMS 0x000000009eb00000, 0x000000009ea00000| Untracked 
| 491|0x000000009eb00000, 0x000000009ec00000, 0x000000009ec00000|100%| O|  |TAMS 0x000000009ec00000, 0x000000009eb00000| Untracked 
| 492|0x000000009ec00000, 0x000000009ed00000, 0x000000009ed00000|100%| O|  |TAMS 0x000000009ed00000, 0x000000009ec00000| Untracked 
| 493|0x000000009ed00000, 0x000000009ee00000, 0x000000009ee00000|100%| O|  |TAMS 0x000000009ee00000, 0x000000009ed00000| Untracked 
| 494|0x000000009ee00000, 0x000000009ef00000, 0x000000009ef00000|100%| O|  |TAMS 0x000000009ef00000, 0x000000009ee00000| Untracked 
| 495|0x000000009ef00000, 0x000000009f000000, 0x000000009f000000|100%| O|  |TAMS 0x000000009f000000, 0x000000009ef00000| Untracked 
| 496|0x000000009f000000, 0x000000009f100000, 0x000000009f100000|100%| O|  |TAMS 0x000000009f100000, 0x000000009f000000| Untracked 
| 497|0x000000009f100000, 0x000000009f200000, 0x000000009f200000|100%| O|  |TAMS 0x000000009f200000, 0x000000009f100000| Untracked 
| 498|0x000000009f200000, 0x000000009f300000, 0x000000009f300000|100%| O|  |TAMS 0x000000009f300000, 0x000000009f200000| Untracked 
| 499|0x000000009f300000, 0x000000009f300000, 0x000000009f400000|  0%| F|  |TAMS 0x000000009f300000, 0x000000009f300000| Untracked 
| 500|0x000000009f400000, 0x000000009f400000, 0x000000009f500000|  0%| F|  |TAMS 0x000000009f400000, 0x000000009f400000| Untracked 
| 501|0x000000009f500000, 0x000000009f500000, 0x000000009f600000|  0%| F|  |TAMS 0x000000009f500000, 0x000000009f500000| Untracked 
| 502|0x000000009f600000, 0x000000009f600000, 0x000000009f700000|  0%| F|  |TAMS 0x000000009f600000, 0x000000009f600000| Untracked 
| 503|0x000000009f700000, 0x000000009f700000, 0x000000009f800000|  0%| F|  |TAMS 0x000000009f700000, 0x000000009f700000| Untracked 
| 504|0x000000009f800000, 0x000000009f800000, 0x000000009f900000|  0%| F|  |TAMS 0x000000009f800000, 0x000000009f800000| Untracked 
| 505|0x000000009f900000, 0x000000009f900000, 0x000000009fa00000|  0%| F|  |TAMS 0x000000009f900000, 0x000000009f900000| Untracked 
| 506|0x000000009fa00000, 0x000000009fa00000, 0x000000009fb00000|  0%| F|  |TAMS 0x000000009fa00000, 0x000000009fa00000| Untracked 
| 507|0x000000009fb00000, 0x000000009fb00000, 0x000000009fc00000|  0%| F|  |TAMS 0x000000009fb00000, 0x000000009fb00000| Untracked 
| 508|0x000000009fc00000, 0x000000009fc00000, 0x000000009fd00000|  0%| F|  |TAMS 0x000000009fc00000, 0x000000009fc00000| Untracked 
| 509|0x000000009fd00000, 0x000000009fd00000, 0x000000009fe00000|  0%| F|  |TAMS 0x000000009fd00000, 0x000000009fd00000| Untracked 
| 510|0x000000009fe00000, 0x000000009fe00000, 0x000000009ff00000|  0%| F|  |TAMS 0x000000009fe00000, 0x000000009fe00000| Untracked 
| 511|0x000000009ff00000, 0x000000009ff00000, 0x00000000a0000000|  0%| F|  |TAMS 0x000000009ff00000, 0x000000009ff00000| Untracked 
| 512|0x00000000a0000000, 0x00000000a0000000, 0x00000000a0100000|  0%| F|  |TAMS 0x00000000a0000000, 0x00000000a0000000| Untracked 
| 513|0x00000000a0100000, 0x00000000a0100000, 0x00000000a0200000|  0%| F|  |TAMS 0x00000000a0100000, 0x00000000a0100000| Untracked 
| 514|0x00000000a0200000, 0x00000000a0200000, 0x00000000a0300000|  0%| F|  |TAMS 0x00000000a0200000, 0x00000000a0200000| Untracked 
| 515|0x00000000a0300000, 0x00000000a0300000, 0x00000000a0400000|  0%| F|  |TAMS 0x00000000a0300000, 0x00000000a0300000| Untracked 
| 516|0x00000000a0400000, 0x00000000a0400000, 0x00000000a0500000|  0%| F|  |TAMS 0x00000000a0400000, 0x00000000a0400000| Untracked 
| 517|0x00000000a0500000, 0x00000000a0500000, 0x00000000a0600000|  0%| F|  |TAMS 0x00000000a0500000, 0x00000000a0500000| Untracked 
| 518|0x00000000a0600000, 0x00000000a0600000, 0x00000000a0700000|  0%| F|  |TAMS 0x00000000a0600000, 0x00000000a0600000| Untracked 
| 519|0x00000000a0700000, 0x00000000a0700000, 0x00000000a0800000|  0%| F|  |TAMS 0x00000000a0700000, 0x00000000a0700000| Untracked 
| 520|0x00000000a0800000, 0x00000000a0800000, 0x00000000a0900000|  0%| F|  |TAMS 0x00000000a0800000, 0x00000000a0800000| Untracked 
| 521|0x00000000a0900000, 0x00000000a0900000, 0x00000000a0a00000|  0%| F|  |TAMS 0x00000000a0900000, 0x00000000a0900000| Untracked 
| 522|0x00000000a0a00000, 0x00000000a0a00000, 0x00000000a0b00000|  0%| F|  |TAMS 0x00000000a0a00000, 0x00000000a0a00000| Untracked 
| 523|0x00000000a0b00000, 0x00000000a0b00000, 0x00000000a0c00000|  0%| F|  |TAMS 0x00000000a0b00000, 0x00000000a0b00000| Untracked 
| 524|0x00000000a0c00000, 0x00000000a0c00000, 0x00000000a0d00000|  0%| F|  |TAMS 0x00000000a0c00000, 0x00000000a0c00000| Untracked 
| 525|0x00000000a0d00000, 0x00000000a0d00000, 0x00000000a0e00000|  0%| F|  |TAMS 0x00000000a0d00000, 0x00000000a0d00000| Untracked 
| 526|0x00000000a0e00000, 0x00000000a0e00000, 0x00000000a0f00000|  0%| F|  |TAMS 0x00000000a0e00000, 0x00000000a0e00000| Untracked 
| 527|0x00000000a0f00000, 0x00000000a0f00000, 0x00000000a1000000|  0%| F|  |TAMS 0x00000000a0f00000, 0x00000000a0f00000| Untracked 
| 528|0x00000000a1000000, 0x00000000a1000000, 0x00000000a1100000|  0%| F|  |TAMS 0x00000000a1000000, 0x00000000a1000000| Untracked 
| 529|0x00000000a1100000, 0x00000000a1100000, 0x00000000a1200000|  0%| F|  |TAMS 0x00000000a1100000, 0x00000000a1100000| Untracked 
| 530|0x00000000a1200000, 0x00000000a1200000, 0x00000000a1300000|  0%| F|  |TAMS 0x00000000a1200000, 0x00000000a1200000| Untracked 
| 531|0x00000000a1300000, 0x00000000a1300000, 0x00000000a1400000|  0%| F|  |TAMS 0x00000000a1300000, 0x00000000a1300000| Untracked 
| 532|0x00000000a1400000, 0x00000000a1400000, 0x00000000a1500000|  0%| F|  |TAMS 0x00000000a1400000, 0x00000000a1400000| Untracked 
| 533|0x00000000a1500000, 0x00000000a1500000, 0x00000000a1600000|  0%| F|  |TAMS 0x00000000a1500000, 0x00000000a1500000| Untracked 
| 534|0x00000000a1600000, 0x00000000a1700000, 0x00000000a1700000|100%| O|  |TAMS 0x00000000a1700000, 0x00000000a1600000| Untracked 
| 535|0x00000000a1700000, 0x00000000a1800000, 0x00000000a1800000|100%| O|  |TAMS 0x00000000a1800000, 0x00000000a1700000| Untracked 
| 536|0x00000000a1800000, 0x00000000a1900000, 0x00000000a1900000|100%| O|  |TAMS 0x00000000a1900000, 0x00000000a1800000| Untracked 
| 537|0x00000000a1900000, 0x00000000a1a00000, 0x00000000a1a00000|100%| O|  |TAMS 0x00000000a1a00000, 0x00000000a1900000| Untracked 
| 538|0x00000000a1a00000, 0x00000000a1b00000, 0x00000000a1b00000|100%| O|  |TAMS 0x00000000a1b00000, 0x00000000a1a00000| Untracked 
| 539|0x00000000a1b00000, 0x00000000a1c00000, 0x00000000a1c00000|100%| O|  |TAMS 0x00000000a1c00000, 0x00000000a1b00000| Untracked 
| 540|0x00000000a1c00000, 0x00000000a1d00000, 0x00000000a1d00000|100%| O|  |TAMS 0x00000000a1d00000, 0x00000000a1c00000| Untracked 
| 541|0x00000000a1d00000, 0x00000000a1e00000, 0x00000000a1e00000|100%| O|  |TAMS 0x00000000a1e00000, 0x00000000a1d00000| Untracked 
| 542|0x00000000a1e00000, 0x00000000a1f00000, 0x00000000a1f00000|100%| O|  |TAMS 0x00000000a1f00000, 0x00000000a1e00000| Untracked 
| 543|0x00000000a1f00000, 0x00000000a2000000, 0x00000000a2000000|100%| O|  |TAMS 0x00000000a2000000, 0x00000000a1f00000| Untracked 
| 544|0x00000000a2000000, 0x00000000a2100000, 0x00000000a2100000|100%| O|  |TAMS 0x00000000a2100000, 0x00000000a2000000| Untracked 
| 545|0x00000000a2100000, 0x00000000a2100000, 0x00000000a2200000|  0%| F|  |TAMS 0x00000000a2100000, 0x00000000a2100000| Untracked 
| 546|0x00000000a2200000, 0x00000000a2200000, 0x00000000a2300000|  0%| F|  |TAMS 0x00000000a2200000, 0x00000000a2200000| Untracked 
| 547|0x00000000a2300000, 0x00000000a2400000, 0x00000000a2400000|100%| O|  |TAMS 0x00000000a2400000, 0x00000000a2300000| Untracked 
| 548|0x00000000a2400000, 0x00000000a2400000, 0x00000000a2500000|  0%| F|  |TAMS 0x00000000a2400000, 0x00000000a2400000| Untracked 
| 549|0x00000000a2500000, 0x00000000a2500000, 0x00000000a2600000|  0%| F|  |TAMS 0x00000000a2500000, 0x00000000a2500000| Untracked 
| 550|0x00000000a2600000, 0x00000000a2700000, 0x00000000a2700000|100%| O|  |TAMS 0x00000000a2700000, 0x00000000a2600000| Untracked 
| 551|0x00000000a2700000, 0x00000000a2800000, 0x00000000a2800000|100%| O|  |TAMS 0x00000000a2800000, 0x00000000a2700000| Untracked 
| 552|0x00000000a2800000, 0x00000000a2800000, 0x00000000a2900000|  0%| F|  |TAMS 0x00000000a2800000, 0x00000000a2800000| Untracked 
| 553|0x00000000a2900000, 0x00000000a2a00000, 0x00000000a2a00000|100%| O|  |TAMS 0x00000000a2a00000, 0x00000000a2900000| Untracked 
| 554|0x00000000a2a00000, 0x00000000a2a00000, 0x00000000a2b00000|  0%| F|  |TAMS 0x00000000a2a00000, 0x00000000a2a00000| Untracked 
| 555|0x00000000a2b00000, 0x00000000a2b00000, 0x00000000a2c00000|  0%| F|  |TAMS 0x00000000a2b00000, 0x00000000a2b00000| Untracked 
| 556|0x00000000a2c00000, 0x00000000a2c00000, 0x00000000a2d00000|  0%| F|  |TAMS 0x00000000a2c00000, 0x00000000a2c00000| Untracked 
| 557|0x00000000a2d00000, 0x00000000a2d00000, 0x00000000a2e00000|  0%| F|  |TAMS 0x00000000a2d00000, 0x00000000a2d00000| Untracked 
| 558|0x00000000a2e00000, 0x00000000a2e00000, 0x00000000a2f00000|  0%| F|  |TAMS 0x00000000a2e00000, 0x00000000a2e00000| Untracked 
| 559|0x00000000a2f00000, 0x00000000a2f00000, 0x00000000a3000000|  0%| F|  |TAMS 0x00000000a2f00000, 0x00000000a2f00000| Untracked 
| 560|0x00000000a3000000, 0x00000000a3000000, 0x00000000a3100000|  0%| F|  |TAMS 0x00000000a3000000, 0x00000000a3000000| Untracked 
| 561|0x00000000a3100000, 0x00000000a3100000, 0x00000000a3200000|  0%| F|  |TAMS 0x00000000a3100000, 0x00000000a3100000| Untracked 
| 562|0x00000000a3200000, 0x00000000a3200000, 0x00000000a3300000|  0%| F|  |TAMS 0x00000000a3200000, 0x00000000a3200000| Untracked 
| 563|0x00000000a3300000, 0x00000000a3300000, 0x00000000a3400000|  0%| F|  |TAMS 0x00000000a3300000, 0x00000000a3300000| Untracked 
| 564|0x00000000a3400000, 0x00000000a3400000, 0x00000000a3500000|  0%| F|  |TAMS 0x00000000a3400000, 0x00000000a3400000| Untracked 
| 565|0x00000000a3500000, 0x00000000a3600000, 0x00000000a3600000|100%| O|  |TAMS 0x00000000a3600000, 0x00000000a3500000| Untracked 
| 566|0x00000000a3600000, 0x00000000a3700000, 0x00000000a3700000|100%| O|  |TAMS 0x00000000a3700000, 0x00000000a3600000| Untracked 
| 567|0x00000000a3700000, 0x00000000a3700000, 0x00000000a3800000|  0%| F|  |TAMS 0x00000000a3700000, 0x00000000a3700000| Untracked 
| 568|0x00000000a3800000, 0x00000000a3800000, 0x00000000a3900000|  0%| F|  |TAMS 0x00000000a3800000, 0x00000000a3800000| Untracked 
| 569|0x00000000a3900000, 0x00000000a3a00000, 0x00000000a3a00000|100%| O|  |TAMS 0x00000000a3a00000, 0x00000000a3900000| Untracked 
| 570|0x00000000a3a00000, 0x00000000a3b00000, 0x00000000a3b00000|100%| O|  |TAMS 0x00000000a3b00000, 0x00000000a3a00000| Untracked 
| 571|0x00000000a3b00000, 0x00000000a3c00000, 0x00000000a3c00000|100%| O|  |TAMS 0x00000000a3c00000, 0x00000000a3b00000| Untracked 
| 572|0x00000000a3c00000, 0x00000000a3c00000, 0x00000000a3d00000|  0%| F|  |TAMS 0x00000000a3c00000, 0x00000000a3c00000| Untracked 
| 573|0x00000000a3d00000, 0x00000000a3d00000, 0x00000000a3e00000|  0%| F|  |TAMS 0x00000000a3d00000, 0x00000000a3d00000| Untracked 
| 574|0x00000000a3e00000, 0x00000000a3e00000, 0x00000000a3f00000|  0%| F|  |TAMS 0x00000000a3e00000, 0x00000000a3e00000| Untracked 
| 575|0x00000000a3f00000, 0x00000000a3f00000, 0x00000000a4000000|  0%| F|  |TAMS 0x00000000a3f00000, 0x00000000a3f00000| Untracked 
| 576|0x00000000a4000000, 0x00000000a4000000, 0x00000000a4100000|  0%| F|  |TAMS 0x00000000a4000000, 0x00000000a4000000| Untracked 
| 577|0x00000000a4100000, 0x00000000a4100000, 0x00000000a4200000|  0%| F|  |TAMS 0x00000000a4100000, 0x00000000a4100000| Untracked 
| 578|0x00000000a4200000, 0x00000000a4300000, 0x00000000a4300000|100%| O|  |TAMS 0x00000000a4300000, 0x00000000a4200000| Untracked 
| 579|0x00000000a4300000, 0x00000000a4300000, 0x00000000a4400000|  0%| F|  |TAMS 0x00000000a4300000, 0x00000000a4300000| Untracked 
| 580|0x00000000a4400000, 0x00000000a4400000, 0x00000000a4500000|  0%| F|  |TAMS 0x00000000a4400000, 0x00000000a4400000| Untracked 
| 581|0x00000000a4500000, 0x00000000a4500000, 0x00000000a4600000|  0%| F|  |TAMS 0x00000000a4500000, 0x00000000a4500000| Untracked 
| 582|0x00000000a4600000, 0x00000000a4600000, 0x00000000a4700000|  0%| F|  |TAMS 0x00000000a4600000, 0x00000000a4600000| Untracked 
| 583|0x00000000a4700000, 0x00000000a4700000, 0x00000000a4800000|  0%| F|  |TAMS 0x00000000a4700000, 0x00000000a4700000| Untracked 
| 584|0x00000000a4800000, 0x00000000a4800000, 0x00000000a4900000|  0%| F|  |TAMS 0x00000000a4800000, 0x00000000a4800000| Untracked 
| 585|0x00000000a4900000, 0x00000000a4900000, 0x00000000a4a00000|  0%| F|  |TAMS 0x00000000a4900000, 0x00000000a4900000| Untracked 
| 586|0x00000000a4a00000, 0x00000000a4b00000, 0x00000000a4b00000|100%| O|  |TAMS 0x00000000a4b00000, 0x00000000a4a00000| Untracked 
| 587|0x00000000a4b00000, 0x00000000a4b00000, 0x00000000a4c00000|  0%| F|  |TAMS 0x00000000a4b00000, 0x00000000a4b00000| Untracked 
| 588|0x00000000a4c00000, 0x00000000a4c00000, 0x00000000a4d00000|  0%| F|  |TAMS 0x00000000a4c00000, 0x00000000a4c00000| Untracked 
| 589|0x00000000a4d00000, 0x00000000a4d00000, 0x00000000a4e00000|  0%| F|  |TAMS 0x00000000a4d00000, 0x00000000a4d00000| Untracked 
| 590|0x00000000a4e00000, 0x00000000a4e00000, 0x00000000a4f00000|  0%| F|  |TAMS 0x00000000a4e00000, 0x00000000a4e00000| Untracked 
| 591|0x00000000a4f00000, 0x00000000a4f00000, 0x00000000a5000000|  0%| F|  |TAMS 0x00000000a4f00000, 0x00000000a4f00000| Untracked 
| 592|0x00000000a5000000, 0x00000000a5000000, 0x00000000a5100000|  0%| F|  |TAMS 0x00000000a5000000, 0x00000000a5000000| Untracked 
| 593|0x00000000a5100000, 0x00000000a5100000, 0x00000000a5200000|  0%| F|  |TAMS 0x00000000a5100000, 0x00000000a5100000| Untracked 
| 594|0x00000000a5200000, 0x00000000a5200000, 0x00000000a5300000|  0%| F|  |TAMS 0x00000000a5200000, 0x00000000a5200000| Untracked 
| 595|0x00000000a5300000, 0x00000000a5300000, 0x00000000a5400000|  0%| F|  |TAMS 0x00000000a5300000, 0x00000000a5300000| Untracked 
| 596|0x00000000a5400000, 0x00000000a5400000, 0x00000000a5500000|  0%| F|  |TAMS 0x00000000a5400000, 0x00000000a5400000| Untracked 
| 597|0x00000000a5500000, 0x00000000a5500000, 0x00000000a5600000|  0%| F|  |TAMS 0x00000000a5500000, 0x00000000a5500000| Untracked 
| 598|0x00000000a5600000, 0x00000000a5600000, 0x00000000a5700000|  0%| F|  |TAMS 0x00000000a5600000, 0x00000000a5600000| Untracked 
| 599|0x00000000a5700000, 0x00000000a5700000, 0x00000000a5800000|  0%| F|  |TAMS 0x00000000a5700000, 0x00000000a5700000| Untracked 
| 600|0x00000000a5800000, 0x00000000a5800000, 0x00000000a5900000|  0%| F|  |TAMS 0x00000000a5800000, 0x00000000a5800000| Untracked 
| 601|0x00000000a5900000, 0x00000000a5900000, 0x00000000a5a00000|  0%| F|  |TAMS 0x00000000a5900000, 0x00000000a5900000| Untracked 
| 602|0x00000000a5a00000, 0x00000000a5a00000, 0x00000000a5b00000|  0%| F|  |TAMS 0x00000000a5a00000, 0x00000000a5a00000| Untracked 
| 603|0x00000000a5b00000, 0x00000000a5b00000, 0x00000000a5c00000|  0%| F|  |TAMS 0x00000000a5b00000, 0x00000000a5b00000| Untracked 
| 604|0x00000000a5c00000, 0x00000000a5c00000, 0x00000000a5d00000|  0%| F|  |TAMS 0x00000000a5c00000, 0x00000000a5c00000| Untracked 
| 605|0x00000000a5d00000, 0x00000000a5d00000, 0x00000000a5e00000|  0%| F|  |TAMS 0x00000000a5d00000, 0x00000000a5d00000| Untracked 
| 606|0x00000000a5e00000, 0x00000000a5e00000, 0x00000000a5f00000|  0%| F|  |TAMS 0x00000000a5e00000, 0x00000000a5e00000| Untracked 
| 607|0x00000000a5f00000, 0x00000000a5f00000, 0x00000000a6000000|  0%| F|  |TAMS 0x00000000a5f00000, 0x00000000a5f00000| Untracked 
| 608|0x00000000a6000000, 0x00000000a6000000, 0x00000000a6100000|  0%| F|  |TAMS 0x00000000a6000000, 0x00000000a6000000| Untracked 
| 609|0x00000000a6100000, 0x00000000a6100000, 0x00000000a6200000|  0%| F|  |TAMS 0x00000000a6100000, 0x00000000a6100000| Untracked 
| 610|0x00000000a6200000, 0x00000000a6200000, 0x00000000a6300000|  0%| F|  |TAMS 0x00000000a6200000, 0x00000000a6200000| Untracked 
| 611|0x00000000a6300000, 0x00000000a6300000, 0x00000000a6400000|  0%| F|  |TAMS 0x00000000a6300000, 0x00000000a6300000| Untracked 
| 612|0x00000000a6400000, 0x00000000a6400000, 0x00000000a6500000|  0%| F|  |TAMS 0x00000000a6400000, 0x00000000a6400000| Untracked 
| 613|0x00000000a6500000, 0x00000000a6500000, 0x00000000a6600000|  0%| F|  |TAMS 0x00000000a6500000, 0x00000000a6500000| Untracked 
| 614|0x00000000a6600000, 0x00000000a6600000, 0x00000000a6700000|  0%| F|  |TAMS 0x00000000a6600000, 0x00000000a6600000| Untracked 
| 615|0x00000000a6700000, 0x00000000a6700000, 0x00000000a6800000|  0%| F|  |TAMS 0x00000000a6700000, 0x00000000a6700000| Untracked 
| 616|0x00000000a6800000, 0x00000000a6800000, 0x00000000a6900000|  0%| F|  |TAMS 0x00000000a6800000, 0x00000000a6800000| Untracked 
| 617|0x00000000a6900000, 0x00000000a6900000, 0x00000000a6a00000|  0%| F|  |TAMS 0x00000000a6900000, 0x00000000a6900000| Untracked 
| 618|0x00000000a6a00000, 0x00000000a6a00000, 0x00000000a6b00000|  0%| F|  |TAMS 0x00000000a6a00000, 0x00000000a6a00000| Untracked 
| 619|0x00000000a6b00000, 0x00000000a6b00000, 0x00000000a6c00000|  0%| F|  |TAMS 0x00000000a6b00000, 0x00000000a6b00000| Untracked 
| 620|0x00000000a6c00000, 0x00000000a6c00000, 0x00000000a6d00000|  0%| F|  |TAMS 0x00000000a6c00000, 0x00000000a6c00000| Untracked 
| 621|0x00000000a6d00000, 0x00000000a6d00000, 0x00000000a6e00000|  0%| F|  |TAMS 0x00000000a6d00000, 0x00000000a6d00000| Untracked 
| 622|0x00000000a6e00000, 0x00000000a6e00000, 0x00000000a6f00000|  0%| F|  |TAMS 0x00000000a6e00000, 0x00000000a6e00000| Untracked 
| 623|0x00000000a6f00000, 0x00000000a6f00000, 0x00000000a7000000|  0%| F|  |TAMS 0x00000000a6f00000, 0x00000000a6f00000| Untracked 
| 624|0x00000000a7000000, 0x00000000a7000000, 0x00000000a7100000|  0%| F|  |TAMS 0x00000000a7000000, 0x00000000a7000000| Untracked 
| 625|0x00000000a7100000, 0x00000000a7100000, 0x00000000a7200000|  0%| F|  |TAMS 0x00000000a7100000, 0x00000000a7100000| Untracked 
| 626|0x00000000a7200000, 0x00000000a7200000, 0x00000000a7300000|  0%| F|  |TAMS 0x00000000a7200000, 0x00000000a7200000| Untracked 
| 627|0x00000000a7300000, 0x00000000a7300000, 0x00000000a7400000|  0%| F|  |TAMS 0x00000000a7300000, 0x00000000a7300000| Untracked 
| 628|0x00000000a7400000, 0x00000000a7400000, 0x00000000a7500000|  0%| F|  |TAMS 0x00000000a7400000, 0x00000000a7400000| Untracked 
| 629|0x00000000a7500000, 0x00000000a7500000, 0x00000000a7600000|  0%| F|  |TAMS 0x00000000a7500000, 0x00000000a7500000| Untracked 
| 630|0x00000000a7600000, 0x00000000a7600000, 0x00000000a7700000|  0%| F|  |TAMS 0x00000000a7600000, 0x00000000a7600000| Untracked 
| 631|0x00000000a7700000, 0x00000000a7700000, 0x00000000a7800000|  0%| F|  |TAMS 0x00000000a7700000, 0x00000000a7700000| Untracked 
| 632|0x00000000a7800000, 0x00000000a7800000, 0x00000000a7900000|  0%| F|  |TAMS 0x00000000a7800000, 0x00000000a7800000| Untracked 
| 633|0x00000000a7900000, 0x00000000a7900000, 0x00000000a7a00000|  0%| F|  |TAMS 0x00000000a7900000, 0x00000000a7900000| Untracked 
| 634|0x00000000a7a00000, 0x00000000a7a00000, 0x00000000a7b00000|  0%| F|  |TAMS 0x00000000a7a00000, 0x00000000a7a00000| Untracked 
| 635|0x00000000a7b00000, 0x00000000a7b00000, 0x00000000a7c00000|  0%| F|  |TAMS 0x00000000a7b00000, 0x00000000a7b00000| Untracked 
| 636|0x00000000a7c00000, 0x00000000a7c00000, 0x00000000a7d00000|  0%| F|  |TAMS 0x00000000a7c00000, 0x00000000a7c00000| Untracked 
| 637|0x00000000a7d00000, 0x00000000a7d00000, 0x00000000a7e00000|  0%| F|  |TAMS 0x00000000a7d00000, 0x00000000a7d00000| Untracked 
| 638|0x00000000a7e00000, 0x00000000a7e00000, 0x00000000a7f00000|  0%| F|  |TAMS 0x00000000a7e00000, 0x00000000a7e00000| Untracked 
| 639|0x00000000a7f00000, 0x00000000a7f00000, 0x00000000a8000000|  0%| F|  |TAMS 0x00000000a7f00000, 0x00000000a7f00000| Untracked 
| 640|0x00000000a8000000, 0x00000000a8000000, 0x00000000a8100000|  0%| F|  |TAMS 0x00000000a8000000, 0x00000000a8000000| Untracked 
| 641|0x00000000a8100000, 0x00000000a8100000, 0x00000000a8200000|  0%| F|  |TAMS 0x00000000a8100000, 0x00000000a8100000| Untracked 
| 642|0x00000000a8200000, 0x00000000a8200000, 0x00000000a8300000|  0%| F|  |TAMS 0x00000000a8200000, 0x00000000a8200000| Untracked 
| 643|0x00000000a8300000, 0x00000000a8300000, 0x00000000a8400000|  0%| F|  |TAMS 0x00000000a8300000, 0x00000000a8300000| Untracked 
| 644|0x00000000a8400000, 0x00000000a8400000, 0x00000000a8500000|  0%| F|  |TAMS 0x00000000a8400000, 0x00000000a8400000| Untracked 
| 645|0x00000000a8500000, 0x00000000a8500000, 0x00000000a8600000|  0%| F|  |TAMS 0x00000000a8500000, 0x00000000a8500000| Untracked 
| 646|0x00000000a8600000, 0x00000000a8600000, 0x00000000a8700000|  0%| F|  |TAMS 0x00000000a8600000, 0x00000000a8600000| Untracked 
| 647|0x00000000a8700000, 0x00000000a8700000, 0x00000000a8800000|  0%| F|  |TAMS 0x00000000a8700000, 0x00000000a8700000| Untracked 
| 648|0x00000000a8800000, 0x00000000a8800000, 0x00000000a8900000|  0%| F|  |TAMS 0x00000000a8800000, 0x00000000a8800000| Untracked 
| 649|0x00000000a8900000, 0x00000000a8900000, 0x00000000a8a00000|  0%| F|  |TAMS 0x00000000a8900000, 0x00000000a8900000| Untracked 
| 650|0x00000000a8a00000, 0x00000000a8a00000, 0x00000000a8b00000|  0%| F|  |TAMS 0x00000000a8a00000, 0x00000000a8a00000| Untracked 
| 651|0x00000000a8b00000, 0x00000000a8b00000, 0x00000000a8c00000|  0%| F|  |TAMS 0x00000000a8b00000, 0x00000000a8b00000| Untracked 
| 652|0x00000000a8c00000, 0x00000000a8c00000, 0x00000000a8d00000|  0%| F|  |TAMS 0x00000000a8c00000, 0x00000000a8c00000| Untracked 
| 653|0x00000000a8d00000, 0x00000000a8d00000, 0x00000000a8e00000|  0%| F|  |TAMS 0x00000000a8d00000, 0x00000000a8d00000| Untracked 
| 654|0x00000000a8e00000, 0x00000000a8e00000, 0x00000000a8f00000|  0%| F|  |TAMS 0x00000000a8e00000, 0x00000000a8e00000| Untracked 
| 655|0x00000000a8f00000, 0x00000000a8f00000, 0x00000000a9000000|  0%| F|  |TAMS 0x00000000a8f00000, 0x00000000a8f00000| Untracked 
| 656|0x00000000a9000000, 0x00000000a9000000, 0x00000000a9100000|  0%| F|  |TAMS 0x00000000a9000000, 0x00000000a9000000| Untracked 
| 657|0x00000000a9100000, 0x00000000a9100000, 0x00000000a9200000|  0%| F|  |TAMS 0x00000000a9100000, 0x00000000a9100000| Untracked 
| 658|0x00000000a9200000, 0x00000000a9200000, 0x00000000a9300000|  0%| F|  |TAMS 0x00000000a9200000, 0x00000000a9200000| Untracked 
| 659|0x00000000a9300000, 0x00000000a9300000, 0x00000000a9400000|  0%| F|  |TAMS 0x00000000a9300000, 0x00000000a9300000| Untracked 
| 660|0x00000000a9400000, 0x00000000a9400000, 0x00000000a9500000|  0%| F|  |TAMS 0x00000000a9400000, 0x00000000a9400000| Untracked 
| 661|0x00000000a9500000, 0x00000000a9500000, 0x00000000a9600000|  0%| F|  |TAMS 0x00000000a9500000, 0x00000000a9500000| Untracked 
| 662|0x00000000a9600000, 0x00000000a9600000, 0x00000000a9700000|  0%| F|  |TAMS 0x00000000a9600000, 0x00000000a9600000| Untracked 
| 663|0x00000000a9700000, 0x00000000a9700000, 0x00000000a9800000|  0%| F|  |TAMS 0x00000000a9700000, 0x00000000a9700000| Untracked 
| 664|0x00000000a9800000, 0x00000000a9800000, 0x00000000a9900000|  0%| F|  |TAMS 0x00000000a9800000, 0x00000000a9800000| Untracked 
| 665|0x00000000a9900000, 0x00000000a9900000, 0x00000000a9a00000|  0%| F|  |TAMS 0x00000000a9900000, 0x00000000a9900000| Untracked 
| 666|0x00000000a9a00000, 0x00000000a9a00000, 0x00000000a9b00000|  0%| F|  |TAMS 0x00000000a9a00000, 0x00000000a9a00000| Untracked 
| 667|0x00000000a9b00000, 0x00000000a9b00000, 0x00000000a9c00000|  0%| F|  |TAMS 0x00000000a9b00000, 0x00000000a9b00000| Untracked 
| 668|0x00000000a9c00000, 0x00000000a9c00000, 0x00000000a9d00000|  0%| F|  |TAMS 0x00000000a9c00000, 0x00000000a9c00000| Untracked 
| 669|0x00000000a9d00000, 0x00000000a9d00000, 0x00000000a9e00000|  0%| F|  |TAMS 0x00000000a9d00000, 0x00000000a9d00000| Untracked 
| 670|0x00000000a9e00000, 0x00000000a9e00000, 0x00000000a9f00000|  0%| F|  |TAMS 0x00000000a9e00000, 0x00000000a9e00000| Untracked 
| 671|0x00000000a9f00000, 0x00000000a9f00000, 0x00000000aa000000|  0%| F|  |TAMS 0x00000000a9f00000, 0x00000000a9f00000| Untracked 
| 672|0x00000000aa000000, 0x00000000aa000000, 0x00000000aa100000|  0%| F|  |TAMS 0x00000000aa000000, 0x00000000aa000000| Untracked 
| 673|0x00000000aa100000, 0x00000000aa100000, 0x00000000aa200000|  0%| F|  |TAMS 0x00000000aa100000, 0x00000000aa100000| Untracked 
| 674|0x00000000aa200000, 0x00000000aa200000, 0x00000000aa300000|  0%| F|  |TAMS 0x00000000aa200000, 0x00000000aa200000| Untracked 
| 675|0x00000000aa300000, 0x00000000aa300000, 0x00000000aa400000|  0%| F|  |TAMS 0x00000000aa300000, 0x00000000aa300000| Untracked 
| 676|0x00000000aa400000, 0x00000000aa400000, 0x00000000aa500000|  0%| F|  |TAMS 0x00000000aa400000, 0x00000000aa400000| Untracked 
| 677|0x00000000aa500000, 0x00000000aa500000, 0x00000000aa600000|  0%| F|  |TAMS 0x00000000aa500000, 0x00000000aa500000| Untracked 
| 678|0x00000000aa600000, 0x00000000aa600000, 0x00000000aa700000|  0%| F|  |TAMS 0x00000000aa600000, 0x00000000aa600000| Untracked 
| 679|0x00000000aa700000, 0x00000000aa700000, 0x00000000aa800000|  0%| F|  |TAMS 0x00000000aa700000, 0x00000000aa700000| Untracked 
| 680|0x00000000aa800000, 0x00000000aa800000, 0x00000000aa900000|  0%| F|  |TAMS 0x00000000aa800000, 0x00000000aa800000| Untracked 
| 681|0x00000000aa900000, 0x00000000aa900000, 0x00000000aaa00000|  0%| F|  |TAMS 0x00000000aa900000, 0x00000000aa900000| Untracked 
| 682|0x00000000aaa00000, 0x00000000aaa00000, 0x00000000aab00000|  0%| F|  |TAMS 0x00000000aaa00000, 0x00000000aaa00000| Untracked 
| 683|0x00000000aab00000, 0x00000000aab00000, 0x00000000aac00000|  0%| F|  |TAMS 0x00000000aab00000, 0x00000000aab00000| Untracked 
| 684|0x00000000aac00000, 0x00000000aac00000, 0x00000000aad00000|  0%| F|  |TAMS 0x00000000aac00000, 0x00000000aac00000| Untracked 
| 685|0x00000000aad00000, 0x00000000aad00000, 0x00000000aae00000|  0%| F|  |TAMS 0x00000000aad00000, 0x00000000aad00000| Untracked 
| 686|0x00000000aae00000, 0x00000000aae00000, 0x00000000aaf00000|  0%| F|  |TAMS 0x00000000aae00000, 0x00000000aae00000| Untracked 
| 687|0x00000000aaf00000, 0x00000000aaf00000, 0x00000000ab000000|  0%| F|  |TAMS 0x00000000aaf00000, 0x00000000aaf00000| Untracked 
| 688|0x00000000ab000000, 0x00000000ab000000, 0x00000000ab100000|  0%| F|  |TAMS 0x00000000ab000000, 0x00000000ab000000| Untracked 
| 689|0x00000000ab100000, 0x00000000ab100000, 0x00000000ab200000|  0%| F|  |TAMS 0x00000000ab100000, 0x00000000ab100000| Untracked 
| 690|0x00000000ab200000, 0x00000000ab200000, 0x00000000ab300000|  0%| F|  |TAMS 0x00000000ab200000, 0x00000000ab200000| Untracked 
| 691|0x00000000ab300000, 0x00000000ab300000, 0x00000000ab400000|  0%| F|  |TAMS 0x00000000ab300000, 0x00000000ab300000| Untracked 
| 692|0x00000000ab400000, 0x00000000ab400000, 0x00000000ab500000|  0%| F|  |TAMS 0x00000000ab400000, 0x00000000ab400000| Untracked 
| 693|0x00000000ab500000, 0x00000000ab500000, 0x00000000ab600000|  0%| F|  |TAMS 0x00000000ab500000, 0x00000000ab500000| Untracked 
| 694|0x00000000ab600000, 0x00000000ab600000, 0x00000000ab700000|  0%| F|  |TAMS 0x00000000ab600000, 0x00000000ab600000| Untracked 
| 695|0x00000000ab700000, 0x00000000ab700000, 0x00000000ab800000|  0%| F|  |TAMS 0x00000000ab700000, 0x00000000ab700000| Untracked 
| 696|0x00000000ab800000, 0x00000000ab800000, 0x00000000ab900000|  0%| F|  |TAMS 0x00000000ab800000, 0x00000000ab800000| Untracked 
| 697|0x00000000ab900000, 0x00000000ab900000, 0x00000000aba00000|  0%| F|  |TAMS 0x00000000ab900000, 0x00000000ab900000| Untracked 
| 698|0x00000000aba00000, 0x00000000aba00000, 0x00000000abb00000|  0%| F|  |TAMS 0x00000000aba00000, 0x00000000aba00000| Untracked 
| 699|0x00000000abb00000, 0x00000000abb00000, 0x00000000abc00000|  0%| F|  |TAMS 0x00000000abb00000, 0x00000000abb00000| Untracked 
| 700|0x00000000abc00000, 0x00000000abc00000, 0x00000000abd00000|  0%| F|  |TAMS 0x00000000abc00000, 0x00000000abc00000| Untracked 
| 701|0x00000000abd00000, 0x00000000abd00000, 0x00000000abe00000|  0%| F|  |TAMS 0x00000000abd00000, 0x00000000abd00000| Untracked 
| 702|0x00000000abe00000, 0x00000000abe00000, 0x00000000abf00000|  0%| F|  |TAMS 0x00000000abe00000, 0x00000000abe00000| Untracked 
| 703|0x00000000abf00000, 0x00000000abf00000, 0x00000000ac000000|  0%| F|  |TAMS 0x00000000abf00000, 0x00000000abf00000| Untracked 
| 704|0x00000000ac000000, 0x00000000ac000000, 0x00000000ac100000|  0%| F|  |TAMS 0x00000000ac000000, 0x00000000ac000000| Untracked 
| 705|0x00000000ac100000, 0x00000000ac100000, 0x00000000ac200000|  0%| F|  |TAMS 0x00000000ac100000, 0x00000000ac100000| Untracked 
| 706|0x00000000ac200000, 0x00000000ac200000, 0x00000000ac300000|  0%| F|  |TAMS 0x00000000ac200000, 0x00000000ac200000| Untracked 
| 707|0x00000000ac300000, 0x00000000ac300000, 0x00000000ac400000|  0%| F|  |TAMS 0x00000000ac300000, 0x00000000ac300000| Untracked 
| 708|0x00000000ac400000, 0x00000000ac400000, 0x00000000ac500000|  0%| F|  |TAMS 0x00000000ac400000, 0x00000000ac400000| Untracked 
| 709|0x00000000ac500000, 0x00000000ac500000, 0x00000000ac600000|  0%| F|  |TAMS 0x00000000ac500000, 0x00000000ac500000| Untracked 
| 710|0x00000000ac600000, 0x00000000ac600000, 0x00000000ac700000|  0%| F|  |TAMS 0x00000000ac600000, 0x00000000ac600000| Untracked 
| 711|0x00000000ac700000, 0x00000000ac700000, 0x00000000ac800000|  0%| F|  |TAMS 0x00000000ac700000, 0x00000000ac700000| Untracked 
| 712|0x00000000ac800000, 0x00000000ac800000, 0x00000000ac900000|  0%| F|  |TAMS 0x00000000ac800000, 0x00000000ac800000| Untracked 
| 713|0x00000000ac900000, 0x00000000ac900000, 0x00000000aca00000|  0%| F|  |TAMS 0x00000000ac900000, 0x00000000ac900000| Untracked 
| 714|0x00000000aca00000, 0x00000000aca00000, 0x00000000acb00000|  0%| F|  |TAMS 0x00000000aca00000, 0x00000000aca00000| Untracked 
| 715|0x00000000acb00000, 0x00000000acb00000, 0x00000000acc00000|  0%| F|  |TAMS 0x00000000acb00000, 0x00000000acb00000| Untracked 
| 716|0x00000000acc00000, 0x00000000acc00000, 0x00000000acd00000|  0%| F|  |TAMS 0x00000000acc00000, 0x00000000acc00000| Untracked 
| 717|0x00000000acd00000, 0x00000000acd00000, 0x00000000ace00000|  0%| F|  |TAMS 0x00000000acd00000, 0x00000000acd00000| Untracked 
| 718|0x00000000ace00000, 0x00000000ace00000, 0x00000000acf00000|  0%| F|  |TAMS 0x00000000ace00000, 0x00000000ace00000| Untracked 
| 719|0x00000000acf00000, 0x00000000acf00000, 0x00000000ad000000|  0%| F|  |TAMS 0x00000000acf00000, 0x00000000acf00000| Untracked 
| 720|0x00000000ad000000, 0x00000000ad000000, 0x00000000ad100000|  0%| F|  |TAMS 0x00000000ad000000, 0x00000000ad000000| Untracked 
| 721|0x00000000ad100000, 0x00000000ad100000, 0x00000000ad200000|  0%| F|  |TAMS 0x00000000ad100000, 0x00000000ad100000| Untracked 
| 722|0x00000000ad200000, 0x00000000ad300000, 0x00000000ad300000|100%| O|  |TAMS 0x00000000ad300000, 0x00000000ad200000| Untracked 
| 723|0x00000000ad300000, 0x00000000ad300000, 0x00000000ad400000|  0%| F|  |TAMS 0x00000000ad300000, 0x00000000ad300000| Untracked 
| 724|0x00000000ad400000, 0x00000000ad400000, 0x00000000ad500000|  0%| F|  |TAMS 0x00000000ad400000, 0x00000000ad400000| Untracked 
| 725|0x00000000ad500000, 0x00000000ad500000, 0x00000000ad600000|  0%| F|  |TAMS 0x00000000ad500000, 0x00000000ad500000| Untracked 
| 726|0x00000000ad600000, 0x00000000ad600000, 0x00000000ad700000|  0%| F|  |TAMS 0x00000000ad600000, 0x00000000ad600000| Untracked 
| 727|0x00000000ad700000, 0x00000000ad800000, 0x00000000ad800000|100%|HS|  |TAMS 0x00000000ad800000, 0x00000000ad700000| Complete 
| 728|0x00000000ad800000, 0x00000000ad900000, 0x00000000ad900000|100%|HS|  |TAMS 0x00000000ad900000, 0x00000000ad800000| Complete 
| 729|0x00000000ad900000, 0x00000000ada00000, 0x00000000ada00000|100%|HC|  |TAMS 0x00000000ada00000, 0x00000000ad900000| Complete 
| 730|0x00000000ada00000, 0x00000000adb00000, 0x00000000adb00000|100%|HS|  |TAMS 0x00000000adb00000, 0x00000000ada00000| Complete 
| 731|0x00000000adb00000, 0x00000000adc00000, 0x00000000adc00000|100%|HC|  |TAMS 0x00000000adc00000, 0x00000000adb00000| Complete 
| 732|0x00000000adc00000, 0x00000000add00000, 0x00000000add00000|100%|HS|  |TAMS 0x00000000add00000, 0x00000000adc00000| Complete 
| 733|0x00000000add00000, 0x00000000ade00000, 0x00000000ade00000|100%|HS|  |TAMS 0x00000000ade00000, 0x00000000add00000| Complete 
| 734|0x00000000ade00000, 0x00000000adf00000, 0x00000000adf00000|100%|HC|  |TAMS 0x00000000adf00000, 0x00000000ade00000| Complete 
| 735|0x00000000adf00000, 0x00000000ae000000, 0x00000000ae000000|100%|HS|  |TAMS 0x00000000ae000000, 0x00000000adf00000| Complete 
| 736|0x00000000ae000000, 0x00000000ae100000, 0x00000000ae100000|100%|HS|  |TAMS 0x00000000ae100000, 0x00000000ae000000| Complete 
| 737|0x00000000ae100000, 0x00000000ae200000, 0x00000000ae200000|100%|HC|  |TAMS 0x00000000ae200000, 0x00000000ae100000| Complete 
| 738|0x00000000ae200000, 0x00000000ae300000, 0x00000000ae300000|100%|HC|  |TAMS 0x00000000ae300000, 0x00000000ae200000| Complete 
| 739|0x00000000ae300000, 0x00000000ae400000, 0x00000000ae400000|100%| O|  |TAMS 0x00000000ae400000, 0x00000000ae300000| Untracked 
| 740|0x00000000ae400000, 0x00000000ae400000, 0x00000000ae500000|  0%| F|  |TAMS 0x00000000ae400000, 0x00000000ae400000| Untracked 
| 741|0x00000000ae500000, 0x00000000ae600000, 0x00000000ae600000|100%|HS|  |TAMS 0x00000000ae600000, 0x00000000ae500000| Complete 
| 742|0x00000000ae600000, 0x00000000ae700000, 0x00000000ae700000|100%|HC|  |TAMS 0x00000000ae700000, 0x00000000ae600000| Complete 
| 743|0x00000000ae700000, 0x00000000ae800000, 0x00000000ae800000|100%| O|  |TAMS 0x00000000ae800000, 0x00000000ae700000| Untracked 
| 744|0x00000000ae800000, 0x00000000ae800000, 0x00000000ae900000|  0%| F|  |TAMS 0x00000000ae800000, 0x00000000ae800000| Untracked 
| 745|0x00000000ae900000, 0x00000000ae900000, 0x00000000aea00000|  0%| F|  |TAMS 0x00000000ae900000, 0x00000000ae900000| Untracked 
| 746|0x00000000aea00000, 0x00000000aeb00000, 0x00000000aeb00000|100%| O|  |TAMS 0x00000000aeb00000, 0x00000000aea00000| Untracked 
| 747|0x00000000aeb00000, 0x00000000aec00000, 0x00000000aec00000|100%| O|  |TAMS 0x00000000aec00000, 0x00000000aeb00000| Untracked 
| 748|0x00000000aec00000, 0x00000000aed00000, 0x00000000aed00000|100%| O|  |TAMS 0x00000000aed00000, 0x00000000aec00000| Untracked 
| 749|0x00000000aed00000, 0x00000000aed00000, 0x00000000aee00000|  0%| F|  |TAMS 0x00000000aed00000, 0x00000000aed00000| Untracked 
| 750|0x00000000aee00000, 0x00000000aee00000, 0x00000000aef00000|  0%| F|  |TAMS 0x00000000aee00000, 0x00000000aee00000| Untracked 
| 751|0x00000000aef00000, 0x00000000af000000, 0x00000000af000000|100%| O|  |TAMS 0x00000000af000000, 0x00000000aef00000| Untracked 
| 752|0x00000000af000000, 0x00000000af000000, 0x00000000af100000|  0%| F|  |TAMS 0x00000000af000000, 0x00000000af000000| Untracked 
| 753|0x00000000af100000, 0x00000000af200000, 0x00000000af200000|100%| O|  |TAMS 0x00000000af200000, 0x00000000af100000| Untracked 
| 754|0x00000000af200000, 0x00000000af300000, 0x00000000af300000|100%| O|  |TAMS 0x00000000af300000, 0x00000000af200000| Untracked 
| 755|0x00000000af300000, 0x00000000af400000, 0x00000000af400000|100%| O|  |TAMS 0x00000000af400000, 0x00000000af300000| Untracked 
| 756|0x00000000af400000, 0x00000000af400000, 0x00000000af500000|  0%| F|  |TAMS 0x00000000af400000, 0x00000000af400000| Untracked 
| 757|0x00000000af500000, 0x00000000af500000, 0x00000000af600000|  0%| F|  |TAMS 0x00000000af500000, 0x00000000af500000| Untracked 
| 758|0x00000000af600000, 0x00000000af700000, 0x00000000af700000|100%| O|  |TAMS 0x00000000af700000, 0x00000000af600000| Untracked 
| 759|0x00000000af700000, 0x00000000af700000, 0x00000000af800000|  0%| F|  |TAMS 0x00000000af700000, 0x00000000af700000| Untracked 
| 760|0x00000000af800000, 0x00000000af900000, 0x00000000af900000|100%| O|  |TAMS 0x00000000af900000, 0x00000000af800000| Untracked 
| 761|0x00000000af900000, 0x00000000afa00000, 0x00000000afa00000|100%| O|  |TAMS 0x00000000afa00000, 0x00000000af900000| Untracked 
| 762|0x00000000afa00000, 0x00000000afb00000, 0x00000000afb00000|100%| O|  |TAMS 0x00000000afb00000, 0x00000000afa00000| Untracked 
| 763|0x00000000afb00000, 0x00000000afc00000, 0x00000000afc00000|100%| O|  |TAMS 0x00000000afc00000, 0x00000000afb00000| Untracked 
| 764|0x00000000afc00000, 0x00000000afd00000, 0x00000000afd00000|100%| O|  |TAMS 0x00000000afd00000, 0x00000000afc00000| Untracked 
| 765|0x00000000afd00000, 0x00000000afe00000, 0x00000000afe00000|100%| O|  |TAMS 0x00000000afe00000, 0x00000000afd00000| Untracked 
| 766|0x00000000afe00000, 0x00000000afe00000, 0x00000000aff00000|  0%| F|  |TAMS 0x00000000afe00000, 0x00000000afe00000| Untracked 
| 767|0x00000000aff00000, 0x00000000aff00000, 0x00000000b0000000|  0%| F|  |TAMS 0x00000000aff00000, 0x00000000aff00000| Untracked 
| 768|0x00000000b0000000, 0x00000000b0000000, 0x00000000b0100000|  0%| F|  |TAMS 0x00000000b0000000, 0x00000000b0000000| Untracked 
| 769|0x00000000b0100000, 0x00000000b0100000, 0x00000000b0200000|  0%| F|  |TAMS 0x00000000b0100000, 0x00000000b0100000| Untracked 
| 770|0x00000000b0200000, 0x00000000b0300000, 0x00000000b0300000|100%|HS|  |TAMS 0x00000000b0300000, 0x00000000b0200000| Complete 
| 771|0x00000000b0300000, 0x00000000b0400000, 0x00000000b0400000|100%| O|  |TAMS 0x00000000b0400000, 0x00000000b0300000| Untracked 
| 772|0x00000000b0400000, 0x00000000b0500000, 0x00000000b0500000|100%| O|  |TAMS 0x00000000b0500000, 0x00000000b0400000| Untracked 
| 773|0x00000000b0500000, 0x00000000b0600000, 0x00000000b0600000|100%| O|  |TAMS 0x00000000b0600000, 0x00000000b0500000| Untracked 
| 774|0x00000000b0600000, 0x00000000b0700000, 0x00000000b0700000|100%| O|  |TAMS 0x00000000b0700000, 0x00000000b0600000| Untracked 
| 775|0x00000000b0700000, 0x00000000b0800000, 0x00000000b0800000|100%| O|  |TAMS 0x00000000b0800000, 0x00000000b0700000| Untracked 
| 776|0x00000000b0800000, 0x00000000b0900000, 0x00000000b0900000|100%| O|  |TAMS 0x00000000b0900000, 0x00000000b0800000| Untracked 
| 777|0x00000000b0900000, 0x00000000b0a00000, 0x00000000b0a00000|100%| O|  |TAMS 0x00000000b0a00000, 0x00000000b0900000| Untracked 
| 778|0x00000000b0a00000, 0x00000000b0a00000, 0x00000000b0b00000|  0%| F|  |TAMS 0x00000000b0a00000, 0x00000000b0a00000| Untracked 
| 779|0x00000000b0b00000, 0x00000000b0b00000, 0x00000000b0c00000|  0%| F|  |TAMS 0x00000000b0b00000, 0x00000000b0b00000| Untracked 
| 780|0x00000000b0c00000, 0x00000000b0c00000, 0x00000000b0d00000|  0%| F|  |TAMS 0x00000000b0c00000, 0x00000000b0c00000| Untracked 
| 781|0x00000000b0d00000, 0x00000000b0d00000, 0x00000000b0e00000|  0%| F|  |TAMS 0x00000000b0d00000, 0x00000000b0d00000| Untracked 
| 782|0x00000000b0e00000, 0x00000000b0e00000, 0x00000000b0f00000|  0%| F|  |TAMS 0x00000000b0e00000, 0x00000000b0e00000| Untracked 
| 783|0x00000000b0f00000, 0x00000000b0f00000, 0x00000000b1000000|  0%| F|  |TAMS 0x00000000b0f00000, 0x00000000b0f00000| Untracked 
| 784|0x00000000b1000000, 0x00000000b1000000, 0x00000000b1100000|  0%| F|  |TAMS 0x00000000b1000000, 0x00000000b1000000| Untracked 
| 785|0x00000000b1100000, 0x00000000b1100000, 0x00000000b1200000|  0%| F|  |TAMS 0x00000000b1100000, 0x00000000b1100000| Untracked 
| 786|0x00000000b1200000, 0x00000000b1200000, 0x00000000b1300000|  0%| F|  |TAMS 0x00000000b1200000, 0x00000000b1200000| Untracked 
| 787|0x00000000b1300000, 0x00000000b1300000, 0x00000000b1400000|  0%| F|  |TAMS 0x00000000b1300000, 0x00000000b1300000| Untracked 
| 788|0x00000000b1400000, 0x00000000b1500000, 0x00000000b1500000|100%| O|  |TAMS 0x00000000b1500000, 0x00000000b1400000| Untracked 
| 789|0x00000000b1500000, 0x00000000b1600000, 0x00000000b1600000|100%| O|  |TAMS 0x00000000b1600000, 0x00000000b1500000| Untracked 
| 790|0x00000000b1600000, 0x00000000b1700000, 0x00000000b1700000|100%| O|  |TAMS 0x00000000b1700000, 0x00000000b1600000| Untracked 
| 791|0x00000000b1700000, 0x00000000b1800000, 0x00000000b1800000|100%| O|  |TAMS 0x00000000b1800000, 0x00000000b1700000| Untracked 
| 792|0x00000000b1800000, 0x00000000b1900000, 0x00000000b1900000|100%| O|  |TAMS 0x00000000b1900000, 0x00000000b1800000| Untracked 
| 793|0x00000000b1900000, 0x00000000b1a00000, 0x00000000b1a00000|100%| O|  |TAMS 0x00000000b1a00000, 0x00000000b1900000| Untracked 
| 794|0x00000000b1a00000, 0x00000000b1b00000, 0x00000000b1b00000|100%| O|  |TAMS 0x00000000b1b00000, 0x00000000b1a00000| Untracked 
| 795|0x00000000b1b00000, 0x00000000b1c00000, 0x00000000b1c00000|100%| O|  |TAMS 0x00000000b1c00000, 0x00000000b1b00000| Untracked 
| 796|0x00000000b1c00000, 0x00000000b1d00000, 0x00000000b1d00000|100%| O|  |TAMS 0x00000000b1d00000, 0x00000000b1c00000| Untracked 
| 797|0x00000000b1d00000, 0x00000000b1e00000, 0x00000000b1e00000|100%| O|  |TAMS 0x00000000b1e00000, 0x00000000b1d00000| Untracked 
| 798|0x00000000b1e00000, 0x00000000b1f00000, 0x00000000b1f00000|100%| O|  |TAMS 0x00000000b1f00000, 0x00000000b1e00000| Untracked 
| 799|0x00000000b1f00000, 0x00000000b2000000, 0x00000000b2000000|100%| O|  |TAMS 0x00000000b2000000, 0x00000000b1f00000| Untracked 
| 800|0x00000000b2000000, 0x00000000b2100000, 0x00000000b2100000|100%| O|  |TAMS 0x00000000b2100000, 0x00000000b2000000| Untracked 
| 801|0x00000000b2100000, 0x00000000b2200000, 0x00000000b2200000|100%| O|  |TAMS 0x00000000b2200000, 0x00000000b2100000| Untracked 
| 802|0x00000000b2200000, 0x00000000b2300000, 0x00000000b2300000|100%| O|  |TAMS 0x00000000b2300000, 0x00000000b2200000| Untracked 
| 803|0x00000000b2300000, 0x00000000b2400000, 0x00000000b2400000|100%| O|  |TAMS 0x00000000b2400000, 0x00000000b2300000| Untracked 
| 804|0x00000000b2400000, 0x00000000b2500000, 0x00000000b2500000|100%| O|  |TAMS 0x00000000b2500000, 0x00000000b2400000| Untracked 
| 805|0x00000000b2500000, 0x00000000b2600000, 0x00000000b2600000|100%| O|  |TAMS 0x00000000b2600000, 0x00000000b2500000| Untracked 
| 806|0x00000000b2600000, 0x00000000b2700000, 0x00000000b2700000|100%| O|  |TAMS 0x00000000b2700000, 0x00000000b2600000| Untracked 
| 807|0x00000000b2700000, 0x00000000b2800000, 0x00000000b2800000|100%| O|  |TAMS 0x00000000b2800000, 0x00000000b2700000| Untracked 
| 808|0x00000000b2800000, 0x00000000b2900000, 0x00000000b2900000|100%| O|  |TAMS 0x00000000b2900000, 0x00000000b2800000| Untracked 
| 809|0x00000000b2900000, 0x00000000b2a00000, 0x00000000b2a00000|100%| O|  |TAMS 0x00000000b2a00000, 0x00000000b2900000| Untracked 
| 810|0x00000000b2a00000, 0x00000000b2b00000, 0x00000000b2b00000|100%| O|  |TAMS 0x00000000b2b00000, 0x00000000b2a00000| Untracked 
| 811|0x00000000b2b00000, 0x00000000b2c00000, 0x00000000b2c00000|100%| O|  |TAMS 0x00000000b2c00000, 0x00000000b2b00000| Untracked 
| 812|0x00000000b2c00000, 0x00000000b2d00000, 0x00000000b2d00000|100%| O|  |TAMS 0x00000000b2d00000, 0x00000000b2c00000| Untracked 
| 813|0x00000000b2d00000, 0x00000000b2e00000, 0x00000000b2e00000|100%| O|  |TAMS 0x00000000b2e00000, 0x00000000b2d00000| Untracked 
| 814|0x00000000b2e00000, 0x00000000b2f00000, 0x00000000b2f00000|100%| O|  |TAMS 0x00000000b2f00000, 0x00000000b2e00000| Untracked 
| 815|0x00000000b2f00000, 0x00000000b3000000, 0x00000000b3000000|100%| O|  |TAMS 0x00000000b3000000, 0x00000000b2f00000| Untracked 
| 816|0x00000000b3000000, 0x00000000b3100000, 0x00000000b3100000|100%| O|  |TAMS 0x00000000b3100000, 0x00000000b3000000| Untracked 
| 817|0x00000000b3100000, 0x00000000b3200000, 0x00000000b3200000|100%| O|  |TAMS 0x00000000b3200000, 0x00000000b3100000| Untracked 
| 818|0x00000000b3200000, 0x00000000b3300000, 0x00000000b3300000|100%| O|  |TAMS 0x00000000b3300000, 0x00000000b3200000| Untracked 
| 819|0x00000000b3300000, 0x00000000b3400000, 0x00000000b3400000|100%| O|  |TAMS 0x00000000b3400000, 0x00000000b3300000| Untracked 
| 820|0x00000000b3400000, 0x00000000b3500000, 0x00000000b3500000|100%| O|  |TAMS 0x00000000b3500000, 0x00000000b3400000| Untracked 
| 821|0x00000000b3500000, 0x00000000b3600000, 0x00000000b3600000|100%| O|  |TAMS 0x00000000b3600000, 0x00000000b3500000| Untracked 
| 822|0x00000000b3600000, 0x00000000b3700000, 0x00000000b3700000|100%| O|  |TAMS 0x00000000b3700000, 0x00000000b3600000| Untracked 
| 823|0x00000000b3700000, 0x00000000b3800000, 0x00000000b3800000|100%| O|  |TAMS 0x00000000b3800000, 0x00000000b3700000| Untracked 
| 824|0x00000000b3800000, 0x00000000b3900000, 0x00000000b3900000|100%| O|  |TAMS 0x00000000b3900000, 0x00000000b3800000| Untracked 
| 825|0x00000000b3900000, 0x00000000b3a00000, 0x00000000b3a00000|100%| O|  |TAMS 0x00000000b3a00000, 0x00000000b3900000| Untracked 
| 826|0x00000000b3a00000, 0x00000000b3b00000, 0x00000000b3b00000|100%| O|  |TAMS 0x00000000b3b00000, 0x00000000b3a00000| Untracked 
| 827|0x00000000b3b00000, 0x00000000b3c00000, 0x00000000b3c00000|100%| O|  |TAMS 0x00000000b3c00000, 0x00000000b3b00000| Untracked 
| 828|0x00000000b3c00000, 0x00000000b3d00000, 0x00000000b3d00000|100%| O|  |TAMS 0x00000000b3d00000, 0x00000000b3c00000| Untracked 
| 829|0x00000000b3d00000, 0x00000000b3e00000, 0x00000000b3e00000|100%| O|  |TAMS 0x00000000b3e00000, 0x00000000b3d00000| Untracked 
| 830|0x00000000b3e00000, 0x00000000b3f00000, 0x00000000b3f00000|100%| O|  |TAMS 0x00000000b3f00000, 0x00000000b3e00000| Untracked 
| 831|0x00000000b3f00000, 0x00000000b4000000, 0x00000000b4000000|100%| O|  |TAMS 0x00000000b4000000, 0x00000000b3f00000| Untracked 
| 832|0x00000000b4000000, 0x00000000b4100000, 0x00000000b4100000|100%| O|  |TAMS 0x00000000b4100000, 0x00000000b4000000| Untracked 
| 833|0x00000000b4100000, 0x00000000b4100000, 0x00000000b4200000|  0%| F|  |TAMS 0x00000000b4100000, 0x00000000b4100000| Untracked 
| 834|0x00000000b4200000, 0x00000000b4300000, 0x00000000b4300000|100%| O|  |TAMS 0x00000000b4300000, 0x00000000b4200000| Untracked 
| 835|0x00000000b4300000, 0x00000000b4400000, 0x00000000b4400000|100%| O|  |TAMS 0x00000000b4400000, 0x00000000b4300000| Untracked 
| 836|0x00000000b4400000, 0x00000000b4500000, 0x00000000b4500000|100%| O|  |TAMS 0x00000000b4500000, 0x00000000b4400000| Untracked 
| 837|0x00000000b4500000, 0x00000000b4600000, 0x00000000b4600000|100%| O|  |TAMS 0x00000000b4600000, 0x00000000b4500000| Untracked 
| 838|0x00000000b4600000, 0x00000000b4700000, 0x00000000b4700000|100%| O|  |TAMS 0x00000000b4700000, 0x00000000b4600000| Untracked 
| 839|0x00000000b4700000, 0x00000000b4800000, 0x00000000b4800000|100%| O|  |TAMS 0x00000000b4800000, 0x00000000b4700000| Untracked 
| 840|0x00000000b4800000, 0x00000000b4900000, 0x00000000b4900000|100%| O|  |TAMS 0x00000000b4900000, 0x00000000b4800000| Untracked 
| 841|0x00000000b4900000, 0x00000000b4a00000, 0x00000000b4a00000|100%| O|  |TAMS 0x00000000b4a00000, 0x00000000b4900000| Untracked 
| 842|0x00000000b4a00000, 0x00000000b4b00000, 0x00000000b4b00000|100%| O|  |TAMS 0x00000000b4b00000, 0x00000000b4a00000| Untracked 
| 843|0x00000000b4b00000, 0x00000000b4c00000, 0x00000000b4c00000|100%| O|  |TAMS 0x00000000b4c00000, 0x00000000b4b00000| Untracked 
| 844|0x00000000b4c00000, 0x00000000b4d00000, 0x00000000b4d00000|100%| O|  |TAMS 0x00000000b4d00000, 0x00000000b4c00000| Untracked 
| 845|0x00000000b4d00000, 0x00000000b4e00000, 0x00000000b4e00000|100%| O|  |TAMS 0x00000000b4e00000, 0x00000000b4d00000| Untracked 
| 846|0x00000000b4e00000, 0x00000000b4f00000, 0x00000000b4f00000|100%| O|  |TAMS 0x00000000b4f00000, 0x00000000b4e00000| Untracked 
| 847|0x00000000b4f00000, 0x00000000b5000000, 0x00000000b5000000|100%| O|  |TAMS 0x00000000b5000000, 0x00000000b4f00000| Untracked 
| 848|0x00000000b5000000, 0x00000000b5100000, 0x00000000b5100000|100%| O|  |TAMS 0x00000000b5100000, 0x00000000b5000000| Untracked 
| 849|0x00000000b5100000, 0x00000000b5200000, 0x00000000b5200000|100%| O|  |TAMS 0x00000000b5200000, 0x00000000b5100000| Untracked 
| 850|0x00000000b5200000, 0x00000000b5300000, 0x00000000b5300000|100%| O|  |TAMS 0x00000000b5300000, 0x00000000b5200000| Untracked 
| 851|0x00000000b5300000, 0x00000000b5400000, 0x00000000b5400000|100%| O|  |TAMS 0x00000000b5400000, 0x00000000b5300000| Untracked 
| 852|0x00000000b5400000, 0x00000000b5500000, 0x00000000b5500000|100%| O|  |TAMS 0x00000000b5500000, 0x00000000b5400000| Untracked 
| 853|0x00000000b5500000, 0x00000000b5600000, 0x00000000b5600000|100%| O|  |TAMS 0x00000000b5600000, 0x00000000b5500000| Untracked 
| 854|0x00000000b5600000, 0x00000000b5700000, 0x00000000b5700000|100%| O|  |TAMS 0x00000000b5700000, 0x00000000b5600000| Untracked 
| 855|0x00000000b5700000, 0x00000000b5700000, 0x00000000b5800000|  0%| F|  |TAMS 0x00000000b5700000, 0x00000000b5700000| Untracked 
| 856|0x00000000b5800000, 0x00000000b5900000, 0x00000000b5900000|100%| O|  |TAMS 0x00000000b5900000, 0x00000000b5800000| Untracked 
| 857|0x00000000b5900000, 0x00000000b5a00000, 0x00000000b5a00000|100%| O|  |TAMS 0x00000000b5a00000, 0x00000000b5900000| Untracked 
| 858|0x00000000b5a00000, 0x00000000b5b00000, 0x00000000b5b00000|100%| O|  |TAMS 0x00000000b5b00000, 0x00000000b5a00000| Untracked 
| 859|0x00000000b5b00000, 0x00000000b5c00000, 0x00000000b5c00000|100%| O|  |TAMS 0x00000000b5c00000, 0x00000000b5b00000| Untracked 
| 860|0x00000000b5c00000, 0x00000000b5d00000, 0x00000000b5d00000|100%| O|  |TAMS 0x00000000b5d00000, 0x00000000b5c00000| Untracked 
| 861|0x00000000b5d00000, 0x00000000b5e00000, 0x00000000b5e00000|100%| O|  |TAMS 0x00000000b5e00000, 0x00000000b5d00000| Untracked 
| 862|0x00000000b5e00000, 0x00000000b5f00000, 0x00000000b5f00000|100%| O|  |TAMS 0x00000000b5f00000, 0x00000000b5e00000| Untracked 
| 863|0x00000000b5f00000, 0x00000000b6000000, 0x00000000b6000000|100%| O|  |TAMS 0x00000000b6000000, 0x00000000b5f00000| Untracked 
| 864|0x00000000b6000000, 0x00000000b6100000, 0x00000000b6100000|100%| O|  |TAMS 0x00000000b6100000, 0x00000000b6000000| Untracked 
| 865|0x00000000b6100000, 0x00000000b6200000, 0x00000000b6200000|100%| O|  |TAMS 0x00000000b6200000, 0x00000000b6100000| Untracked 
| 866|0x00000000b6200000, 0x00000000b6300000, 0x00000000b6300000|100%| O|  |TAMS 0x00000000b6300000, 0x00000000b6200000| Untracked 
| 867|0x00000000b6300000, 0x00000000b6400000, 0x00000000b6400000|100%| O|  |TAMS 0x00000000b6400000, 0x00000000b6300000| Untracked 
| 868|0x00000000b6400000, 0x00000000b6500000, 0x00000000b6500000|100%| O|  |TAMS 0x00000000b6500000, 0x00000000b6400000| Untracked 
| 869|0x00000000b6500000, 0x00000000b6600000, 0x00000000b6600000|100%| O|  |TAMS 0x00000000b6600000, 0x00000000b6500000| Untracked 
| 870|0x00000000b6600000, 0x00000000b6600000, 0x00000000b6700000|  0%| F|  |TAMS 0x00000000b6600000, 0x00000000b6600000| Untracked 
| 871|0x00000000b6700000, 0x00000000b6800000, 0x00000000b6800000|100%| O|  |TAMS 0x00000000b6780000, 0x00000000b6700000| Untracked 
| 872|0x00000000b6800000, 0x00000000b6900000, 0x00000000b6900000|100%| O|  |TAMS 0x00000000b6800000, 0x00000000b6800000| Untracked 
| 873|0x00000000b6900000, 0x00000000b6a00000, 0x00000000b6a00000|100%| O|  |TAMS 0x00000000b6900000, 0x00000000b6900000| Untracked 
| 874|0x00000000b6a00000, 0x00000000b6b00000, 0x00000000b6b00000|100%| O|  |TAMS 0x00000000b6a00000, 0x00000000b6a00000| Untracked 
| 875|0x00000000b6b00000, 0x00000000b6c00000, 0x00000000b6c00000|100%| O|  |TAMS 0x00000000b6b00000, 0x00000000b6b00000| Untracked 
| 876|0x00000000b6c00000, 0x00000000b6d00000, 0x00000000b6d00000|100%| O|  |TAMS 0x00000000b6c00000, 0x00000000b6c00000| Untracked 
| 877|0x00000000b6d00000, 0x00000000b6e00000, 0x00000000b6e00000|100%| O|  |TAMS 0x00000000b6d00000, 0x00000000b6d00000| Untracked 
| 878|0x00000000b6e00000, 0x00000000b6f00000, 0x00000000b6f00000|100%| O|  |TAMS 0x00000000b6e00000, 0x00000000b6e00000| Untracked 
| 879|0x00000000b6f00000, 0x00000000b7000000, 0x00000000b7000000|100%| O|  |TAMS 0x00000000b6f00000, 0x00000000b6f00000| Untracked 
| 880|0x00000000b7000000, 0x00000000b7100000, 0x00000000b7100000|100%| O|  |TAMS 0x00000000b7000000, 0x00000000b7000000| Untracked 
| 881|0x00000000b7100000, 0x00000000b7200000, 0x00000000b7200000|100%| O|  |TAMS 0x00000000b7100000, 0x00000000b7100000| Untracked 
| 882|0x00000000b7200000, 0x00000000b7300000, 0x00000000b7300000|100%| O|  |TAMS 0x00000000b7200000, 0x00000000b7200000| Untracked 
| 883|0x00000000b7300000, 0x00000000b7400000, 0x00000000b7400000|100%| O|  |TAMS 0x00000000b7300000, 0x00000000b7300000| Untracked 
| 884|0x00000000b7400000, 0x00000000b7500000, 0x00000000b7500000|100%| O|  |TAMS 0x00000000b7400000, 0x00000000b7400000| Untracked 
| 885|0x00000000b7500000, 0x00000000b7500000, 0x00000000b7600000|  0%| F|  |TAMS 0x00000000b7500000, 0x00000000b7500000| Untracked 
| 886|0x00000000b7600000, 0x00000000b7600000, 0x00000000b7700000|  0%| F|  |TAMS 0x00000000b7600000, 0x00000000b7600000| Untracked 
| 887|0x00000000b7700000, 0x00000000b7700000, 0x00000000b7800000|  0%| F|  |TAMS 0x00000000b7700000, 0x00000000b7700000| Untracked 
| 888|0x00000000b7800000, 0x00000000b7800000, 0x00000000b7900000|  0%| F|  |TAMS 0x00000000b7800000, 0x00000000b7800000| Untracked 
| 889|0x00000000b7900000, 0x00000000b7900000, 0x00000000b7a00000|  0%| F|  |TAMS 0x00000000b7900000, 0x00000000b7900000| Untracked 
| 890|0x00000000b7a00000, 0x00000000b7a00000, 0x00000000b7b00000|  0%| F|  |TAMS 0x00000000b7a00000, 0x00000000b7a00000| Untracked 
| 891|0x00000000b7b00000, 0x00000000b7b00000, 0x00000000b7c00000|  0%| F|  |TAMS 0x00000000b7b00000, 0x00000000b7b00000| Untracked 
| 892|0x00000000b7c00000, 0x00000000b7c00000, 0x00000000b7d00000|  0%| F|  |TAMS 0x00000000b7c00000, 0x00000000b7c00000| Untracked 
| 893|0x00000000b7d00000, 0x00000000b7d00000, 0x00000000b7e00000|  0%| F|  |TAMS 0x00000000b7d00000, 0x00000000b7d00000| Untracked 
| 894|0x00000000b7e00000, 0x00000000b7e00000, 0x00000000b7f00000|  0%| F|  |TAMS 0x00000000b7e00000, 0x00000000b7e00000| Untracked 
| 895|0x00000000b7f00000, 0x00000000b7f00000, 0x00000000b8000000|  0%| F|  |TAMS 0x00000000b7f00000, 0x00000000b7f00000| Untracked 
| 896|0x00000000b8000000, 0x00000000b8000000, 0x00000000b8100000|  0%| F|  |TAMS 0x00000000b8000000, 0x00000000b8000000| Untracked 
| 897|0x00000000b8100000, 0x00000000b8100000, 0x00000000b8200000|  0%| F|  |TAMS 0x00000000b8100000, 0x00000000b8100000| Untracked 
| 898|0x00000000b8200000, 0x00000000b8200000, 0x00000000b8300000|  0%| F|  |TAMS 0x00000000b8200000, 0x00000000b8200000| Untracked 
| 899|0x00000000b8300000, 0x00000000b8300000, 0x00000000b8400000|  0%| F|  |TAMS 0x00000000b8300000, 0x00000000b8300000| Untracked 
| 900|0x00000000b8400000, 0x00000000b8400000, 0x00000000b8500000|  0%| F|  |TAMS 0x00000000b8400000, 0x00000000b8400000| Untracked 
| 901|0x00000000b8500000, 0x00000000b8500000, 0x00000000b8600000|  0%| F|  |TAMS 0x00000000b8500000, 0x00000000b8500000| Untracked 
| 902|0x00000000b8600000, 0x00000000b8600000, 0x00000000b8700000|  0%| F|  |TAMS 0x00000000b8600000, 0x00000000b8600000| Untracked 
| 903|0x00000000b8700000, 0x00000000b8700000, 0x00000000b8800000|  0%| F|  |TAMS 0x00000000b8700000, 0x00000000b8700000| Untracked 
| 904|0x00000000b8800000, 0x00000000b8800000, 0x00000000b8900000|  0%| F|  |TAMS 0x00000000b8800000, 0x00000000b8800000| Untracked 
| 905|0x00000000b8900000, 0x00000000b8900000, 0x00000000b8a00000|  0%| F|  |TAMS 0x00000000b8900000, 0x00000000b8900000| Untracked 
| 906|0x00000000b8a00000, 0x00000000b8a00000, 0x00000000b8b00000|  0%| F|  |TAMS 0x00000000b8a00000, 0x00000000b8a00000| Untracked 
| 907|0x00000000b8b00000, 0x00000000b8b00000, 0x00000000b8c00000|  0%| F|  |TAMS 0x00000000b8b00000, 0x00000000b8b00000| Untracked 
| 908|0x00000000b8c00000, 0x00000000b8c00000, 0x00000000b8d00000|  0%| F|  |TAMS 0x00000000b8c00000, 0x00000000b8c00000| Untracked 
| 909|0x00000000b8d00000, 0x00000000b8d00000, 0x00000000b8e00000|  0%| F|  |TAMS 0x00000000b8d00000, 0x00000000b8d00000| Untracked 
| 910|0x00000000b8e00000, 0x00000000b8e00000, 0x00000000b8f00000|  0%| F|  |TAMS 0x00000000b8e00000, 0x00000000b8e00000| Untracked 
| 911|0x00000000b8f00000, 0x00000000b8f00000, 0x00000000b9000000|  0%| F|  |TAMS 0x00000000b8f00000, 0x00000000b8f00000| Untracked 
| 912|0x00000000b9000000, 0x00000000b9000000, 0x00000000b9100000|  0%| F|  |TAMS 0x00000000b9000000, 0x00000000b9000000| Untracked 
| 913|0x00000000b9100000, 0x00000000b9100000, 0x00000000b9200000|  0%| F|  |TAMS 0x00000000b9100000, 0x00000000b9100000| Untracked 
| 914|0x00000000b9200000, 0x00000000b9200000, 0x00000000b9300000|  0%| F|  |TAMS 0x00000000b9200000, 0x00000000b9200000| Untracked 
| 915|0x00000000b9300000, 0x00000000b9300000, 0x00000000b9400000|  0%| F|  |TAMS 0x00000000b9300000, 0x00000000b9300000| Untracked 
| 916|0x00000000b9400000, 0x00000000b9400000, 0x00000000b9500000|  0%| F|  |TAMS 0x00000000b9400000, 0x00000000b9400000| Untracked 
| 917|0x00000000b9500000, 0x00000000b9500000, 0x00000000b9600000|  0%| F|  |TAMS 0x00000000b9500000, 0x00000000b9500000| Untracked 
| 918|0x00000000b9600000, 0x00000000b9600000, 0x00000000b9700000|  0%| F|  |TAMS 0x00000000b9600000, 0x00000000b9600000| Untracked 
| 919|0x00000000b9700000, 0x00000000b9700000, 0x00000000b9800000|  0%| F|  |TAMS 0x00000000b9700000, 0x00000000b9700000| Untracked 
| 920|0x00000000b9800000, 0x00000000b9800000, 0x00000000b9900000|  0%| F|  |TAMS 0x00000000b9800000, 0x00000000b9800000| Untracked 
| 921|0x00000000b9900000, 0x00000000b9900000, 0x00000000b9a00000|  0%| F|  |TAMS 0x00000000b9900000, 0x00000000b9900000| Untracked 
| 922|0x00000000b9a00000, 0x00000000b9a00000, 0x00000000b9b00000|  0%| F|  |TAMS 0x00000000b9a00000, 0x00000000b9a00000| Untracked 
| 923|0x00000000b9b00000, 0x00000000b9b00000, 0x00000000b9c00000|  0%| F|  |TAMS 0x00000000b9b00000, 0x00000000b9b00000| Untracked 
| 924|0x00000000b9c00000, 0x00000000b9c00000, 0x00000000b9d00000|  0%| F|  |TAMS 0x00000000b9c00000, 0x00000000b9c00000| Untracked 
| 925|0x00000000b9d00000, 0x00000000b9d00000, 0x00000000b9e00000|  0%| F|  |TAMS 0x00000000b9d00000, 0x00000000b9d00000| Untracked 
| 926|0x00000000b9e00000, 0x00000000b9e00000, 0x00000000b9f00000|  0%| F|  |TAMS 0x00000000b9e00000, 0x00000000b9e00000| Untracked 
| 927|0x00000000b9f00000, 0x00000000b9f00000, 0x00000000ba000000|  0%| F|  |TAMS 0x00000000b9f00000, 0x00000000b9f00000| Untracked 
| 928|0x00000000ba000000, 0x00000000ba000000, 0x00000000ba100000|  0%| F|  |TAMS 0x00000000ba000000, 0x00000000ba000000| Untracked 
| 929|0x00000000ba100000, 0x00000000ba100000, 0x00000000ba200000|  0%| F|  |TAMS 0x00000000ba100000, 0x00000000ba100000| Untracked 
| 930|0x00000000ba200000, 0x00000000ba200000, 0x00000000ba300000|  0%| F|  |TAMS 0x00000000ba200000, 0x00000000ba200000| Untracked 
| 931|0x00000000ba300000, 0x00000000ba300000, 0x00000000ba400000|  0%| F|  |TAMS 0x00000000ba300000, 0x00000000ba300000| Untracked 
| 932|0x00000000ba400000, 0x00000000ba400000, 0x00000000ba500000|  0%| F|  |TAMS 0x00000000ba400000, 0x00000000ba400000| Untracked 
| 933|0x00000000ba500000, 0x00000000ba500000, 0x00000000ba600000|  0%| F|  |TAMS 0x00000000ba500000, 0x00000000ba500000| Untracked 
| 934|0x00000000ba600000, 0x00000000ba600000, 0x00000000ba700000|  0%| F|  |TAMS 0x00000000ba600000, 0x00000000ba600000| Untracked 
| 935|0x00000000ba700000, 0x00000000ba700000, 0x00000000ba800000|  0%| F|  |TAMS 0x00000000ba700000, 0x00000000ba700000| Untracked 
| 936|0x00000000ba800000, 0x00000000ba800000, 0x00000000ba900000|  0%| F|  |TAMS 0x00000000ba800000, 0x00000000ba800000| Untracked 
| 937|0x00000000ba900000, 0x00000000ba900000, 0x00000000baa00000|  0%| F|  |TAMS 0x00000000ba900000, 0x00000000ba900000| Untracked 
| 938|0x00000000baa00000, 0x00000000baa00000, 0x00000000bab00000|  0%| F|  |TAMS 0x00000000baa00000, 0x00000000baa00000| Untracked 
| 939|0x00000000bab00000, 0x00000000bab00000, 0x00000000bac00000|  0%| F|  |TAMS 0x00000000bab00000, 0x00000000bab00000| Untracked 
| 940|0x00000000bac00000, 0x00000000bac00000, 0x00000000bad00000|  0%| F|  |TAMS 0x00000000bac00000, 0x00000000bac00000| Untracked 
| 941|0x00000000bad00000, 0x00000000bad00000, 0x00000000bae00000|  0%| F|  |TAMS 0x00000000bad00000, 0x00000000bad00000| Untracked 
| 942|0x00000000bae00000, 0x00000000bae00000, 0x00000000baf00000|  0%| F|  |TAMS 0x00000000bae00000, 0x00000000bae00000| Untracked 
| 943|0x00000000baf00000, 0x00000000baf00000, 0x00000000bb000000|  0%| F|  |TAMS 0x00000000baf00000, 0x00000000baf00000| Untracked 
| 944|0x00000000bb000000, 0x00000000bb000000, 0x00000000bb100000|  0%| F|  |TAMS 0x00000000bb000000, 0x00000000bb000000| Untracked 
| 945|0x00000000bb100000, 0x00000000bb100000, 0x00000000bb200000|  0%| F|  |TAMS 0x00000000bb100000, 0x00000000bb100000| Untracked 
| 946|0x00000000bb200000, 0x00000000bb200000, 0x00000000bb300000|  0%| F|  |TAMS 0x00000000bb200000, 0x00000000bb200000| Untracked 
| 947|0x00000000bb300000, 0x00000000bb300000, 0x00000000bb400000|  0%| F|  |TAMS 0x00000000bb300000, 0x00000000bb300000| Untracked 
| 948|0x00000000bb400000, 0x00000000bb400000, 0x00000000bb500000|  0%| F|  |TAMS 0x00000000bb400000, 0x00000000bb400000| Untracked 
| 949|0x00000000bb500000, 0x00000000bb500000, 0x00000000bb600000|  0%| F|  |TAMS 0x00000000bb500000, 0x00000000bb500000| Untracked 
| 950|0x00000000bb600000, 0x00000000bb600000, 0x00000000bb700000|  0%| F|  |TAMS 0x00000000bb600000, 0x00000000bb600000| Untracked 
| 951|0x00000000bb700000, 0x00000000bb700000, 0x00000000bb800000|  0%| F|  |TAMS 0x00000000bb700000, 0x00000000bb700000| Untracked 
| 952|0x00000000bb800000, 0x00000000bb800000, 0x00000000bb900000|  0%| F|  |TAMS 0x00000000bb800000, 0x00000000bb800000| Untracked 
| 953|0x00000000bb900000, 0x00000000bb900000, 0x00000000bba00000|  0%| F|  |TAMS 0x00000000bb900000, 0x00000000bb900000| Untracked 
| 954|0x00000000bba00000, 0x00000000bba00000, 0x00000000bbb00000|  0%| F|  |TAMS 0x00000000bba00000, 0x00000000bba00000| Untracked 
| 955|0x00000000bbb00000, 0x00000000bbb00000, 0x00000000bbc00000|  0%| F|  |TAMS 0x00000000bbb00000, 0x00000000bbb00000| Untracked 
| 956|0x00000000bbc00000, 0x00000000bbc00000, 0x00000000bbd00000|  0%| F|  |TAMS 0x00000000bbc00000, 0x00000000bbc00000| Untracked 
| 957|0x00000000bbd00000, 0x00000000bbd00000, 0x00000000bbe00000|  0%| F|  |TAMS 0x00000000bbd00000, 0x00000000bbd00000| Untracked 
| 958|0x00000000bbe00000, 0x00000000bbe00000, 0x00000000bbf00000|  0%| F|  |TAMS 0x00000000bbe00000, 0x00000000bbe00000| Untracked 
| 959|0x00000000bbf00000, 0x00000000bbf00000, 0x00000000bc000000|  0%| F|  |TAMS 0x00000000bbf00000, 0x00000000bbf00000| Untracked 
| 960|0x00000000bc000000, 0x00000000bc000000, 0x00000000bc100000|  0%| F|  |TAMS 0x00000000bc000000, 0x00000000bc000000| Untracked 
| 961|0x00000000bc100000, 0x00000000bc100000, 0x00000000bc200000|  0%| F|  |TAMS 0x00000000bc100000, 0x00000000bc100000| Untracked 
| 962|0x00000000bc200000, 0x00000000bc200000, 0x00000000bc300000|  0%| F|  |TAMS 0x00000000bc200000, 0x00000000bc200000| Untracked 
| 963|0x00000000bc300000, 0x00000000bc300000, 0x00000000bc400000|  0%| F|  |TAMS 0x00000000bc300000, 0x00000000bc300000| Untracked 
| 964|0x00000000bc400000, 0x00000000bc400000, 0x00000000bc500000|  0%| F|  |TAMS 0x00000000bc400000, 0x00000000bc400000| Untracked 
| 965|0x00000000bc500000, 0x00000000bc500000, 0x00000000bc600000|  0%| F|  |TAMS 0x00000000bc500000, 0x00000000bc500000| Untracked 
| 966|0x00000000bc600000, 0x00000000bc600000, 0x00000000bc700000|  0%| F|  |TAMS 0x00000000bc600000, 0x00000000bc600000| Untracked 
| 967|0x00000000bc700000, 0x00000000bc700000, 0x00000000bc800000|  0%| F|  |TAMS 0x00000000bc700000, 0x00000000bc700000| Untracked 
| 968|0x00000000bc800000, 0x00000000bc800000, 0x00000000bc900000|  0%| F|  |TAMS 0x00000000bc800000, 0x00000000bc800000| Untracked 
| 969|0x00000000bc900000, 0x00000000bc900000, 0x00000000bca00000|  0%| F|  |TAMS 0x00000000bc900000, 0x00000000bc900000| Untracked 
| 970|0x00000000bca00000, 0x00000000bca00000, 0x00000000bcb00000|  0%| F|  |TAMS 0x00000000bca00000, 0x00000000bca00000| Untracked 
| 971|0x00000000bcb00000, 0x00000000bcb00000, 0x00000000bcc00000|  0%| F|  |TAMS 0x00000000bcb00000, 0x00000000bcb00000| Untracked 
| 972|0x00000000bcc00000, 0x00000000bcc00000, 0x00000000bcd00000|  0%| F|  |TAMS 0x00000000bcc00000, 0x00000000bcc00000| Untracked 
| 973|0x00000000bcd00000, 0x00000000bcd00000, 0x00000000bce00000|  0%| F|  |TAMS 0x00000000bcd00000, 0x00000000bcd00000| Untracked 
| 974|0x00000000bce00000, 0x00000000bce00000, 0x00000000bcf00000|  0%| F|  |TAMS 0x00000000bce00000, 0x00000000bce00000| Untracked 
| 975|0x00000000bcf00000, 0x00000000bcf00000, 0x00000000bd000000|  0%| F|  |TAMS 0x00000000bcf00000, 0x00000000bcf00000| Untracked 
| 976|0x00000000bd000000, 0x00000000bd000000, 0x00000000bd100000|  0%| F|  |TAMS 0x00000000bd000000, 0x00000000bd000000| Untracked 
| 977|0x00000000bd100000, 0x00000000bd100000, 0x00000000bd200000|  0%| F|  |TAMS 0x00000000bd100000, 0x00000000bd100000| Untracked 
| 978|0x00000000bd200000, 0x00000000bd200000, 0x00000000bd300000|  0%| F|  |TAMS 0x00000000bd200000, 0x00000000bd200000| Untracked 
| 979|0x00000000bd300000, 0x00000000bd300000, 0x00000000bd400000|  0%| F|  |TAMS 0x00000000bd300000, 0x00000000bd300000| Untracked 
| 980|0x00000000bd400000, 0x00000000bd400000, 0x00000000bd500000|  0%| F|  |TAMS 0x00000000bd400000, 0x00000000bd400000| Untracked 
| 981|0x00000000bd500000, 0x00000000bd500000, 0x00000000bd600000|  0%| F|  |TAMS 0x00000000bd500000, 0x00000000bd500000| Untracked 
| 982|0x00000000bd600000, 0x00000000bd600000, 0x00000000bd700000|  0%| F|  |TAMS 0x00000000bd600000, 0x00000000bd600000| Untracked 
| 983|0x00000000bd700000, 0x00000000bd700000, 0x00000000bd800000|  0%| F|  |TAMS 0x00000000bd700000, 0x00000000bd700000| Untracked 
| 984|0x00000000bd800000, 0x00000000bd800000, 0x00000000bd900000|  0%| F|  |TAMS 0x00000000bd800000, 0x00000000bd800000| Untracked 
| 985|0x00000000bd900000, 0x00000000bd900000, 0x00000000bda00000|  0%| F|  |TAMS 0x00000000bd900000, 0x00000000bd900000| Untracked 
| 986|0x00000000bda00000, 0x00000000bda00000, 0x00000000bdb00000|  0%| F|  |TAMS 0x00000000bda00000, 0x00000000bda00000| Untracked 
| 987|0x00000000bdb00000, 0x00000000bdb00000, 0x00000000bdc00000|  0%| F|  |TAMS 0x00000000bdb00000, 0x00000000bdb00000| Untracked 
| 988|0x00000000bdc00000, 0x00000000bdc00000, 0x00000000bdd00000|  0%| F|  |TAMS 0x00000000bdc00000, 0x00000000bdc00000| Untracked 
| 989|0x00000000bdd00000, 0x00000000bdd00000, 0x00000000bde00000|  0%| F|  |TAMS 0x00000000bdd00000, 0x00000000bdd00000| Untracked 
| 990|0x00000000bde00000, 0x00000000bde00000, 0x00000000bdf00000|  0%| F|  |TAMS 0x00000000bde00000, 0x00000000bde00000| Untracked 
| 991|0x00000000bdf00000, 0x00000000bdf00000, 0x00000000be000000|  0%| F|  |TAMS 0x00000000bdf00000, 0x00000000bdf00000| Untracked 
| 992|0x00000000be000000, 0x00000000be000000, 0x00000000be100000|  0%| F|  |TAMS 0x00000000be000000, 0x00000000be000000| Untracked 
| 993|0x00000000be100000, 0x00000000be100000, 0x00000000be200000|  0%| F|  |TAMS 0x00000000be100000, 0x00000000be100000| Untracked 
| 994|0x00000000be200000, 0x00000000be200000, 0x00000000be300000|  0%| F|  |TAMS 0x00000000be200000, 0x00000000be200000| Untracked 
| 995|0x00000000be300000, 0x00000000be300000, 0x00000000be400000|  0%| F|  |TAMS 0x00000000be300000, 0x00000000be300000| Untracked 
| 996|0x00000000be400000, 0x00000000be400000, 0x00000000be500000|  0%| F|  |TAMS 0x00000000be400000, 0x00000000be400000| Untracked 
| 997|0x00000000be500000, 0x00000000be500000, 0x00000000be600000|  0%| F|  |TAMS 0x00000000be500000, 0x00000000be500000| Untracked 
| 998|0x00000000be600000, 0x00000000be600000, 0x00000000be700000|  0%| F|  |TAMS 0x00000000be600000, 0x00000000be600000| Untracked 
| 999|0x00000000be700000, 0x00000000be700000, 0x00000000be800000|  0%| F|  |TAMS 0x00000000be700000, 0x00000000be700000| Untracked 
|1000|0x00000000be800000, 0x00000000be800000, 0x00000000be900000|  0%| F|  |TAMS 0x00000000be800000, 0x00000000be800000| Untracked 
|1001|0x00000000be900000, 0x00000000be900000, 0x00000000bea00000|  0%| F|  |TAMS 0x00000000be900000, 0x00000000be900000| Untracked 
|1002|0x00000000bea00000, 0x00000000bea00000, 0x00000000beb00000|  0%| F|  |TAMS 0x00000000bea00000, 0x00000000bea00000| Untracked 
|1003|0x00000000beb00000, 0x00000000beb00000, 0x00000000bec00000|  0%| F|  |TAMS 0x00000000beb00000, 0x00000000beb00000| Untracked 
|1004|0x00000000bec00000, 0x00000000bec00000, 0x00000000bed00000|  0%| F|  |TAMS 0x00000000bec00000, 0x00000000bec00000| Untracked 
|1005|0x00000000bed00000, 0x00000000bed00000, 0x00000000bee00000|  0%| F|  |TAMS 0x00000000bed00000, 0x00000000bed00000| Untracked 
|1006|0x00000000bee00000, 0x00000000bee00000, 0x00000000bef00000|  0%| F|  |TAMS 0x00000000bee00000, 0x00000000bee00000| Untracked 
|1007|0x00000000bef00000, 0x00000000bef00000, 0x00000000bf000000|  0%| F|  |TAMS 0x00000000bef00000, 0x00000000bef00000| Untracked 
|1008|0x00000000bf000000, 0x00000000bf000000, 0x00000000bf100000|  0%| F|  |TAMS 0x00000000bf000000, 0x00000000bf000000| Untracked 
|1009|0x00000000bf100000, 0x00000000bf100000, 0x00000000bf200000|  0%| F|  |TAMS 0x00000000bf100000, 0x00000000bf100000| Untracked 
|1010|0x00000000bf200000, 0x00000000bf200000, 0x00000000bf300000|  0%| F|  |TAMS 0x00000000bf200000, 0x00000000bf200000| Untracked 
|1011|0x00000000bf300000, 0x00000000bf300000, 0x00000000bf400000|  0%| F|  |TAMS 0x00000000bf300000, 0x00000000bf300000| Untracked 
|1012|0x00000000bf400000, 0x00000000bf400000, 0x00000000bf500000|  0%| F|  |TAMS 0x00000000bf400000, 0x00000000bf400000| Untracked 
|1013|0x00000000bf500000, 0x00000000bf500000, 0x00000000bf600000|  0%| F|  |TAMS 0x00000000bf500000, 0x00000000bf500000| Untracked 
|1014|0x00000000bf600000, 0x00000000bf600000, 0x00000000bf700000|  0%| F|  |TAMS 0x00000000bf600000, 0x00000000bf600000| Untracked 
|1015|0x00000000bf700000, 0x00000000bf700000, 0x00000000bf800000|  0%| F|  |TAMS 0x00000000bf700000, 0x00000000bf700000| Untracked 
|1016|0x00000000bf800000, 0x00000000bf800000, 0x00000000bf900000|  0%| F|  |TAMS 0x00000000bf800000, 0x00000000bf800000| Untracked 
|1017|0x00000000bf900000, 0x00000000bf900000, 0x00000000bfa00000|  0%| F|  |TAMS 0x00000000bf900000, 0x00000000bf900000| Untracked 
|1018|0x00000000bfa00000, 0x00000000bfa00000, 0x00000000bfb00000|  0%| F|  |TAMS 0x00000000bfa00000, 0x00000000bfa00000| Untracked 
|1019|0x00000000bfb00000, 0x00000000bfb00000, 0x00000000bfc00000|  0%| F|  |TAMS 0x00000000bfb00000, 0x00000000bfb00000| Untracked 
|1020|0x00000000bfc00000, 0x00000000bfc00000, 0x00000000bfd00000|  0%| F|  |TAMS 0x00000000bfc00000, 0x00000000bfc00000| Untracked 
|1021|0x00000000bfd00000, 0x00000000bfd00000, 0x00000000bfe00000|  0%| F|  |TAMS 0x00000000bfd00000, 0x00000000bfd00000| Untracked 
|1022|0x00000000bfe00000, 0x00000000bfe00000, 0x00000000bff00000|  0%| F|  |TAMS 0x00000000bfe00000, 0x00000000bfe00000| Untracked 
|1023|0x00000000bff00000, 0x00000000bff00000, 0x00000000c0000000|  0%| F|  |TAMS 0x00000000bff00000, 0x00000000bff00000| Untracked 
|1024|0x00000000c0000000, 0x00000000c0000000, 0x00000000c0100000|  0%| F|  |TAMS 0x00000000c0000000, 0x00000000c0000000| Untracked 
|1025|0x00000000c0100000, 0x00000000c0100000, 0x00000000c0200000|  0%| F|  |TAMS 0x00000000c0100000, 0x00000000c0100000| Untracked 
|1026|0x00000000c0200000, 0x00000000c0200000, 0x00000000c0300000|  0%| F|  |TAMS 0x00000000c0200000, 0x00000000c0200000| Untracked 
|1027|0x00000000c0300000, 0x00000000c0300000, 0x00000000c0400000|  0%| F|  |TAMS 0x00000000c0300000, 0x00000000c0300000| Untracked 
|1028|0x00000000c0400000, 0x00000000c0400000, 0x00000000c0500000|  0%| F|  |TAMS 0x00000000c0400000, 0x00000000c0400000| Untracked 
|1029|0x00000000c0500000, 0x00000000c0500000, 0x00000000c0600000|  0%| F|  |TAMS 0x00000000c0500000, 0x00000000c0500000| Untracked 
|1030|0x00000000c0600000, 0x00000000c0600000, 0x00000000c0700000|  0%| F|  |TAMS 0x00000000c0600000, 0x00000000c0600000| Untracked 
|1031|0x00000000c0700000, 0x00000000c0700000, 0x00000000c0800000|  0%| F|  |TAMS 0x00000000c0700000, 0x00000000c0700000| Untracked 
|1032|0x00000000c0800000, 0x00000000c0800000, 0x00000000c0900000|  0%| F|  |TAMS 0x00000000c0800000, 0x00000000c0800000| Untracked 
|1033|0x00000000c0900000, 0x00000000c0900000, 0x00000000c0a00000|  0%| F|  |TAMS 0x00000000c0900000, 0x00000000c0900000| Untracked 
|1034|0x00000000c0a00000, 0x00000000c0a00000, 0x00000000c0b00000|  0%| F|  |TAMS 0x00000000c0a00000, 0x00000000c0a00000| Untracked 
|1035|0x00000000c0b00000, 0x00000000c0b00000, 0x00000000c0c00000|  0%| F|  |TAMS 0x00000000c0b00000, 0x00000000c0b00000| Untracked 
|1036|0x00000000c0c00000, 0x00000000c0c00000, 0x00000000c0d00000|  0%| F|  |TAMS 0x00000000c0c00000, 0x00000000c0c00000| Untracked 
|1037|0x00000000c0d00000, 0x00000000c0d00000, 0x00000000c0e00000|  0%| F|  |TAMS 0x00000000c0d00000, 0x00000000c0d00000| Untracked 
|1038|0x00000000c0e00000, 0x00000000c0e00000, 0x00000000c0f00000|  0%| F|  |TAMS 0x00000000c0e00000, 0x00000000c0e00000| Untracked 
|1039|0x00000000c0f00000, 0x00000000c0f00000, 0x00000000c1000000|  0%| F|  |TAMS 0x00000000c0f00000, 0x00000000c0f00000| Untracked 
|1040|0x00000000c1000000, 0x00000000c1000000, 0x00000000c1100000|  0%| F|  |TAMS 0x00000000c1000000, 0x00000000c1000000| Untracked 
|1041|0x00000000c1100000, 0x00000000c1100000, 0x00000000c1200000|  0%| F|  |TAMS 0x00000000c1100000, 0x00000000c1100000| Untracked 
|1042|0x00000000c1200000, 0x00000000c1200000, 0x00000000c1300000|  0%| F|  |TAMS 0x00000000c1200000, 0x00000000c1200000| Untracked 
|1043|0x00000000c1300000, 0x00000000c1300000, 0x00000000c1400000|  0%| F|  |TAMS 0x00000000c1300000, 0x00000000c1300000| Untracked 
|1044|0x00000000c1400000, 0x00000000c1400000, 0x00000000c1500000|  0%| F|  |TAMS 0x00000000c1400000, 0x00000000c1400000| Untracked 
|1045|0x00000000c1500000, 0x00000000c1500000, 0x00000000c1600000|  0%| F|  |TAMS 0x00000000c1500000, 0x00000000c1500000| Untracked 
|1046|0x00000000c1600000, 0x00000000c1600000, 0x00000000c1700000|  0%| F|  |TAMS 0x00000000c1600000, 0x00000000c1600000| Untracked 
|1047|0x00000000c1700000, 0x00000000c1700000, 0x00000000c1800000|  0%| F|  |TAMS 0x00000000c1700000, 0x00000000c1700000| Untracked 
|1048|0x00000000c1800000, 0x00000000c1800000, 0x00000000c1900000|  0%| F|  |TAMS 0x00000000c1800000, 0x00000000c1800000| Untracked 
|1049|0x00000000c1900000, 0x00000000c1900000, 0x00000000c1a00000|  0%| F|  |TAMS 0x00000000c1900000, 0x00000000c1900000| Untracked 
|1050|0x00000000c1a00000, 0x00000000c1a00000, 0x00000000c1b00000|  0%| F|  |TAMS 0x00000000c1a00000, 0x00000000c1a00000| Untracked 
|1051|0x00000000c1b00000, 0x00000000c1b00000, 0x00000000c1c00000|  0%| F|  |TAMS 0x00000000c1b00000, 0x00000000c1b00000| Untracked 
|1052|0x00000000c1c00000, 0x00000000c1c00000, 0x00000000c1d00000|  0%| F|  |TAMS 0x00000000c1c00000, 0x00000000c1c00000| Untracked 
|1053|0x00000000c1d00000, 0x00000000c1d00000, 0x00000000c1e00000|  0%| F|  |TAMS 0x00000000c1d00000, 0x00000000c1d00000| Untracked 
|1054|0x00000000c1e00000, 0x00000000c1e00000, 0x00000000c1f00000|  0%| F|  |TAMS 0x00000000c1e00000, 0x00000000c1e00000| Untracked 
|1055|0x00000000c1f00000, 0x00000000c1f00000, 0x00000000c2000000|  0%| F|  |TAMS 0x00000000c1f00000, 0x00000000c1f00000| Untracked 
|1056|0x00000000c2000000, 0x00000000c2000000, 0x00000000c2100000|  0%| F|  |TAMS 0x00000000c2000000, 0x00000000c2000000| Untracked 
|1057|0x00000000c2100000, 0x00000000c2100000, 0x00000000c2200000|  0%| F|  |TAMS 0x00000000c2100000, 0x00000000c2100000| Untracked 
|1058|0x00000000c2200000, 0x00000000c2200000, 0x00000000c2300000|  0%| F|  |TAMS 0x00000000c2200000, 0x00000000c2200000| Untracked 
|1059|0x00000000c2300000, 0x00000000c2300000, 0x00000000c2400000|  0%| F|  |TAMS 0x00000000c2300000, 0x00000000c2300000| Untracked 
|1060|0x00000000c2400000, 0x00000000c2400000, 0x00000000c2500000|  0%| F|  |TAMS 0x00000000c2400000, 0x00000000c2400000| Untracked 
|1061|0x00000000c2500000, 0x00000000c2500000, 0x00000000c2600000|  0%| F|  |TAMS 0x00000000c2500000, 0x00000000c2500000| Untracked 
|1062|0x00000000c2600000, 0x00000000c2600000, 0x00000000c2700000|  0%| F|  |TAMS 0x00000000c2600000, 0x00000000c2600000| Untracked 
|1063|0x00000000c2700000, 0x00000000c2700000, 0x00000000c2800000|  0%| F|  |TAMS 0x00000000c2700000, 0x00000000c2700000| Untracked 
|1064|0x00000000c2800000, 0x00000000c2800000, 0x00000000c2900000|  0%| F|  |TAMS 0x00000000c2800000, 0x00000000c2800000| Untracked 
|1065|0x00000000c2900000, 0x00000000c2900000, 0x00000000c2a00000|  0%| F|  |TAMS 0x00000000c2900000, 0x00000000c2900000| Untracked 
|1066|0x00000000c2a00000, 0x00000000c2a00000, 0x00000000c2b00000|  0%| F|  |TAMS 0x00000000c2a00000, 0x00000000c2a00000| Untracked 
|1067|0x00000000c2b00000, 0x00000000c2b00000, 0x00000000c2c00000|  0%| F|  |TAMS 0x00000000c2b00000, 0x00000000c2b00000| Untracked 
|1068|0x00000000c2c00000, 0x00000000c2c00000, 0x00000000c2d00000|  0%| F|  |TAMS 0x00000000c2c00000, 0x00000000c2c00000| Untracked 
|1069|0x00000000c2d00000, 0x00000000c2d00000, 0x00000000c2e00000|  0%| F|  |TAMS 0x00000000c2d00000, 0x00000000c2d00000| Untracked 
|1070|0x00000000c2e00000, 0x00000000c2e00000, 0x00000000c2f00000|  0%| F|  |TAMS 0x00000000c2e00000, 0x00000000c2e00000| Untracked 
|1071|0x00000000c2f00000, 0x00000000c2f00000, 0x00000000c3000000|  0%| F|  |TAMS 0x00000000c2f00000, 0x00000000c2f00000| Untracked 
|1072|0x00000000c3000000, 0x00000000c3000000, 0x00000000c3100000|  0%| F|  |TAMS 0x00000000c3000000, 0x00000000c3000000| Untracked 
|1073|0x00000000c3100000, 0x00000000c3100000, 0x00000000c3200000|  0%| F|  |TAMS 0x00000000c3100000, 0x00000000c3100000| Untracked 
|1074|0x00000000c3200000, 0x00000000c3200000, 0x00000000c3300000|  0%| F|  |TAMS 0x00000000c3200000, 0x00000000c3200000| Untracked 
|1075|0x00000000c3300000, 0x00000000c3300000, 0x00000000c3400000|  0%| F|  |TAMS 0x00000000c3300000, 0x00000000c3300000| Untracked 
|1076|0x00000000c3400000, 0x00000000c3400000, 0x00000000c3500000|  0%| F|  |TAMS 0x00000000c3400000, 0x00000000c3400000| Untracked 
|1077|0x00000000c3500000, 0x00000000c3500000, 0x00000000c3600000|  0%| F|  |TAMS 0x00000000c3500000, 0x00000000c3500000| Untracked 
|1078|0x00000000c3600000, 0x00000000c3600000, 0x00000000c3700000|  0%| F|  |TAMS 0x00000000c3600000, 0x00000000c3600000| Untracked 
|1079|0x00000000c3700000, 0x00000000c3700000, 0x00000000c3800000|  0%| F|  |TAMS 0x00000000c3700000, 0x00000000c3700000| Untracked 
|1080|0x00000000c3800000, 0x00000000c3800000, 0x00000000c3900000|  0%| F|  |TAMS 0x00000000c3800000, 0x00000000c3800000| Untracked 
|1081|0x00000000c3900000, 0x00000000c3900000, 0x00000000c3a00000|  0%| F|  |TAMS 0x00000000c3900000, 0x00000000c3900000| Untracked 
|1082|0x00000000c3a00000, 0x00000000c3a00000, 0x00000000c3b00000|  0%| F|  |TAMS 0x00000000c3a00000, 0x00000000c3a00000| Untracked 
|1083|0x00000000c3b00000, 0x00000000c3b00000, 0x00000000c3c00000|  0%| F|  |TAMS 0x00000000c3b00000, 0x00000000c3b00000| Untracked 
|1084|0x00000000c3c00000, 0x00000000c3c00000, 0x00000000c3d00000|  0%| F|  |TAMS 0x00000000c3c00000, 0x00000000c3c00000| Untracked 
|1085|0x00000000c3d00000, 0x00000000c3d00000, 0x00000000c3e00000|  0%| F|  |TAMS 0x00000000c3d00000, 0x00000000c3d00000| Untracked 
|1086|0x00000000c3e00000, 0x00000000c3e00000, 0x00000000c3f00000|  0%| F|  |TAMS 0x00000000c3e00000, 0x00000000c3e00000| Untracked 
|1087|0x00000000c3f00000, 0x00000000c3f00000, 0x00000000c4000000|  0%| F|  |TAMS 0x00000000c3f00000, 0x00000000c3f00000| Untracked 
|1088|0x00000000c4000000, 0x00000000c4000000, 0x00000000c4100000|  0%| F|  |TAMS 0x00000000c4000000, 0x00000000c4000000| Untracked 
|1089|0x00000000c4100000, 0x00000000c4100000, 0x00000000c4200000|  0%| F|  |TAMS 0x00000000c4100000, 0x00000000c4100000| Untracked 
|1090|0x00000000c4200000, 0x00000000c4200000, 0x00000000c4300000|  0%| F|  |TAMS 0x00000000c4200000, 0x00000000c4200000| Untracked 
|1091|0x00000000c4300000, 0x00000000c4300000, 0x00000000c4400000|  0%| F|  |TAMS 0x00000000c4300000, 0x00000000c4300000| Untracked 
|1092|0x00000000c4400000, 0x00000000c4400000, 0x00000000c4500000|  0%| F|  |TAMS 0x00000000c4400000, 0x00000000c4400000| Untracked 
|1093|0x00000000c4500000, 0x00000000c4500000, 0x00000000c4600000|  0%| F|  |TAMS 0x00000000c4500000, 0x00000000c4500000| Untracked 
|1094|0x00000000c4600000, 0x00000000c4600000, 0x00000000c4700000|  0%| F|  |TAMS 0x00000000c4600000, 0x00000000c4600000| Untracked 
|1095|0x00000000c4700000, 0x00000000c4700000, 0x00000000c4800000|  0%| F|  |TAMS 0x00000000c4700000, 0x00000000c4700000| Untracked 
|1096|0x00000000c4800000, 0x00000000c4800000, 0x00000000c4900000|  0%| F|  |TAMS 0x00000000c4800000, 0x00000000c4800000| Untracked 
|1097|0x00000000c4900000, 0x00000000c4900000, 0x00000000c4a00000|  0%| F|  |TAMS 0x00000000c4900000, 0x00000000c4900000| Untracked 
|1098|0x00000000c4a00000, 0x00000000c4a00000, 0x00000000c4b00000|  0%| F|  |TAMS 0x00000000c4a00000, 0x00000000c4a00000| Untracked 
|1099|0x00000000c4b00000, 0x00000000c4b00000, 0x00000000c4c00000|  0%| F|  |TAMS 0x00000000c4b00000, 0x00000000c4b00000| Untracked 
|1100|0x00000000c4c00000, 0x00000000c4c00000, 0x00000000c4d00000|  0%| F|  |TAMS 0x00000000c4c00000, 0x00000000c4c00000| Untracked 
|1101|0x00000000c4d00000, 0x00000000c4d00000, 0x00000000c4e00000|  0%| F|  |TAMS 0x00000000c4d00000, 0x00000000c4d00000| Untracked 
|1102|0x00000000c4e00000, 0x00000000c4e00000, 0x00000000c4f00000|  0%| F|  |TAMS 0x00000000c4e00000, 0x00000000c4e00000| Untracked 
|1103|0x00000000c4f00000, 0x00000000c4f00000, 0x00000000c5000000|  0%| F|  |TAMS 0x00000000c4f00000, 0x00000000c4f00000| Untracked 
|1104|0x00000000c5000000, 0x00000000c5000000, 0x00000000c5100000|  0%| F|  |TAMS 0x00000000c5000000, 0x00000000c5000000| Untracked 
|1105|0x00000000c5100000, 0x00000000c5100000, 0x00000000c5200000|  0%| F|  |TAMS 0x00000000c5100000, 0x00000000c5100000| Untracked 
|1106|0x00000000c5200000, 0x00000000c5200000, 0x00000000c5300000|  0%| F|  |TAMS 0x00000000c5200000, 0x00000000c5200000| Untracked 
|1107|0x00000000c5300000, 0x00000000c5300000, 0x00000000c5400000|  0%| F|  |TAMS 0x00000000c5300000, 0x00000000c5300000| Untracked 
|1108|0x00000000c5400000, 0x00000000c5400000, 0x00000000c5500000|  0%| F|  |TAMS 0x00000000c5400000, 0x00000000c5400000| Untracked 
|1109|0x00000000c5500000, 0x00000000c5500000, 0x00000000c5600000|  0%| F|  |TAMS 0x00000000c5500000, 0x00000000c5500000| Untracked 
|1110|0x00000000c5600000, 0x00000000c5600000, 0x00000000c5700000|  0%| F|  |TAMS 0x00000000c5600000, 0x00000000c5600000| Untracked 
|1111|0x00000000c5700000, 0x00000000c5700000, 0x00000000c5800000|  0%| F|  |TAMS 0x00000000c5700000, 0x00000000c5700000| Untracked 
|1112|0x00000000c5800000, 0x00000000c5800000, 0x00000000c5900000|  0%| F|  |TAMS 0x00000000c5800000, 0x00000000c5800000| Untracked 
|1113|0x00000000c5900000, 0x00000000c5900000, 0x00000000c5a00000|  0%| F|  |TAMS 0x00000000c5900000, 0x00000000c5900000| Untracked 
|1114|0x00000000c5a00000, 0x00000000c5a00000, 0x00000000c5b00000|  0%| F|  |TAMS 0x00000000c5a00000, 0x00000000c5a00000| Untracked 
|1115|0x00000000c5b00000, 0x00000000c5b00000, 0x00000000c5c00000|  0%| F|  |TAMS 0x00000000c5b00000, 0x00000000c5b00000| Untracked 
|1116|0x00000000c5c00000, 0x00000000c5c00000, 0x00000000c5d00000|  0%| F|  |TAMS 0x00000000c5c00000, 0x00000000c5c00000| Untracked 
|1117|0x00000000c5d00000, 0x00000000c5d00000, 0x00000000c5e00000|  0%| F|  |TAMS 0x00000000c5d00000, 0x00000000c5d00000| Untracked 
|1118|0x00000000c5e00000, 0x00000000c5e00000, 0x00000000c5f00000|  0%| F|  |TAMS 0x00000000c5e00000, 0x00000000c5e00000| Untracked 
|1119|0x00000000c5f00000, 0x00000000c5f00000, 0x00000000c6000000|  0%| F|  |TAMS 0x00000000c5f00000, 0x00000000c5f00000| Untracked 
|1120|0x00000000c6000000, 0x00000000c6000000, 0x00000000c6100000|  0%| F|  |TAMS 0x00000000c6000000, 0x00000000c6000000| Untracked 
|1121|0x00000000c6100000, 0x00000000c6100000, 0x00000000c6200000|  0%| F|  |TAMS 0x00000000c6100000, 0x00000000c6100000| Untracked 
|1122|0x00000000c6200000, 0x00000000c6200000, 0x00000000c6300000|  0%| F|  |TAMS 0x00000000c6200000, 0x00000000c6200000| Untracked 
|1123|0x00000000c6300000, 0x00000000c6300000, 0x00000000c6400000|  0%| F|  |TAMS 0x00000000c6300000, 0x00000000c6300000| Untracked 
|1124|0x00000000c6400000, 0x00000000c6400000, 0x00000000c6500000|  0%| F|  |TAMS 0x00000000c6400000, 0x00000000c6400000| Untracked 
|1125|0x00000000c6500000, 0x00000000c6500000, 0x00000000c6600000|  0%| F|  |TAMS 0x00000000c6500000, 0x00000000c6500000| Untracked 
|1126|0x00000000c6600000, 0x00000000c6600000, 0x00000000c6700000|  0%| F|  |TAMS 0x00000000c6600000, 0x00000000c6600000| Untracked 
|1127|0x00000000c6700000, 0x00000000c6700000, 0x00000000c6800000|  0%| F|  |TAMS 0x00000000c6700000, 0x00000000c6700000| Untracked 
|1128|0x00000000c6800000, 0x00000000c6800000, 0x00000000c6900000|  0%| F|  |TAMS 0x00000000c6800000, 0x00000000c6800000| Untracked 
|1129|0x00000000c6900000, 0x00000000c6900000, 0x00000000c6a00000|  0%| F|  |TAMS 0x00000000c6900000, 0x00000000c6900000| Untracked 
|1130|0x00000000c6a00000, 0x00000000c6a00000, 0x00000000c6b00000|  0%| F|  |TAMS 0x00000000c6a00000, 0x00000000c6a00000| Untracked 
|1131|0x00000000c6b00000, 0x00000000c6b00000, 0x00000000c6c00000|  0%| F|  |TAMS 0x00000000c6b00000, 0x00000000c6b00000| Untracked 
|1132|0x00000000c6c00000, 0x00000000c6c00000, 0x00000000c6d00000|  0%| F|  |TAMS 0x00000000c6c00000, 0x00000000c6c00000| Untracked 
|1133|0x00000000c6d00000, 0x00000000c6d00000, 0x00000000c6e00000|  0%| F|  |TAMS 0x00000000c6d00000, 0x00000000c6d00000| Untracked 
|1134|0x00000000c6e00000, 0x00000000c6e00000, 0x00000000c6f00000|  0%| F|  |TAMS 0x00000000c6e00000, 0x00000000c6e00000| Untracked 
|1135|0x00000000c6f00000, 0x00000000c6f00000, 0x00000000c7000000|  0%| F|  |TAMS 0x00000000c6f00000, 0x00000000c6f00000| Untracked 
|1136|0x00000000c7000000, 0x00000000c7000000, 0x00000000c7100000|  0%| F|  |TAMS 0x00000000c7000000, 0x00000000c7000000| Untracked 
|1137|0x00000000c7100000, 0x00000000c7100000, 0x00000000c7200000|  0%| F|  |TAMS 0x00000000c7100000, 0x00000000c7100000| Untracked 
|1138|0x00000000c7200000, 0x00000000c7200000, 0x00000000c7300000|  0%| F|  |TAMS 0x00000000c7200000, 0x00000000c7200000| Untracked 
|1139|0x00000000c7300000, 0x00000000c7300000, 0x00000000c7400000|  0%| F|  |TAMS 0x00000000c7300000, 0x00000000c7300000| Untracked 
|1140|0x00000000c7400000, 0x00000000c7400000, 0x00000000c7500000|  0%| F|  |TAMS 0x00000000c7400000, 0x00000000c7400000| Untracked 
|1141|0x00000000c7500000, 0x00000000c7500000, 0x00000000c7600000|  0%| F|  |TAMS 0x00000000c7500000, 0x00000000c7500000| Untracked 
|1142|0x00000000c7600000, 0x00000000c7600000, 0x00000000c7700000|  0%| F|  |TAMS 0x00000000c7600000, 0x00000000c7600000| Untracked 
|1143|0x00000000c7700000, 0x00000000c7700000, 0x00000000c7800000|  0%| F|  |TAMS 0x00000000c7700000, 0x00000000c7700000| Untracked 
|1144|0x00000000c7800000, 0x00000000c7800000, 0x00000000c7900000|  0%| F|  |TAMS 0x00000000c7800000, 0x00000000c7800000| Untracked 
|1145|0x00000000c7900000, 0x00000000c7900000, 0x00000000c7a00000|  0%| F|  |TAMS 0x00000000c7900000, 0x00000000c7900000| Untracked 
|1146|0x00000000c7a00000, 0x00000000c7a00000, 0x00000000c7b00000|  0%| F|  |TAMS 0x00000000c7a00000, 0x00000000c7a00000| Untracked 
|1147|0x00000000c7b00000, 0x00000000c7b00000, 0x00000000c7c00000|  0%| F|  |TAMS 0x00000000c7b00000, 0x00000000c7b00000| Untracked 
|1148|0x00000000c7c00000, 0x00000000c7c00000, 0x00000000c7d00000|  0%| F|  |TAMS 0x00000000c7c00000, 0x00000000c7c00000| Untracked 
|1149|0x00000000c7d00000, 0x00000000c7d00000, 0x00000000c7e00000|  0%| F|  |TAMS 0x00000000c7d00000, 0x00000000c7d00000| Untracked 
|1150|0x00000000c7e00000, 0x00000000c7e00000, 0x00000000c7f00000|  0%| F|  |TAMS 0x00000000c7e00000, 0x00000000c7e00000| Untracked 
|1151|0x00000000c7f00000, 0x00000000c7f00000, 0x00000000c8000000|  0%| F|  |TAMS 0x00000000c7f00000, 0x00000000c7f00000| Untracked 
|1152|0x00000000c8000000, 0x00000000c8000000, 0x00000000c8100000|  0%| F|  |TAMS 0x00000000c8000000, 0x00000000c8000000| Untracked 
|1153|0x00000000c8100000, 0x00000000c8100000, 0x00000000c8200000|  0%| F|  |TAMS 0x00000000c8100000, 0x00000000c8100000| Untracked 
|1154|0x00000000c8200000, 0x00000000c8200000, 0x00000000c8300000|  0%| F|  |TAMS 0x00000000c8200000, 0x00000000c8200000| Untracked 
|1155|0x00000000c8300000, 0x00000000c8300000, 0x00000000c8400000|  0%| F|  |TAMS 0x00000000c8300000, 0x00000000c8300000| Untracked 
|1156|0x00000000c8400000, 0x00000000c8400000, 0x00000000c8500000|  0%| F|  |TAMS 0x00000000c8400000, 0x00000000c8400000| Untracked 
|1157|0x00000000c8500000, 0x00000000c8500000, 0x00000000c8600000|  0%| F|  |TAMS 0x00000000c8500000, 0x00000000c8500000| Untracked 
|1158|0x00000000c8600000, 0x00000000c8600000, 0x00000000c8700000|  0%| F|  |TAMS 0x00000000c8600000, 0x00000000c8600000| Untracked 
|1159|0x00000000c8700000, 0x00000000c8700000, 0x00000000c8800000|  0%| F|  |TAMS 0x00000000c8700000, 0x00000000c8700000| Untracked 
|1160|0x00000000c8800000, 0x00000000c8800000, 0x00000000c8900000|  0%| F|  |TAMS 0x00000000c8800000, 0x00000000c8800000| Untracked 
|1161|0x00000000c8900000, 0x00000000c8900000, 0x00000000c8a00000|  0%| F|  |TAMS 0x00000000c8900000, 0x00000000c8900000| Untracked 
|1162|0x00000000c8a00000, 0x00000000c8a00000, 0x00000000c8b00000|  0%| F|  |TAMS 0x00000000c8a00000, 0x00000000c8a00000| Untracked 
|1163|0x00000000c8b00000, 0x00000000c8b00000, 0x00000000c8c00000|  0%| F|  |TAMS 0x00000000c8b00000, 0x00000000c8b00000| Untracked 
|1164|0x00000000c8c00000, 0x00000000c8c00000, 0x00000000c8d00000|  0%| F|  |TAMS 0x00000000c8c00000, 0x00000000c8c00000| Untracked 
|1165|0x00000000c8d00000, 0x00000000c8d00000, 0x00000000c8e00000|  0%| F|  |TAMS 0x00000000c8d00000, 0x00000000c8d00000| Untracked 
|1166|0x00000000c8e00000, 0x00000000c8e00000, 0x00000000c8f00000|  0%| F|  |TAMS 0x00000000c8e00000, 0x00000000c8e00000| Untracked 
|1167|0x00000000c8f00000, 0x00000000c8f00000, 0x00000000c9000000|  0%| F|  |TAMS 0x00000000c8f00000, 0x00000000c8f00000| Untracked 
|1168|0x00000000c9000000, 0x00000000c9000000, 0x00000000c9100000|  0%| F|  |TAMS 0x00000000c9000000, 0x00000000c9000000| Untracked 
|1169|0x00000000c9100000, 0x00000000c9100000, 0x00000000c9200000|  0%| F|  |TAMS 0x00000000c9100000, 0x00000000c9100000| Untracked 
|1170|0x00000000c9200000, 0x00000000c9200000, 0x00000000c9300000|  0%| F|  |TAMS 0x00000000c9200000, 0x00000000c9200000| Untracked 
|1171|0x00000000c9300000, 0x00000000c9300000, 0x00000000c9400000|  0%| F|  |TAMS 0x00000000c9300000, 0x00000000c9300000| Untracked 
|1172|0x00000000c9400000, 0x00000000c9400000, 0x00000000c9500000|  0%| F|  |TAMS 0x00000000c9400000, 0x00000000c9400000| Untracked 
|1173|0x00000000c9500000, 0x00000000c9500000, 0x00000000c9600000|  0%| F|  |TAMS 0x00000000c9500000, 0x00000000c9500000| Untracked 
|1174|0x00000000c9600000, 0x00000000c9600000, 0x00000000c9700000|  0%| F|  |TAMS 0x00000000c9600000, 0x00000000c9600000| Untracked 
|1175|0x00000000c9700000, 0x00000000c9700000, 0x00000000c9800000|  0%| F|  |TAMS 0x00000000c9700000, 0x00000000c9700000| Untracked 
|1176|0x00000000c9800000, 0x00000000c9800000, 0x00000000c9900000|  0%| F|  |TAMS 0x00000000c9800000, 0x00000000c9800000| Untracked 
|1177|0x00000000c9900000, 0x00000000c9900000, 0x00000000c9a00000|  0%| F|  |TAMS 0x00000000c9900000, 0x00000000c9900000| Untracked 
|1178|0x00000000c9a00000, 0x00000000c9a00000, 0x00000000c9b00000|  0%| F|  |TAMS 0x00000000c9a00000, 0x00000000c9a00000| Untracked 
|1179|0x00000000c9b00000, 0x00000000c9b00000, 0x00000000c9c00000|  0%| F|  |TAMS 0x00000000c9b00000, 0x00000000c9b00000| Untracked 
|1180|0x00000000c9c00000, 0x00000000c9c00000, 0x00000000c9d00000|  0%| F|  |TAMS 0x00000000c9c00000, 0x00000000c9c00000| Untracked 
|1181|0x00000000c9d00000, 0x00000000c9d00000, 0x00000000c9e00000|  0%| F|  |TAMS 0x00000000c9d00000, 0x00000000c9d00000| Untracked 
|1182|0x00000000c9e00000, 0x00000000c9e00000, 0x00000000c9f00000|  0%| F|  |TAMS 0x00000000c9e00000, 0x00000000c9e00000| Untracked 
|1183|0x00000000c9f00000, 0x00000000c9f00000, 0x00000000ca000000|  0%| F|  |TAMS 0x00000000c9f00000, 0x00000000c9f00000| Untracked 
|1184|0x00000000ca000000, 0x00000000ca000000, 0x00000000ca100000|  0%| F|  |TAMS 0x00000000ca000000, 0x00000000ca000000| Untracked 
|1185|0x00000000ca100000, 0x00000000ca100000, 0x00000000ca200000|  0%| F|  |TAMS 0x00000000ca100000, 0x00000000ca100000| Untracked 
|1186|0x00000000ca200000, 0x00000000ca200000, 0x00000000ca300000|  0%| F|  |TAMS 0x00000000ca200000, 0x00000000ca200000| Untracked 
|1187|0x00000000ca300000, 0x00000000ca300000, 0x00000000ca400000|  0%| F|  |TAMS 0x00000000ca300000, 0x00000000ca300000| Untracked 
|1188|0x00000000ca400000, 0x00000000ca400000, 0x00000000ca500000|  0%| F|  |TAMS 0x00000000ca400000, 0x00000000ca400000| Untracked 
|1189|0x00000000ca500000, 0x00000000ca500000, 0x00000000ca600000|  0%| F|  |TAMS 0x00000000ca500000, 0x00000000ca500000| Untracked 
|1190|0x00000000ca600000, 0x00000000ca600000, 0x00000000ca700000|  0%| F|  |TAMS 0x00000000ca600000, 0x00000000ca600000| Untracked 
|1191|0x00000000ca700000, 0x00000000ca700000, 0x00000000ca800000|  0%| F|  |TAMS 0x00000000ca700000, 0x00000000ca700000| Untracked 
|1192|0x00000000ca800000, 0x00000000ca800000, 0x00000000ca900000|  0%| F|  |TAMS 0x00000000ca800000, 0x00000000ca800000| Untracked 
|1193|0x00000000ca900000, 0x00000000ca900000, 0x00000000caa00000|  0%| F|  |TAMS 0x00000000ca900000, 0x00000000ca900000| Untracked 
|1194|0x00000000caa00000, 0x00000000caa00000, 0x00000000cab00000|  0%| F|  |TAMS 0x00000000caa00000, 0x00000000caa00000| Untracked 
|1195|0x00000000cab00000, 0x00000000cab00000, 0x00000000cac00000|  0%| F|  |TAMS 0x00000000cab00000, 0x00000000cab00000| Untracked 
|1196|0x00000000cac00000, 0x00000000cac00000, 0x00000000cad00000|  0%| F|  |TAMS 0x00000000cac00000, 0x00000000cac00000| Untracked 
|1197|0x00000000cad00000, 0x00000000cad00000, 0x00000000cae00000|  0%| F|  |TAMS 0x00000000cad00000, 0x00000000cad00000| Untracked 
|1198|0x00000000cae00000, 0x00000000cae00000, 0x00000000caf00000|  0%| F|  |TAMS 0x00000000cae00000, 0x00000000cae00000| Untracked 
|1199|0x00000000caf00000, 0x00000000caf00000, 0x00000000cb000000|  0%| F|  |TAMS 0x00000000caf00000, 0x00000000caf00000| Untracked 
|1200|0x00000000cb000000, 0x00000000cb000000, 0x00000000cb100000|  0%| F|  |TAMS 0x00000000cb000000, 0x00000000cb000000| Untracked 
|1201|0x00000000cb100000, 0x00000000cb100000, 0x00000000cb200000|  0%| F|  |TAMS 0x00000000cb100000, 0x00000000cb100000| Untracked 
|1202|0x00000000cb200000, 0x00000000cb200000, 0x00000000cb300000|  0%| F|  |TAMS 0x00000000cb200000, 0x00000000cb200000| Untracked 
|1203|0x00000000cb300000, 0x00000000cb300000, 0x00000000cb400000|  0%| F|  |TAMS 0x00000000cb300000, 0x00000000cb300000| Untracked 
|1204|0x00000000cb400000, 0x00000000cb400000, 0x00000000cb500000|  0%| F|  |TAMS 0x00000000cb400000, 0x00000000cb400000| Untracked 
|1205|0x00000000cb500000, 0x00000000cb500000, 0x00000000cb600000|  0%| F|  |TAMS 0x00000000cb500000, 0x00000000cb500000| Untracked 
|1206|0x00000000cb600000, 0x00000000cb600000, 0x00000000cb700000|  0%| F|  |TAMS 0x00000000cb600000, 0x00000000cb600000| Untracked 
|1207|0x00000000cb700000, 0x00000000cb700000, 0x00000000cb800000|  0%| F|  |TAMS 0x00000000cb700000, 0x00000000cb700000| Untracked 
|1208|0x00000000cb800000, 0x00000000cb800000, 0x00000000cb900000|  0%| F|  |TAMS 0x00000000cb800000, 0x00000000cb800000| Untracked 
|1209|0x00000000cb900000, 0x00000000cb900000, 0x00000000cba00000|  0%| F|  |TAMS 0x00000000cb900000, 0x00000000cb900000| Untracked 
|1210|0x00000000cba00000, 0x00000000cba00000, 0x00000000cbb00000|  0%| F|  |TAMS 0x00000000cba00000, 0x00000000cba00000| Untracked 
|1211|0x00000000cbb00000, 0x00000000cbb00000, 0x00000000cbc00000|  0%| F|  |TAMS 0x00000000cbb00000, 0x00000000cbb00000| Untracked 
|1212|0x00000000cbc00000, 0x00000000cbc00000, 0x00000000cbd00000|  0%| F|  |TAMS 0x00000000cbc00000, 0x00000000cbc00000| Untracked 
|1213|0x00000000cbd00000, 0x00000000cbd00000, 0x00000000cbe00000|  0%| F|  |TAMS 0x00000000cbd00000, 0x00000000cbd00000| Untracked 
|1214|0x00000000cbe00000, 0x00000000cbe00000, 0x00000000cbf00000|  0%| F|  |TAMS 0x00000000cbe00000, 0x00000000cbe00000| Untracked 
|1215|0x00000000cbf00000, 0x00000000cbf00000, 0x00000000cc000000|  0%| F|  |TAMS 0x00000000cbf00000, 0x00000000cbf00000| Untracked 
|1216|0x00000000cc000000, 0x00000000cc000000, 0x00000000cc100000|  0%| F|  |TAMS 0x00000000cc000000, 0x00000000cc000000| Untracked 
|1217|0x00000000cc100000, 0x00000000cc100000, 0x00000000cc200000|  0%| F|  |TAMS 0x00000000cc100000, 0x00000000cc100000| Untracked 
|1218|0x00000000cc200000, 0x00000000cc200000, 0x00000000cc300000|  0%| F|  |TAMS 0x00000000cc200000, 0x00000000cc200000| Untracked 
|1219|0x00000000cc300000, 0x00000000cc300000, 0x00000000cc400000|  0%| F|  |TAMS 0x00000000cc300000, 0x00000000cc300000| Untracked 
|1220|0x00000000cc400000, 0x00000000cc400000, 0x00000000cc500000|  0%| F|  |TAMS 0x00000000cc400000, 0x00000000cc400000| Untracked 
|1221|0x00000000cc500000, 0x00000000cc500000, 0x00000000cc600000|  0%| F|  |TAMS 0x00000000cc500000, 0x00000000cc500000| Untracked 
|1222|0x00000000cc600000, 0x00000000cc600000, 0x00000000cc700000|  0%| F|  |TAMS 0x00000000cc600000, 0x00000000cc600000| Untracked 
|1223|0x00000000cc700000, 0x00000000cc700000, 0x00000000cc800000|  0%| F|  |TAMS 0x00000000cc700000, 0x00000000cc700000| Untracked 
|1224|0x00000000cc800000, 0x00000000cc800000, 0x00000000cc900000|  0%| F|  |TAMS 0x00000000cc800000, 0x00000000cc800000| Untracked 
|1225|0x00000000cc900000, 0x00000000cc900000, 0x00000000cca00000|  0%| F|  |TAMS 0x00000000cc900000, 0x00000000cc900000| Untracked 
|1226|0x00000000cca00000, 0x00000000cca00000, 0x00000000ccb00000|  0%| F|  |TAMS 0x00000000cca00000, 0x00000000cca00000| Untracked 
|1227|0x00000000ccb00000, 0x00000000ccb00000, 0x00000000ccc00000|  0%| F|  |TAMS 0x00000000ccb00000, 0x00000000ccb00000| Untracked 
|1228|0x00000000ccc00000, 0x00000000ccc00000, 0x00000000ccd00000|  0%| F|  |TAMS 0x00000000ccc00000, 0x00000000ccc00000| Untracked 
|1229|0x00000000ccd00000, 0x00000000ccd00000, 0x00000000cce00000|  0%| F|  |TAMS 0x00000000ccd00000, 0x00000000ccd00000| Untracked 
|1230|0x00000000cce00000, 0x00000000cce00000, 0x00000000ccf00000|  0%| F|  |TAMS 0x00000000cce00000, 0x00000000cce00000| Untracked 
|1231|0x00000000ccf00000, 0x00000000ccf00000, 0x00000000cd000000|  0%| F|  |TAMS 0x00000000ccf00000, 0x00000000ccf00000| Untracked 
|1232|0x00000000cd000000, 0x00000000cd000000, 0x00000000cd100000|  0%| F|  |TAMS 0x00000000cd000000, 0x00000000cd000000| Untracked 
|1233|0x00000000cd100000, 0x00000000cd100000, 0x00000000cd200000|  0%| F|  |TAMS 0x00000000cd100000, 0x00000000cd100000| Untracked 
|1234|0x00000000cd200000, 0x00000000cd200000, 0x00000000cd300000|  0%| F|  |TAMS 0x00000000cd200000, 0x00000000cd200000| Untracked 
|1235|0x00000000cd300000, 0x00000000cd300000, 0x00000000cd400000|  0%| F|  |TAMS 0x00000000cd300000, 0x00000000cd300000| Untracked 
|1236|0x00000000cd400000, 0x00000000cd400000, 0x00000000cd500000|  0%| F|  |TAMS 0x00000000cd400000, 0x00000000cd400000| Untracked 
|1237|0x00000000cd500000, 0x00000000cd500000, 0x00000000cd600000|  0%| F|  |TAMS 0x00000000cd500000, 0x00000000cd500000| Untracked 
|1238|0x00000000cd600000, 0x00000000cd600000, 0x00000000cd700000|  0%| F|  |TAMS 0x00000000cd600000, 0x00000000cd600000| Untracked 
|1239|0x00000000cd700000, 0x00000000cd700000, 0x00000000cd800000|  0%| F|  |TAMS 0x00000000cd700000, 0x00000000cd700000| Untracked 
|1240|0x00000000cd800000, 0x00000000cd800000, 0x00000000cd900000|  0%| F|  |TAMS 0x00000000cd800000, 0x00000000cd800000| Untracked 
|1241|0x00000000cd900000, 0x00000000cd900000, 0x00000000cda00000|  0%| F|  |TAMS 0x00000000cd900000, 0x00000000cd900000| Untracked 
|1242|0x00000000cda00000, 0x00000000cda00000, 0x00000000cdb00000|  0%| F|  |TAMS 0x00000000cda00000, 0x00000000cda00000| Untracked 
|1243|0x00000000cdb00000, 0x00000000cdb00000, 0x00000000cdc00000|  0%| F|  |TAMS 0x00000000cdb00000, 0x00000000cdb00000| Untracked 
|1244|0x00000000cdc00000, 0x00000000cdc00000, 0x00000000cdd00000|  0%| F|  |TAMS 0x00000000cdc00000, 0x00000000cdc00000| Untracked 
|1245|0x00000000cdd00000, 0x00000000cdd00000, 0x00000000cde00000|  0%| F|  |TAMS 0x00000000cdd00000, 0x00000000cdd00000| Untracked 
|1246|0x00000000cde00000, 0x00000000cde00000, 0x00000000cdf00000|  0%| F|  |TAMS 0x00000000cde00000, 0x00000000cde00000| Untracked 
|1247|0x00000000cdf00000, 0x00000000cdf00000, 0x00000000ce000000|  0%| F|  |TAMS 0x00000000cdf00000, 0x00000000cdf00000| Untracked 
|1248|0x00000000ce000000, 0x00000000ce000000, 0x00000000ce100000|  0%| F|  |TAMS 0x00000000ce000000, 0x00000000ce000000| Untracked 
|1249|0x00000000ce100000, 0x00000000ce100000, 0x00000000ce200000|  0%| F|  |TAMS 0x00000000ce100000, 0x00000000ce100000| Untracked 
|1250|0x00000000ce200000, 0x00000000ce200000, 0x00000000ce300000|  0%| F|  |TAMS 0x00000000ce200000, 0x00000000ce200000| Untracked 
|1251|0x00000000ce300000, 0x00000000ce300000, 0x00000000ce400000|  0%| F|  |TAMS 0x00000000ce300000, 0x00000000ce300000| Untracked 
|1252|0x00000000ce400000, 0x00000000ce400000, 0x00000000ce500000|  0%| F|  |TAMS 0x00000000ce400000, 0x00000000ce400000| Untracked 
|1253|0x00000000ce500000, 0x00000000ce500000, 0x00000000ce600000|  0%| F|  |TAMS 0x00000000ce500000, 0x00000000ce500000| Untracked 
|1254|0x00000000ce600000, 0x00000000ce600000, 0x00000000ce700000|  0%| F|  |TAMS 0x00000000ce600000, 0x00000000ce600000| Untracked 
|1255|0x00000000ce700000, 0x00000000ce700000, 0x00000000ce800000|  0%| F|  |TAMS 0x00000000ce700000, 0x00000000ce700000| Untracked 
|1256|0x00000000ce800000, 0x00000000ce800000, 0x00000000ce900000|  0%| F|  |TAMS 0x00000000ce800000, 0x00000000ce800000| Untracked 
|1257|0x00000000ce900000, 0x00000000ce900000, 0x00000000cea00000|  0%| F|  |TAMS 0x00000000ce900000, 0x00000000ce900000| Untracked 
|1258|0x00000000cea00000, 0x00000000cea00000, 0x00000000ceb00000|  0%| F|  |TAMS 0x00000000cea00000, 0x00000000cea00000| Untracked 
|1259|0x00000000ceb00000, 0x00000000ceb00000, 0x00000000cec00000|  0%| F|  |TAMS 0x00000000ceb00000, 0x00000000ceb00000| Untracked 
|1260|0x00000000cec00000, 0x00000000cec00000, 0x00000000ced00000|  0%| F|  |TAMS 0x00000000cec00000, 0x00000000cec00000| Untracked 
|1261|0x00000000ced00000, 0x00000000ced00000, 0x00000000cee00000|  0%| F|  |TAMS 0x00000000ced00000, 0x00000000ced00000| Untracked 
|1262|0x00000000cee00000, 0x00000000cee00000, 0x00000000cef00000|  0%| F|  |TAMS 0x00000000cee00000, 0x00000000cee00000| Untracked 
|1263|0x00000000cef00000, 0x00000000cef00000, 0x00000000cf000000|  0%| F|  |TAMS 0x00000000cef00000, 0x00000000cef00000| Untracked 
|1264|0x00000000cf000000, 0x00000000cf000000, 0x00000000cf100000|  0%| F|  |TAMS 0x00000000cf000000, 0x00000000cf000000| Untracked 
|1265|0x00000000cf100000, 0x00000000cf100000, 0x00000000cf200000|  0%| F|  |TAMS 0x00000000cf100000, 0x00000000cf100000| Untracked 
|1266|0x00000000cf200000, 0x00000000cf200000, 0x00000000cf300000|  0%| F|  |TAMS 0x00000000cf200000, 0x00000000cf200000| Untracked 
|1267|0x00000000cf300000, 0x00000000cf300000, 0x00000000cf400000|  0%| F|  |TAMS 0x00000000cf300000, 0x00000000cf300000| Untracked 
|1268|0x00000000cf400000, 0x00000000cf400000, 0x00000000cf500000|  0%| F|  |TAMS 0x00000000cf400000, 0x00000000cf400000| Untracked 
|1269|0x00000000cf500000, 0x00000000cf500000, 0x00000000cf600000|  0%| F|  |TAMS 0x00000000cf500000, 0x00000000cf500000| Untracked 
|1270|0x00000000cf600000, 0x00000000cf600000, 0x00000000cf700000|  0%| F|  |TAMS 0x00000000cf600000, 0x00000000cf600000| Untracked 
|1271|0x00000000cf700000, 0x00000000cf700000, 0x00000000cf800000|  0%| F|  |TAMS 0x00000000cf700000, 0x00000000cf700000| Untracked 
|1272|0x00000000cf800000, 0x00000000cf800000, 0x00000000cf900000|  0%| F|  |TAMS 0x00000000cf800000, 0x00000000cf800000| Untracked 
|1273|0x00000000cf900000, 0x00000000cf900000, 0x00000000cfa00000|  0%| F|  |TAMS 0x00000000cf900000, 0x00000000cf900000| Untracked 
|1274|0x00000000cfa00000, 0x00000000cfa00000, 0x00000000cfb00000|  0%| F|  |TAMS 0x00000000cfa00000, 0x00000000cfa00000| Untracked 
|1275|0x00000000cfb00000, 0x00000000cfb00000, 0x00000000cfc00000|  0%| F|  |TAMS 0x00000000cfb00000, 0x00000000cfb00000| Untracked 
|1276|0x00000000cfc00000, 0x00000000cfc00000, 0x00000000cfd00000|  0%| F|  |TAMS 0x00000000cfc00000, 0x00000000cfc00000| Untracked 
|1277|0x00000000cfd00000, 0x00000000cfd00000, 0x00000000cfe00000|  0%| F|  |TAMS 0x00000000cfd00000, 0x00000000cfd00000| Untracked 
|1278|0x00000000cfe00000, 0x00000000cfe00000, 0x00000000cff00000|  0%| F|  |TAMS 0x00000000cfe00000, 0x00000000cfe00000| Untracked 
|1279|0x00000000cff00000, 0x00000000cff00000, 0x00000000d0000000|  0%| F|  |TAMS 0x00000000cff00000, 0x00000000cff00000| Untracked 
|1280|0x00000000d0000000, 0x00000000d0000000, 0x00000000d0100000|  0%| F|  |TAMS 0x00000000d0000000, 0x00000000d0000000| Untracked 
|1281|0x00000000d0100000, 0x00000000d0100000, 0x00000000d0200000|  0%| F|  |TAMS 0x00000000d0100000, 0x00000000d0100000| Untracked 
|1282|0x00000000d0200000, 0x00000000d0200000, 0x00000000d0300000|  0%| F|  |TAMS 0x00000000d0200000, 0x00000000d0200000| Untracked 
|1283|0x00000000d0300000, 0x00000000d0300000, 0x00000000d0400000|  0%| F|  |TAMS 0x00000000d0300000, 0x00000000d0300000| Untracked 
|1284|0x00000000d0400000, 0x00000000d0400000, 0x00000000d0500000|  0%| F|  |TAMS 0x00000000d0400000, 0x00000000d0400000| Untracked 
|1285|0x00000000d0500000, 0x00000000d0500000, 0x00000000d0600000|  0%| F|  |TAMS 0x00000000d0500000, 0x00000000d0500000| Untracked 
|1286|0x00000000d0600000, 0x00000000d0600000, 0x00000000d0700000|  0%| F|  |TAMS 0x00000000d0600000, 0x00000000d0600000| Untracked 
|1287|0x00000000d0700000, 0x00000000d0700000, 0x00000000d0800000|  0%| F|  |TAMS 0x00000000d0700000, 0x00000000d0700000| Untracked 
|1288|0x00000000d0800000, 0x00000000d0800000, 0x00000000d0900000|  0%| F|  |TAMS 0x00000000d0800000, 0x00000000d0800000| Untracked 
|1289|0x00000000d0900000, 0x00000000d0900000, 0x00000000d0a00000|  0%| F|  |TAMS 0x00000000d0900000, 0x00000000d0900000| Untracked 
|1290|0x00000000d0a00000, 0x00000000d0a00000, 0x00000000d0b00000|  0%| F|  |TAMS 0x00000000d0a00000, 0x00000000d0a00000| Untracked 
|1291|0x00000000d0b00000, 0x00000000d0b00000, 0x00000000d0c00000|  0%| F|  |TAMS 0x00000000d0b00000, 0x00000000d0b00000| Untracked 
|1292|0x00000000d0c00000, 0x00000000d0c00000, 0x00000000d0d00000|  0%| F|  |TAMS 0x00000000d0c00000, 0x00000000d0c00000| Untracked 
|1293|0x00000000d0d00000, 0x00000000d0d00000, 0x00000000d0e00000|  0%| F|  |TAMS 0x00000000d0d00000, 0x00000000d0d00000| Untracked 
|1294|0x00000000d0e00000, 0x00000000d0e00000, 0x00000000d0f00000|  0%| F|  |TAMS 0x00000000d0e00000, 0x00000000d0e00000| Untracked 
|1295|0x00000000d0f00000, 0x00000000d0f00000, 0x00000000d1000000|  0%| F|  |TAMS 0x00000000d0f00000, 0x00000000d0f00000| Untracked 
|1296|0x00000000d1000000, 0x00000000d1000000, 0x00000000d1100000|  0%| F|  |TAMS 0x00000000d1000000, 0x00000000d1000000| Untracked 
|1297|0x00000000d1100000, 0x00000000d1100000, 0x00000000d1200000|  0%| F|  |TAMS 0x00000000d1100000, 0x00000000d1100000| Untracked 
|1298|0x00000000d1200000, 0x00000000d1200000, 0x00000000d1300000|  0%| F|  |TAMS 0x00000000d1200000, 0x00000000d1200000| Untracked 
|1299|0x00000000d1300000, 0x00000000d1300000, 0x00000000d1400000|  0%| F|  |TAMS 0x00000000d1300000, 0x00000000d1300000| Untracked 
|1300|0x00000000d1400000, 0x00000000d1400000, 0x00000000d1500000|  0%| F|  |TAMS 0x00000000d1400000, 0x00000000d1400000| Untracked 
|1301|0x00000000d1500000, 0x00000000d1500000, 0x00000000d1600000|  0%| F|  |TAMS 0x00000000d1500000, 0x00000000d1500000| Untracked 
|1302|0x00000000d1600000, 0x00000000d1600000, 0x00000000d1700000|  0%| F|  |TAMS 0x00000000d1600000, 0x00000000d1600000| Untracked 
|1303|0x00000000d1700000, 0x00000000d1700000, 0x00000000d1800000|  0%| F|  |TAMS 0x00000000d1700000, 0x00000000d1700000| Untracked 
|1304|0x00000000d1800000, 0x00000000d1800000, 0x00000000d1900000|  0%| F|  |TAMS 0x00000000d1800000, 0x00000000d1800000| Untracked 
|1305|0x00000000d1900000, 0x00000000d1900000, 0x00000000d1a00000|  0%| F|  |TAMS 0x00000000d1900000, 0x00000000d1900000| Untracked 
|1306|0x00000000d1a00000, 0x00000000d1a00000, 0x00000000d1b00000|  0%| F|  |TAMS 0x00000000d1a00000, 0x00000000d1a00000| Untracked 
|1307|0x00000000d1b00000, 0x00000000d1b00000, 0x00000000d1c00000|  0%| F|  |TAMS 0x00000000d1b00000, 0x00000000d1b00000| Untracked 
|1308|0x00000000d1c00000, 0x00000000d1c00000, 0x00000000d1d00000|  0%| F|  |TAMS 0x00000000d1c00000, 0x00000000d1c00000| Untracked 
|1309|0x00000000d1d00000, 0x00000000d1d00000, 0x00000000d1e00000|  0%| F|  |TAMS 0x00000000d1d00000, 0x00000000d1d00000| Untracked 
|1310|0x00000000d1e00000, 0x00000000d1e00000, 0x00000000d1f00000|  0%| F|  |TAMS 0x00000000d1e00000, 0x00000000d1e00000| Untracked 
|1311|0x00000000d1f00000, 0x00000000d2000000, 0x00000000d2000000|100%| S|CS|TAMS 0x00000000d1f00000, 0x00000000d1f00000| Complete 
|1312|0x00000000d2000000, 0x00000000d2100000, 0x00000000d2100000|100%| S|CS|TAMS 0x00000000d2000000, 0x00000000d2000000| Complete 
|1313|0x00000000d2100000, 0x00000000d2200000, 0x00000000d2200000|100%| S|CS|TAMS 0x00000000d2100000, 0x00000000d2100000| Complete 
|1314|0x00000000d2200000, 0x00000000d2200000, 0x00000000d2300000|  0%| F|  |TAMS 0x00000000d2200000, 0x00000000d2200000| Untracked 
|1315|0x00000000d2300000, 0x00000000d2300000, 0x00000000d2400000|  0%| F|  |TAMS 0x00000000d2300000, 0x00000000d2300000| Untracked 
|1316|0x00000000d2400000, 0x00000000d2400000, 0x00000000d2500000|  0%| F|  |TAMS 0x00000000d2400000, 0x00000000d2400000| Untracked 
|1317|0x00000000d2500000, 0x00000000d2500000, 0x00000000d2600000|  0%| F|  |TAMS 0x00000000d2500000, 0x00000000d2500000| Untracked 
|1318|0x00000000d2600000, 0x00000000d2600000, 0x00000000d2700000|  0%| F|  |TAMS 0x00000000d2600000, 0x00000000d2600000| Untracked 
|1319|0x00000000d2700000, 0x00000000d2700000, 0x00000000d2800000|  0%| F|  |TAMS 0x00000000d2700000, 0x00000000d2700000| Untracked 
|1320|0x00000000d2800000, 0x00000000d2800000, 0x00000000d2900000|  0%| F|  |TAMS 0x00000000d2800000, 0x00000000d2800000| Untracked 
|1321|0x00000000d2900000, 0x00000000d2900000, 0x00000000d2a00000|  0%| F|  |TAMS 0x00000000d2900000, 0x00000000d2900000| Untracked 
|1322|0x00000000d2a00000, 0x00000000d2a00000, 0x00000000d2b00000|  0%| F|  |TAMS 0x00000000d2a00000, 0x00000000d2a00000| Untracked 
|1323|0x00000000d2b00000, 0x00000000d2b00000, 0x00000000d2c00000|  0%| F|  |TAMS 0x00000000d2b00000, 0x00000000d2b00000| Untracked 
|1324|0x00000000d2c00000, 0x00000000d2c00000, 0x00000000d2d00000|  0%| F|  |TAMS 0x00000000d2c00000, 0x00000000d2c00000| Untracked 
|1325|0x00000000d2d00000, 0x00000000d2d00000, 0x00000000d2e00000|  0%| F|  |TAMS 0x00000000d2d00000, 0x00000000d2d00000| Untracked 
|1326|0x00000000d2e00000, 0x00000000d2e00000, 0x00000000d2f00000|  0%| F|  |TAMS 0x00000000d2e00000, 0x00000000d2e00000| Untracked 
|1327|0x00000000d2f00000, 0x00000000d2f00000, 0x00000000d3000000|  0%| F|  |TAMS 0x00000000d2f00000, 0x00000000d2f00000| Untracked 
|1328|0x00000000d3000000, 0x00000000d3000000, 0x00000000d3100000|  0%| F|  |TAMS 0x00000000d3000000, 0x00000000d3000000| Untracked 
|1329|0x00000000d3100000, 0x00000000d3100000, 0x00000000d3200000|  0%| F|  |TAMS 0x00000000d3100000, 0x00000000d3100000| Untracked 
|1330|0x00000000d3200000, 0x00000000d3200000, 0x00000000d3300000|  0%| F|  |TAMS 0x00000000d3200000, 0x00000000d3200000| Untracked 
|1331|0x00000000d3300000, 0x00000000d3300000, 0x00000000d3400000|  0%| F|  |TAMS 0x00000000d3300000, 0x00000000d3300000| Untracked 
|1332|0x00000000d3400000, 0x00000000d3400000, 0x00000000d3500000|  0%| F|  |TAMS 0x00000000d3400000, 0x00000000d3400000| Untracked 
|1333|0x00000000d3500000, 0x00000000d3500000, 0x00000000d3600000|  0%| F|  |TAMS 0x00000000d3500000, 0x00000000d3500000| Untracked 
|1334|0x00000000d3600000, 0x00000000d3600000, 0x00000000d3700000|  0%| F|  |TAMS 0x00000000d3600000, 0x00000000d3600000| Untracked 
|1335|0x00000000d3700000, 0x00000000d3700000, 0x00000000d3800000|  0%| F|  |TAMS 0x00000000d3700000, 0x00000000d3700000| Untracked 
|1336|0x00000000d3800000, 0x00000000d3800000, 0x00000000d3900000|  0%| F|  |TAMS 0x00000000d3800000, 0x00000000d3800000| Untracked 
|1337|0x00000000d3900000, 0x00000000d3900000, 0x00000000d3a00000|  0%| F|  |TAMS 0x00000000d3900000, 0x00000000d3900000| Untracked 
|1338|0x00000000d3a00000, 0x00000000d3a00000, 0x00000000d3b00000|  0%| F|  |TAMS 0x00000000d3a00000, 0x00000000d3a00000| Untracked 
|1339|0x00000000d3b00000, 0x00000000d3b00000, 0x00000000d3c00000|  0%| F|  |TAMS 0x00000000d3b00000, 0x00000000d3b00000| Untracked 
|1340|0x00000000d3c00000, 0x00000000d3c00000, 0x00000000d3d00000|  0%| F|  |TAMS 0x00000000d3c00000, 0x00000000d3c00000| Untracked 
|1341|0x00000000d3d00000, 0x00000000d3d00000, 0x00000000d3e00000|  0%| F|  |TAMS 0x00000000d3d00000, 0x00000000d3d00000| Untracked 
|1342|0x00000000d3e00000, 0x00000000d3e00000, 0x00000000d3f00000|  0%| F|  |TAMS 0x00000000d3e00000, 0x00000000d3e00000| Untracked 
|1343|0x00000000d3f00000, 0x00000000d3f00000, 0x00000000d4000000|  0%| F|  |TAMS 0x00000000d3f00000, 0x00000000d3f00000| Untracked 
|1344|0x00000000d4000000, 0x00000000d4000000, 0x00000000d4100000|  0%| F|  |TAMS 0x00000000d4000000, 0x00000000d4000000| Untracked 
|1345|0x00000000d4100000, 0x00000000d4100000, 0x00000000d4200000|  0%| F|  |TAMS 0x00000000d4100000, 0x00000000d4100000| Untracked 
|1346|0x00000000d4200000, 0x00000000d4200000, 0x00000000d4300000|  0%| F|  |TAMS 0x00000000d4200000, 0x00000000d4200000| Untracked 
|1347|0x00000000d4300000, 0x00000000d4300000, 0x00000000d4400000|  0%| F|  |TAMS 0x00000000d4300000, 0x00000000d4300000| Untracked 
|1348|0x00000000d4400000, 0x00000000d4400000, 0x00000000d4500000|  0%| F|  |TAMS 0x00000000d4400000, 0x00000000d4400000| Untracked 
|1349|0x00000000d4500000, 0x00000000d4500000, 0x00000000d4600000|  0%| F|  |TAMS 0x00000000d4500000, 0x00000000d4500000| Untracked 
|1350|0x00000000d4600000, 0x00000000d4600000, 0x00000000d4700000|  0%| F|  |TAMS 0x00000000d4600000, 0x00000000d4600000| Untracked 
|1351|0x00000000d4700000, 0x00000000d4700000, 0x00000000d4800000|  0%| F|  |TAMS 0x00000000d4700000, 0x00000000d4700000| Untracked 
|1352|0x00000000d4800000, 0x00000000d4800000, 0x00000000d4900000|  0%| F|  |TAMS 0x00000000d4800000, 0x00000000d4800000| Untracked 
|1353|0x00000000d4900000, 0x00000000d4900000, 0x00000000d4a00000|  0%| F|  |TAMS 0x00000000d4900000, 0x00000000d4900000| Untracked 
|1354|0x00000000d4a00000, 0x00000000d4a00000, 0x00000000d4b00000|  0%| F|  |TAMS 0x00000000d4a00000, 0x00000000d4a00000| Untracked 
|1355|0x00000000d4b00000, 0x00000000d4b00000, 0x00000000d4c00000|  0%| F|  |TAMS 0x00000000d4b00000, 0x00000000d4b00000| Untracked 
|1356|0x00000000d4c00000, 0x00000000d4c00000, 0x00000000d4d00000|  0%| F|  |TAMS 0x00000000d4c00000, 0x00000000d4c00000| Untracked 
|1357|0x00000000d4d00000, 0x00000000d4d00000, 0x00000000d4e00000|  0%| F|  |TAMS 0x00000000d4d00000, 0x00000000d4d00000| Untracked 
|1358|0x00000000d4e00000, 0x00000000d4e00000, 0x00000000d4f00000|  0%| F|  |TAMS 0x00000000d4e00000, 0x00000000d4e00000| Untracked 
|1359|0x00000000d4f00000, 0x00000000d4f00000, 0x00000000d5000000|  0%| F|  |TAMS 0x00000000d4f00000, 0x00000000d4f00000| Untracked 
|1360|0x00000000d5000000, 0x00000000d5000000, 0x00000000d5100000|  0%| F|  |TAMS 0x00000000d5000000, 0x00000000d5000000| Untracked 
|1361|0x00000000d5100000, 0x00000000d5100000, 0x00000000d5200000|  0%| F|  |TAMS 0x00000000d5100000, 0x00000000d5100000| Untracked 
|1362|0x00000000d5200000, 0x00000000d5200000, 0x00000000d5300000|  0%| F|  |TAMS 0x00000000d5200000, 0x00000000d5200000| Untracked 
|1363|0x00000000d5300000, 0x00000000d5300000, 0x00000000d5400000|  0%| F|  |TAMS 0x00000000d5300000, 0x00000000d5300000| Untracked 
|1364|0x00000000d5400000, 0x00000000d5400000, 0x00000000d5500000|  0%| F|  |TAMS 0x00000000d5400000, 0x00000000d5400000| Untracked 
|1365|0x00000000d5500000, 0x00000000d5500000, 0x00000000d5600000|  0%| F|  |TAMS 0x00000000d5500000, 0x00000000d5500000| Untracked 
|1366|0x00000000d5600000, 0x00000000d5600000, 0x00000000d5700000|  0%| F|  |TAMS 0x00000000d5600000, 0x00000000d5600000| Untracked 
|1367|0x00000000d5700000, 0x00000000d5700000, 0x00000000d5800000|  0%| F|  |TAMS 0x00000000d5700000, 0x00000000d5700000| Untracked 
|1368|0x00000000d5800000, 0x00000000d5800000, 0x00000000d5900000|  0%| F|  |TAMS 0x00000000d5800000, 0x00000000d5800000| Untracked 
|1369|0x00000000d5900000, 0x00000000d5900000, 0x00000000d5a00000|  0%| F|  |TAMS 0x00000000d5900000, 0x00000000d5900000| Untracked 
|1370|0x00000000d5a00000, 0x00000000d5a00000, 0x00000000d5b00000|  0%| F|  |TAMS 0x00000000d5a00000, 0x00000000d5a00000| Untracked 
|1371|0x00000000d5b00000, 0x00000000d5b00000, 0x00000000d5c00000|  0%| F|  |TAMS 0x00000000d5b00000, 0x00000000d5b00000| Untracked 
|1372|0x00000000d5c00000, 0x00000000d5c00000, 0x00000000d5d00000|  0%| F|  |TAMS 0x00000000d5c00000, 0x00000000d5c00000| Untracked 
|1373|0x00000000d5d00000, 0x00000000d5d00000, 0x00000000d5e00000|  0%| F|  |TAMS 0x00000000d5d00000, 0x00000000d5d00000| Untracked 
|1374|0x00000000d5e00000, 0x00000000d5e00000, 0x00000000d5f00000|  0%| F|  |TAMS 0x00000000d5e00000, 0x00000000d5e00000| Untracked 
|1375|0x00000000d5f00000, 0x00000000d5f00000, 0x00000000d6000000|  0%| F|  |TAMS 0x00000000d5f00000, 0x00000000d5f00000| Untracked 
|1376|0x00000000d6000000, 0x00000000d6000000, 0x00000000d6100000|  0%| F|  |TAMS 0x00000000d6000000, 0x00000000d6000000| Untracked 
|1377|0x00000000d6100000, 0x00000000d6100000, 0x00000000d6200000|  0%| F|  |TAMS 0x00000000d6100000, 0x00000000d6100000| Untracked 
|1378|0x00000000d6200000, 0x00000000d6200000, 0x00000000d6300000|  0%| F|  |TAMS 0x00000000d6200000, 0x00000000d6200000| Untracked 
|1379|0x00000000d6300000, 0x00000000d6300000, 0x00000000d6400000|  0%| F|  |TAMS 0x00000000d6300000, 0x00000000d6300000| Untracked 
|1380|0x00000000d6400000, 0x00000000d6400000, 0x00000000d6500000|  0%| F|  |TAMS 0x00000000d6400000, 0x00000000d6400000| Untracked 
|1381|0x00000000d6500000, 0x00000000d6500000, 0x00000000d6600000|  0%| F|  |TAMS 0x00000000d6500000, 0x00000000d6500000| Untracked 
|1382|0x00000000d6600000, 0x00000000d6600000, 0x00000000d6700000|  0%| F|  |TAMS 0x00000000d6600000, 0x00000000d6600000| Untracked 
|1383|0x00000000d6700000, 0x00000000d6700000, 0x00000000d6800000|  0%| F|  |TAMS 0x00000000d6700000, 0x00000000d6700000| Untracked 
|1384|0x00000000d6800000, 0x00000000d6800000, 0x00000000d6900000|  0%| F|  |TAMS 0x00000000d6800000, 0x00000000d6800000| Untracked 
|1385|0x00000000d6900000, 0x00000000d6900000, 0x00000000d6a00000|  0%| F|  |TAMS 0x00000000d6900000, 0x00000000d6900000| Untracked 
|1386|0x00000000d6a00000, 0x00000000d6a00000, 0x00000000d6b00000|  0%| F|  |TAMS 0x00000000d6a00000, 0x00000000d6a00000| Untracked 
|1387|0x00000000d6b00000, 0x00000000d6b00000, 0x00000000d6c00000|  0%| F|  |TAMS 0x00000000d6b00000, 0x00000000d6b00000| Untracked 
|1388|0x00000000d6c00000, 0x00000000d6c00000, 0x00000000d6d00000|  0%| F|  |TAMS 0x00000000d6c00000, 0x00000000d6c00000| Untracked 
|1389|0x00000000d6d00000, 0x00000000d6d00000, 0x00000000d6e00000|  0%| F|  |TAMS 0x00000000d6d00000, 0x00000000d6d00000| Untracked 
|1390|0x00000000d6e00000, 0x00000000d6e00000, 0x00000000d6f00000|  0%| F|  |TAMS 0x00000000d6e00000, 0x00000000d6e00000| Untracked 
|1391|0x00000000d6f00000, 0x00000000d6f00000, 0x00000000d7000000|  0%| F|  |TAMS 0x00000000d6f00000, 0x00000000d6f00000| Untracked 
|1392|0x00000000d7000000, 0x00000000d7000000, 0x00000000d7100000|  0%| F|  |TAMS 0x00000000d7000000, 0x00000000d7000000| Untracked 
|1393|0x00000000d7100000, 0x00000000d7100000, 0x00000000d7200000|  0%| F|  |TAMS 0x00000000d7100000, 0x00000000d7100000| Untracked 
|1394|0x00000000d7200000, 0x00000000d7200000, 0x00000000d7300000|  0%| F|  |TAMS 0x00000000d7200000, 0x00000000d7200000| Untracked 
|1395|0x00000000d7300000, 0x00000000d7300000, 0x00000000d7400000|  0%| F|  |TAMS 0x00000000d7300000, 0x00000000d7300000| Untracked 
|1396|0x00000000d7400000, 0x00000000d7400000, 0x00000000d7500000|  0%| F|  |TAMS 0x00000000d7400000, 0x00000000d7400000| Untracked 
|1397|0x00000000d7500000, 0x00000000d7500000, 0x00000000d7600000|  0%| F|  |TAMS 0x00000000d7500000, 0x00000000d7500000| Untracked 
|1398|0x00000000d7600000, 0x00000000d7600000, 0x00000000d7700000|  0%| F|  |TAMS 0x00000000d7600000, 0x00000000d7600000| Untracked 
|1399|0x00000000d7700000, 0x00000000d7700000, 0x00000000d7800000|  0%| F|  |TAMS 0x00000000d7700000, 0x00000000d7700000| Untracked 
|1400|0x00000000d7800000, 0x00000000d7800000, 0x00000000d7900000|  0%| F|  |TAMS 0x00000000d7800000, 0x00000000d7800000| Untracked 
|1401|0x00000000d7900000, 0x00000000d7900000, 0x00000000d7a00000|  0%| F|  |TAMS 0x00000000d7900000, 0x00000000d7900000| Untracked 
|1402|0x00000000d7a00000, 0x00000000d7a00000, 0x00000000d7b00000|  0%| F|  |TAMS 0x00000000d7a00000, 0x00000000d7a00000| Untracked 
|1403|0x00000000d7b00000, 0x00000000d7b00000, 0x00000000d7c00000|  0%| F|  |TAMS 0x00000000d7b00000, 0x00000000d7b00000| Untracked 
|1404|0x00000000d7c00000, 0x00000000d7c00000, 0x00000000d7d00000|  0%| F|  |TAMS 0x00000000d7c00000, 0x00000000d7c00000| Untracked 
|1405|0x00000000d7d00000, 0x00000000d7d00000, 0x00000000d7e00000|  0%| F|  |TAMS 0x00000000d7d00000, 0x00000000d7d00000| Untracked 
|1406|0x00000000d7e00000, 0x00000000d7e00000, 0x00000000d7f00000|  0%| F|  |TAMS 0x00000000d7e00000, 0x00000000d7e00000| Untracked 
|1407|0x00000000d7f00000, 0x00000000d7f00000, 0x00000000d8000000|  0%| F|  |TAMS 0x00000000d7f00000, 0x00000000d7f00000| Untracked 
|1408|0x00000000d8000000, 0x00000000d8000000, 0x00000000d8100000|  0%| F|  |TAMS 0x00000000d8000000, 0x00000000d8000000| Untracked 
|1409|0x00000000d8100000, 0x00000000d8100000, 0x00000000d8200000|  0%| F|  |TAMS 0x00000000d8100000, 0x00000000d8100000| Untracked 
|1410|0x00000000d8200000, 0x00000000d8200000, 0x00000000d8300000|  0%| F|  |TAMS 0x00000000d8200000, 0x00000000d8200000| Untracked 
|1411|0x00000000d8300000, 0x00000000d8300000, 0x00000000d8400000|  0%| F|  |TAMS 0x00000000d8300000, 0x00000000d8300000| Untracked 
|1412|0x00000000d8400000, 0x00000000d8400000, 0x00000000d8500000|  0%| F|  |TAMS 0x00000000d8400000, 0x00000000d8400000| Untracked 
|1413|0x00000000d8500000, 0x00000000d8500000, 0x00000000d8600000|  0%| F|  |TAMS 0x00000000d8500000, 0x00000000d8500000| Untracked 
|1414|0x00000000d8600000, 0x00000000d8600000, 0x00000000d8700000|  0%| F|  |TAMS 0x00000000d8600000, 0x00000000d8600000| Untracked 
|1415|0x00000000d8700000, 0x00000000d8700000, 0x00000000d8800000|  0%| F|  |TAMS 0x00000000d8700000, 0x00000000d8700000| Untracked 
|1416|0x00000000d8800000, 0x00000000d8800000, 0x00000000d8900000|  0%| F|  |TAMS 0x00000000d8800000, 0x00000000d8800000| Untracked 
|1417|0x00000000d8900000, 0x00000000d8900000, 0x00000000d8a00000|  0%| F|  |TAMS 0x00000000d8900000, 0x00000000d8900000| Untracked 
|1418|0x00000000d8a00000, 0x00000000d8a00000, 0x00000000d8b00000|  0%| F|  |TAMS 0x00000000d8a00000, 0x00000000d8a00000| Untracked 
|1419|0x00000000d8b00000, 0x00000000d8b61950, 0x00000000d8c00000| 38%| E|  |TAMS 0x00000000d8b00000, 0x00000000d8b00000| Complete 
|1420|0x00000000d8c00000, 0x00000000d8d00000, 0x00000000d8d00000|100%| E|CS|TAMS 0x00000000d8c00000, 0x00000000d8c00000| Complete 
|1421|0x00000000d8d00000, 0x00000000d8e00000, 0x00000000d8e00000|100%| E|CS|TAMS 0x00000000d8d00000, 0x00000000d8d00000| Complete 
|1422|0x00000000d8e00000, 0x00000000d8f00000, 0x00000000d8f00000|100%| E|CS|TAMS 0x00000000d8e00000, 0x00000000d8e00000| Complete 
|1423|0x00000000d8f00000, 0x00000000d9000000, 0x00000000d9000000|100%| E|CS|TAMS 0x00000000d8f00000, 0x00000000d8f00000| Complete 
|1424|0x00000000d9000000, 0x00000000d9100000, 0x00000000d9100000|100%| E|CS|TAMS 0x00000000d9000000, 0x00000000d9000000| Complete 
|1425|0x00000000d9100000, 0x00000000d9200000, 0x00000000d9200000|100%| E|CS|TAMS 0x00000000d9100000, 0x00000000d9100000| Complete 
|1426|0x00000000d9200000, 0x00000000d9300000, 0x00000000d9300000|100%| E|CS|TAMS 0x00000000d9200000, 0x00000000d9200000| Complete 
|1427|0x00000000d9300000, 0x00000000d9400000, 0x00000000d9400000|100%| E|CS|TAMS 0x00000000d9300000, 0x00000000d9300000| Complete 
|1428|0x00000000d9400000, 0x00000000d9500000, 0x00000000d9500000|100%| E|CS|TAMS 0x00000000d9400000, 0x00000000d9400000| Complete 
|1429|0x00000000d9500000, 0x00000000d9600000, 0x00000000d9600000|100%| E|CS|TAMS 0x00000000d9500000, 0x00000000d9500000| Complete 
|1430|0x00000000d9600000, 0x00000000d9700000, 0x00000000d9700000|100%| E|CS|TAMS 0x00000000d9600000, 0x00000000d9600000| Complete 
|1431|0x00000000d9700000, 0x00000000d9800000, 0x00000000d9800000|100%| E|CS|TAMS 0x00000000d9700000, 0x00000000d9700000| Complete 
|1432|0x00000000d9800000, 0x00000000d9900000, 0x00000000d9900000|100%| E|CS|TAMS 0x00000000d9800000, 0x00000000d9800000| Complete 
|1433|0x00000000d9900000, 0x00000000d9a00000, 0x00000000d9a00000|100%| E|CS|TAMS 0x00000000d9900000, 0x00000000d9900000| Complete 
|1434|0x00000000d9a00000, 0x00000000d9b00000, 0x00000000d9b00000|100%| E|CS|TAMS 0x00000000d9a00000, 0x00000000d9a00000| Complete 
|1435|0x00000000d9b00000, 0x00000000d9c00000, 0x00000000d9c00000|100%| E|CS|TAMS 0x00000000d9b00000, 0x00000000d9b00000| Complete 
|1436|0x00000000d9c00000, 0x00000000d9d00000, 0x00000000d9d00000|100%| E|CS|TAMS 0x00000000d9c00000, 0x00000000d9c00000| Complete 
|1437|0x00000000d9d00000, 0x00000000d9e00000, 0x00000000d9e00000|100%| E|CS|TAMS 0x00000000d9d00000, 0x00000000d9d00000| Complete 
|1438|0x00000000d9e00000, 0x00000000d9f00000, 0x00000000d9f00000|100%| E|CS|TAMS 0x00000000d9e00000, 0x00000000d9e00000| Complete 
|1439|0x00000000d9f00000, 0x00000000da000000, 0x00000000da000000|100%| E|CS|TAMS 0x00000000d9f00000, 0x00000000d9f00000| Complete 
|1440|0x00000000da000000, 0x00000000da100000, 0x00000000da100000|100%| E|CS|TAMS 0x00000000da000000, 0x00000000da000000| Complete 
|1441|0x00000000da100000, 0x00000000da200000, 0x00000000da200000|100%| E|CS|TAMS 0x00000000da100000, 0x00000000da100000| Complete 
|1442|0x00000000da200000, 0x00000000da300000, 0x00000000da300000|100%| E|CS|TAMS 0x00000000da200000, 0x00000000da200000| Complete 
|1443|0x00000000da300000, 0x00000000da400000, 0x00000000da400000|100%| E|CS|TAMS 0x00000000da300000, 0x00000000da300000| Complete 
|1444|0x00000000da400000, 0x00000000da500000, 0x00000000da500000|100%| E|CS|TAMS 0x00000000da400000, 0x00000000da400000| Complete 
|1445|0x00000000da500000, 0x00000000da600000, 0x00000000da600000|100%| E|CS|TAMS 0x00000000da500000, 0x00000000da500000| Complete 
|1446|0x00000000da600000, 0x00000000da700000, 0x00000000da700000|100%| E|CS|TAMS 0x00000000da600000, 0x00000000da600000| Complete 
|1447|0x00000000da700000, 0x00000000da800000, 0x00000000da800000|100%| E|CS|TAMS 0x00000000da700000, 0x00000000da700000| Complete 
|1448|0x00000000da800000, 0x00000000da900000, 0x00000000da900000|100%| E|CS|TAMS 0x00000000da800000, 0x00000000da800000| Complete 
|1449|0x00000000da900000, 0x00000000daa00000, 0x00000000daa00000|100%| E|CS|TAMS 0x00000000da900000, 0x00000000da900000| Complete 
|1450|0x00000000daa00000, 0x00000000dab00000, 0x00000000dab00000|100%| E|CS|TAMS 0x00000000daa00000, 0x00000000daa00000| Complete 
|1451|0x00000000dab00000, 0x00000000dac00000, 0x00000000dac00000|100%| E|CS|TAMS 0x00000000dab00000, 0x00000000dab00000| Complete 
|1452|0x00000000dac00000, 0x00000000dad00000, 0x00000000dad00000|100%| E|CS|TAMS 0x00000000dac00000, 0x00000000dac00000| Complete 
|1453|0x00000000dad00000, 0x00000000dae00000, 0x00000000dae00000|100%| E|CS|TAMS 0x00000000dad00000, 0x00000000dad00000| Complete 
|1454|0x00000000dae00000, 0x00000000daf00000, 0x00000000daf00000|100%| E|CS|TAMS 0x00000000dae00000, 0x00000000dae00000| Complete 
|1455|0x00000000daf00000, 0x00000000db000000, 0x00000000db000000|100%| E|CS|TAMS 0x00000000daf00000, 0x00000000daf00000| Complete 
|1456|0x00000000db000000, 0x00000000db100000, 0x00000000db100000|100%| E|CS|TAMS 0x00000000db000000, 0x00000000db000000| Complete 
|1457|0x00000000db100000, 0x00000000db200000, 0x00000000db200000|100%| E|CS|TAMS 0x00000000db100000, 0x00000000db100000| Complete 
|1458|0x00000000db200000, 0x00000000db300000, 0x00000000db300000|100%| E|CS|TAMS 0x00000000db200000, 0x00000000db200000| Complete 
|1459|0x00000000db300000, 0x00000000db400000, 0x00000000db400000|100%| E|CS|TAMS 0x00000000db300000, 0x00000000db300000| Complete 

Card table byte_map: [0x0000026917eb0000,0x00000269182b0000] _byte_map_base: 0x0000026917ab0000

Marking Bits (Prev, Next): (CMBitMap*) 0x000002697fb29700, (CMBitMap*) 0x000002697fb29740
 Prev Bits: [0x00000269186b0000, 0x000002691a6b0000)
 Next Bits: [0x000002691a6b0000, 0x000002691c6b0000)

Polling page: 0x000002697eb10000

Metaspace:

Usage:
  Non-class:    223.45 MB used.
      Class:     32.16 MB used.
       Both:    255.62 MB used.

Virtual space:
  Non-class space:      256.00 MB reserved,     225.19 MB ( 88%) committed,  4 nodes.
      Class space:        1.00 GB reserved,      33.94 MB (  3%) committed,  1 nodes.
             Both:        1.25 GB reserved,     259.12 MB ( 20%) committed. 

Chunk freelists:
   Non-Class:  14.81 MB
       Class:  14.03 MB
        Both:  28.85 MB

MaxMetaspaceSize: unlimited
CompressedClassSpaceSize: 1.00 GB
Initial GC threshold: 21.00 MB
Current GC threshold: 375.12 MB
CDS: on
MetaspaceReclaimPolicy: balanced
 - commit_granule_bytes: 65536.
 - commit_granule_words: 8192.
 - virtual_space_node_default_size: 8388608.
 - enlarge_chunks_in_place: 1.
 - new_chunks_are_fully_committed: 0.
 - uncommit_free_chunks: 1.
 - use_allocation_guard: 0.
 - handle_deallocations: 1.


Internal statistics:

num_allocs_failed_limit: 3.
num_arena_births: 6868.
num_arena_deaths: 226.
num_vsnodes_births: 5.
num_vsnodes_deaths: 0.
num_space_committed: 4142.
num_space_uncommitted: 0.
num_chunks_returned_to_freelist: 280.
num_chunks_taken_from_freelist: 19265.
num_chunk_merges: 86.
num_chunk_splits: 11976.
num_chunks_enlarged: 6853.
num_inconsistent_stats: 0.

CodeHeap 'non-profiled nmethods': size=120000Kb used=43115Kb max_used=43115Kb free=76884Kb
 bounds [0x0000026910980000, 0x00000269133a0000, 0x0000026917eb0000]
CodeHeap 'profiled nmethods': size=120000Kb used=86855Kb max_used=87150Kb free=33144Kb
 bounds [0x0000026908eb0000, 0x000002690e3d0000, 0x00000269103e0000]
CodeHeap 'non-nmethods': size=5760Kb used=2802Kb max_used=2967Kb free=2957Kb
 bounds [0x00000269103e0000, 0x00000269106e0000, 0x0000026910980000]
 total_blobs=43596 nmethods=42211 adapters=1291
 compilation: enabled
              stopped_count=0, restarted_count=0
 full_count=0

Compilation events (20 events):
Event: 4881.049 Thread 0x000002691eb977c0 nmethod 56237 0x0000026913397a90 code [0x0000026913397c20, 0x0000026913397cd8]
Event: 4881.049 Thread 0x000002691eb977c0 56238       1       org.gradle.configuration.InitScriptTarget::getScriptClass (3 bytes)
Event: 4881.049 Thread 0x000002691eb977c0 nmethod 56238 0x0000026913397d90 code [0x0000026913397f20, 0x0000026913397ff8]
Event: 4881.049 Thread 0x000002691eb977c0 56239       1       org.gradle.configuration.DefaultScriptPluginFactory::access$200 (5 bytes)
Event: 4881.053 Thread 0x000002691eb977c0 nmethod 56239 0x0000026913398090 code [0x0000026913398220, 0x00000269133982d8]
Event: 4881.053 Thread 0x000002691eb977c0 56240       1       org.gradle.configuration.InitScriptTarget::getClasspathBlockName (3 bytes)
Event: 4881.053 Thread 0x000002691eb977c0 nmethod 56240 0x0000026913398390 code [0x0000026913398520, 0x00000269133985f8]
Event: 4881.053 Thread 0x000002691eb977c0 56241       1       org.gradle.configuration.InitScriptTarget::getId (3 bytes)
Event: 4881.053 Thread 0x000002691eb977c0 nmethod 56241 0x0000026913398690 code [0x0000026913398820, 0x00000269133988f8]
Event: 4881.053 Thread 0x000002691eb977c0 56242       1       org.gradle.groovy.scripts.DefaultScriptCompilerFactory::access$000 (5 bytes)
Event: 4881.057 Thread 0x000002691eb977c0 nmethod 56242 0x0000026913398990 code [0x0000026913398b20, 0x0000026913398bd8]
Event: 4881.057 Thread 0x000002691eb977c0 56243       1       org.gradle.groovy.scripts.DefaultScriptCompilerFactory::access$100 (5 bytes)
Event: 4881.058 Thread 0x000002691eb977c0 nmethod 56243 0x0000026913398c90 code [0x0000026913398e20, 0x0000026913398ed8]
Event: 4881.071 Thread 0x000002691eb87cd0 nmethod 56236 0x0000026913398f90 code [0x0000026913399140, 0x0000026913399898]
Event: 4881.071 Thread 0x000002691eb87cd0 56244       4       org.gradle.internal.event.DefaultListenerManager$EventBroadcast::maybeAdd (27 bytes)
Event: 4881.076 Thread 0x000002691eb87cd0 nmethod 56244 0x0000026913399e10 code [0x0000026913399fe0, 0x000002691339a278]
Event: 4881.076 Thread 0x000002691eb87cd0 56245       4       org.gradle.internal.hash.Hashing$MessageDigestHasher::putString (17 bytes)
Event: 4881.087 Thread 0x000002691eb87cd0 nmethod 56245 0x000002691339a510 code [0x000002691339a6a0, 0x000002691339a9d8]
Event: 4881.434 Thread 0x000002691eb977c0 56246       3       org.gradle.api.internal.classpath.DefaultModuleRegistry::getExternalModule (38 bytes)
Event: 4881.436 Thread 0x000002691eb977c0 nmethod 56246 0x000002690a182610 code [0x000002690a1827e0, 0x000002690a182c48]

GC Heap History (20 events):
Event: 1859.637 GC heap before
{Heap before GC invocations=180 (full 0):
 garbage-first heap   total 1495040K, used 801105K [0x0000000080000000, 0x0000000100000000)
  region size 1024K, 73 young (74752K), 15 survivors (15360K)
 Metaspace       used 228127K, committed 230528K, reserved 1310720K
  class space    used 28743K, committed 29888K, reserved 1048576K
}
Event: 1859.675 GC heap after
{Heap after GC invocations=181 (full 0):
 garbage-first heap   total 1495040K, used 595815K [0x0000000080000000, 0x0000000100000000)
  region size 1024K, 3 young (3072K), 3 survivors (3072K)
 Metaspace       used 228127K, committed 230528K, reserved 1310720K
  class space    used 28743K, committed 29888K, reserved 1048576K
}
Event: 1860.004 GC heap before
{Heap before GC invocations=181 (full 0):
 garbage-first heap   total 1495040K, used 666471K [0x0000000080000000, 0x0000000100000000)
  region size 1024K, 73 young (74752K), 3 survivors (3072K)
 Metaspace       used 228159K, committed 230528K, reserved 1310720K
  class space    used 28743K, committed 29888K, reserved 1048576K
}
Event: 1860.072 GC heap after
{Heap after GC invocations=182 (full 0):
 garbage-first heap   total 1495040K, used 491206K [0x0000000080000000, 0x0000000100000000)
  region size 1024K, 2 young (2048K), 2 survivors (2048K)
 Metaspace       used 228159K, committed 230528K, reserved 1310720K
  class space    used 28743K, committed 29888K, reserved 1048576K
}
Event: 1879.174 GC heap before
{Heap before GC invocations=182 (full 0):
 garbage-first heap   total 1495040K, used 1144518K [0x0000000080000000, 0x0000000100000000)
  region size 1024K, 637 young (652288K), 2 survivors (2048K)
 Metaspace       used 235201K, committed 237312K, reserved 1310720K
  class space    used 29453K, committed 30528K, reserved 1048576K
}
Event: 1879.188 GC heap after
{Heap after GC invocations=183 (full 0):
 garbage-first heap   total 1495040K, used 496736K [0x0000000080000000, 0x0000000100000000)
  region size 1024K, 6 young (6144K), 6 survivors (6144K)
 Metaspace       used 235201K, committed 237312K, reserved 1310720K
  class space    used 29453K, committed 30528K, reserved 1048576K
}
Event: 1892.000 GC heap before
{Heap before GC invocations=183 (full 0):
 garbage-first heap   total 1495040K, used 1218656K [0x0000000080000000, 0x0000000100000000)
  region size 1024K, 705 young (721920K), 6 survivors (6144K)
 Metaspace       used 244977K, committed 247168K, reserved 1310720K
  class space    used 30685K, committed 31808K, reserved 1048576K
}
Event: 1892.023 GC heap after
{Heap after GC invocations=184 (full 0):
 garbage-first heap   total 1495040K, used 511998K [0x0000000080000000, 0x0000000100000000)
  region size 1024K, 20 young (20480K), 20 survivors (20480K)
 Metaspace       used 244977K, committed 247168K, reserved 1310720K
  class space    used 30685K, committed 31808K, reserved 1048576K
}
Event: 2097.968 GC heap before
{Heap before GC invocations=184 (full 0):
 garbage-first heap   total 1495040K, used 1312766K [0x0000000080000000, 0x0000000100000000)
  region size 1024K, 721 young (738304K), 20 survivors (20480K)
 Metaspace       used 249037K, committed 251264K, reserved 1310720K
  class space    used 31227K, committed 32384K, reserved 1048576K
}
Event: 2098.048 GC heap after
{Heap after GC invocations=185 (full 0):
 garbage-first heap   total 1495040K, used 523264K [0x0000000080000000, 0x0000000100000000)
  region size 1024K, 33 young (33792K), 33 survivors (33792K)
 Metaspace       used 249037K, committed 251264K, reserved 1310720K
  class space    used 31227K, committed 32384K, reserved 1048576K
}
Event: 3107.963 GC heap before
{Heap before GC invocations=185 (full 0):
 garbage-first heap   total 1495040K, used 1316864K [0x0000000080000000, 0x0000000100000000)
  region size 1024K, 733 young (750592K), 33 survivors (33792K)
 Metaspace       used 258077K, committed 260672K, reserved 1310720K
  class space    used 32363K, committed 33664K, reserved 1048576K
}
Event: 3108.241 GC heap after
{Heap after GC invocations=186 (full 0):
 garbage-first heap   total 1495040K, used 522240K [0x0000000080000000, 0x0000000100000000)
  region size 1024K, 32 young (32768K), 32 survivors (32768K)
 Metaspace       used 258077K, committed 260672K, reserved 1310720K
  class space    used 32363K, committed 33664K, reserved 1048576K
}
Event: 3116.154 GC heap before
{Heap before GC invocations=186 (full 0):
 garbage-first heap   total 1495040K, used 656384K [0x0000000080000000, 0x0000000100000000)
  region size 1024K, 164 young (167936K), 32 survivors (32768K)
 Metaspace       used 258472K, committed 261248K, reserved 1310720K
  class space    used 32410K, committed 33792K, reserved 1048576K
}
Event: 3116.354 GC heap after
{Heap after GC invocations=187 (full 0):
 garbage-first heap   total 1495040K, used 524793K [0x0000000080000000, 0x0000000100000000)
  region size 1024K, 13 young (13312K), 13 survivors (13312K)
 Metaspace       used 258472K, committed 261248K, reserved 1310720K
  class space    used 32410K, committed 33792K, reserved 1048576K
}
Event: 3152.013 GC heap before
{Heap before GC invocations=187 (full 0):
 garbage-first heap   total 1495040K, used 754169K [0x0000000080000000, 0x0000000100000000)
  region size 1024K, 200 young (204800K), 13 survivors (13312K)
 Metaspace       used 258683K, committed 261440K, reserved 1310720K
  class space    used 32422K, committed 33792K, reserved 1048576K
}
Event: 3152.044 GC heap after
{Heap after GC invocations=188 (full 0):
 garbage-first heap   total 1495040K, used 523257K [0x0000000080000000, 0x0000000100000000)
  region size 1024K, 12 young (12288K), 12 survivors (12288K)
 Metaspace       used 258683K, committed 261440K, reserved 1310720K
  class space    used 32422K, committed 33792K, reserved 1048576K
}
Event: 4419.015 GC heap before
{Heap before GC invocations=188 (full 0):
 garbage-first heap   total 1495040K, used 1178617K [0x0000000080000000, 0x0000000100000000)
  region size 1024K, 615 young (629760K), 12 survivors (12288K)
 Metaspace       used 261577K, committed 265280K, reserved 1310720K
  class space    used 32933K, committed 34752K, reserved 1048576K
}
Event: 4419.176 GC heap after
{Heap after GC invocations=189 (full 0):
 garbage-first heap   total 1495040K, used 515577K [0x0000000080000000, 0x0000000100000000)
  region size 1024K, 4 young (4096K), 4 survivors (4096K)
 Metaspace       used 261577K, committed 265280K, reserved 1310720K
  class space    used 32933K, committed 34752K, reserved 1048576K
}
Event: 4428.424 GC heap before
{Heap before GC invocations=189 (full 0):
 garbage-first heap   total 1495040K, used 702969K [0x0000000080000000, 0x0000000100000000)
  region size 1024K, 150 young (153600K), 4 survivors (4096K)
 Metaspace       used 261735K, committed 265344K, reserved 1310720K
  class space    used 32934K, committed 34752K, reserved 1048576K
}
Event: 4428.447 GC heap after
{Heap after GC invocations=190 (full 0):
 garbage-first heap   total 1495040K, used 514553K [0x0000000080000000, 0x0000000100000000)
  region size 1024K, 3 young (3072K), 3 survivors (3072K)
 Metaspace       used 261735K, committed 265344K, reserved 1310720K
  class space    used 32934K, committed 34752K, reserved 1048576K
}

Dll operation events (16 events):
Event: 0.025 Loaded shared library C:\Program Files\Microsoft\jdk-17.0.16.8-hotspot\bin\java.dll
Event: 0.042 Loaded shared library C:\Program Files\Microsoft\jdk-17.0.16.8-hotspot\bin\jsvml.dll
Event: 0.104 Loaded shared library C:\Program Files\Microsoft\jdk-17.0.16.8-hotspot\bin\zip.dll
Event: 0.109 Loaded shared library C:\Program Files\Microsoft\jdk-17.0.16.8-hotspot\bin\instrument.dll
Event: 0.115 Loaded shared library C:\Program Files\Microsoft\jdk-17.0.16.8-hotspot\bin\net.dll
Event: 0.117 Loaded shared library C:\Program Files\Microsoft\jdk-17.0.16.8-hotspot\bin\nio.dll
Event: 0.121 Loaded shared library C:\Program Files\Microsoft\jdk-17.0.16.8-hotspot\bin\zip.dll
Event: 0.562 Loaded shared library C:\Program Files\Microsoft\jdk-17.0.16.8-hotspot\bin\jimage.dll
Event: 0.865 Loaded shared library C:\Program Files\Microsoft\jdk-17.0.16.8-hotspot\bin\verify.dll
Event: 0.972 Loaded shared library C:\Users\HP\.gradle\native\1def1411415f61bf3af743bc5b6707747c0891f09f0c88961ee8f79bc544acac\windows-amd64\native-platform.dll
Event: 0.985 Loaded shared library C:\Users\HP\.gradle\native\0.2.7\x86_64-windows-gnu\gradle-fileevents.dll
Event: 2.557 Loaded shared library C:\Program Files\Microsoft\jdk-17.0.16.8-hotspot\bin\management.dll
Event: 2.561 Loaded shared library C:\Program Files\Microsoft\jdk-17.0.16.8-hotspot\bin\management_ext.dll
Event: 2.755 Loaded shared library C:\Program Files\Microsoft\jdk-17.0.16.8-hotspot\bin\extnet.dll
Event: 2.977 Loaded shared library C:\Program Files\Microsoft\jdk-17.0.16.8-hotspot\bin\sunmscapi.dll
Event: 1864.025 Loaded shared library C:\Program Files\Microsoft\jdk-17.0.16.8-hotspot\bin\rmi.dll

Deoptimization events (20 events):
Event: 4428.038 Thread 0x0000026970ad32b0 DEOPT PACKING pc=0x0000026912a40f14 sp=0x000000fdc49fd500
Event: 4428.038 Thread 0x0000026970ad32b0 DEOPT UNPACKING pc=0x00000269104369a3 sp=0x000000fdc49fd490 mode 2
Event: 4428.038 Thread 0x0000026970ad32b0 Uncommon trap: trap_request=0xffffffbe fr.pc=0x0000026912a40f14 relative=0x0000000000000c54
Event: 4428.038 Thread 0x0000026970ad32b0 Uncommon trap: reason=profile_predicate action=maybe_recompile pc=0x0000026912a40f14 method=java.math.MutableBigInteger.add(Ljava/math/MutableBigInteger;)V @ 68 c2
Event: 4428.038 Thread 0x0000026970ad32b0 DEOPT PACKING pc=0x0000026912a40f14 sp=0x000000fdc49fd500
Event: 4428.038 Thread 0x0000026970ad32b0 DEOPT UNPACKING pc=0x00000269104369a3 sp=0x000000fdc49fd490 mode 2
Event: 4428.038 Thread 0x0000026970ad32b0 Uncommon trap: trap_request=0xffffffbe fr.pc=0x0000026912a40f14 relative=0x0000000000000c54
Event: 4428.038 Thread 0x0000026970ad32b0 Uncommon trap: reason=profile_predicate action=maybe_recompile pc=0x0000026912a40f14 method=java.math.MutableBigInteger.add(Ljava/math/MutableBigInteger;)V @ 68 c2
Event: 4428.038 Thread 0x0000026970ad32b0 DEOPT PACKING pc=0x0000026912a40f14 sp=0x000000fdc49fd500
Event: 4428.038 Thread 0x0000026970ad32b0 DEOPT UNPACKING pc=0x00000269104369a3 sp=0x000000fdc49fd490 mode 2
Event: 4428.039 Thread 0x0000026970ad32b0 DEOPT PACKING pc=0x000002690bbf4529 sp=0x000000fdc49fd530
Event: 4428.039 Thread 0x0000026970ad32b0 DEOPT UNPACKING pc=0x0000026910437143 sp=0x000000fdc49fc9f0 mode 0
Event: 4428.040 Thread 0x0000026970ad32b0 DEOPT PACKING pc=0x000002690bbf4529 sp=0x000000fdc49fd530
Event: 4428.040 Thread 0x0000026970ad32b0 DEOPT UNPACKING pc=0x0000026910437143 sp=0x000000fdc49fc9f0 mode 0
Event: 4428.040 Thread 0x0000026970ad32b0 DEOPT PACKING pc=0x000002690bbf4529 sp=0x000000fdc49fd4e0
Event: 4428.040 Thread 0x0000026970ad32b0 DEOPT UNPACKING pc=0x0000026910437143 sp=0x000000fdc49fc990 mode 0
Event: 4428.041 Thread 0x0000026970ad32b0 DEOPT PACKING pc=0x000002690bbf4529 sp=0x000000fdc49fd4e0
Event: 4428.041 Thread 0x0000026970ad32b0 DEOPT UNPACKING pc=0x0000026910437143 sp=0x000000fdc49fc990 mode 0
Event: 4428.043 Thread 0x0000026970ad32b0 DEOPT PACKING pc=0x000002690a9bcd98 sp=0x000000fdc49fd4e0
Event: 4428.043 Thread 0x0000026970ad32b0 DEOPT UNPACKING pc=0x0000026910437143 sp=0x000000fdc49fc958 mode 0

Classes loaded (20 events):
Event: 1909.054 Loading class java/lang/StackStreamFactory
Event: 1909.055 Loading class java/lang/StackStreamFactory done
Event: 1909.055 Loading class java/lang/StackWalker$ExtendedOption
Event: 1909.055 Loading class java/lang/StackWalker$ExtendedOption done
Event: 1909.055 Loading class java/lang/StackStreamFactory$StackFrameTraverser
Event: 1909.056 Loading class java/lang/StackStreamFactory$StackFrameTraverser done
Event: 1909.056 Loading class java/lang/StackStreamFactory$WalkerState
Event: 1909.056 Loading class java/lang/StackStreamFactory$WalkerState done
Event: 1909.056 Loading class java/lang/StackStreamFactory$1
Event: 1909.120 Loading class java/lang/StackStreamFactory$1 done
Event: 1909.120 Loading class java/lang/StackStreamFactory$StackFrameTraverser$StackFrameBuffer
Event: 1909.120 Loading class java/lang/StackStreamFactory$FrameBuffer
Event: 1909.121 Loading class java/lang/StackStreamFactory$FrameBuffer done
Event: 1909.121 Loading class java/lang/StackStreamFactory$StackFrameTraverser$StackFrameBuffer done
Event: 1909.122 Loading class java/util/logging/LogRecord
Event: 1909.123 Loading class java/util/logging/LogRecord done
Event: 2099.591 Loading class java/rmi/server/Unreferenced
Event: 2099.591 Loading class java/rmi/server/Unreferenced done
Event: 2661.667 Loading class java/util/concurrent/locks/ReentrantReadWriteLock$Sync$HoldCounter
Event: 2661.679 Loading class java/util/concurrent/locks/ReentrantReadWriteLock$Sync$HoldCounter done

Classes unloaded (20 events):
Event: 1854.714 Thread 0x000002691eb66420 Unloading class 0x0000026920830000 'java/lang/invoke/LambdaForm$DMH+0x0000026920830000'
Event: 1854.714 Thread 0x000002691eb66420 Unloading class 0x0000026920484c00 'java/lang/invoke/LambdaForm$MH+0x0000026920484c00'
Event: 1854.714 Thread 0x000002691eb66420 Unloading class 0x00000269201efc00 'java/lang/invoke/LambdaForm$MH+0x00000269201efc00'
Event: 1854.714 Thread 0x000002691eb66420 Unloading class 0x00000269201ef800 'java/lang/invoke/LambdaForm$MH+0x00000269201ef800'
Event: 1854.714 Thread 0x000002691eb66420 Unloading class 0x00000269201ef400 'java/lang/invoke/LambdaForm$MH+0x00000269201ef400'
Event: 1854.714 Thread 0x000002691eb66420 Unloading class 0x00000269201ef000 'java/lang/invoke/LambdaForm$MH+0x00000269201ef000'
Event: 1854.714 Thread 0x000002691eb66420 Unloading class 0x00000269201eec00 'java/lang/invoke/LambdaForm$MH+0x00000269201eec00'
Event: 1854.714 Thread 0x000002691eb66420 Unloading class 0x00000269201ee800 'java/lang/invoke/LambdaForm$MH+0x00000269201ee800'
Event: 1854.714 Thread 0x000002691eb66420 Unloading class 0x00000269201ee400 'java/lang/invoke/LambdaForm$MH+0x00000269201ee400'
Event: 1854.714 Thread 0x000002691eb66420 Unloading class 0x00000269201ee000 'java/lang/invoke/LambdaForm$MH+0x00000269201ee000'
Event: 1854.714 Thread 0x000002691eb66420 Unloading class 0x00000269201edc00 'java/lang/invoke/LambdaForm$MH+0x00000269201edc00'
Event: 1854.714 Thread 0x000002691eb66420 Unloading class 0x00000269201ed800 'java/lang/invoke/LambdaForm$MH+0x00000269201ed800'
Event: 1854.714 Thread 0x000002691eb66420 Unloading class 0x00000269201ec800 'java/lang/invoke/LambdaForm$MH+0x00000269201ec800'
Event: 1854.714 Thread 0x000002691eb66420 Unloading class 0x00000269201ec400 'java/lang/invoke/LambdaForm$BMH+0x00000269201ec400'
Event: 1854.714 Thread 0x000002691eb66420 Unloading class 0x0000026920114800 'java/lang/invoke/LambdaForm$DMH+0x0000026920114800'
Event: 1854.714 Thread 0x000002691eb66420 Unloading class 0x0000026920114000 'java/lang/invoke/LambdaForm$DMH+0x0000026920114000'
Event: 1854.714 Thread 0x000002691eb66420 Unloading class 0x000002692003c400 'java/lang/invoke/LambdaForm$DMH+0x000002692003c400'
Event: 1854.714 Thread 0x000002691eb66420 Unloading class 0x0000026920036800 'java/lang/invoke/LambdaForm$MH+0x0000026920036800'
Event: 1854.714 Thread 0x000002691eb66420 Unloading class 0x0000026920036400 'java/lang/invoke/LambdaForm$MH+0x0000026920036400'
Event: 1854.714 Thread 0x000002691eb66420 Unloading class 0x0000026920034000 'java/lang/invoke/LambdaForm$MH+0x0000026920034000'

Classes redefined (0 events):
No events

Internal exceptions (20 events):
Event: 4426.478 Thread 0x00000269793f7e60 Exception <a 'sun/nio/fs/WindowsException'{0x00000000d46fa080}> (0x00000000d46fa080) 
thrown [s\src\hotspot\share\prims\jni.cpp, line 516]
Event: 4426.478 Thread 0x00000269793f7e60 Exception <a 'sun/nio/fs/WindowsException'{0x00000000d46fb3e0}> (0x00000000d46fb3e0) 
thrown [s\src\hotspot\share\prims\jni.cpp, line 516]
Event: 4427.269 Thread 0x000002697c1143d0 Exception <a 'sun/nio/fs/WindowsException'{0x00000000d3ab4268}> (0x00000000d3ab4268) 
thrown [s\src\hotspot\share\prims\jni.cpp, line 516]
Event: 4427.285 Thread 0x000002697c1143d0 Exception <a 'sun/nio/fs/WindowsException'{0x00000000d3907388}> (0x00000000d3907388) 
thrown [s\src\hotspot\share\prims\jni.cpp, line 516]
Event: 4427.293 Thread 0x000002697c1143d0 Exception <a 'sun/nio/fs/WindowsException'{0x00000000d390c5b0}> (0x00000000d390c5b0) 
thrown [s\src\hotspot\share\prims\jni.cpp, line 516]
Event: 4427.451 Thread 0x000002697ac732f0 Exception <a 'sun/nio/fs/WindowsException'{0x00000000d3348090}> (0x00000000d3348090) 
thrown [s\src\hotspot\share\prims\jni.cpp, line 516]
Event: 4427.453 Thread 0x000002697ac732f0 Exception <a 'sun/nio/fs/WindowsException'{0x00000000d334cbb0}> (0x00000000d334cbb0) 
thrown [s\src\hotspot\share\prims\jni.cpp, line 516]
Event: 4427.516 Thread 0x000002697c2dc8a0 Implicit null exception at 0x000002691335a240 to 0x000002691335a6ef
Event: 4427.521 Thread 0x000002697c2dc390 Exception <a 'sun/nio/fs/WindowsException'{0x00000000d32c9560}> (0x00000000d32c9560) 
thrown [s\src\hotspot\share\prims\jni.cpp, line 516]
Event: 4427.544 Thread 0x000002697c2dc8a0 Exception <a 'sun/nio/fs/WindowsException'{0x00000000d3148678}> (0x00000000d3148678) 
thrown [s\src\hotspot\share\prims\jni.cpp, line 516]
Event: 4428.142 Thread 0x000002697c43a960 Exception <a 'sun/nio/fs/WindowsException'{0x00000000d2db35a0}> (0x00000000d2db35a0) 
thrown [s\src\hotspot\share\prims\jni.cpp, line 516]
Event: 4428.147 Thread 0x000002697c43a960 Exception <a 'sun/nio/fs/WindowsException'{0x00000000d2dde0e0}> (0x00000000d2dde0e0) 
thrown [s\src\hotspot\share\prims\jni.cpp, line 516]
Event: 4428.410 Thread 0x0000026970acd790 Exception <a 'sun/nio/fs/WindowsException'{0x00000000d2285078}> (0x00000000d2285078) 
thrown [s\src\hotspot\share\prims\jni.cpp, line 516]
Event: 4428.410 Thread 0x0000026970acd790 Exception <a 'sun/nio/fs/WindowsException'{0x00000000d2285b68}> (0x00000000d2285b68) 
thrown [s\src\hotspot\share\prims\jni.cpp, line 516]
Event: 4428.410 Thread 0x0000026970acd790 Exception <a 'sun/nio/fs/WindowsException'{0x00000000d22866b0}> (0x00000000d22866b0) 
thrown [s\src\hotspot\share\prims\jni.cpp, line 516]
Event: 4428.413 Thread 0x0000026970acd790 Exception <a 'sun/nio/fs/WindowsException'{0x00000000d2291610}> (0x00000000d2291610) 
thrown [s\src\hotspot\share\prims\jni.cpp, line 516]
Event: 4881.059 Thread 0x000002697ac74c40 Exception <a 'sun/nio/fs/WindowsException'{0x00000000da023038}> (0x00000000da023038) 
thrown [s\src\hotspot\share\prims\jni.cpp, line 516]
Event: 4881.061 Thread 0x000002697ac74c40 Exception <a 'sun/nio/fs/WindowsException'{0x00000000da0243e0}> (0x00000000da0243e0) 
thrown [s\src\hotspot\share\prims\jni.cpp, line 516]
Event: 4881.062 Thread 0x000002697ac74c40 Exception <a 'sun/nio/fs/WindowsException'{0x00000000da025778}> (0x00000000da025778) 
thrown [s\src\hotspot\share\prims\jni.cpp, line 516]
Event: 4881.062 Thread 0x000002697ac74c40 Exception <a 'sun/nio/fs/WindowsException'{0x00000000da026ae8}> (0x00000000da026ae8) 
thrown [s\src\hotspot\share\prims\jni.cpp, line 516]

VM Operations (20 events):
Event: 4421.177 Executing VM operation: Cleanup
Event: 4421.177 Executing VM operation: Cleanup done
Event: 4426.178 Executing VM operation: Cleanup
Event: 4426.179 Executing VM operation: Cleanup done
Event: 4427.076 Executing VM operation: HandshakeAllThreads
Event: 4427.083 Executing VM operation: HandshakeAllThreads done
Event: 4428.083 Executing VM operation: Cleanup
Event: 4428.084 Executing VM operation: Cleanup done
Event: 4428.423 Executing VM operation: G1CollectForAllocation
Event: 4428.447 Executing VM operation: G1CollectForAllocation done
Event: 4429.447 Executing VM operation: Cleanup
Event: 4429.487 Executing VM operation: Cleanup done
Event: 4430.487 Executing VM operation: Cleanup
Event: 4430.488 Executing VM operation: Cleanup done
Event: 4449.574 Executing VM operation: HandshakeAllThreads
Event: 4449.574 Executing VM operation: HandshakeAllThreads done
Event: 4533.873 Executing VM operation: Cleanup
Event: 4533.873 Executing VM operation: Cleanup done
Event: 4881.109 Executing VM operation: Cleanup
Event: 4881.109 Executing VM operation: Cleanup done

Memory protections (0 events):
No events

Nmethod flushes (20 events):
Event: 4429.792 Thread 0x000002691eba20e0 flushing  nmethod 0x000002690d544e10
Event: 4429.804 Thread 0x000002691eba20e0 flushing  nmethod 0x000002690d64cf90
Event: 4429.806 Thread 0x000002691eba20e0 flushing  nmethod 0x000002690d68a390
Event: 4429.821 Thread 0x000002691eba20e0 flushing  nmethod 0x000002690d806e10
Event: 4429.821 Thread 0x000002691eba20e0 flushing  nmethod 0x000002690d83d090
Event: 4429.824 Thread 0x000002691eba20e0 flushing  nmethod 0x000002690d896c90
Event: 4429.835 Thread 0x000002691eba20e0 flushing  nmethod 0x000002690da58610
Event: 4429.836 Thread 0x000002691eba20e0 flushing  nmethod 0x000002690da91e90
Event: 4429.845 Thread 0x000002691eba20e0 flushing  nmethod 0x000002690dbe7d10
Event: 4429.845 Thread 0x000002691eba20e0 flushing  nmethod 0x000002690dbe8710
Event: 4429.845 Thread 0x000002691eba20e0 flushing  nmethod 0x000002690dbe8d10
Event: 4429.861 Thread 0x000002691eba20e0 flushing  nmethod 0x000002690ded5590
Event: 4429.861 Thread 0x000002691eba20e0 flushing  nmethod 0x000002690dee3810
Event: 4429.861 Thread 0x000002691eba20e0 flushing  nmethod 0x000002690dee3c10
Event: 4429.861 Thread 0x000002691eba20e0 flushing  nmethod 0x000002690dee6310
Event: 4429.861 Thread 0x000002691eba20e0 flushing  nmethod 0x000002690dee6810
Event: 4429.861 Thread 0x000002691eba20e0 flushing  nmethod 0x000002690deee290
Event: 4429.861 Thread 0x000002691eba20e0 flushing  nmethod 0x000002690def3b10
Event: 4429.861 Thread 0x000002691eba20e0 flushing  nmethod 0x000002690def5590
Event: 4429.862 Thread 0x000002691eba20e0 flushing  nmethod 0x000002690deffe10

Events (20 events):
Event: 4721.169 Thread 0x000002697c2df120 Thread added: 0x000002697c43b380
Event: 4815.518 Thread 0x000002697c43b380 Thread exited: 0x000002697c43b380
Event: 4880.368 Thread 0x00000269651b5ac0 Thread added: 0x0000026970ad0520
Event: 4880.375 Thread 0x0000026970ad0520 Thread added: 0x000002697ac74730
Event: 4880.424 Thread 0x0000026970ad0520 Thread added: 0x000002697ac732f0
Event: 4880.443 Thread 0x0000026970ad0520 Thread added: 0x000002697ac74c40
Event: 4880.475 Thread 0x000002697ac74c40 Thread added: 0x000002697c43a960
Event: 4880.498 Thread 0x000002697ac74c40 Thread added: 0x000002697c43b380
Event: 4880.500 Thread 0x000002697ac74c40 Thread added: 0x000002697c43bda0
Event: 4880.707 Thread 0x000002697ac74c40 Thread added: 0x000002697c43c2b0
Event: 4880.720 Thread 0x000002697ac74c40 Thread added: 0x000002697c43c7c0
Event: 4880.849 Thread 0x000002697ac74c40 Thread added: 0x000002697c43b890
Event: 4880.898 Thread 0x000002697ac74c40 Thread added: 0x000002697c43d1e0
Event: 4880.904 Thread 0x000002697ac74c40 Thread added: 0x000002697c43d6f0
Event: 4881.020 Thread 0x000002697ac74c40 Thread added: 0x0000026970ad0a30
Event: 4881.021 Thread 0x000002697ac74c40 Thread added: 0x0000026970acd790
Event: 4881.022 Thread 0x000002697ac74c40 Thread added: 0x000002697ab12b30
Event: 4881.041 Thread 0x000002697ac74c40 Thread added: 0x0000026978556a60
Event: 4881.041 Thread 0x000002697ac74c40 Thread added: 0x00000269785592e0
Event: 4881.042 Thread 0x000002697ac74c40 Thread added: 0x0000026978556040


Dynamic libraries:
0x00007ff6debf0000 - 0x00007ff6debfe000 	C:\Program Files\Microsoft\jdk-17.0.16.8-hotspot\bin\java.exe
0x00007ff8bcf40000 - 0x00007ff8bd1a7000 	C:\WINDOWS\SYSTEM32\ntdll.dll
0x00007ff8bbfe0000 - 0x00007ff8bc0a9000 	C:\WINDOWS\System32\KERNEL32.DLL
0x00007ff8ba2d0000 - 0x00007ff8ba6bf000 	C:\WINDOWS\System32\KERNELBASE.dll
0x00007ff8bab90000 - 0x00007ff8bacdb000 	C:\WINDOWS\System32\ucrtbase.dll
0x00007ff89ca90000 - 0x00007ff89caa8000 	C:\Program Files\Microsoft\jdk-17.0.16.8-hotspot\bin\jli.dll
0x00007ff89cb20000 - 0x00007ff89cb3e000 	C:\Program Files\Microsoft\jdk-17.0.16.8-hotspot\bin\VCRUNTIME140.dll
0x00007ff8bc850000 - 0x00007ff8bca15000 	C:\WINDOWS\System32\USER32.dll
0x00007ff8ba760000 - 0x00007ff8ba787000 	C:\WINDOWS\System32\win32u.dll
0x00007ff8bbc20000 - 0x00007ff8bbc4b000 	C:\WINDOWS\System32\GDI32.dll
0x00007ff8ba840000 - 0x00007ff8ba96c000 	C:\WINDOWS\System32\gdi32full.dll
0x00007ff8baae0000 - 0x00007ff8bab83000 	C:\WINDOWS\System32\msvcp_win.dll
0x00007ff8aae70000 - 0x00007ff8ab103000 	C:\WINDOWS\WinSxS\amd64_microsoft.windows.common-controls_6595b64144ccf1df_6.0.26100.7309_none_3e05feeae336a044\COMCTL32.dll
0x00007ff8badf0000 - 0x00007ff8bae99000 	C:\WINDOWS\System32\msvcrt.dll
0x00007ff8bb9d0000 - 0x00007ff8bba01000 	C:\WINDOWS\System32\IMM32.DLL
0x00007ff8b5030000 - 0x00007ff8b503c000 	C:\Program Files\Microsoft\jdk-17.0.16.8-hotspot\bin\vcruntime140_1.dll
0x00007ff898610000 - 0x00007ff898699000 	C:\Program Files\Microsoft\jdk-17.0.16.8-hotspot\bin\msvcp140.dll
0x00007ff857410000 - 0x00007ff85808a000 	C:\Program Files\Microsoft\jdk-17.0.16.8-hotspot\bin\server\jvm.dll
0x00007ff8bb760000 - 0x00007ff8bb814000 	C:\WINDOWS\System32\ADVAPI32.dll
0x00007ff8bc5a0000 - 0x00007ff8bc646000 	C:\WINDOWS\System32\sechost.dll
0x00007ff8bc0b0000 - 0x00007ff8bc1c8000 	C:\WINDOWS\System32\RPCRT4.dll
0x00007ff8baea0000 - 0x00007ff8baf14000 	C:\WINDOWS\System32\WS2_32.dll
0x00007ff8b9ef0000 - 0x00007ff8b9f4e000 	C:\WINDOWS\SYSTEM32\POWRPROF.dll
0x00007ff8b4240000 - 0x00007ff8b424b000 	C:\WINDOWS\SYSTEM32\VERSION.dll
0x00007ff8ad810000 - 0x00007ff8ad845000 	C:\WINDOWS\SYSTEM32\WINMM.dll
0x00007ff8b9ed0000 - 0x00007ff8b9ee4000 	C:\WINDOWS\SYSTEM32\UMPDC.dll
0x00007ff8b8d10000 - 0x00007ff8b8d2b000 	C:\WINDOWS\SYSTEM32\kernel.appcore.dll
0x00007ff8a4f30000 - 0x00007ff8a4f3a000 	C:\Program Files\Microsoft\jdk-17.0.16.8-hotspot\bin\jimage.dll
0x00007ff890fb0000 - 0x00007ff8911f2000 	C:\WINDOWS\SYSTEM32\DBGHELP.DLL
0x00007ff8bbc50000 - 0x00007ff8bbfd5000 	C:\WINDOWS\System32\combase.dll
0x00007ff8bba40000 - 0x00007ff8bbb16000 	C:\WINDOWS\System32\OLEAUT32.dll
0x00007ff89d3d0000 - 0x00007ff89d40c000 	C:\WINDOWS\SYSTEM32\dbgcore.DLL
0x00007ff8ba790000 - 0x00007ff8ba835000 	C:\WINDOWS\System32\bcryptPrimitives.dll
0x00007ff89fee0000 - 0x00007ff89feef000 	C:\Program Files\Microsoft\jdk-17.0.16.8-hotspot\bin\instrument.dll
0x00007ff898050000 - 0x00007ff898076000 	C:\Program Files\Microsoft\jdk-17.0.16.8-hotspot\bin\java.dll
0x00007ff867dd0000 - 0x00007ff867ea6000 	C:\Program Files\Microsoft\jdk-17.0.16.8-hotspot\bin\jsvml.dll
0x00007ff8baf20000 - 0x00007ff8bb673000 	C:\WINDOWS\System32\SHELL32.dll
0x00007ff8ba970000 - 0x00007ff8baada000 	C:\WINDOWS\System32\wintypes.dll
0x00007ff8b79a0000 - 0x00007ff8b81fe000 	C:\WINDOWS\SYSTEM32\windows.storage.dll
0x00007ff8bc340000 - 0x00007ff8bc435000 	C:\WINDOWS\System32\SHCORE.dll
0x00007ff8bc4a0000 - 0x00007ff8bc506000 	C:\WINDOWS\System32\shlwapi.dll
0x00007ff8b9fb0000 - 0x00007ff8b9fd9000 	C:\WINDOWS\SYSTEM32\profapi.dll
0x00007ff899300000 - 0x00007ff899318000 	C:\Program Files\Microsoft\jdk-17.0.16.8-hotspot\bin\zip.dll
0x00007ff88cb90000 - 0x00007ff88cbab000 	C:\Program Files\Microsoft\jdk-17.0.16.8-hotspot\bin\net.dll
0x00007ff8b8d30000 - 0x00007ff8b8e58000 	C:\WINDOWS\SYSTEM32\WINHTTP.dll
0x00007ff8b93b0000 - 0x00007ff8b941b000 	C:\WINDOWS\system32\mswsock.dll
0x00007ff88cb70000 - 0x00007ff88cb86000 	C:\Program Files\Microsoft\jdk-17.0.16.8-hotspot\bin\nio.dll
0x00007ff89d370000 - 0x00007ff89d380000 	C:\Program Files\Microsoft\jdk-17.0.16.8-hotspot\bin\verify.dll
0x00007ff8987b0000 - 0x00007ff8987d7000 	C:\Users\HP\.gradle\native\1def1411415f61bf3af743bc5b6707747c0891f09f0c88961ee8f79bc544acac\windows-amd64\native-platform.dll
0x00007ff88a980000 - 0x00007ff88a9f8000 	C:\Users\HP\.gradle\native\0.2.7\x86_64-windows-gnu\gradle-fileevents.dll
0x00007ff89d150000 - 0x00007ff89d15a000 	C:\Program Files\Microsoft\jdk-17.0.16.8-hotspot\bin\management.dll
0x00007ff898870000 - 0x00007ff89887c000 	C:\Program Files\Microsoft\jdk-17.0.16.8-hotspot\bin\management_ext.dll
0x00007ff8bb750000 - 0x00007ff8bb758000 	C:\WINDOWS\System32\PSAPI.DLL
0x00007ff8b8480000 - 0x00007ff8b84b4000 	C:\WINDOWS\SYSTEM32\IPHLPAPI.DLL
0x00007ff8bb680000 - 0x00007ff8bb68a000 	C:\WINDOWS\System32\NSI.dll
0x00007ff8b4280000 - 0x00007ff8b429e000 	C:\WINDOWS\SYSTEM32\dhcpcsvc6.DLL
0x00007ff8b3d60000 - 0x00007ff8b3d83000 	C:\WINDOWS\SYSTEM32\dhcpcsvc.DLL
0x00007ff8b8500000 - 0x00007ff8b862c000 	C:\WINDOWS\SYSTEM32\DNSAPI.dll
0x00007ff898040000 - 0x00007ff898049000 	C:\Program Files\Microsoft\jdk-17.0.16.8-hotspot\bin\extnet.dll
0x00007ff8b9670000 - 0x00007ff8b968b000 	C:\WINDOWS\SYSTEM32\CRYPTSP.dll
0x00007ff8b8c70000 - 0x00007ff8b8caa000 	C:\WINDOWS\system32\rsaenh.dll
0x00007ff8b9460000 - 0x00007ff8b948b000 	C:\WINDOWS\SYSTEM32\USERENV.dll
0x00007ff8b9f80000 - 0x00007ff8b9faa000 	C:\WINDOWS\SYSTEM32\bcrypt.dll
0x00007ff8b9690000 - 0x00007ff8b969c000 	C:\WINDOWS\SYSTEM32\CRYPTBASE.dll
0x00007ff897f20000 - 0x00007ff897f2e000 	C:\Program Files\Microsoft\jdk-17.0.16.8-hotspot\bin\sunmscapi.dll
0x00007ff8ba090000 - 0x00007ff8ba207000 	C:\WINDOWS\System32\CRYPT32.dll
0x00007ff8b9890000 - 0x00007ff8b98c0000 	C:\WINDOWS\SYSTEM32\ncrypt.dll
0x00007ff8b9840000 - 0x00007ff8b987f000 	C:\WINDOWS\SYSTEM32\NTASN1.dll
0x00007ff896c20000 - 0x00007ff896c28000 	C:\WINDOWS\system32\wshunix.dll
0x00007ff896390000 - 0x00007ff8963a8000 	C:\WINDOWS\system32\napinsp.dll
0x00007ff8963b0000 - 0x00007ff8963c2000 	C:\WINDOWS\System32\winrnr.dll
0x00007ff8963d0000 - 0x00007ff8963f2000 	C:\WINDOWS\system32\nlansp_c.dll
0x00007ff893f70000 - 0x00007ff893f86000 	C:\WINDOWS\system32\wshbth.dll
0x00007ff8b2630000 - 0x00007ff8b263b000 	C:\Windows\System32\rasadhlp.dll
0x00007ff8b3540000 - 0x00007ff8b35c6000 	C:\WINDOWS\System32\fwpuclnt.dll
0x00007ff8b8f60000 - 0x00007ff8b8f96000 	C:\WINDOWS\SYSTEM32\ntmarta.dll
0x00007ff8b5050000 - 0x00007ff8b5057000 	C:\Program Files\Microsoft\jdk-17.0.16.8-hotspot\bin\rmi.dll

dbghelp: loaded successfully - version: 4.0.5 - missing functions: none
symbol engine: initialized successfully - sym options: 0x614 - pdb path: .;C:\Program Files\Microsoft\jdk-17.0.16.8-hotspot\bin;C:\WINDOWS\SYSTEM32;C:\WINDOWS\WinSxS\amd64_microsoft.windows.common-controls_6595b64144ccf1df_6.0.26100.7309_none_3e05feeae336a044;C:\Program Files\Microsoft\jdk-17.0.16.8-hotspot\bin\server;C:\Users\HP\.gradle\native\1def1411415f61bf3af743bc5b6707747c0891f09f0c88961ee8f79bc544acac\windows-amd64;C:\Users\HP\.gradle\native\0.2.7\x86_64-windows-gnu

VM Arguments:
jvm_args: --add-opens=java.base/java.lang=ALL-UNNAMED --add-opens=java.base/java.lang.invoke=ALL-UNNAMED --add-opens=java.base/java.util=ALL-UNNAMED --add-opens=java.prefs/java.util.prefs=ALL-UNNAMED --add-exports=jdk.compiler/com.sun.tools.javac.api=ALL-UNNAMED --add-exports=jdk.compiler/com.sun.tools.javac.util=ALL-UNNAMED --add-opens=java.base/java.util=ALL-UNNAMED --add-opens=java.prefs/java.util.prefs=ALL-UNNAMED --add-opens=java.base/java.nio.charset=ALL-UNNAMED --add-opens=java.base/java.net=ALL-UNNAMED --add-opens=java.base/java.util.concurrent.atomic=ALL-UNNAMED --add-opens=java.xml/javax.xml.namespace=ALL-UNNAMED -Xmx2048m -Dfile.encoding=UTF-8 -Duser.country=IN -Duser.language=en -Duser.variant -javaagent:C:\Users\HP\.gradle\wrapper\dists\gradle-8.13-bin\5xuhj0ry160q40clulazy9h7d\gradle-8.13\lib\agents\gradle-instrumentation-agent-8.13.jar 
java_command: org.gradle.launcher.daemon.bootstrap.GradleDaemon 8.13
java_class_path (initial): C:\Users\HP\.gradle\wrapper\dists\gradle-8.13-bin\5xuhj0ry160q40clulazy9h7d\gradle-8.13\lib\gradle-daemon-main-8.13.jar
Launcher Type: SUN_STANDARD

[Global flags]
     intx CICompilerCount                          = 3                                         {product} {ergonomic}
     uint ConcGCThreads                            = 1                                         {product} {ergonomic}
     uint G1ConcRefinementThreads                  = 4                                         {product} {ergonomic}
   size_t G1HeapRegionSize                         = 1048576                                   {product} {ergonomic}
    uintx GCDrainStackTargetSize                   = 64                                        {product} {ergonomic}
   size_t InitialHeapSize                          = 134217728                                 {product} {ergonomic}
   size_t MarkStackSize                            = 4194304                                   {product} {ergonomic}
   size_t MaxHeapSize                              = 2147483648                                {product} {command line}
   size_t MaxNewSize                               = 1287651328                                {product} {ergonomic}
   size_t MinHeapDeltaBytes                        = 1048576                                   {product} {ergonomic}
   size_t MinHeapSize                              = 8388608                                   {product} {ergonomic}
    uintx NonNMethodCodeHeapSize                   = 5832780                                {pd product} {ergonomic}
    uintx NonProfiledCodeHeapSize                  = 122912730                              {pd product} {ergonomic}
    uintx ProfiledCodeHeapSize                     = 122912730                              {pd product} {ergonomic}
    uintx ReservedCodeCacheSize                    = 251658240                              {pd product} {ergonomic}
     bool SegmentedCodeCache                       = true                                      {product} {ergonomic}
   size_t SoftMaxHeapSize                          = 2147483648                             {manageable} {ergonomic}
     bool UseCompressedClassPointers               = true                           {product lp64_product} {ergonomic}
     bool UseCompressedOops                        = true                           {product lp64_product} {ergonomic}
     bool UseG1GC                                  = true                                      {product} {ergonomic}
     bool UseLargePagesIndividualAllocation        = false                                  {pd product} {ergonomic}

Logging:
Log output configuration:
 #0: stdout all=warning uptime,level,tags
 #1: stderr all=off uptime,level,tags

Environment Variables:
JAVA_HOME=C:\Program Files\Microsoft\jdk-17.0.16.8-hotspot
PATH=C:\Program Files\Microsoft\jdk-17.0.16.8-hotspot\bin;C:\Users\HP\AppData\Local\Android\Sdk\tools;C:\Users\HP\AppData\Local\Programs\Python\Python310\Scripts\;C:\Users\HP\AppData\Local\Programs\Python\Python310\;C:\Users\HP\AppData\Local\Microsoft\WindowsApps;C:\Users\HP\.dotnet\tools;C:\Users\HP\AppData\Local\Programs\Microsoft VS Code\bin;C:\Users\HP\AppData\Local\Android\Sdk;C:\Users\HP\AppData\Local\Android\Sdk\platform-tools;C:\Users\HP\AppData\Local\Android\Sdk\emulator;C:\Users\HP\AppData\Local\Android\Sdk\build-tools;C:\Users\HP\AppData\Local\Android\Sdk\platforms;C:\Users\HP\AppData\Local\Programs\Antigravity\bin;C:\Program Files\nodejs\;C:\Program Files\nodejs\node.exe;C:\Users\HP\AppData\Local\nvm;C:\Program Files\nodejs;C:\Program Files\Microsoft\jdk-17.0.16.8-hotspot\bin;
USERNAME=HP
OS=Windows_NT
PROCESSOR_IDENTIFIER=Intel64 Family 6 Model 94 Stepping 3, GenuineIntel
TMP=C:\Users\HP\AppData\Local\Temp
TEMP=C:\Users\HP\AppData\Local\Temp



Periodic native trim disabled


---------------  S Y S T E M  ---------------

OS:
 Windows 11 , 64 bit Build 26100 (10.0.26100.7309)
OS uptime: 0 days 1:48 hours

CPU: total 4 (initial active 4) (4 cores per cpu, 1 threads per core) family 6 model 94 stepping 3 microcode 0xd6, cx8, cmov, fxsr, mmx, 3dnowpref, sse, sse2, sse3, ssse3, sse4.1, sse4.2, popcnt, lzcnt, tsc, tscinvbit, avx, avx2, aes, erms, clmul, bmi1, bmi2, adx, fma, vzeroupper, clflush, clflushopt
Processor Information for the first 4 processors :
  Max Mhz: 2712, Current Mhz: 2712, Mhz Limit: 2712

Memory: 4k page, system-wide physical 8072M (1460M free)
TotalPageFile size 18312M (AvailPageFile size 2834M)
current process WorkingSet (physical memory assigned to process): 165M, peak: 1864M
current process commit charge ("private bytes"): 2181M, peak: 2239M

vm_info: OpenJDK 64-Bit Server VM (17.0.16+8-LTS) for windows-amd64 JRE (17.0.16+8-LTS), built on Jul 10 2025 00:24:24 by "MicrosoftCorporation" with unknown MS VC++:1944

END.
