#
# A fatal error has been detected by the Java Runtime Environment:
#
#  EXCEPTION_ACCESS_VIOLATION (0xc0000005) at pc=0x00007ffd711fbb29, pid=5888, tid=11816
#
# JRE version: OpenJDK Runtime Environment (21.0.9) (build 21.0.9+-14787801-b1163.94)
# Java VM: OpenJDK 64-Bit Server VM (21.0.9+-14787801-b1163.94, mixed mode, tiered, compressed oops, compressed class ptrs, g1 gc, windows-amd64)
# Problematic frame:
# V  [jvm.dll+0x35bb29]
#
# No core dump will be written. Minidumps are not enabled by default on client versions of Windows
#
# If you would like to submit a bug report, please visit:
#   https://youtrack.jetbrains.com/issues/JBR
#

---------------  S U M M A R Y ------------

Command Line: --add-opens=java.base/java.lang=ALL-UNNAMED --add-opens=java.base/java.lang.invoke=ALL-UNNAMED --add-opens=java.base/java.util=ALL-UNNAMED --add-opens=java.prefs/java.util.prefs=ALL-UNNAMED --add-exports=jdk.compiler/com.sun.tools.javac.api=ALL-UNNAMED --add-exports=jdk.compiler/com.sun.tools.javac.util=ALL-UNNAMED --add-opens=java.base/java.util=ALL-UNNAMED --add-opens=java.prefs/java.util.prefs=ALL-UNNAMED --add-opens=java.base/java.nio.charset=ALL-UNNAMED --add-opens=java.base/java.net=ALL-UNNAMED --add-opens=java.base/java.util.concurrent=ALL-UNNAMED --add-opens=java.base/java.util.concurrent.atomic=ALL-UNNAMED --add-opens=java.xml/javax.xml.namespace=ALL-UNNAMED --add-opens=java.base/java.time=ALL-UNNAMED -Xmx2048m -Dfile.encoding=UTF-8 -Duser.country=IN -Duser.language=en -Duser.variant -javaagent:C:\Users\PC\.gradle\wrapper\dists\gradle-9.3.1-bin\23ovyewtku6u96viwx3xl3oks\gradle-9.3.1\lib\agents\gradle-instrumentation-agent-9.3.1.jar org.gradle.launcher.daemon.bootstrap.GradleDaemon 9.3.1

Host: Intel(R) Core(TM) i5-6400 CPU @ 2.70GHz, 4 cores, 7G,  Windows 10 , 64 bit Build 19041 (10.0.19041.5915)
Time: Thu Mar 26 15:37:51 2026 India Standard Time elapsed time: 1423.537037 seconds (0d 0h 23m 43s)

---------------  T H R E A D  ---------------

Current thread (0x000002211c672c20):  WorkerThread "GC Thread#1"    [id=11816, stack(0x0000006064000000,0x0000006064100000) (1024K)]

Stack: [0x0000006064000000,0x0000006064100000],  sp=0x00000060640fe210,  free space=1016k
Native frames: (J=compiled Java code, j=interpreted, Vv=VM code, C=native code)
V  [jvm.dll+0x35bb29]
V  [jvm.dll+0x35820e]
V  [jvm.dll+0x369248]
V  [jvm.dll+0x6c1983]
V  [jvm.dll+0x6c25d0]
V  [jvm.dll+0x31565b]
V  [jvm.dll+0x3f3465]
V  [jvm.dll+0x80f456]
V  [jvm.dll+0x8193af]
V  [jvm.dll+0x3699ca]
V  [jvm.dll+0x369864]
V  [jvm.dll+0x371354]
V  [jvm.dll+0x3714cb]
V  [jvm.dll+0x894ae4]
V  [jvm.dll+0x80f118]
V  [jvm.dll+0x6d54ed]
C  [ucrtbase.dll+0x21bb2]
C  [KERNEL32.DLL+0x17374]
C  [ntdll.dll+0x4cc91]

JavaThread 0x00000221341ba560 (nid = 2224) was being processed
Java frames: (J=compiled Java code, j=interpreted, Vv=VM code)
J 3542  jdk.internal.misc.Unsafe.park(ZJ)V java.base@21.0.9 (0 bytes) @ 0x000002210bfad4eb [0x000002210bfad4a0+0x000000000000004b]
J 13433 c1 java.util.concurrent.locks.AbstractQueuedSynchronizer$ConditionNode.block()Z java.base@21.0.9 (15 bytes) @ 0x0000022104dd9904 [0x0000022104dd9500+0x0000000000000404]
J 13431 c1 java.util.concurrent.ForkJoinPool.managedBlock(Ljava/util/concurrent/ForkJoinPool$ManagedBlocker;)V java.base@21.0.9 (36 bytes) @ 0x0000022104a8160c [0x0000022104a81240+0x00000000000003cc]
J 13477 c1 java.util.concurrent.locks.AbstractQueuedSynchronizer$ConditionObject.await()V java.base@21.0.9 (180 bytes) @ 0x00000221044f2d14 [0x00000221044f2220+0x0000000000000af4]
J 35510 c1 java.util.concurrent.LinkedBlockingQueue.take()Ljava/lang/Object; java.base@21.0.9 (91 bytes) @ 0x0000022106eef97c [0x0000022106eef4e0+0x000000000000049c]
J 33974 c1 java.util.concurrent.ThreadPoolExecutor.getTask()Ljava/lang/Runnable; java.base@21.0.9 (177 bytes) @ 0x000002210493a664 [0x0000022104939e40+0x0000000000000824]
J 40235 c1 java.util.concurrent.ThreadPoolExecutor.runWorker(Ljava/util/concurrent/ThreadPoolExecutor$Worker;)V java.base@21.0.9 (187 bytes) @ 0x00000221058d791c [0x00000221058d76c0+0x000000000000025c]
J 25617 c1 java.util.concurrent.ThreadPoolExecutor$Worker.run()V java.base@21.0.9 (9 bytes) @ 0x0000022104e18c4c [0x0000022104e18bc0+0x000000000000008c]
J 25456 c1 java.lang.Thread.run()V java.base@21.0.9 (23 bytes) @ 0x00000221049460dc [0x0000022104945ee0+0x00000000000001fc]
v  ~StubRoutines::call_stub 0x000002210b9e100d

siginfo: EXCEPTION_ACCESS_VIOLATION (0xc0000005), reading address 0x0000000000200000


Registers:
RAX=0x0000000000000000, RBX=0x0000022129e57800, RCX=0x0000000000000014, RDX=0x0000000000000000
RSP=0x00000060640fe210, RBP=0x000000000000447c, RSI=0x000002217fbca6e0, RDI=0x000000009212f2d0
R8 =0x000000009212f6e8, R9 =0x00007ffd70ea0000, R10=0x0000000000200000, R11=0x0000000000000001
R12=0x000002211d2c9fb0, R13=0x00000060640fe4f0, R14=0x0000000000000040, R15=0x0000000000000000
RIP=0x00007ffd711fbb29, EFLAGS=0x0000000000010246

XMM[0]=0x000000202001ca03 0x0000000000000001
XMM[1]=0x0000000000000000 0x00000000981809e8
XMM[2]=0x537265646c6f486c 0x65646f4d656c6461
XMM[3]=0x6f6f742f656c6461 0x72672f6a696c6c65
XMM[4]=0x472f6e6f69746341 0x6c65646f6d2f6c70
XMM[5]=0x0000000000000000 0x0000000000000000
XMM[6]=0x0000000000000000 0x0000000000000000
XMM[7]=0x0000000000000000 0x0000000000000000
XMM[8]=0x0000000000000000 0x0000000000000000
XMM[9]=0x0000000000000000 0x0000000000000000
XMM[10]=0x0000000000000000 0x0000000000000000
XMM[11]=0x0000000000000000 0x0000000000000000
XMM[12]=0x0000000000000000 0x0000000000000000
XMM[13]=0x0000000000000000 0x0000000000000000
XMM[14]=0x0000000000000000 0x0000000000000000
XMM[15]=0x0000000000000000 0x0000000000000000
  MXCSR=0x00001fa0


Register to memory mapping:

RAX=0x0 is null
RBX=0x0000022129e57800 points into unknown readable memory: 0x00007ffd718189c0 | c0 89 81 71 fd 7f 00 00
RCX=0x0000000000000014 is an unknown value
RDX=0x0 is null
RSP=0x00000060640fe210 points into unknown readable memory: 0x0000022129e50000 | 00 00 e5 29 21 02 00 00
RBP=0x000000000000447c is an unknown value
RSI=0x000002217fbca6e0 points into unknown readable memory: 0x0000000000000000 | 00 00 00 00 00 00 00 00
RDI=
[error occurred during error reporting (printing register info), id 0xc0000005, EXCEPTION_ACCESS_VIOLATION (0xc0000005) at pc=0x00007ffd70fdb466]
R8 =0x000000009212f6e8 is an oop: java.lang.Long 
{0x000000009212f6e8} - klass: 'java/lang/Long'
 - ---- fields (total size 3 words):
 - private final 'value' 'J' @16  3338375330224871406 (0x2e544aace4fb17ee)
R9 =0x00007ffd70ea0000 jvm.dll
R10=0x0000000000200000 is an unknown value
R11=0x0000000000000001 is an unknown value
R12=0x000002211d2c9fb0 points into unknown readable memory: 0x0000000300000003 | 03 00 00 00 03 00 00 00
R13=0x00000060640fe4f0 points into unknown readable memory: 0x00000060654fef30 | 30 ef 4f 65 60 00 00 00
R14=0x0000000000000040 is an unknown value
R15=0x0 is null

Top of Stack: (sp=0x00000060640fe210)
0x00000060640fe210:   0000022129e50000 0000000000000001
0x00000060640fe220:   0000022100000000 0000000000000001
0x00000060640fe230:   00000060640fe380 0000000000000003
0x00000060640fe240:   00000000976890d0 00000060654fefd0
0x00000060640fe250:   00000060640fe320 00007ffd711f820e
0x00000060640fe260:   000002211c121350 0000022129e57800
0x00000060640fe270:   0000000000000003 00000060640fe4f0
0x00000060640fe280:   000000035070b88d 00000382cfa68b47
0x00000060640fe290:   00000060654fefd0 00000060640fe320
0x00000060640fe2a0:   0000022128d0c638 00007ffd71209248
0x00000060640fe2b0:   0000022128d00000 00000060640f0001
0x00000060640fe2c0:   0000006000000000 00000051bc943c01
0x00000060640fe2d0:   00000000000009c0 00007ffd71561983
0x00000060640fe2e0:   0000000000000002 0000000000000000
0x00000060640fe2f0:   00000000000009b8 000074728512a355
0x00000060640fe300:   000002211d2c9fbc 0000006000000004
0x00000060640fe310:   0000000200000003 0000ffff09c06101
0x00000060640fe320:   000002211c7ef8f0 0000022128d0c638
0x00000060640fe330:   00000000000003d8 000002211c1961f8
0x00000060640fe340:   0000022128d0c638 00007ffd715625d0
0x00000060640fe350:   00000060640fe528 0000022128d0c6e0
0x00000060640fe360:   00000060640fe528 00000060640fe4f0
0x00000060640fe370:   00007ffd718687e0 0000022128d0c638
0x00000060640fe380:   0000022128d0c638 00000060640fe3c8
0x00000060640fe390:   00007ffd718687f0 0000022128d0c6e0
0x00000060640fe3a0:   0000000000000000 00007ffd711b565b
0x00000060640fe3b0:   00000060640fe528 00007ffd71295436
0x00000060640fe3c0:   00000060640fe528 00007ffd718687d0
0x00000060640fe3d0:   0000000000000000 0000000000000000
0x00000060640fe3e0:   00000221341ba560 00007ffd715fbe31
0x00000060640fe3f0:   00000060640fe528 00007ffd71047be8
0x00000060640fe400:   00000060640fe4b0 0000000000000000 

Instructions: (pc=0x00007ffd711fbb29)
0x00007ffd711fba29:   fd ff ff 48 8d 57 fe 48 8b cb e8 a8 f3 ff ff e9
0x00007ffd711fba39:   d3 fd ff ff 0f 1f 00 48 8b 73 10 8b ae 80 00 00
0x00007ffd711fba49:   00 8b cd 8b 86 00 01 00 00 2b c8 81 e1 ff ff 01
0x00007ffd711fba59:   00 41 3b ce 0f 86 4b 02 00 00 ff cd 81 e5 ff ff
0x00007ffd711fba69:   01 00 89 ae 80 00 00 00 e8 0a ad 36 00 90 8b d5
0x00007ffd711fba79:   48 8b 86 80 01 00 00 8b cd 48 8b 3c e8 8b 86 00
0x00007ffd711fba89:   01 00 00 2b c8 81 e1 ff ff 01 00 81 f9 ff ff 01
0x00007ffd711fba99:   00 41 0f 44 cf 85 c9 75 3d 90 89 6c 24 50 48 8b
0x00007ffd711fbaa9:   86 00 01 00 00 48 8b c8 48 c1 e9 20 ff c1 89 4c
0x00007ffd711fbab9:   24 54 3b e8 0f 85 d9 01 00 00 48 c1 e1 20 48 0b
0x00007ffd711fbac9:   ca f0 48 0f b1 8e 00 01 00 00 0f 85 c3 01 00 00
0x00007ffd711fbad9:   8b 86 00 01 00 00 40 f6 c7 01 0f 84 a7 00 00 00
0x00007ffd711fbae9:   8b 0d 99 04 7e 00 48 ff cf 48 8b 43 08 44 8b 17
0x00007ffd711fbaf9:   49 d3 e2 8b 88 b0 05 00 00 48 8b 80 a0 05 00 00
0x00007ffd711fbb09:   4c 03 15 70 04 7e 00 49 8b d2 48 d3 ea 0f b7 14
0x00007ffd711fbb19:   50 0f b7 c2 66 c1 e8 08 84 c0 0f 88 17 ff ff ff
0x00007ffd711fbb29:   4d 8b 02 41 0f b6 c0 24 03 3c 03 75 06 49 83 e0
0x00007ffd711fbb39:   fc eb 11 4d 8b c8 48 8b cb 4d 8b c2 e8 46 ed ff
0x00007ffd711fbb49:   ff 4c 8b c0 8b 0d 35 04 7e 00 49 8b d0 48 2b 15
0x00007ffd711fbb59:   23 04 7e 00 48 d3 ea 89 17 49 8b d0 8b 0d 15 48
0x00007ffd711fbb69:   84 00 48 33 d7 48 d3 ea 48 85 d2 0f 84 c6 fe ff
0x00007ffd711fbb79:   ff 48 8b 43 08 8b 88 b0 05 00 00 4c 8b 88 a0 05
0x00007ffd711fbb89:   00 00 e9 87 00 00 00 40 f6 c7 03 0f 85 f1 00 00
0x00007ffd711fbb99:   00 48 8b 43 08 4c 8b 17 49 8b d2 8b 88 b0 05 00
0x00007ffd711fbba9:   00 48 8b 80 a0 05 00 00 48 d3 ea 0f b7 14 50 0f
0x00007ffd711fbbb9:   b7 c2 66 c1 e8 08 84 c0 0f 88 79 fe ff ff 4d 8b
0x00007ffd711fbbc9:   02 41 0f b6 c0 24 03 3c 03 75 06 49 83 e0 fc eb
0x00007ffd711fbbd9:   11 4d 8b c8 48 8b cb 4d 8b c2 e8 a8 ec ff ff 4c
0x00007ffd711fbbe9:   8b c0 49 8b d0 4c 89 07 8b 0d 89 47 84 00 48 33
0x00007ffd711fbbf9:   d7 48 d3 ea 48 85 d2 0f 84 3a fe ff ff 48 8b 53
0x00007ffd711fbc09:   08 8b 8a b0 05 00 00 4c 8b 8a a0 05 00 00 48 8b
0x00007ffd711fbc19:   c7 48 d3 e8 41 0f b7 14 41 66 c1 ea 08 80 fa fe 


Stack slot to memory mapping:

stack at sp + 0 slots: 0x0000022129e50000 points into unknown readable memory: 0x000000008768ae00 | 00 ae 68 87 00 00 00 00
stack at sp + 1 slots: 0x0000000000000001 is an unknown value
stack at sp + 2 slots: 0x0000022100000000 points into unknown readable memory: 0x0000000000001400 | 00 14 00 00 00 00 00 00
stack at sp + 3 slots: 0x0000000000000001 is an unknown value
stack at sp + 4 slots: 0x00000060640fe380 points into unknown readable memory: 0x0000022128d0c638 | 38 c6 d0 28 21 02 00 00
stack at sp + 5 slots: 0x0000000000000003 is an unknown value
stack at sp + 6 slots: 0x00000000976890d0 is an oop: java.util.concurrent.ThreadPoolExecutor$Worker 
{0x00000000976890d0} - klass: 'java/util/concurrent/ThreadPoolExecutor$Worker'
 - ---- fields (total size 6 words):
 - private transient 'exclusiveOwnerThread' 'Ljava/lang/Thread;' @12  null (0x00000000)
 - private volatile 'state' 'I' @16  0 (0x00000000)
 - private volatile transient 'head' 'Ljava/util/concurrent/locks/AbstractQueuedSynchronizer$Node;' @20  null (0x00000000)
 - private volatile transient 'tail' 'Ljava/util/concurrent/locks/AbstractQueuedSynchronizer$Node;' @24  null (0x00000000)
 - final 'thread' 'Ljava/lang/Thread;' @28  a 'java/lang/Thread'{0x0000000097689100} (0x97689100)
 - volatile 'completedTasks' 'J' @32  1 (0x0000000000000001)
 - 'firstTask' 'Ljava/lang/Runnable;' @40  null (0x00000000)
 - final synthetic 'this$0' 'Ljava/util/concurrent/ThreadPoolExecutor;' @44  a 'java/util/concurrent/ThreadPoolExecutor'{0x000000009980fd70} (0x9980fd70)
stack at sp + 7 slots: 0x00000060654fefd0 is pointing into the stack for thread: 0x00000221341ba560


---------------  P R O C E S S  ---------------

Threads class SMR info:
_java_thread_list=0x000002212a00e240, length=55, elements={
0x000002217ed93050, 0x000002211c07d3b0, 0x000002211c083e30, 0x000002211c084890,
0x000002211c099da0, 0x000002211c09a410, 0x000002211c09ae70, 0x000002211c09b8d0,
0x000002211c09d670, 0x000002211c0a0120, 0x000002211c3b1530, 0x000002211d8e86c0,
0x000002211ec67ec0, 0x000002211ed1c560, 0x000002211f98f320, 0x000002211f989dd0,
0x000002211f98d250, 0x000002211f988a20, 0x000002211f988390, 0x000002211f98df70,
0x000002211f9890b0, 0x000002211d6d3510, 0x000002211d6d3ba0, 0x000002211da7e010,
0x0000022121dd2a70, 0x000002211e399a80, 0x000002211e39bb50, 0x000002211e39c1e0,
0x000002211e39cf00, 0x000002212b0e9a70, 0x000002211c4706e0, 0x00000221341b8b20,
0x000002211c476950, 0x000002211c4727b0, 0x000002212bb31960, 0x000002212bb34de0,
0x000002212bb32d10, 0x000002212bb35470, 0x000002212b0e65f0, 0x000002212bb340c0,
0x000002212bb2eb70, 0x000002212bb305b0, 0x00000221341ba560, 0x00000221341b63c0,
0x000002212b0e8030, 0x000002212b0e7310, 0x000002212b0e86c0, 0x000002212b0e8d50,
0x000002212b0e6c80, 0x000002212bb2f200, 0x000002212bb33a30, 0x000002212bb2e4e0,
0x000002212b0e93e0, 0x0000022129396d90, 0x0000022129396700
}

Java Threads: ( => current thread )
  0x000002217ed93050 JavaThread "main"                              [_thread_blocked, id=3632, stack(0x0000006062d00000,0x0000006062e00000) (1024K)]
  0x000002211c07d3b0 JavaThread "Common-Cleaner"             daemon [_thread_blocked, id=12096, stack(0x0000006063500000,0x0000006063600000) (1024K)]
  0x000002211c083e30 JavaThread "Reference Handler"          daemon [_thread_blocked, id=7580, stack(0x0000006063600000,0x0000006063700000) (1024K)]
  0x000002211c084890 JavaThread "Finalizer"                  daemon [_thread_blocked, id=5164, stack(0x0000006063700000,0x0000006063800000) (1024K)]
  0x000002211c099da0 JavaThread "Signal Dispatcher"          daemon [_thread_blocked, id=10096, stack(0x0000006063800000,0x0000006063900000) (1024K)]
  0x000002211c09a410 JavaThread "Attach Listener"            daemon [_thread_blocked, id=10428, stack(0x0000006063900000,0x0000006063a00000) (1024K)]
  0x000002211c09ae70 JavaThread "Service Thread"             daemon [_thread_blocked, id=7464, stack(0x0000006063a00000,0x0000006063b00000) (1024K)]
  0x000002211c09b8d0 JavaThread "Monitor Deflation Thread"   daemon [_thread_blocked, id=7372, stack(0x0000006063b00000,0x0000006063c00000) (1024K)]
  0x000002211c09d670 JavaThread "C2 CompilerThread0"         daemon [_thread_blocked, id=12416, stack(0x0000006063c00000,0x0000006063d00000) (1024K)]
  0x000002211c0a0120 JavaThread "C1 CompilerThread0"         daemon [_thread_blocked, id=10800, stack(0x0000006063d00000,0x0000006063e00000) (1024K)]
  0x000002211c3b1530 JavaThread "Notification Thread"        daemon [_thread_blocked, id=10372, stack(0x0000006063e00000,0x0000006063f00000) (1024K)]
  0x000002211d8e86c0 JavaThread "Daemon health stats"               [_thread_blocked, id=6048, stack(0x0000006064300000,0x0000006064400000) (1024K)]
  0x000002211ec67ec0 JavaThread "Incoming local TCP Connector on port 50241"        [_thread_in_native, id=3436, stack(0x0000006064400000,0x0000006064500000) (1024K)]
  0x000002211ed1c560 JavaThread "Daemon periodic checks"            [_thread_blocked, id=13268, stack(0x0000006064500000,0x0000006064600000) (1024K)]
  0x000002211f98f320 JavaThread "Cache worker for journal cache (C:\Users\PC\.gradle\caches\journal-1)"        [_thread_blocked, id=10204, stack(0x0000006064d00000,0x0000006064e00000) (1024K)]
  0x000002211f989dd0 JavaThread "File lock request listener"        [_thread_in_native, id=9296, stack(0x0000006064e00000,0x0000006064f00000) (1024K)]
  0x000002211f98d250 JavaThread "Cache worker for file hash cache (C:\Users\PC\.gradle\caches\9.3.1\fileHashes)"        [_thread_blocked, id=7496, stack(0x0000006064f00000,0x0000006065000000) (1024K)]
  0x000002211f988a20 JavaThread "File watcher server"        daemon [_thread_in_native, id=7624, stack(0x0000006065200000,0x0000006065300000) (1024K)]
  0x000002211f988390 JavaThread "File watcher consumer"      daemon [_thread_blocked, id=8636, stack(0x0000006065300000,0x0000006065400000) (1024K)]
  0x000002211f98df70 JavaThread "Cache worker for file content cache (C:\Users\PC\.gradle\caches\9.3.1\fileContent)"        [_thread_blocked, id=4908, stack(0x0000006065500000,0x0000006065600000) (1024K)]
  0x000002211f9890b0 JavaThread "jar transforms"                    [_thread_blocked, id=5872, stack(0x0000006065800000,0x0000006065900000) (1024K)]
  0x000002211d6d3510 JavaThread "jar transforms Thread 2"           [_thread_blocked, id=10432, stack(0x0000006065900000,0x0000006065a00000) (1024K)]
  0x000002211d6d3ba0 JavaThread "jar transforms Thread 3"           [_thread_blocked, id=10420, stack(0x0000006065a00000,0x0000006065b00000) (1024K)]
  0x000002211da7e010 JavaThread "jar transforms Thread 4"           [_thread_blocked, id=1296, stack(0x0000006066100000,0x0000006066200000) (1024K)]
  0x0000022121dd2a70 JavaThread "Memory manager"                    [_thread_blocked, id=1448, stack(0x0000006067200000,0x0000006067300000) (1024K)]
  0x000002211e399a80 JavaThread "RMI Scheduler(0)"           daemon [_thread_blocked, id=4092, stack(0x0000006069000000,0x0000006069100000) (1024K)]
  0x000002211e39bb50 JavaThread "RMI GC Daemon"              daemon [_thread_blocked, id=6916, stack(0x0000006069200000,0x0000006069300000) (1024K)]
  0x000002211e39c1e0 JavaThread "RMI TCP Accept-0"           daemon [_thread_in_native, id=5536, stack(0x0000006069300000,0x0000006069400000) (1024K)]
  0x000002211e39cf00 JavaThread "RMI Reaper"                        [_thread_blocked, id=7040, stack(0x0000006069400000,0x0000006069500000) (1024K)]
  0x000002212b0e9a70 JavaThread "RMI TCP Connection(idle)"   daemon [_thread_blocked, id=1944, stack(0x0000006062a00000,0x0000006062b00000) (1024K)]
  0x000002211c4706e0 JavaThread "Daemon Thread 7"                   [_thread_blocked, id=5564, stack(0x0000006062b00000,0x0000006062c00000) (1024K)]
  0x00000221341b8b20 JavaThread "Handler for socket connection from /127.0.0.1:50241 to /127.0.0.1:50833"        [_thread_in_native, id=6816, stack(0x0000006062c00000,0x0000006062d00000) (1024K)]
  0x000002211c476950 JavaThread "Cancel handler"                    [_thread_blocked, id=5344, stack(0x0000006063f00000,0x0000006064000000) (1024K)]
  0x000002211c4727b0 JavaThread "Daemon worker Thread 7"            [_thread_blocked, id=12424, stack(0x0000006064600000,0x0000006064700000) (1024K)]
  0x000002212bb31960 JavaThread "Asynchronous log dispatcher for DefaultDaemonConnection: socket connection from /127.0.0.1:50241 to /127.0.0.1:50833"        [_thread_blocked, id=5668, stack(0x0000006064700000,0x0000006064800000) (1024K)]
  0x000002212bb34de0 JavaThread "Stdin handler"                     [_thread_blocked, id=13300, stack(0x0000006064800000,0x0000006064900000) (1024K)]
  0x000002212bb32d10 JavaThread "Daemon client event forwarder"        [_thread_blocked, id=12852, stack(0x0000006064900000,0x0000006064a00000) (1024K)]
  0x000002212bb35470 JavaThread "Cache worker for file hash cache (C:\Users\PC\AndroidStudioProjects\MyGIDC2\.gradle\9.3.1\fileHashes)"        [_thread_blocked, id=2360, stack(0x0000006064a00000,0x0000006064b00000) (1024K)]
  0x000002212b0e65f0 JavaThread "Cache worker for Build Output Cleanup Cache (C:\Users\PC\AndroidStudioProjects\MyGIDC2\.gradle\buildOutputCleanup)"        [_thread_blocked, id=9644, stack(0x0000006064b00000,0x0000006064c00000) (1024K)]
  0x000002212bb340c0 JavaThread "Cache worker for checksums cache (C:\Users\PC\AndroidStudioProjects\MyGIDC2\.gradle\9.3.1\checksums)"        [_thread_blocked, id=6688, stack(0x0000006064c00000,0x0000006064d00000) (1024K)]
  0x000002212bb2eb70 JavaThread "Cache worker for cache directory md-supplier (C:\Users\PC\.gradle\caches\9.3.1\md-supplier)"        [_thread_blocked, id=7636, stack(0x0000006065000000,0x0000006065100000) (1024K)]
  0x000002212bb305b0 JavaThread "Cache worker for cache directory md-rule (C:\Users\PC\.gradle\caches\9.3.1\md-rule)"        [_thread_blocked, id=6776, stack(0x0000006065100000,0x0000006065200000) (1024K)]
  0x00000221341ba560 JavaThread "Unconstrained build operations"        [_thread_blocked, id=2224, stack(0x0000006065400000,0x0000006065500000) (1024K)]
  0x00000221341b63c0 JavaThread "Unconstrained build operations Thread 2"        [_thread_blocked, id=12408, stack(0x0000006065600000,0x0000006065700000) (1024K)]
  0x000002212b0e8030 JavaThread "Unconstrained build operations Thread 3"        [_thread_blocked, id=2484, stack(0x0000006065700000,0x0000006065800000) (1024K)]
  0x000002212b0e7310 JavaThread "Unconstrained build operations Thread 4"        [_thread_blocked, id=4304, stack(0x0000006065b00000,0x0000006065c00000) (1024K)]
  0x000002212b0e86c0 JavaThread "Unconstrained build operations Thread 5"        [_thread_blocked, id=4624, stack(0x0000006065c00000,0x0000006065d00000) (1024K)]
  0x000002212b0e8d50 JavaThread "Unconstrained build operations Thread 6"        [_thread_blocked, id=10132, stack(0x0000006065d00000,0x0000006065e00000) (1024K)]
  0x000002212b0e6c80 JavaThread "Unconstrained build operations Thread 7"        [_thread_blocked, id=11052, stack(0x0000006065e00000,0x0000006065f00000) (1024K)]
  0x000002212bb2f200 JavaThread "Unconstrained build operations Thread 8"        [_thread_blocked, id=804, stack(0x0000006066000000,0x0000006066100000) (1024K)]
  0x000002212bb33a30 JavaThread "Unconstrained build operations Thread 9"        [_thread_blocked, id=3800, stack(0x0000006066200000,0x0000006066300000) (1024K)]
  0x000002212bb2e4e0 JavaThread "Unconstrained build operations Thread 10"        [_thread_blocked, id=11252, stack(0x0000006066300000,0x0000006066400000) (1024K)]
  0x000002212b0e93e0 JavaThread "Unconstrained build operations Thread 11"        [_thread_blocked, id=9176, stack(0x0000006066400000,0x0000006066500000) (1024K)]
  0x0000022129396d90 JavaThread "Unconstrained build operations Thread 12"        [_thread_blocked, id=7472, stack(0x0000006066500000,0x0000006066600000) (1024K)]
  0x0000022129396700 JavaThread "Unconstrained build operations Thread 13"        [_thread_blocked, id=6132, stack(0x0000006066600000,0x0000006066700000) (1024K)]
Total: 55

Other Threads:
  0x000002211c031670 VMThread "VM Thread"                           [id=3720, stack(0x0000006063400000,0x0000006063500000) (1024K)]
  0x0000022117e4d3b0 WatcherThread "VM Periodic Task Thread"        [id=6368, stack(0x0000006063300000,0x0000006063400000) (1024K)]
  0x000002217fc06f00 WorkerThread "GC Thread#0"                     [id=9768, stack(0x0000006062e00000,0x0000006062f00000) (1024K)]
=>0x000002211c672c20 WorkerThread "GC Thread#1"                     [id=11816, stack(0x0000006064000000,0x0000006064100000) (1024K)]
  0x000002211c5a2ce0 WorkerThread "GC Thread#2"                     [id=6844, stack(0x0000006064100000,0x0000006064200000) (1024K)]
  0x000002211c935c20 WorkerThread "GC Thread#3"                     [id=6012, stack(0x0000006064200000,0x0000006064300000) (1024K)]
  0x000002217fc18e10 ConcurrentGCThread "G1 Main Marker"            [id=3432, stack(0x0000006062f00000,0x0000006063000000) (1024K)]
  0x000002217fc1a670 WorkerThread "G1 Conc#0"                       [id=9600, stack(0x0000006063000000,0x0000006063100000) (1024K)]
  0x0000022117d0f1c0 ConcurrentGCThread "G1 Refine#0"               [id=2244, stack(0x0000006063100000,0x0000006063200000) (1024K)]
  0x0000022117d0f9e0 ConcurrentGCThread "G1 Service"                [id=9588, stack(0x0000006063200000,0x0000006063300000) (1024K)]
Total: 10

Threads with active compile tasks:
Total: 0

VM state: at safepoint (normal execution)

VM Mutex/Monitor currently owned by a thread:  ([mutex/lock_event])
[0x00007ffd71a58690] Threads_lock - owner thread: 0x000002211c031670
[0x00007ffd71a58790] Heap_lock - owner thread: 0x000002211c4727b0

Heap address: 0x0000000080000000, size: 2048 MB, Compressed Oops mode: 32-bit

CDS archive(s) not mapped
Compressed class space mapped at: 0x0000000100000000-0x0000000140000000, reserved size: 1073741824
Narrow klass base: 0x0000000000000000, Narrow klass shift: 3, Narrow klass range: 0x140000000

GC Precious Log:
 CardTable entry size: 512
 Card Set container configuration: InlinePtr #cards 5 size 8 Array Of Cards #cards 12 size 40 Howl #buckets 4 coarsen threshold 1843 Howl Bitmap #cards 512 size 80 coarsen threshold 460 Card regions per heap region 1 cards per card region 2048
 CPUs: 4 total, 4 available
 Memory: 8072M
 Large Page Support: Disabled
 NUMA Support: Disabled
 Compressed Oops: Enabled (32-bit)
 Heap Region Size: 1M
 Heap Min Capacity: 8M
 Heap Initial Capacity: 128M
 Heap Max Capacity: 2G
 Pre-touch: Disabled
 Parallel Workers: 4
 Concurrent Workers: 1
 Concurrent Refinement Workers: 4
 Periodic GC: Disabled

Heap:
 garbage-first heap   total 571392K, used 509067K [0x0000000080000000, 0x0000000100000000)
  region size 1024K, 248 young (253952K), 19 survivors (19456K)
 Metaspace       used 317051K, committed 320576K, reserved 1376256K
  class space    used 41257K, committed 42944K, reserved 1048576K

Heap Regions: E=young(eden), S=young(survivor), O=old, HS=humongous(starts), HC=humongous(continues), CS=collection set, F=free, TAMS=top-at-mark-start, PB=parsable bottom
|   0|0x0000000080000000, 0x0000000080100000, 0x0000000080100000|100%|HS|  |TAMS 0x0000000080100000| PB 0x0000000080000000| Complete 
|   1|0x0000000080100000, 0x0000000080200000, 0x0000000080200000|100%|HC|  |TAMS 0x0000000080200000| PB 0x0000000080100000| Complete 
|   2|0x0000000080200000, 0x0000000080300000, 0x0000000080300000|100%|HC|  |TAMS 0x0000000080300000| PB 0x0000000080200000| Complete 
|   3|0x0000000080300000, 0x0000000080400000, 0x0000000080400000|100%|HC|  |TAMS 0x0000000080400000| PB 0x0000000080300000| Complete 
|   4|0x0000000080400000, 0x0000000080500000, 0x0000000080500000|100%|HS|  |TAMS 0x0000000080500000| PB 0x0000000080400000| Complete 
|   5|0x0000000080500000, 0x0000000080600000, 0x0000000080600000|100%| O|  |TAMS 0x0000000080600000| PB 0x0000000080500000| Untracked 
|   6|0x0000000080600000, 0x0000000080700000, 0x0000000080700000|100%| O|  |TAMS 0x0000000080700000| PB 0x0000000080600000| Untracked 
|   7|0x0000000080700000, 0x0000000080800000, 0x0000000080800000|100%| O|  |TAMS 0x0000000080800000| PB 0x0000000080700000| Untracked 
|   8|0x0000000080800000, 0x0000000080900000, 0x0000000080900000|100%| O|  |TAMS 0x0000000080900000| PB 0x0000000080800000| Untracked 
|   9|0x0000000080900000, 0x0000000080a00000, 0x0000000080a00000|100%| O|  |TAMS 0x0000000080a00000| PB 0x0000000080900000| Untracked 
|  10|0x0000000080a00000, 0x0000000080b00000, 0x0000000080b00000|100%| O|  |TAMS 0x0000000080b00000| PB 0x0000000080a00000| Untracked 
|  11|0x0000000080b00000, 0x0000000080c00000, 0x0000000080c00000|100%| O|  |TAMS 0x0000000080c00000| PB 0x0000000080b00000| Untracked 
|  12|0x0000000080c00000, 0x0000000080d00000, 0x0000000080d00000|100%| O|  |TAMS 0x0000000080d00000| PB 0x0000000080c00000| Untracked 
|  13|0x0000000080d00000, 0x0000000080e00000, 0x0000000080e00000|100%| O|  |TAMS 0x0000000080e00000| PB 0x0000000080d00000| Untracked 
|  14|0x0000000080e00000, 0x0000000080f00000, 0x0000000080f00000|100%| O|  |TAMS 0x0000000080f00000| PB 0x0000000080e00000| Untracked 
|  15|0x0000000080f00000, 0x0000000081000000, 0x0000000081000000|100%| O|  |TAMS 0x0000000081000000| PB 0x0000000080f00000| Untracked 
|  16|0x0000000081000000, 0x0000000081100000, 0x0000000081100000|100%| O|  |TAMS 0x0000000081100000| PB 0x0000000081000000| Untracked 
|  17|0x0000000081100000, 0x0000000081200000, 0x0000000081200000|100%| O|  |TAMS 0x0000000081200000| PB 0x0000000081100000| Untracked 
|  18|0x0000000081200000, 0x0000000081300000, 0x0000000081300000|100%| O|  |TAMS 0x0000000081300000| PB 0x0000000081200000| Untracked 
|  19|0x0000000081300000, 0x0000000081400000, 0x0000000081400000|100%| O|  |TAMS 0x0000000081400000| PB 0x0000000081300000| Untracked 
|  20|0x0000000081400000, 0x0000000081500000, 0x0000000081500000|100%| O|  |TAMS 0x0000000081500000| PB 0x0000000081400000| Untracked 
|  21|0x0000000081500000, 0x0000000081600000, 0x0000000081600000|100%| O|  |TAMS 0x0000000081600000| PB 0x0000000081500000| Untracked 
|  22|0x0000000081600000, 0x0000000081700000, 0x0000000081700000|100%| O|  |TAMS 0x0000000081700000| PB 0x0000000081600000| Untracked 
|  23|0x0000000081700000, 0x0000000081800000, 0x0000000081800000|100%| O|  |TAMS 0x0000000081800000| PB 0x0000000081700000| Untracked 
|  24|0x0000000081800000, 0x0000000081900000, 0x0000000081900000|100%| O|  |TAMS 0x0000000081900000| PB 0x0000000081800000| Untracked 
|  25|0x0000000081900000, 0x0000000081a00000, 0x0000000081a00000|100%| O|  |TAMS 0x0000000081a00000| PB 0x0000000081900000| Untracked 
|  26|0x0000000081a00000, 0x0000000081b00000, 0x0000000081b00000|100%| O|  |TAMS 0x0000000081b00000| PB 0x0000000081a00000| Untracked 
|  27|0x0000000081b00000, 0x0000000081c00000, 0x0000000081c00000|100%| O|  |TAMS 0x0000000081c00000| PB 0x0000000081b00000| Untracked 
|  28|0x0000000081c00000, 0x0000000081d00000, 0x0000000081d00000|100%|HS|  |TAMS 0x0000000081d00000| PB 0x0000000081c00000| Complete 
|  29|0x0000000081d00000, 0x0000000081e00000, 0x0000000081e00000|100%|HC|  |TAMS 0x0000000081e00000| PB 0x0000000081d00000| Complete 
|  30|0x0000000081e00000, 0x0000000081f00000, 0x0000000081f00000|100%| O|  |TAMS 0x0000000081f00000| PB 0x0000000081e00000| Untracked 
|  31|0x0000000081f00000, 0x0000000081f00000, 0x0000000082000000|  0%| F|  |TAMS 0x0000000081f00000| PB 0x0000000081f00000| Untracked 
|  32|0x0000000082000000, 0x0000000082100000, 0x0000000082100000|100%| O|  |TAMS 0x0000000082100000| PB 0x0000000082000000| Untracked 
|  33|0x0000000082100000, 0x0000000082200000, 0x0000000082200000|100%| O|  |TAMS 0x0000000082200000| PB 0x0000000082100000| Untracked 
|  34|0x0000000082200000, 0x0000000082300000, 0x0000000082300000|100%| O|  |TAMS 0x0000000082300000| PB 0x0000000082200000| Untracked 
|  35|0x0000000082300000, 0x0000000082400000, 0x0000000082400000|100%| O|  |TAMS 0x0000000082400000| PB 0x0000000082300000| Untracked 
|  36|0x0000000082400000, 0x0000000082500000, 0x0000000082500000|100%| O|  |TAMS 0x0000000082500000| PB 0x0000000082400000| Untracked 
|  37|0x0000000082500000, 0x0000000082600000, 0x0000000082600000|100%| O|  |TAMS 0x0000000082600000| PB 0x0000000082500000| Untracked 
|  38|0x0000000082600000, 0x0000000082700000, 0x0000000082700000|100%| O|  |TAMS 0x0000000082700000| PB 0x0000000082600000| Untracked 
|  39|0x0000000082700000, 0x0000000082800000, 0x0000000082800000|100%| O|  |TAMS 0x0000000082800000| PB 0x0000000082700000| Untracked 
|  40|0x0000000082800000, 0x0000000082900000, 0x0000000082900000|100%|HS|  |TAMS 0x0000000082900000| PB 0x0000000082800000| Complete 
|  41|0x0000000082900000, 0x0000000082a00000, 0x0000000082a00000|100%| O|  |TAMS 0x0000000082a00000| PB 0x0000000082900000| Untracked 
|  42|0x0000000082a00000, 0x0000000082b00000, 0x0000000082b00000|100%| O|  |TAMS 0x0000000082b00000| PB 0x0000000082a00000| Untracked 
|  43|0x0000000082b00000, 0x0000000082c00000, 0x0000000082c00000|100%| O|  |TAMS 0x0000000082c00000| PB 0x0000000082b00000| Untracked 
|  44|0x0000000082c00000, 0x0000000082d00000, 0x0000000082d00000|100%| O|  |TAMS 0x0000000082d00000| PB 0x0000000082c00000| Untracked 
|  45|0x0000000082d00000, 0x0000000082e00000, 0x0000000082e00000|100%| O|  |TAMS 0x0000000082e00000| PB 0x0000000082d00000| Untracked 
|  46|0x0000000082e00000, 0x0000000082f00000, 0x0000000082f00000|100%| O|  |TAMS 0x0000000082f00000| PB 0x0000000082e00000| Untracked 
|  47|0x0000000082f00000, 0x0000000083000000, 0x0000000083000000|100%| O|  |TAMS 0x0000000083000000| PB 0x0000000082f00000| Untracked 
|  48|0x0000000083000000, 0x0000000083100000, 0x0000000083100000|100%| O|  |TAMS 0x0000000083100000| PB 0x0000000083000000| Untracked 
|  49|0x0000000083100000, 0x0000000083200000, 0x0000000083200000|100%|HS|  |TAMS 0x0000000083200000| PB 0x0000000083100000| Complete 
|  50|0x0000000083200000, 0x0000000083300000, 0x0000000083300000|100%|HS|  |TAMS 0x0000000083300000| PB 0x0000000083200000| Complete 
|  51|0x0000000083300000, 0x0000000083400000, 0x0000000083400000|100%|HC|  |TAMS 0x0000000083400000| PB 0x0000000083300000| Complete 
|  52|0x0000000083400000, 0x0000000083500000, 0x0000000083500000|100%|HS|  |TAMS 0x0000000083500000| PB 0x0000000083400000| Complete 
|  53|0x0000000083500000, 0x0000000083600000, 0x0000000083600000|100%|HS|  |TAMS 0x0000000083600000| PB 0x0000000083500000| Complete 
|  54|0x0000000083600000, 0x0000000083700000, 0x0000000083700000|100%| O|  |TAMS 0x0000000083700000| PB 0x0000000083600000| Untracked 
|  55|0x0000000083700000, 0x0000000083800000, 0x0000000083800000|100%|HS|  |TAMS 0x0000000083800000| PB 0x0000000083700000| Complete 
|  56|0x0000000083800000, 0x0000000083900000, 0x0000000083900000|100%|HS|  |TAMS 0x0000000083900000| PB 0x0000000083800000| Complete 
|  57|0x0000000083900000, 0x0000000083a00000, 0x0000000083a00000|100%| O|  |TAMS 0x0000000083a00000| PB 0x0000000083900000| Untracked 
|  58|0x0000000083a00000, 0x0000000083b00000, 0x0000000083b00000|100%| O|  |TAMS 0x0000000083b00000| PB 0x0000000083a00000| Untracked 
|  59|0x0000000083b00000, 0x0000000083c00000, 0x0000000083c00000|100%| O|  |TAMS 0x0000000083c00000| PB 0x0000000083b00000| Untracked 
|  60|0x0000000083c00000, 0x0000000083d00000, 0x0000000083d00000|100%| O|  |TAMS 0x0000000083d00000| PB 0x0000000083c00000| Untracked 
|  61|0x0000000083d00000, 0x0000000083e00000, 0x0000000083e00000|100%| O|  |TAMS 0x0000000083e00000| PB 0x0000000083d00000| Untracked 
|  62|0x0000000083e00000, 0x0000000083f00000, 0x0000000083f00000|100%| O|  |TAMS 0x0000000083f00000| PB 0x0000000083e00000| Untracked 
|  63|0x0000000083f00000, 0x0000000084000000, 0x0000000084000000|100%|HS|  |TAMS 0x0000000084000000| PB 0x0000000083f00000| Complete 
|  64|0x0000000084000000, 0x0000000084100000, 0x0000000084100000|100%|HC|  |TAMS 0x0000000084100000| PB 0x0000000084000000| Complete 
|  65|0x0000000084100000, 0x0000000084200000, 0x0000000084200000|100%| O|  |TAMS 0x0000000084200000| PB 0x0000000084100000| Untracked 
|  66|0x0000000084200000, 0x0000000084300000, 0x0000000084300000|100%| O|  |TAMS 0x0000000084300000| PB 0x0000000084200000| Untracked 
|  67|0x0000000084300000, 0x0000000084400000, 0x0000000084400000|100%| O|  |TAMS 0x0000000084400000| PB 0x0000000084300000| Untracked 
|  68|0x0000000084400000, 0x0000000084500000, 0x0000000084500000|100%|HS|  |TAMS 0x0000000084500000| PB 0x0000000084400000| Complete 
|  69|0x0000000084500000, 0x0000000084600000, 0x0000000084600000|100%| O|  |TAMS 0x0000000084600000| PB 0x0000000084500000| Untracked 
|  70|0x0000000084600000, 0x0000000084700000, 0x0000000084700000|100%| O|  |TAMS 0x0000000084700000| PB 0x0000000084600000| Untracked 
|  71|0x0000000084700000, 0x0000000084800000, 0x0000000084800000|100%| O|  |TAMS 0x0000000084800000| PB 0x0000000084700000| Untracked 
|  72|0x0000000084800000, 0x0000000084900000, 0x0000000084900000|100%| O|  |TAMS 0x0000000084900000| PB 0x0000000084800000| Untracked 
|  73|0x0000000084900000, 0x0000000084a00000, 0x0000000084a00000|100%| O|  |TAMS 0x0000000084a00000| PB 0x0000000084900000| Untracked 
|  74|0x0000000084a00000, 0x0000000084b00000, 0x0000000084b00000|100%| O|  |TAMS 0x0000000084b00000| PB 0x0000000084a00000| Untracked 
|  75|0x0000000084b00000, 0x0000000084c00000, 0x0000000084c00000|100%| O|  |TAMS 0x0000000084c00000| PB 0x0000000084b00000| Untracked 
|  76|0x0000000084c00000, 0x0000000084d00000, 0x0000000084d00000|100%| O|  |TAMS 0x0000000084d00000| PB 0x0000000084c00000| Untracked 
|  77|0x0000000084d00000, 0x0000000084e00000, 0x0000000084e00000|100%| O|  |TAMS 0x0000000084e00000| PB 0x0000000084d00000| Untracked 
|  78|0x0000000084e00000, 0x0000000084f00000, 0x0000000084f00000|100%| O|  |TAMS 0x0000000084f00000| PB 0x0000000084e00000| Untracked 
|  79|0x0000000084f00000, 0x0000000085000000, 0x0000000085000000|100%| O|  |TAMS 0x0000000085000000| PB 0x0000000084f00000| Untracked 
|  80|0x0000000085000000, 0x0000000085100000, 0x0000000085100000|100%| O|  |TAMS 0x0000000085100000| PB 0x0000000085000000| Untracked 
|  81|0x0000000085100000, 0x0000000085200000, 0x0000000085200000|100%| O|  |TAMS 0x0000000085200000| PB 0x0000000085100000| Untracked 
|  82|0x0000000085200000, 0x0000000085300000, 0x0000000085300000|100%| O|  |TAMS 0x0000000085300000| PB 0x0000000085200000| Untracked 
|  83|0x0000000085300000, 0x0000000085400000, 0x0000000085400000|100%| O|  |TAMS 0x0000000085400000| PB 0x0000000085300000| Untracked 
|  84|0x0000000085400000, 0x0000000085500000, 0x0000000085500000|100%| O|  |TAMS 0x0000000085500000| PB 0x0000000085400000| Untracked 
|  85|0x0000000085500000, 0x0000000085600000, 0x0000000085600000|100%| O|  |TAMS 0x0000000085600000| PB 0x0000000085500000| Untracked 
|  86|0x0000000085600000, 0x0000000085700000, 0x0000000085700000|100%| O|  |TAMS 0x0000000085700000| PB 0x0000000085600000| Untracked 
|  87|0x0000000085700000, 0x0000000085800000, 0x0000000085800000|100%| O|  |TAMS 0x0000000085800000| PB 0x0000000085700000| Untracked 
|  88|0x0000000085800000, 0x0000000085900000, 0x0000000085900000|100%| O|  |TAMS 0x0000000085900000| PB 0x0000000085800000| Untracked 
|  89|0x0000000085900000, 0x0000000085a00000, 0x0000000085a00000|100%| O|  |TAMS 0x0000000085a00000| PB 0x0000000085900000| Untracked 
|  90|0x0000000085a00000, 0x0000000085b00000, 0x0000000085b00000|100%| O|  |TAMS 0x0000000085b00000| PB 0x0000000085a00000| Untracked 
|  91|0x0000000085b00000, 0x0000000085c00000, 0x0000000085c00000|100%| O|  |TAMS 0x0000000085c00000| PB 0x0000000085b00000| Untracked 
|  92|0x0000000085c00000, 0x0000000085d00000, 0x0000000085d00000|100%| O|  |TAMS 0x0000000085d00000| PB 0x0000000085c00000| Untracked 
|  93|0x0000000085d00000, 0x0000000085e00000, 0x0000000085e00000|100%| O|  |TAMS 0x0000000085e00000| PB 0x0000000085d00000| Untracked 
|  94|0x0000000085e00000, 0x0000000085f00000, 0x0000000085f00000|100%| O|  |TAMS 0x0000000085f00000| PB 0x0000000085e00000| Untracked 
|  95|0x0000000085f00000, 0x0000000086000000, 0x0000000086000000|100%| O|  |TAMS 0x0000000086000000| PB 0x0000000085f00000| Untracked 
|  96|0x0000000086000000, 0x0000000086100000, 0x0000000086100000|100%| O|  |TAMS 0x0000000086100000| PB 0x0000000086000000| Untracked 
|  97|0x0000000086100000, 0x0000000086200000, 0x0000000086200000|100%| O|  |TAMS 0x0000000086200000| PB 0x0000000086100000| Untracked 
|  98|0x0000000086200000, 0x0000000086300000, 0x0000000086300000|100%| O|  |TAMS 0x0000000086300000| PB 0x0000000086200000| Untracked 
|  99|0x0000000086300000, 0x0000000086400000, 0x0000000086400000|100%|HS|  |TAMS 0x0000000086400000| PB 0x0000000086300000| Complete 
| 100|0x0000000086400000, 0x0000000086500000, 0x0000000086500000|100%|HC|  |TAMS 0x0000000086500000| PB 0x0000000086400000| Complete 
| 101|0x0000000086500000, 0x0000000086600000, 0x0000000086600000|100%|HC|  |TAMS 0x0000000086600000| PB 0x0000000086500000| Complete 
| 102|0x0000000086600000, 0x0000000086700000, 0x0000000086700000|100%| O|  |TAMS 0x0000000086700000| PB 0x0000000086600000| Untracked 
| 103|0x0000000086700000, 0x0000000086800000, 0x0000000086800000|100%|HS|  |TAMS 0x0000000086800000| PB 0x0000000086700000| Complete 
| 104|0x0000000086800000, 0x0000000086900000, 0x0000000086900000|100%|HC|  |TAMS 0x0000000086900000| PB 0x0000000086800000| Complete 
| 105|0x0000000086900000, 0x0000000086a00000, 0x0000000086a00000|100%| O|  |TAMS 0x0000000086a00000| PB 0x0000000086900000| Untracked 
| 106|0x0000000086a00000, 0x0000000086b00000, 0x0000000086b00000|100%| O|  |TAMS 0x0000000086b00000| PB 0x0000000086a00000| Untracked 
| 107|0x0000000086b00000, 0x0000000086c00000, 0x0000000086c00000|100%|HS|  |TAMS 0x0000000086c00000| PB 0x0000000086b00000| Complete 
| 108|0x0000000086c00000, 0x0000000086d00000, 0x0000000086d00000|100%|HS|  |TAMS 0x0000000086d00000| PB 0x0000000086c00000| Complete 
| 109|0x0000000086d00000, 0x0000000086e00000, 0x0000000086e00000|100%| O|  |TAMS 0x0000000086e00000| PB 0x0000000086d00000| Untracked 
| 110|0x0000000086e00000, 0x0000000086f00000, 0x0000000086f00000|100%| O|  |TAMS 0x0000000086f00000| PB 0x0000000086e00000| Untracked 
| 111|0x0000000086f00000, 0x0000000087000000, 0x0000000087000000|100%| O|  |TAMS 0x0000000087000000| PB 0x0000000086f00000| Untracked 
| 112|0x0000000087000000, 0x0000000087100000, 0x0000000087100000|100%| O|  |TAMS 0x0000000087100000| PB 0x0000000087000000| Untracked 
| 113|0x0000000087100000, 0x0000000087200000, 0x0000000087200000|100%| O|  |TAMS 0x0000000087200000| PB 0x0000000087100000| Untracked 
| 114|0x0000000087200000, 0x0000000087300000, 0x0000000087300000|100%| O|  |TAMS 0x0000000087300000| PB 0x0000000087200000| Untracked 
| 115|0x0000000087300000, 0x0000000087400000, 0x0000000087400000|100%| O|  |TAMS 0x0000000087400000| PB 0x0000000087300000| Untracked 
| 116|0x0000000087400000, 0x0000000087500000, 0x0000000087500000|100%| O|  |TAMS 0x0000000087500000| PB 0x0000000087400000| Untracked 
| 117|0x0000000087500000, 0x0000000087600000, 0x0000000087600000|100%| O|  |TAMS 0x0000000087600000| PB 0x0000000087500000| Untracked 
| 118|0x0000000087600000, 0x0000000087700000, 0x0000000087700000|100%| O|  |TAMS 0x0000000087700000| PB 0x0000000087600000| Untracked 
| 119|0x0000000087700000, 0x0000000087800000, 0x0000000087800000|100%| O|  |TAMS 0x0000000087800000| PB 0x0000000087700000| Untracked 
| 120|0x0000000087800000, 0x0000000087900000, 0x0000000087900000|100%| O|  |TAMS 0x0000000087900000| PB 0x0000000087800000| Untracked 
| 121|0x0000000087900000, 0x0000000087a00000, 0x0000000087a00000|100%| O|  |TAMS 0x0000000087a00000| PB 0x0000000087900000| Untracked 
| 122|0x0000000087a00000, 0x0000000087b00000, 0x0000000087b00000|100%| O|  |TAMS 0x0000000087b00000| PB 0x0000000087a00000| Untracked 
| 123|0x0000000087b00000, 0x0000000087c00000, 0x0000000087c00000|100%|HS|  |TAMS 0x0000000087c00000| PB 0x0000000087b00000| Complete 
| 124|0x0000000087c00000, 0x0000000087d00000, 0x0000000087d00000|100%|HC|  |TAMS 0x0000000087d00000| PB 0x0000000087c00000| Complete 
| 125|0x0000000087d00000, 0x0000000087e00000, 0x0000000087e00000|100%|HS|  |TAMS 0x0000000087e00000| PB 0x0000000087d00000| Complete 
| 126|0x0000000087e00000, 0x0000000087f00000, 0x0000000087f00000|100%|HC|  |TAMS 0x0000000087f00000| PB 0x0000000087e00000| Complete 
| 127|0x0000000087f00000, 0x0000000088000000, 0x0000000088000000|100%| O|  |TAMS 0x0000000088000000| PB 0x0000000087f00000| Untracked 
| 128|0x0000000088000000, 0x0000000088100000, 0x0000000088100000|100%| O|  |TAMS 0x0000000088100000| PB 0x0000000088000000| Untracked 
| 129|0x0000000088100000, 0x0000000088200000, 0x0000000088200000|100%| O|  |TAMS 0x0000000088200000| PB 0x0000000088100000| Untracked 
| 130|0x0000000088200000, 0x0000000088300000, 0x0000000088300000|100%| O|  |TAMS 0x0000000088300000| PB 0x0000000088200000| Untracked 
| 131|0x0000000088300000, 0x0000000088300000, 0x0000000088400000|  0%| F|  |TAMS 0x0000000088300000| PB 0x0000000088300000| Untracked 
| 132|0x0000000088400000, 0x0000000088400000, 0x0000000088500000|  0%| F|  |TAMS 0x0000000088400000| PB 0x0000000088400000| Untracked 
| 133|0x0000000088500000, 0x0000000088600000, 0x0000000088600000|100%| O|  |TAMS 0x0000000088600000| PB 0x0000000088500000| Untracked 
| 134|0x0000000088600000, 0x0000000088700000, 0x0000000088700000|100%| O|  |TAMS 0x0000000088700000| PB 0x0000000088600000| Untracked 
| 135|0x0000000088700000, 0x0000000088800000, 0x0000000088800000|100%| O|  |TAMS 0x0000000088800000| PB 0x0000000088700000| Untracked 
| 136|0x0000000088800000, 0x0000000088900000, 0x0000000088900000|100%| O|  |TAMS 0x0000000088900000| PB 0x0000000088800000| Untracked 
| 137|0x0000000088900000, 0x0000000088a00000, 0x0000000088a00000|100%| O|  |TAMS 0x0000000088a00000| PB 0x0000000088900000| Untracked 
| 138|0x0000000088a00000, 0x0000000088b00000, 0x0000000088b00000|100%| O|  |TAMS 0x0000000088b00000| PB 0x0000000088a00000| Untracked 
| 139|0x0000000088b00000, 0x0000000088c00000, 0x0000000088c00000|100%|HS|  |TAMS 0x0000000088c00000| PB 0x0000000088b00000| Complete 
| 140|0x0000000088c00000, 0x0000000088d00000, 0x0000000088d00000|100%|HC|  |TAMS 0x0000000088d00000| PB 0x0000000088c00000| Complete 
| 141|0x0000000088d00000, 0x0000000088e00000, 0x0000000088e00000|100%|HC|  |TAMS 0x0000000088e00000| PB 0x0000000088d00000| Complete 
| 142|0x0000000088e00000, 0x0000000088f00000, 0x0000000088f00000|100%|HC|  |TAMS 0x0000000088f00000| PB 0x0000000088e00000| Complete 
| 143|0x0000000088f00000, 0x0000000089000000, 0x0000000089000000|100%|HC|  |TAMS 0x0000000089000000| PB 0x0000000088f00000| Complete 
| 144|0x0000000089000000, 0x0000000089100000, 0x0000000089100000|100%|HC|  |TAMS 0x0000000089100000| PB 0x0000000089000000| Complete 
| 145|0x0000000089100000, 0x0000000089200000, 0x0000000089200000|100%| O|  |TAMS 0x0000000089200000| PB 0x0000000089100000| Untracked 
| 146|0x0000000089200000, 0x0000000089200000, 0x0000000089300000|  0%| F|  |TAMS 0x0000000089200000| PB 0x0000000089200000| Untracked 
| 147|0x0000000089300000, 0x0000000089300000, 0x0000000089400000|  0%| F|  |TAMS 0x0000000089300000| PB 0x0000000089300000| Untracked 
| 148|0x0000000089400000, 0x0000000089500000, 0x0000000089500000|100%| O|  |TAMS 0x0000000089500000| PB 0x0000000089400000| Untracked 
| 149|0x0000000089500000, 0x0000000089600000, 0x0000000089600000|100%| O|  |TAMS 0x0000000089600000| PB 0x0000000089500000| Untracked 
| 150|0x0000000089600000, 0x0000000089700000, 0x0000000089700000|100%| O|  |TAMS 0x0000000089700000| PB 0x0000000089600000| Untracked 
| 151|0x0000000089700000, 0x0000000089800000, 0x0000000089800000|100%| O|  |TAMS 0x0000000089800000| PB 0x0000000089700000| Untracked 
| 152|0x0000000089800000, 0x0000000089900000, 0x0000000089900000|100%| O|  |TAMS 0x0000000089900000| PB 0x0000000089800000| Untracked 
| 153|0x0000000089900000, 0x0000000089a00000, 0x0000000089a00000|100%| O|  |TAMS 0x0000000089a00000| PB 0x0000000089900000| Untracked 
| 154|0x0000000089a00000, 0x0000000089b00000, 0x0000000089b00000|100%| O|  |TAMS 0x0000000089b00000| PB 0x0000000089a00000| Untracked 
| 155|0x0000000089b00000, 0x0000000089c00000, 0x0000000089c00000|100%|HS|  |TAMS 0x0000000089c00000| PB 0x0000000089b00000| Complete 
| 156|0x0000000089c00000, 0x0000000089d00000, 0x0000000089d00000|100%|HC|  |TAMS 0x0000000089d00000| PB 0x0000000089c00000| Complete 
| 157|0x0000000089d00000, 0x0000000089e00000, 0x0000000089e00000|100%|HC|  |TAMS 0x0000000089e00000| PB 0x0000000089d00000| Complete 
| 158|0x0000000089e00000, 0x0000000089f00000, 0x0000000089f00000|100%|HC|  |TAMS 0x0000000089f00000| PB 0x0000000089e00000| Complete 
| 159|0x0000000089f00000, 0x000000008a000000, 0x000000008a000000|100%|HC|  |TAMS 0x000000008a000000| PB 0x0000000089f00000| Complete 
| 160|0x000000008a000000, 0x000000008a100000, 0x000000008a100000|100%|HC|  |TAMS 0x000000008a100000| PB 0x000000008a000000| Complete 
| 161|0x000000008a100000, 0x000000008a200000, 0x000000008a200000|100%| O|  |TAMS 0x000000008a200000| PB 0x000000008a100000| Untracked 
| 162|0x000000008a200000, 0x000000008a300000, 0x000000008a300000|100%| O|  |TAMS 0x000000008a300000| PB 0x000000008a200000| Untracked 
| 163|0x000000008a300000, 0x000000008a400000, 0x000000008a400000|100%| O|  |TAMS 0x000000008a400000| PB 0x000000008a300000| Untracked 
| 164|0x000000008a400000, 0x000000008a500000, 0x000000008a500000|100%| O|  |TAMS 0x000000008a500000| PB 0x000000008a400000| Untracked 
| 165|0x000000008a500000, 0x000000008a600000, 0x000000008a600000|100%| O|  |TAMS 0x000000008a600000| PB 0x000000008a500000| Untracked 
| 166|0x000000008a600000, 0x000000008a700000, 0x000000008a700000|100%| O|  |TAMS 0x000000008a700000| PB 0x000000008a600000| Untracked 
| 167|0x000000008a700000, 0x000000008a800000, 0x000000008a800000|100%| O|  |TAMS 0x000000008a800000| PB 0x000000008a700000| Untracked 
| 168|0x000000008a800000, 0x000000008a900000, 0x000000008a900000|100%| O|  |TAMS 0x000000008a900000| PB 0x000000008a800000| Untracked 
| 169|0x000000008a900000, 0x000000008aa00000, 0x000000008aa00000|100%| O|  |TAMS 0x000000008aa00000| PB 0x000000008a900000| Untracked 
| 170|0x000000008aa00000, 0x000000008ab00000, 0x000000008ab00000|100%| O|  |TAMS 0x000000008ab00000| PB 0x000000008aa00000| Untracked 
| 171|0x000000008ab00000, 0x000000008ac00000, 0x000000008ac00000|100%| O|  |TAMS 0x000000008ac00000| PB 0x000000008ab00000| Untracked 
| 172|0x000000008ac00000, 0x000000008ad00000, 0x000000008ad00000|100%| O|  |TAMS 0x000000008ad00000| PB 0x000000008ac00000| Untracked 
| 173|0x000000008ad00000, 0x000000008ae00000, 0x000000008ae00000|100%| O|  |TAMS 0x000000008ae00000| PB 0x000000008ad00000| Untracked 
| 174|0x000000008ae00000, 0x000000008af00000, 0x000000008af00000|100%| O|  |TAMS 0x000000008af00000| PB 0x000000008ae00000| Untracked 
| 175|0x000000008af00000, 0x000000008af00000, 0x000000008b000000|  0%| F|  |TAMS 0x000000008af00000| PB 0x000000008af00000| Untracked 
| 176|0x000000008b000000, 0x000000008b100000, 0x000000008b100000|100%| O|  |TAMS 0x000000008b100000| PB 0x000000008b000000| Untracked 
| 177|0x000000008b100000, 0x000000008b200000, 0x000000008b200000|100%| O|  |TAMS 0x000000008b200000| PB 0x000000008b100000| Untracked 
| 178|0x000000008b200000, 0x000000008b300000, 0x000000008b300000|100%| O|  |TAMS 0x000000008b300000| PB 0x000000008b200000| Untracked 
| 179|0x000000008b300000, 0x000000008b400000, 0x000000008b400000|100%| O|  |TAMS 0x000000008b400000| PB 0x000000008b300000| Untracked 
| 180|0x000000008b400000, 0x000000008b500000, 0x000000008b500000|100%| O|  |TAMS 0x000000008b500000| PB 0x000000008b400000| Untracked 
| 181|0x000000008b500000, 0x000000008b600000, 0x000000008b600000|100%| O|  |TAMS 0x000000008b600000| PB 0x000000008b500000| Untracked 
| 182|0x000000008b600000, 0x000000008b600000, 0x000000008b700000|  0%| F|  |TAMS 0x000000008b600000| PB 0x000000008b600000| Untracked 
| 183|0x000000008b700000, 0x000000008b800000, 0x000000008b800000|100%| O|  |TAMS 0x000000008b800000| PB 0x000000008b700000| Untracked 
| 184|0x000000008b800000, 0x000000008b900000, 0x000000008b900000|100%| O|  |TAMS 0x000000008b900000| PB 0x000000008b800000| Untracked 
| 185|0x000000008b900000, 0x000000008ba00000, 0x000000008ba00000|100%| O|  |TAMS 0x000000008ba00000| PB 0x000000008b900000| Untracked 
| 186|0x000000008ba00000, 0x000000008bb00000, 0x000000008bb00000|100%| O|  |TAMS 0x000000008bb00000| PB 0x000000008ba00000| Untracked 
| 187|0x000000008bb00000, 0x000000008bb00000, 0x000000008bc00000|  0%| F|  |TAMS 0x000000008bb00000| PB 0x000000008bb00000| Untracked 
| 188|0x000000008bc00000, 0x000000008bd00000, 0x000000008bd00000|100%| O|  |TAMS 0x000000008bd00000| PB 0x000000008bc00000| Untracked 
| 189|0x000000008bd00000, 0x000000008be00000, 0x000000008be00000|100%| O|  |TAMS 0x000000008be00000| PB 0x000000008bd00000| Untracked 
| 190|0x000000008be00000, 0x000000008bf00000, 0x000000008bf00000|100%| O|  |TAMS 0x000000008bf00000| PB 0x000000008be00000| Untracked 
| 191|0x000000008bf00000, 0x000000008c000000, 0x000000008c000000|100%| O|  |TAMS 0x000000008c000000| PB 0x000000008bf00000| Untracked 
| 192|0x000000008c000000, 0x000000008c100000, 0x000000008c100000|100%| O|  |TAMS 0x000000008c100000| PB 0x000000008c000000| Untracked 
| 193|0x000000008c100000, 0x000000008c200000, 0x000000008c200000|100%| O|  |TAMS 0x000000008c200000| PB 0x000000008c100000| Untracked 
| 194|0x000000008c200000, 0x000000008c300000, 0x000000008c300000|100%| O|  |TAMS 0x000000008c300000| PB 0x000000008c200000| Untracked 
| 195|0x000000008c300000, 0x000000008c300000, 0x000000008c400000|  0%| F|  |TAMS 0x000000008c300000| PB 0x000000008c300000| Untracked 
| 196|0x000000008c400000, 0x000000008c500000, 0x000000008c500000|100%| O|  |TAMS 0x000000008c500000| PB 0x000000008c400000| Untracked 
| 197|0x000000008c500000, 0x000000008c600000, 0x000000008c600000|100%| O|  |TAMS 0x000000008c600000| PB 0x000000008c500000| Untracked 
| 198|0x000000008c600000, 0x000000008c600000, 0x000000008c700000|  0%| F|  |TAMS 0x000000008c600000| PB 0x000000008c600000| Untracked 
| 199|0x000000008c700000, 0x000000008c800000, 0x000000008c800000|100%| O|  |TAMS 0x000000008c800000| PB 0x000000008c700000| Untracked 
| 200|0x000000008c800000, 0x000000008c900000, 0x000000008c900000|100%| O|  |TAMS 0x000000008c900000| PB 0x000000008c800000| Untracked 
| 201|0x000000008c900000, 0x000000008c900000, 0x000000008ca00000|  0%| F|  |TAMS 0x000000008c900000| PB 0x000000008c900000| Untracked 
| 202|0x000000008ca00000, 0x000000008cb00000, 0x000000008cb00000|100%| O|  |TAMS 0x000000008cb00000| PB 0x000000008ca00000| Untracked 
| 203|0x000000008cb00000, 0x000000008cc00000, 0x000000008cc00000|100%| O|  |TAMS 0x000000008cc00000| PB 0x000000008cb00000| Untracked 
| 204|0x000000008cc00000, 0x000000008cd00000, 0x000000008cd00000|100%| O|  |TAMS 0x000000008cd00000| PB 0x000000008cc00000| Untracked 
| 205|0x000000008cd00000, 0x000000008ce00000, 0x000000008ce00000|100%| O|  |TAMS 0x000000008ce00000| PB 0x000000008cd00000| Untracked 
| 206|0x000000008ce00000, 0x000000008cf00000, 0x000000008cf00000|100%| O|  |TAMS 0x000000008cf00000| PB 0x000000008ce00000| Untracked 
| 207|0x000000008cf00000, 0x000000008cf00000, 0x000000008d000000|  0%| F|  |TAMS 0x000000008cf00000| PB 0x000000008cf00000| Untracked 
| 208|0x000000008d000000, 0x000000008d100000, 0x000000008d100000|100%| O|  |TAMS 0x000000008d100000| PB 0x000000008d000000| Untracked 
| 209|0x000000008d100000, 0x000000008d100000, 0x000000008d200000|  0%| F|  |TAMS 0x000000008d100000| PB 0x000000008d100000| Untracked 
| 210|0x000000008d200000, 0x000000008d300000, 0x000000008d300000|100%| O|  |TAMS 0x000000008d300000| PB 0x000000008d200000| Untracked 
| 211|0x000000008d300000, 0x000000008d300000, 0x000000008d400000|  0%| F|  |TAMS 0x000000008d300000| PB 0x000000008d300000| Untracked 
| 212|0x000000008d400000, 0x000000008d500000, 0x000000008d500000|100%| O|  |TAMS 0x000000008d500000| PB 0x000000008d400000| Untracked 
| 213|0x000000008d500000, 0x000000008d600000, 0x000000008d600000|100%| O|  |TAMS 0x000000008d600000| PB 0x000000008d500000| Untracked 
| 214|0x000000008d600000, 0x000000008d700000, 0x000000008d700000|100%| O|  |TAMS 0x000000008d700000| PB 0x000000008d600000| Untracked 
| 215|0x000000008d700000, 0x000000008d800000, 0x000000008d800000|100%| O|  |TAMS 0x000000008d800000| PB 0x000000008d700000| Untracked 
| 216|0x000000008d800000, 0x000000008d900000, 0x000000008d900000|100%| O|  |TAMS 0x000000008d900000| PB 0x000000008d800000| Untracked 
| 217|0x000000008d900000, 0x000000008da00000, 0x000000008da00000|100%| O|  |TAMS 0x000000008da00000| PB 0x000000008d900000| Untracked 
| 218|0x000000008da00000, 0x000000008db00000, 0x000000008db00000|100%| O|  |TAMS 0x000000008db00000| PB 0x000000008da00000| Untracked 
| 219|0x000000008db00000, 0x000000008db00000, 0x000000008dc00000|  0%| F|  |TAMS 0x000000008db00000| PB 0x000000008db00000| Untracked 
| 220|0x000000008dc00000, 0x000000008dd00000, 0x000000008dd00000|100%| O|  |TAMS 0x000000008dd00000| PB 0x000000008dc00000| Untracked 
| 221|0x000000008dd00000, 0x000000008de00000, 0x000000008de00000|100%| O|  |TAMS 0x000000008de00000| PB 0x000000008dd00000| Untracked 
| 222|0x000000008de00000, 0x000000008df00000, 0x000000008df00000|100%| O|  |TAMS 0x000000008df00000| PB 0x000000008de00000| Untracked 
| 223|0x000000008df00000, 0x000000008e000000, 0x000000008e000000|100%| O|  |TAMS 0x000000008e000000| PB 0x000000008df00000| Untracked 
| 224|0x000000008e000000, 0x000000008e100000, 0x000000008e100000|100%| O|  |TAMS 0x000000008e100000| PB 0x000000008e000000| Untracked 
| 225|0x000000008e100000, 0x000000008e200000, 0x000000008e200000|100%| O|  |TAMS 0x000000008e200000| PB 0x000000008e100000| Untracked 
| 226|0x000000008e200000, 0x000000008e300000, 0x000000008e300000|100%| O|  |TAMS 0x000000008e300000| PB 0x000000008e200000| Untracked 
| 227|0x000000008e300000, 0x000000008e300000, 0x000000008e400000|  0%| F|  |TAMS 0x000000008e300000| PB 0x000000008e300000| Untracked 
| 228|0x000000008e400000, 0x000000008e500000, 0x000000008e500000|100%| O|  |TAMS 0x000000008e500000| PB 0x000000008e400000| Untracked 
| 229|0x000000008e500000, 0x000000008e600000, 0x000000008e600000|100%| O|  |TAMS 0x000000008e600000| PB 0x000000008e500000| Untracked 
| 230|0x000000008e600000, 0x000000008e700000, 0x000000008e700000|100%| O|  |TAMS 0x000000008e700000| PB 0x000000008e600000| Untracked 
| 231|0x000000008e700000, 0x000000008e800000, 0x000000008e800000|100%| O|  |TAMS 0x000000008e800000| PB 0x000000008e700000| Untracked 
| 232|0x000000008e800000, 0x000000008e800000, 0x000000008e900000|  0%| F|  |TAMS 0x000000008e800000| PB 0x000000008e800000| Untracked 
| 233|0x000000008e900000, 0x000000008e900000, 0x000000008ea00000|  0%| F|  |TAMS 0x000000008e900000| PB 0x000000008e900000| Untracked 
| 234|0x000000008ea00000, 0x000000008ea00000, 0x000000008eb00000|  0%| F|  |TAMS 0x000000008ea00000| PB 0x000000008ea00000| Untracked 
| 235|0x000000008eb00000, 0x000000008ec00000, 0x000000008ec00000|100%| O|  |TAMS 0x000000008ec00000| PB 0x000000008eb00000| Untracked 
| 236|0x000000008ec00000, 0x000000008ec00000, 0x000000008ed00000|  0%| F|  |TAMS 0x000000008ec00000| PB 0x000000008ec00000| Untracked 
| 237|0x000000008ed00000, 0x000000008ed00000, 0x000000008ee00000|  0%| F|  |TAMS 0x000000008ed00000| PB 0x000000008ed00000| Untracked 
| 238|0x000000008ee00000, 0x000000008ef00000, 0x000000008ef00000|100%| O|  |TAMS 0x000000008ef00000| PB 0x000000008ee00000| Untracked 
| 239|0x000000008ef00000, 0x000000008ef00000, 0x000000008f000000|  0%| F|  |TAMS 0x000000008ef00000| PB 0x000000008ef00000| Untracked 
| 240|0x000000008f000000, 0x000000008f000000, 0x000000008f100000|  0%| F|  |TAMS 0x000000008f000000| PB 0x000000008f000000| Untracked 
| 241|0x000000008f100000, 0x000000008f152c80, 0x000000008f200000| 32%| O|  |TAMS 0x000000008f152c80| PB 0x000000008f100000| Untracked 
| 242|0x000000008f200000, 0x000000008f200000, 0x000000008f300000|  0%| F|  |TAMS 0x000000008f200000| PB 0x000000008f200000| Untracked 
| 243|0x000000008f300000, 0x000000008f300000, 0x000000008f400000|  0%| F|  |TAMS 0x000000008f300000| PB 0x000000008f300000| Untracked 
| 244|0x000000008f400000, 0x000000008f400000, 0x000000008f500000|  0%| F|  |TAMS 0x000000008f400000| PB 0x000000008f400000| Untracked 
| 245|0x000000008f500000, 0x000000008f500000, 0x000000008f600000|  0%| F|  |TAMS 0x000000008f500000| PB 0x000000008f500000| Untracked 
| 246|0x000000008f600000, 0x000000008f600000, 0x000000008f700000|  0%| F|  |TAMS 0x000000008f600000| PB 0x000000008f600000| Untracked 
| 247|0x000000008f700000, 0x000000008f700000, 0x000000008f800000|  0%| F|  |TAMS 0x000000008f700000| PB 0x000000008f700000| Untracked 
| 248|0x000000008f800000, 0x000000008f800000, 0x000000008f900000|  0%| F|  |TAMS 0x000000008f800000| PB 0x000000008f800000| Untracked 
| 249|0x000000008f900000, 0x000000008fa00000, 0x000000008fa00000|100%| O|  |TAMS 0x000000008fa00000| PB 0x000000008f900000| Untracked 
| 250|0x000000008fa00000, 0x000000008fa00000, 0x000000008fb00000|  0%| F|  |TAMS 0x000000008fa00000| PB 0x000000008fa00000| Untracked 
| 251|0x000000008fb00000, 0x000000008fb00000, 0x000000008fc00000|  0%| F|  |TAMS 0x000000008fb00000| PB 0x000000008fb00000| Untracked 
| 252|0x000000008fc00000, 0x000000008fc00000, 0x000000008fd00000|  0%| F|  |TAMS 0x000000008fc00000| PB 0x000000008fc00000| Untracked 
| 253|0x000000008fd00000, 0x000000008fd00000, 0x000000008fe00000|  0%| F|  |TAMS 0x000000008fd00000| PB 0x000000008fd00000| Untracked 
| 254|0x000000008fe00000, 0x000000008fe00000, 0x000000008ff00000|  0%| F|  |TAMS 0x000000008fe00000| PB 0x000000008fe00000| Untracked 
| 255|0x000000008ff00000, 0x000000008ff00000, 0x0000000090000000|  0%| F|  |TAMS 0x000000008ff00000| PB 0x000000008ff00000| Untracked 
| 256|0x0000000090000000, 0x0000000090000000, 0x0000000090100000|  0%| F|  |TAMS 0x0000000090000000| PB 0x0000000090000000| Untracked 
| 257|0x0000000090100000, 0x0000000090100000, 0x0000000090200000|  0%| F|  |TAMS 0x0000000090100000| PB 0x0000000090100000| Untracked 
| 258|0x0000000090200000, 0x0000000090200000, 0x0000000090300000|  0%| F|  |TAMS 0x0000000090200000| PB 0x0000000090200000| Untracked 
| 259|0x0000000090300000, 0x0000000090300000, 0x0000000090400000|  0%| F|  |TAMS 0x0000000090300000| PB 0x0000000090300000| Untracked 
| 260|0x0000000090400000, 0x0000000090500000, 0x0000000090500000|100%| S|  |TAMS 0x0000000090400000| PB 0x0000000090400000| Complete 
| 261|0x0000000090500000, 0x0000000090600000, 0x0000000090600000|100%| S|  |TAMS 0x0000000090500000| PB 0x0000000090500000| Complete 
| 262|0x0000000090600000, 0x0000000090700000, 0x0000000090700000|100%| O|  |TAMS 0x0000000090700000| PB 0x0000000090600000| Untracked 
| 263|0x0000000090700000, 0x0000000090800000, 0x0000000090800000|100%| S|  |TAMS 0x0000000090700000| PB 0x0000000090700000| Complete 
| 264|0x0000000090800000, 0x0000000090900000, 0x0000000090900000|100%| S|  |TAMS 0x0000000090800000| PB 0x0000000090800000| Complete 
| 265|0x0000000090900000, 0x0000000090a00000, 0x0000000090a00000|100%| S|  |TAMS 0x0000000090900000| PB 0x0000000090900000| Complete 
| 266|0x0000000090a00000, 0x0000000090b00000, 0x0000000090b00000|100%| O|  |TAMS 0x0000000090b00000| PB 0x0000000090a00000| Untracked 
| 267|0x0000000090b00000, 0x0000000090c00000, 0x0000000090c00000|100%| S|  |TAMS 0x0000000090b00000| PB 0x0000000090b00000| Complete 
| 268|0x0000000090c00000, 0x0000000090d00000, 0x0000000090d00000|100%| O|  |TAMS 0x0000000090d00000| PB 0x0000000090c00000| Untracked 
| 269|0x0000000090d00000, 0x0000000090e00000, 0x0000000090e00000|100%| S|  |TAMS 0x0000000090d00000| PB 0x0000000090d00000| Complete 
| 270|0x0000000090e00000, 0x0000000090f00000, 0x0000000090f00000|100%| O|  |TAMS 0x0000000090f00000| PB 0x0000000090e00000| Untracked 
| 271|0x0000000090f00000, 0x0000000091000000, 0x0000000091000000|100%| S|  |TAMS 0x0000000090f00000| PB 0x0000000090f00000| Complete 
| 272|0x0000000091000000, 0x0000000091100000, 0x0000000091100000|100%| S|  |TAMS 0x0000000091000000| PB 0x0000000091000000| Complete 
| 273|0x0000000091100000, 0x0000000091200000, 0x0000000091200000|100%| S|  |TAMS 0x0000000091100000| PB 0x0000000091100000| Complete 
| 274|0x0000000091200000, 0x0000000091300000, 0x0000000091300000|100%| S|  |TAMS 0x0000000091200000| PB 0x0000000091200000| Complete 
| 275|0x0000000091300000, 0x0000000091400000, 0x0000000091400000|100%| S|  |TAMS 0x0000000091300000| PB 0x0000000091300000| Complete 
| 276|0x0000000091400000, 0x0000000091500000, 0x0000000091500000|100%| S|  |TAMS 0x0000000091400000| PB 0x0000000091400000| Complete 
| 277|0x0000000091500000, 0x0000000091600000, 0x0000000091600000|100%| S|  |TAMS 0x0000000091500000| PB 0x0000000091500000| Complete 
| 278|0x0000000091600000, 0x0000000091700000, 0x0000000091700000|100%| O|  |TAMS 0x0000000091700000| PB 0x0000000091600000| Untracked 
| 279|0x0000000091700000, 0x0000000091800000, 0x0000000091800000|100%| O|  |TAMS 0x0000000091800000| PB 0x0000000091700000| Untracked 
| 280|0x0000000091800000, 0x0000000091900000, 0x0000000091900000|100%| O|  |TAMS 0x0000000091900000| PB 0x0000000091800000| Untracked 
| 281|0x0000000091900000, 0x0000000091a00000, 0x0000000091a00000|100%| O|  |TAMS 0x0000000091a00000| PB 0x0000000091900000| Untracked 
| 282|0x0000000091a00000, 0x0000000091b00000, 0x0000000091b00000|100%| O|  |TAMS 0x0000000091b00000| PB 0x0000000091a00000| Untracked 
| 283|0x0000000091b00000, 0x0000000091c00000, 0x0000000091c00000|100%| O|  |TAMS 0x0000000091c00000| PB 0x0000000091b00000| Untracked 
| 284|0x0000000091c00000, 0x0000000091d00000, 0x0000000091d00000|100%| O|  |TAMS 0x0000000091d00000| PB 0x0000000091c00000| Untracked 
| 285|0x0000000091d00000, 0x0000000091e00000, 0x0000000091e00000|100%| S|  |TAMS 0x0000000091d00000| PB 0x0000000091d00000| Complete 
| 286|0x0000000091e00000, 0x0000000091f00000, 0x0000000091f00000|100%| O|  |TAMS 0x0000000091f00000| PB 0x0000000091e00000| Untracked 
| 287|0x0000000091f00000, 0x0000000092000000, 0x0000000092000000|100%| S|  |TAMS 0x0000000091f00000| PB 0x0000000091f00000| Complete 
| 288|0x0000000092000000, 0x0000000092100000, 0x0000000092100000|100%| S|  |TAMS 0x0000000092000000| PB 0x0000000092000000| Complete 
| 289|0x0000000092100000, 0x0000000092200000, 0x0000000092200000|100%| S|  |TAMS 0x0000000092100000| PB 0x0000000092100000| Complete 
| 290|0x0000000092200000, 0x0000000092300000, 0x0000000092300000|100%| S|  |TAMS 0x0000000092200000| PB 0x0000000092200000| Complete 
| 291|0x0000000092300000, 0x0000000092350140, 0x0000000092400000| 31%| E|CS|TAMS 0x0000000092300000| PB 0x0000000092300000| Complete 
| 292|0x0000000092400000, 0x0000000092500000, 0x0000000092500000|100%| E|CS|TAMS 0x0000000092400000| PB 0x0000000092400000| Complete 
| 293|0x0000000092500000, 0x0000000092600000, 0x0000000092600000|100%| E|CS|TAMS 0x0000000092500000| PB 0x0000000092500000| Complete 
| 294|0x0000000092600000, 0x0000000092680000, 0x0000000092700000| 50%| E|CS|TAMS 0x0000000092600000| PB 0x0000000092600000| Complete 
| 295|0x0000000092700000, 0x0000000092800000, 0x0000000092800000|100%| E|CS|TAMS 0x0000000092700000| PB 0x0000000092700000| Complete 
| 296|0x0000000092800000, 0x0000000092900000, 0x0000000092900000|100%| E|CS|TAMS 0x0000000092800000| PB 0x0000000092800000| Complete 
| 297|0x0000000092900000, 0x0000000092a00000, 0x0000000092a00000|100%| E|CS|TAMS 0x0000000092900000| PB 0x0000000092900000| Complete 
| 298|0x0000000092a00000, 0x0000000092b00000, 0x0000000092b00000|100%| E|CS|TAMS 0x0000000092a00000| PB 0x0000000092a00000| Complete 
| 299|0x0000000092b00000, 0x0000000092c00000, 0x0000000092c00000|100%| E|CS|TAMS 0x0000000092b00000| PB 0x0000000092b00000| Complete 
| 300|0x0000000092c00000, 0x0000000092d00000, 0x0000000092d00000|100%| E|CS|TAMS 0x0000000092c00000| PB 0x0000000092c00000| Complete 
| 301|0x0000000092d00000, 0x0000000092e00000, 0x0000000092e00000|100%| E|CS|TAMS 0x0000000092d00000| PB 0x0000000092d00000| Complete 
| 302|0x0000000092e00000, 0x0000000092f00000, 0x0000000092f00000|100%| E|CS|TAMS 0x0000000092e00000| PB 0x0000000092e00000| Complete 
| 303|0x0000000092f00000, 0x0000000093000000, 0x0000000093000000|100%| E|CS|TAMS 0x0000000092f00000| PB 0x0000000092f00000| Complete 
| 304|0x0000000093000000, 0x0000000093100000, 0x0000000093100000|100%| E|CS|TAMS 0x0000000093000000| PB 0x0000000093000000| Complete 
| 305|0x0000000093100000, 0x0000000093200000, 0x0000000093200000|100%| E|CS|TAMS 0x0000000093100000| PB 0x0000000093100000| Complete 
| 306|0x0000000093200000, 0x0000000093300000, 0x0000000093300000|100%| E|CS|TAMS 0x0000000093200000| PB 0x0000000093200000| Complete 
| 307|0x0000000093300000, 0x0000000093400000, 0x0000000093400000|100%| E|CS|TAMS 0x0000000093300000| PB 0x0000000093300000| Complete 
| 308|0x0000000093400000, 0x0000000093500000, 0x0000000093500000|100%| E|CS|TAMS 0x0000000093400000| PB 0x0000000093400000| Complete 
| 309|0x0000000093500000, 0x0000000093600000, 0x0000000093600000|100%| O|  |TAMS 0x0000000093600000| PB 0x0000000093500000| Untracked 
| 310|0x0000000093600000, 0x0000000093700000, 0x0000000093700000|100%| E|CS|TAMS 0x0000000093600000| PB 0x0000000093600000| Complete 
| 311|0x0000000093700000, 0x0000000093800000, 0x0000000093800000|100%| E|CS|TAMS 0x0000000093700000| PB 0x0000000093700000| Complete 
| 312|0x0000000093800000, 0x0000000093900000, 0x0000000093900000|100%| E|CS|TAMS 0x0000000093800000| PB 0x0000000093800000| Complete 
| 313|0x0000000093900000, 0x0000000093a00000, 0x0000000093a00000|100%| E|CS|TAMS 0x0000000093900000| PB 0x0000000093900000| Complete 
| 314|0x0000000093a00000, 0x0000000093b00000, 0x0000000093b00000|100%| E|CS|TAMS 0x0000000093a00000| PB 0x0000000093a00000| Complete 
| 315|0x0000000093b00000, 0x0000000093c00000, 0x0000000093c00000|100%| E|CS|TAMS 0x0000000093b00000| PB 0x0000000093b00000| Complete 
| 316|0x0000000093c00000, 0x0000000093d00000, 0x0000000093d00000|100%| E|CS|TAMS 0x0000000093c00000| PB 0x0000000093c00000| Complete 
| 317|0x0000000093d00000, 0x0000000093e00000, 0x0000000093e00000|100%| E|CS|TAMS 0x0000000093d00000| PB 0x0000000093d00000| Complete 
| 318|0x0000000093e00000, 0x0000000093f00000, 0x0000000093f00000|100%| E|CS|TAMS 0x0000000093e00000| PB 0x0000000093e00000| Complete 
| 319|0x0000000093f00000, 0x0000000094000000, 0x0000000094000000|100%| E|CS|TAMS 0x0000000093f00000| PB 0x0000000093f00000| Complete 
| 320|0x0000000094000000, 0x0000000094100000, 0x0000000094100000|100%| E|CS|TAMS 0x0000000094000000| PB 0x0000000094000000| Complete 
| 321|0x0000000094100000, 0x0000000094200000, 0x0000000094200000|100%| E|CS|TAMS 0x0000000094100000| PB 0x0000000094100000| Complete 
| 322|0x0000000094200000, 0x0000000094300000, 0x0000000094300000|100%| E|CS|TAMS 0x0000000094200000| PB 0x0000000094200000| Complete 
| 323|0x0000000094300000, 0x0000000094400000, 0x0000000094400000|100%| E|CS|TAMS 0x0000000094300000| PB 0x0000000094300000| Complete 
| 324|0x0000000094400000, 0x0000000094500000, 0x0000000094500000|100%| E|CS|TAMS 0x0000000094400000| PB 0x0000000094400000| Complete 
| 325|0x0000000094500000, 0x0000000094600000, 0x0000000094600000|100%| E|CS|TAMS 0x0000000094500000| PB 0x0000000094500000| Complete 
| 326|0x0000000094600000, 0x0000000094700000, 0x0000000094700000|100%| E|CS|TAMS 0x0000000094600000| PB 0x0000000094600000| Complete 
| 327|0x0000000094700000, 0x0000000094800000, 0x0000000094800000|100%| E|CS|TAMS 0x0000000094700000| PB 0x0000000094700000| Complete 
| 328|0x0000000094800000, 0x0000000094900000, 0x0000000094900000|100%| E|CS|TAMS 0x0000000094800000| PB 0x0000000094800000| Complete 
| 329|0x0000000094900000, 0x0000000094a00000, 0x0000000094a00000|100%| E|CS|TAMS 0x0000000094900000| PB 0x0000000094900000| Complete 
| 330|0x0000000094a00000, 0x0000000094b00000, 0x0000000094b00000|100%| E|CS|TAMS 0x0000000094a00000| PB 0x0000000094a00000| Complete 
| 331|0x0000000094b00000, 0x0000000094c00000, 0x0000000094c00000|100%| E|CS|TAMS 0x0000000094b00000| PB 0x0000000094b00000| Complete 
| 332|0x0000000094c00000, 0x0000000094d00000, 0x0000000094d00000|100%| E|CS|TAMS 0x0000000094c00000| PB 0x0000000094c00000| Complete 
| 333|0x0000000094d00000, 0x0000000094e00000, 0x0000000094e00000|100%| E|CS|TAMS 0x0000000094d00000| PB 0x0000000094d00000| Complete 
| 334|0x0000000094e00000, 0x0000000094f00000, 0x0000000094f00000|100%| E|CS|TAMS 0x0000000094e00000| PB 0x0000000094e00000| Complete 
| 335|0x0000000094f00000, 0x0000000095000000, 0x0000000095000000|100%| E|CS|TAMS 0x0000000094f00000| PB 0x0000000094f00000| Complete 
| 336|0x0000000095000000, 0x0000000095100000, 0x0000000095100000|100%| E|CS|TAMS 0x0000000095000000| PB 0x0000000095000000| Complete 
| 337|0x0000000095100000, 0x0000000095200000, 0x0000000095200000|100%| E|CS|TAMS 0x0000000095100000| PB 0x0000000095100000| Complete 
| 338|0x0000000095200000, 0x0000000095300000, 0x0000000095300000|100%| E|CS|TAMS 0x0000000095200000| PB 0x0000000095200000| Complete 
| 339|0x0000000095300000, 0x0000000095400000, 0x0000000095400000|100%| E|CS|TAMS 0x0000000095300000| PB 0x0000000095300000| Complete 
| 340|0x0000000095400000, 0x0000000095500000, 0x0000000095500000|100%| E|CS|TAMS 0x0000000095400000| PB 0x0000000095400000| Complete 
| 341|0x0000000095500000, 0x0000000095600000, 0x0000000095600000|100%| E|CS|TAMS 0x0000000095500000| PB 0x0000000095500000| Complete 
| 342|0x0000000095600000, 0x0000000095700000, 0x0000000095700000|100%| E|CS|TAMS 0x0000000095600000| PB 0x0000000095600000| Complete 
| 343|0x0000000095700000, 0x0000000095800000, 0x0000000095800000|100%| E|CS|TAMS 0x0000000095700000| PB 0x0000000095700000| Complete 
| 344|0x0000000095800000, 0x0000000095900000, 0x0000000095900000|100%| E|CS|TAMS 0x0000000095800000| PB 0x0000000095800000| Complete 
| 345|0x0000000095900000, 0x0000000095a00000, 0x0000000095a00000|100%| E|CS|TAMS 0x0000000095900000| PB 0x0000000095900000| Complete 
| 346|0x0000000095a00000, 0x0000000095b00000, 0x0000000095b00000|100%| E|CS|TAMS 0x0000000095a00000| PB 0x0000000095a00000| Complete 
| 347|0x0000000095b00000, 0x0000000095c00000, 0x0000000095c00000|100%| E|CS|TAMS 0x0000000095b00000| PB 0x0000000095b00000| Complete 
| 348|0x0000000095c00000, 0x0000000095d00000, 0x0000000095d00000|100%| E|CS|TAMS 0x0000000095c00000| PB 0x0000000095c00000| Complete 
| 349|0x0000000095d00000, 0x0000000095e00000, 0x0000000095e00000|100%| E|CS|TAMS 0x0000000095d00000| PB 0x0000000095d00000| Complete 
| 350|0x0000000095e00000, 0x0000000095f00000, 0x0000000095f00000|100%| E|CS|TAMS 0x0000000095e00000| PB 0x0000000095e00000| Complete 
| 351|0x0000000095f00000, 0x0000000096000000, 0x0000000096000000|100%| E|CS|TAMS 0x0000000095f00000| PB 0x0000000095f00000| Complete 
| 352|0x0000000096000000, 0x0000000096100000, 0x0000000096100000|100%| E|CS|TAMS 0x0000000096000000| PB 0x0000000096000000| Complete 
| 353|0x0000000096100000, 0x0000000096200000, 0x0000000096200000|100%| E|CS|TAMS 0x0000000096100000| PB 0x0000000096100000| Complete 
| 354|0x0000000096200000, 0x0000000096300000, 0x0000000096300000|100%| E|CS|TAMS 0x0000000096200000| PB 0x0000000096200000| Complete 
| 355|0x0000000096300000, 0x0000000096400000, 0x0000000096400000|100%| E|CS|TAMS 0x0000000096300000| PB 0x0000000096300000| Complete 
| 356|0x0000000096400000, 0x0000000096500000, 0x0000000096500000|100%| E|CS|TAMS 0x0000000096400000| PB 0x0000000096400000| Complete 
| 357|0x0000000096500000, 0x0000000096600000, 0x0000000096600000|100%| E|CS|TAMS 0x0000000096500000| PB 0x0000000096500000| Complete 
| 358|0x0000000096600000, 0x0000000096700000, 0x0000000096700000|100%| E|CS|TAMS 0x0000000096600000| PB 0x0000000096600000| Complete 
| 359|0x0000000096700000, 0x0000000096800000, 0x0000000096800000|100%| E|CS|TAMS 0x0000000096700000| PB 0x0000000096700000| Complete 
| 360|0x0000000096800000, 0x0000000096900000, 0x0000000096900000|100%| E|CS|TAMS 0x0000000096800000| PB 0x0000000096800000| Complete 
| 361|0x0000000096900000, 0x0000000096a00000, 0x0000000096a00000|100%| E|CS|TAMS 0x0000000096900000| PB 0x0000000096900000| Complete 
| 362|0x0000000096a00000, 0x0000000096b00000, 0x0000000096b00000|100%| E|CS|TAMS 0x0000000096a00000| PB 0x0000000096a00000| Complete 
| 363|0x0000000096b00000, 0x0000000096c00000, 0x0000000096c00000|100%| E|CS|TAMS 0x0000000096b00000| PB 0x0000000096b00000| Complete 
| 364|0x0000000096c00000, 0x0000000096d00000, 0x0000000096d00000|100%| E|CS|TAMS 0x0000000096c00000| PB 0x0000000096c00000| Complete 
| 365|0x0000000096d00000, 0x0000000096e00000, 0x0000000096e00000|100%| E|CS|TAMS 0x0000000096d00000| PB 0x0000000096d00000| Complete 
| 366|0x0000000096e00000, 0x0000000096f00000, 0x0000000096f00000|100%| E|CS|TAMS 0x0000000096e00000| PB 0x0000000096e00000| Complete 
| 367|0x0000000096f00000, 0x0000000097000000, 0x0000000097000000|100%| E|CS|TAMS 0x0000000096f00000| PB 0x0000000096f00000| Complete 
| 368|0x0000000097000000, 0x0000000097100000, 0x0000000097100000|100%| E|CS|TAMS 0x0000000097000000| PB 0x0000000097000000| Complete 
| 369|0x0000000097100000, 0x0000000097200000, 0x0000000097200000|100%| E|CS|TAMS 0x0000000097100000| PB 0x0000000097100000| Complete 
| 370|0x0000000097200000, 0x0000000097300000, 0x0000000097300000|100%| E|CS|TAMS 0x0000000097200000| PB 0x0000000097200000| Complete 
| 371|0x0000000097300000, 0x0000000097400000, 0x0000000097400000|100%| E|CS|TAMS 0x0000000097300000| PB 0x0000000097300000| Complete 
| 372|0x0000000097400000, 0x0000000097500000, 0x0000000097500000|100%| E|CS|TAMS 0x0000000097400000| PB 0x0000000097400000| Complete 
| 373|0x0000000097500000, 0x0000000097600000, 0x0000000097600000|100%| E|CS|TAMS 0x0000000097500000| PB 0x0000000097500000| Complete 
| 374|0x0000000097600000, 0x0000000097700000, 0x0000000097700000|100%| E|CS|TAMS 0x0000000097600000| PB 0x0000000097600000| Complete 
| 375|0x0000000097700000, 0x0000000097800000, 0x0000000097800000|100%| E|CS|TAMS 0x0000000097700000| PB 0x0000000097700000| Complete 
| 376|0x0000000097800000, 0x0000000097900000, 0x0000000097900000|100%| E|CS|TAMS 0x0000000097800000| PB 0x0000000097800000| Complete 
| 377|0x0000000097900000, 0x0000000097a00000, 0x0000000097a00000|100%| E|CS|TAMS 0x0000000097900000| PB 0x0000000097900000| Complete 
| 378|0x0000000097a00000, 0x0000000097b00000, 0x0000000097b00000|100%| E|CS|TAMS 0x0000000097a00000| PB 0x0000000097a00000| Complete 
| 379|0x0000000097b00000, 0x0000000097c00000, 0x0000000097c00000|100%| E|CS|TAMS 0x0000000097b00000| PB 0x0000000097b00000| Complete 
| 380|0x0000000097c00000, 0x0000000097d00000, 0x0000000097d00000|100%| E|CS|TAMS 0x0000000097c00000| PB 0x0000000097c00000| Complete 
| 381|0x0000000097d00000, 0x0000000097e00000, 0x0000000097e00000|100%| E|CS|TAMS 0x0000000097d00000| PB 0x0000000097d00000| Complete 
| 382|0x0000000097e00000, 0x0000000097f00000, 0x0000000097f00000|100%| E|CS|TAMS 0x0000000097e00000| PB 0x0000000097e00000| Complete 
| 383|0x0000000097f00000, 0x0000000098000000, 0x0000000098000000|100%| E|CS|TAMS 0x0000000097f00000| PB 0x0000000097f00000| Complete 
| 384|0x0000000098000000, 0x0000000098100000, 0x0000000098100000|100%| E|CS|TAMS 0x0000000098000000| PB 0x0000000098000000| Complete 
| 385|0x0000000098100000, 0x0000000098200000, 0x0000000098200000|100%| E|CS|TAMS 0x0000000098100000| PB 0x0000000098100000| Complete 
| 386|0x0000000098200000, 0x0000000098300000, 0x0000000098300000|100%| E|CS|TAMS 0x0000000098200000| PB 0x0000000098200000| Complete 
| 387|0x0000000098300000, 0x0000000098400000, 0x0000000098400000|100%| E|CS|TAMS 0x0000000098300000| PB 0x0000000098300000| Complete 
| 388|0x0000000098400000, 0x0000000098500000, 0x0000000098500000|100%| E|CS|TAMS 0x0000000098400000| PB 0x0000000098400000| Complete 
| 389|0x0000000098500000, 0x0000000098600000, 0x0000000098600000|100%| E|CS|TAMS 0x0000000098500000| PB 0x0000000098500000| Complete 
| 390|0x0000000098600000, 0x0000000098700000, 0x0000000098700000|100%| E|CS|TAMS 0x0000000098600000| PB 0x0000000098600000| Complete 
| 391|0x0000000098700000, 0x0000000098800000, 0x0000000098800000|100%| E|CS|TAMS 0x0000000098700000| PB 0x0000000098700000| Complete 
| 392|0x0000000098800000, 0x0000000098900000, 0x0000000098900000|100%| E|CS|TAMS 0x0000000098800000| PB 0x0000000098800000| Complete 
| 393|0x0000000098900000, 0x0000000098a00000, 0x0000000098a00000|100%| E|CS|TAMS 0x0000000098900000| PB 0x0000000098900000| Complete 
| 394|0x0000000098a00000, 0x0000000098b00000, 0x0000000098b00000|100%| E|CS|TAMS 0x0000000098a00000| PB 0x0000000098a00000| Complete 
| 395|0x0000000098b00000, 0x0000000098c00000, 0x0000000098c00000|100%| E|CS|TAMS 0x0000000098b00000| PB 0x0000000098b00000| Complete 
| 396|0x0000000098c00000, 0x0000000098d00000, 0x0000000098d00000|100%| E|CS|TAMS 0x0000000098c00000| PB 0x0000000098c00000| Complete 
| 397|0x0000000098d00000, 0x0000000098e00000, 0x0000000098e00000|100%| E|CS|TAMS 0x0000000098d00000| PB 0x0000000098d00000| Complete 
| 398|0x0000000098e00000, 0x0000000098f00000, 0x0000000098f00000|100%| E|CS|TAMS 0x0000000098e00000| PB 0x0000000098e00000| Complete 
| 399|0x0000000098f00000, 0x0000000099000000, 0x0000000099000000|100%| E|CS|TAMS 0x0000000098f00000| PB 0x0000000098f00000| Complete 
| 400|0x0000000099000000, 0x0000000099100000, 0x0000000099100000|100%| E|CS|TAMS 0x0000000099000000| PB 0x0000000099000000| Complete 
| 401|0x0000000099100000, 0x0000000099200000, 0x0000000099200000|100%| E|CS|TAMS 0x0000000099100000| PB 0x0000000099100000| Complete 
| 402|0x0000000099200000, 0x0000000099300000, 0x0000000099300000|100%| E|CS|TAMS 0x0000000099200000| PB 0x0000000099200000| Complete 
| 403|0x0000000099300000, 0x0000000099400000, 0x0000000099400000|100%| E|CS|TAMS 0x0000000099300000| PB 0x0000000099300000| Complete 
| 404|0x0000000099400000, 0x0000000099500000, 0x0000000099500000|100%| E|CS|TAMS 0x0000000099400000| PB 0x0000000099400000| Complete 
| 405|0x0000000099500000, 0x0000000099600000, 0x0000000099600000|100%| E|CS|TAMS 0x0000000099500000| PB 0x0000000099500000| Complete 
| 406|0x0000000099600000, 0x0000000099700000, 0x0000000099700000|100%| E|CS|TAMS 0x0000000099600000| PB 0x0000000099600000| Complete 
| 407|0x0000000099700000, 0x0000000099800000, 0x0000000099800000|100%| E|CS|TAMS 0x0000000099700000| PB 0x0000000099700000| Complete 
| 408|0x0000000099800000, 0x0000000099900000, 0x0000000099900000|100%| E|CS|TAMS 0x0000000099800000| PB 0x0000000099800000| Complete 
| 409|0x0000000099900000, 0x0000000099a00000, 0x0000000099a00000|100%| E|CS|TAMS 0x0000000099900000| PB 0x0000000099900000| Complete 
| 410|0x0000000099a00000, 0x0000000099b00000, 0x0000000099b00000|100%| E|CS|TAMS 0x0000000099a00000| PB 0x0000000099a00000| Complete 
| 411|0x0000000099b00000, 0x0000000099c00000, 0x0000000099c00000|100%| E|CS|TAMS 0x0000000099b00000| PB 0x0000000099b00000| Complete 
| 412|0x0000000099c00000, 0x0000000099d00000, 0x0000000099d00000|100%| E|CS|TAMS 0x0000000099c00000| PB 0x0000000099c00000| Complete 
| 413|0x0000000099d00000, 0x0000000099e00000, 0x0000000099e00000|100%| E|CS|TAMS 0x0000000099d00000| PB 0x0000000099d00000| Complete 
| 414|0x0000000099e00000, 0x0000000099f00000, 0x0000000099f00000|100%| E|CS|TAMS 0x0000000099e00000| PB 0x0000000099e00000| Complete 
| 415|0x0000000099f00000, 0x000000009a000000, 0x000000009a000000|100%| E|CS|TAMS 0x0000000099f00000| PB 0x0000000099f00000| Complete 
| 416|0x000000009a000000, 0x000000009a100000, 0x000000009a100000|100%| E|CS|TAMS 0x000000009a000000| PB 0x000000009a000000| Complete 
| 417|0x000000009a100000, 0x000000009a200000, 0x000000009a200000|100%| E|CS|TAMS 0x000000009a100000| PB 0x000000009a100000| Complete 
| 418|0x000000009a200000, 0x000000009a300000, 0x000000009a300000|100%| E|CS|TAMS 0x000000009a200000| PB 0x000000009a200000| Complete 
| 419|0x000000009a300000, 0x000000009a400000, 0x000000009a400000|100%| E|CS|TAMS 0x000000009a300000| PB 0x000000009a300000| Complete 
| 420|0x000000009a400000, 0x000000009a500000, 0x000000009a500000|100%| E|CS|TAMS 0x000000009a400000| PB 0x000000009a400000| Complete 
| 421|0x000000009a500000, 0x000000009a600000, 0x000000009a600000|100%| E|CS|TAMS 0x000000009a500000| PB 0x000000009a500000| Complete 
| 422|0x000000009a600000, 0x000000009a700000, 0x000000009a700000|100%| E|CS|TAMS 0x000000009a600000| PB 0x000000009a600000| Complete 
| 423|0x000000009a700000, 0x000000009a800000, 0x000000009a800000|100%| E|CS|TAMS 0x000000009a700000| PB 0x000000009a700000| Complete 
| 424|0x000000009a800000, 0x000000009a900000, 0x000000009a900000|100%| E|CS|TAMS 0x000000009a800000| PB 0x000000009a800000| Complete 
| 425|0x000000009a900000, 0x000000009aa00000, 0x000000009aa00000|100%| E|CS|TAMS 0x000000009a900000| PB 0x000000009a900000| Complete 
| 426|0x000000009aa00000, 0x000000009ab00000, 0x000000009ab00000|100%| E|CS|TAMS 0x000000009aa00000| PB 0x000000009aa00000| Complete 
| 427|0x000000009ab00000, 0x000000009ac00000, 0x000000009ac00000|100%| E|CS|TAMS 0x000000009ab00000| PB 0x000000009ab00000| Complete 
| 428|0x000000009ac00000, 0x000000009ad00000, 0x000000009ad00000|100%| E|CS|TAMS 0x000000009ac00000| PB 0x000000009ac00000| Complete 
| 429|0x000000009ad00000, 0x000000009ae00000, 0x000000009ae00000|100%| E|CS|TAMS 0x000000009ad00000| PB 0x000000009ad00000| Complete 
| 430|0x000000009ae00000, 0x000000009af00000, 0x000000009af00000|100%| E|CS|TAMS 0x000000009ae00000| PB 0x000000009ae00000| Complete 
| 431|0x000000009af00000, 0x000000009b000000, 0x000000009b000000|100%| E|CS|TAMS 0x000000009af00000| PB 0x000000009af00000| Complete 
| 432|0x000000009b000000, 0x000000009b100000, 0x000000009b100000|100%| E|CS|TAMS 0x000000009b000000| PB 0x000000009b000000| Complete 
| 433|0x000000009b100000, 0x000000009b200000, 0x000000009b200000|100%| E|CS|TAMS 0x000000009b100000| PB 0x000000009b100000| Complete 
| 434|0x000000009b200000, 0x000000009b300000, 0x000000009b300000|100%| E|CS|TAMS 0x000000009b200000| PB 0x000000009b200000| Complete 
| 435|0x000000009b300000, 0x000000009b400000, 0x000000009b400000|100%| E|CS|TAMS 0x000000009b300000| PB 0x000000009b300000| Complete 
| 436|0x000000009b400000, 0x000000009b500000, 0x000000009b500000|100%| E|CS|TAMS 0x000000009b400000| PB 0x000000009b400000| Complete 
| 437|0x000000009b500000, 0x000000009b600000, 0x000000009b600000|100%| E|CS|TAMS 0x000000009b500000| PB 0x000000009b500000| Complete 
| 438|0x000000009b600000, 0x000000009b700000, 0x000000009b700000|100%| E|CS|TAMS 0x000000009b600000| PB 0x000000009b600000| Complete 
| 439|0x000000009b700000, 0x000000009b800000, 0x000000009b800000|100%| E|CS|TAMS 0x000000009b700000| PB 0x000000009b700000| Complete 
| 440|0x000000009b800000, 0x000000009b900000, 0x000000009b900000|100%| E|CS|TAMS 0x000000009b800000| PB 0x000000009b800000| Complete 
| 441|0x000000009b900000, 0x000000009ba00000, 0x000000009ba00000|100%| E|CS|TAMS 0x000000009b900000| PB 0x000000009b900000| Complete 
| 442|0x000000009ba00000, 0x000000009bb00000, 0x000000009bb00000|100%| E|CS|TAMS 0x000000009ba00000| PB 0x000000009ba00000| Complete 
| 443|0x000000009bb00000, 0x000000009bc00000, 0x000000009bc00000|100%| E|CS|TAMS 0x000000009bb00000| PB 0x000000009bb00000| Complete 
| 444|0x000000009bc00000, 0x000000009bd00000, 0x000000009bd00000|100%| E|CS|TAMS 0x000000009bc00000| PB 0x000000009bc00000| Complete 
| 445|0x000000009bd00000, 0x000000009be00000, 0x000000009be00000|100%| E|CS|TAMS 0x000000009bd00000| PB 0x000000009bd00000| Complete 
| 446|0x000000009be00000, 0x000000009bf00000, 0x000000009bf00000|100%| E|CS|TAMS 0x000000009be00000| PB 0x000000009be00000| Complete 
| 447|0x000000009bf00000, 0x000000009c000000, 0x000000009c000000|100%| E|CS|TAMS 0x000000009bf00000| PB 0x000000009bf00000| Complete 
| 448|0x000000009c000000, 0x000000009c100000, 0x000000009c100000|100%| E|CS|TAMS 0x000000009c000000| PB 0x000000009c000000| Complete 
| 449|0x000000009c100000, 0x000000009c200000, 0x000000009c200000|100%| E|CS|TAMS 0x000000009c100000| PB 0x000000009c100000| Complete 
| 450|0x000000009c200000, 0x000000009c300000, 0x000000009c300000|100%| E|CS|TAMS 0x000000009c200000| PB 0x000000009c200000| Complete 
| 451|0x000000009c300000, 0x000000009c400000, 0x000000009c400000|100%| E|CS|TAMS 0x000000009c300000| PB 0x000000009c300000| Complete 
| 452|0x000000009c400000, 0x000000009c500000, 0x000000009c500000|100%| E|CS|TAMS 0x000000009c400000| PB 0x000000009c400000| Complete 
| 453|0x000000009c500000, 0x000000009c600000, 0x000000009c600000|100%| E|CS|TAMS 0x000000009c500000| PB 0x000000009c500000| Complete 
| 454|0x000000009c600000, 0x000000009c700000, 0x000000009c700000|100%| E|CS|TAMS 0x000000009c600000| PB 0x000000009c600000| Complete 
| 455|0x000000009c700000, 0x000000009c800000, 0x000000009c800000|100%| E|CS|TAMS 0x000000009c700000| PB 0x000000009c700000| Complete 
| 456|0x000000009c800000, 0x000000009c900000, 0x000000009c900000|100%| E|CS|TAMS 0x000000009c800000| PB 0x000000009c800000| Complete 
| 457|0x000000009c900000, 0x000000009ca00000, 0x000000009ca00000|100%| E|CS|TAMS 0x000000009c900000| PB 0x000000009c900000| Complete 
| 458|0x000000009ca00000, 0x000000009cb00000, 0x000000009cb00000|100%| E|CS|TAMS 0x000000009ca00000| PB 0x000000009ca00000| Complete 
| 459|0x000000009cb00000, 0x000000009cc00000, 0x000000009cc00000|100%| E|CS|TAMS 0x000000009cb00000| PB 0x000000009cb00000| Complete 
| 460|0x000000009cc00000, 0x000000009cd00000, 0x000000009cd00000|100%| E|CS|TAMS 0x000000009cc00000| PB 0x000000009cc00000| Complete 
| 461|0x000000009cd00000, 0x000000009ce00000, 0x000000009ce00000|100%| E|CS|TAMS 0x000000009cd00000| PB 0x000000009cd00000| Complete 
| 462|0x000000009ce00000, 0x000000009cf00000, 0x000000009cf00000|100%| E|CS|TAMS 0x000000009ce00000| PB 0x000000009ce00000| Complete 
| 463|0x000000009cf00000, 0x000000009d000000, 0x000000009d000000|100%| E|CS|TAMS 0x000000009cf00000| PB 0x000000009cf00000| Complete 
| 464|0x000000009d000000, 0x000000009d100000, 0x000000009d100000|100%| E|CS|TAMS 0x000000009d000000| PB 0x000000009d000000| Complete 
| 465|0x000000009d100000, 0x000000009d200000, 0x000000009d200000|100%| E|CS|TAMS 0x000000009d100000| PB 0x000000009d100000| Complete 
| 466|0x000000009d200000, 0x000000009d300000, 0x000000009d300000|100%| E|CS|TAMS 0x000000009d200000| PB 0x000000009d200000| Complete 
| 467|0x000000009d300000, 0x000000009d400000, 0x000000009d400000|100%| E|CS|TAMS 0x000000009d300000| PB 0x000000009d300000| Complete 
| 468|0x000000009d400000, 0x000000009d500000, 0x000000009d500000|100%| E|CS|TAMS 0x000000009d400000| PB 0x000000009d400000| Complete 
| 469|0x000000009d500000, 0x000000009d600000, 0x000000009d600000|100%| E|CS|TAMS 0x000000009d500000| PB 0x000000009d500000| Complete 
| 470|0x000000009d600000, 0x000000009d700000, 0x000000009d700000|100%| E|CS|TAMS 0x000000009d600000| PB 0x000000009d600000| Complete 
| 471|0x000000009d700000, 0x000000009d800000, 0x000000009d800000|100%| E|CS|TAMS 0x000000009d700000| PB 0x000000009d700000| Complete 
| 472|0x000000009d800000, 0x000000009d900000, 0x000000009d900000|100%| E|CS|TAMS 0x000000009d800000| PB 0x000000009d800000| Complete 
| 473|0x000000009d900000, 0x000000009da00000, 0x000000009da00000|100%| E|CS|TAMS 0x000000009d900000| PB 0x000000009d900000| Complete 
| 474|0x000000009da00000, 0x000000009db00000, 0x000000009db00000|100%| E|CS|TAMS 0x000000009da00000| PB 0x000000009da00000| Complete 
| 475|0x000000009db00000, 0x000000009dc00000, 0x000000009dc00000|100%| E|CS|TAMS 0x000000009db00000| PB 0x000000009db00000| Complete 
| 476|0x000000009dc00000, 0x000000009dd00000, 0x000000009dd00000|100%| E|CS|TAMS 0x000000009dc00000| PB 0x000000009dc00000| Complete 
| 477|0x000000009dd00000, 0x000000009de00000, 0x000000009de00000|100%| E|CS|TAMS 0x000000009dd00000| PB 0x000000009dd00000| Complete 
| 478|0x000000009de00000, 0x000000009df00000, 0x000000009df00000|100%| E|CS|TAMS 0x000000009de00000| PB 0x000000009de00000| Complete 
| 479|0x000000009df00000, 0x000000009e000000, 0x000000009e000000|100%| E|CS|TAMS 0x000000009df00000| PB 0x000000009df00000| Complete 
| 480|0x000000009e000000, 0x000000009e100000, 0x000000009e100000|100%| E|CS|TAMS 0x000000009e000000| PB 0x000000009e000000| Complete 
| 481|0x000000009e100000, 0x000000009e200000, 0x000000009e200000|100%| E|CS|TAMS 0x000000009e100000| PB 0x000000009e100000| Complete 
| 482|0x000000009e200000, 0x000000009e300000, 0x000000009e300000|100%| E|CS|TAMS 0x000000009e200000| PB 0x000000009e200000| Complete 
| 483|0x000000009e300000, 0x000000009e400000, 0x000000009e400000|100%| E|CS|TAMS 0x000000009e300000| PB 0x000000009e300000| Complete 
| 484|0x000000009e400000, 0x000000009e500000, 0x000000009e500000|100%| E|CS|TAMS 0x000000009e400000| PB 0x000000009e400000| Complete 
| 485|0x000000009e500000, 0x000000009e600000, 0x000000009e600000|100%| E|CS|TAMS 0x000000009e500000| PB 0x000000009e500000| Complete 
| 486|0x000000009e600000, 0x000000009e700000, 0x000000009e700000|100%| E|CS|TAMS 0x000000009e600000| PB 0x000000009e600000| Complete 
| 487|0x000000009e700000, 0x000000009e800000, 0x000000009e800000|100%| E|CS|TAMS 0x000000009e700000| PB 0x000000009e700000| Complete 
| 488|0x000000009e800000, 0x000000009e900000, 0x000000009e900000|100%| E|CS|TAMS 0x000000009e800000| PB 0x000000009e800000| Complete 
| 489|0x000000009e900000, 0x000000009ea00000, 0x000000009ea00000|100%| E|CS|TAMS 0x000000009e900000| PB 0x000000009e900000| Complete 
| 490|0x000000009ea00000, 0x000000009eb00000, 0x000000009eb00000|100%| E|CS|TAMS 0x000000009ea00000| PB 0x000000009ea00000| Complete 
| 491|0x000000009eb00000, 0x000000009ec00000, 0x000000009ec00000|100%| E|CS|TAMS 0x000000009eb00000| PB 0x000000009eb00000| Complete 
| 492|0x000000009ec00000, 0x000000009ed00000, 0x000000009ed00000|100%| E|CS|TAMS 0x000000009ec00000| PB 0x000000009ec00000| Complete 
| 493|0x000000009ed00000, 0x000000009ee00000, 0x000000009ee00000|100%| E|CS|TAMS 0x000000009ed00000| PB 0x000000009ed00000| Complete 
|1984|0x00000000fc000000, 0x00000000fc100000, 0x00000000fc100000|100%| E|CS|TAMS 0x00000000fc000000| PB 0x00000000fc000000| Complete 
|1985|0x00000000fc100000, 0x00000000fc200000, 0x00000000fc200000|100%| E|CS|TAMS 0x00000000fc100000| PB 0x00000000fc100000| Complete 
|1986|0x00000000fc200000, 0x00000000fc300000, 0x00000000fc300000|100%| E|CS|TAMS 0x00000000fc200000| PB 0x00000000fc200000| Complete 
|1987|0x00000000fc300000, 0x00000000fc400000, 0x00000000fc400000|100%| E|CS|TAMS 0x00000000fc300000| PB 0x00000000fc300000| Complete 
|1988|0x00000000fc400000, 0x00000000fc500000, 0x00000000fc500000|100%| E|CS|TAMS 0x00000000fc400000| PB 0x00000000fc400000| Complete 
|1989|0x00000000fc500000, 0x00000000fc600000, 0x00000000fc600000|100%| E|CS|TAMS 0x00000000fc500000| PB 0x00000000fc500000| Complete 
|1990|0x00000000fc600000, 0x00000000fc700000, 0x00000000fc700000|100%| O|  |TAMS 0x00000000fc700000| PB 0x00000000fc600000| Untracked 
|1991|0x00000000fc700000, 0x00000000fc800000, 0x00000000fc800000|100%| O|  |TAMS 0x00000000fc800000| PB 0x00000000fc700000| Untracked 
|1992|0x00000000fc800000, 0x00000000fc900000, 0x00000000fc900000|100%| O|  |TAMS 0x00000000fc900000| PB 0x00000000fc800000| Untracked 
|1993|0x00000000fc900000, 0x00000000fca00000, 0x00000000fca00000|100%| O|  |TAMS 0x00000000fca00000| PB 0x00000000fc900000| Untracked 
|1994|0x00000000fca00000, 0x00000000fcb00000, 0x00000000fcb00000|100%| O|  |TAMS 0x00000000fcb00000| PB 0x00000000fca00000| Untracked 
|1995|0x00000000fcb00000, 0x00000000fcc00000, 0x00000000fcc00000|100%| O|  |TAMS 0x00000000fcc00000| PB 0x00000000fcb00000| Untracked 
|1996|0x00000000fcc00000, 0x00000000fcd00000, 0x00000000fcd00000|100%| E|CS|TAMS 0x00000000fcc00000| PB 0x00000000fcc00000| Complete 
|1997|0x00000000fcd00000, 0x00000000fce00000, 0x00000000fce00000|100%| E|CS|TAMS 0x00000000fcd00000| PB 0x00000000fcd00000| Complete 
|1998|0x00000000fce00000, 0x00000000fcf00000, 0x00000000fcf00000|100%| E|CS|TAMS 0x00000000fce00000| PB 0x00000000fce00000| Complete 
|1999|0x00000000fcf00000, 0x00000000fd000000, 0x00000000fd000000|100%| E|CS|TAMS 0x00000000fcf00000| PB 0x00000000fcf00000| Complete 
|2000|0x00000000fd000000, 0x00000000fd100000, 0x00000000fd100000|100%| E|CS|TAMS 0x00000000fd000000| PB 0x00000000fd000000| Complete 
|2001|0x00000000fd100000, 0x00000000fd200000, 0x00000000fd200000|100%| E|CS|TAMS 0x00000000fd100000| PB 0x00000000fd100000| Complete 
|2002|0x00000000fd200000, 0x00000000fd300000, 0x00000000fd300000|100%| E|CS|TAMS 0x00000000fd200000| PB 0x00000000fd200000| Complete 
|2003|0x00000000fd300000, 0x00000000fd400000, 0x00000000fd400000|100%| E|CS|TAMS 0x00000000fd300000| PB 0x00000000fd300000| Complete 
|2004|0x00000000fd400000, 0x00000000fd500000, 0x00000000fd500000|100%| E|CS|TAMS 0x00000000fd400000| PB 0x00000000fd400000| Complete 
|2005|0x00000000fd500000, 0x00000000fd600000, 0x00000000fd600000|100%| E|CS|TAMS 0x00000000fd500000| PB 0x00000000fd500000| Complete 
|2006|0x00000000fd600000, 0x00000000fd700000, 0x00000000fd700000|100%| E|CS|TAMS 0x00000000fd600000| PB 0x00000000fd600000| Complete 
|2007|0x00000000fd700000, 0x00000000fd800000, 0x00000000fd800000|100%| E|CS|TAMS 0x00000000fd700000| PB 0x00000000fd700000| Complete 
|2008|0x00000000fd800000, 0x00000000fd900000, 0x00000000fd900000|100%| E|CS|TAMS 0x00000000fd800000| PB 0x00000000fd800000| Complete 
|2009|0x00000000fd900000, 0x00000000fda00000, 0x00000000fda00000|100%| E|CS|TAMS 0x00000000fd900000| PB 0x00000000fd900000| Complete 
|2010|0x00000000fda00000, 0x00000000fdb00000, 0x00000000fdb00000|100%| E|CS|TAMS 0x00000000fda00000| PB 0x00000000fda00000| Complete 
|2011|0x00000000fdb00000, 0x00000000fdc00000, 0x00000000fdc00000|100%| E|CS|TAMS 0x00000000fdb00000| PB 0x00000000fdb00000| Complete 
|2012|0x00000000fdc00000, 0x00000000fdd00000, 0x00000000fdd00000|100%| E|CS|TAMS 0x00000000fdc00000| PB 0x00000000fdc00000| Complete 
|2013|0x00000000fdd00000, 0x00000000fde00000, 0x00000000fde00000|100%| E|CS|TAMS 0x00000000fdd00000| PB 0x00000000fdd00000| Complete 
|2014|0x00000000fde00000, 0x00000000fdf00000, 0x00000000fdf00000|100%| E|CS|TAMS 0x00000000fde00000| PB 0x00000000fde00000| Complete 
|2015|0x00000000fdf00000, 0x00000000fe000000, 0x00000000fe000000|100%| O|  |TAMS 0x00000000fe000000| PB 0x00000000fdf00000| Untracked 
|2016|0x00000000fe000000, 0x00000000fe100000, 0x00000000fe100000|100%| O|  |TAMS 0x00000000fe100000| PB 0x00000000fe000000| Untracked 
|2017|0x00000000fe100000, 0x00000000fe200000, 0x00000000fe200000|100%| O|  |TAMS 0x00000000fe200000| PB 0x00000000fe100000| Untracked 
|2018|0x00000000fe200000, 0x00000000fe300000, 0x00000000fe300000|100%| E|CS|TAMS 0x00000000fe200000| PB 0x00000000fe200000| Complete 
|2019|0x00000000fe300000, 0x00000000fe400000, 0x00000000fe400000|100%| E|CS|TAMS 0x00000000fe300000| PB 0x00000000fe300000| Complete 
|2020|0x00000000fe400000, 0x00000000fe500000, 0x00000000fe500000|100%| E|CS|TAMS 0x00000000fe400000| PB 0x00000000fe400000| Complete 
|2021|0x00000000fe500000, 0x00000000fe600000, 0x00000000fe600000|100%| E|CS|TAMS 0x00000000fe500000| PB 0x00000000fe500000| Complete 
|2022|0x00000000fe600000, 0x00000000fe700000, 0x00000000fe700000|100%| E|CS|TAMS 0x00000000fe600000| PB 0x00000000fe600000| Complete 
|2023|0x00000000fe700000, 0x00000000fe800000, 0x00000000fe800000|100%| O|  |TAMS 0x00000000fe800000| PB 0x00000000fe700000| Untracked 
|2024|0x00000000fe800000, 0x00000000fe900000, 0x00000000fe900000|100%| E|CS|TAMS 0x00000000fe800000| PB 0x00000000fe800000| Complete 
|2025|0x00000000fe900000, 0x00000000fea00000, 0x00000000fea00000|100%| E|CS|TAMS 0x00000000fe900000| PB 0x00000000fe900000| Complete 
|2026|0x00000000fea00000, 0x00000000feb00000, 0x00000000feb00000|100%| E|CS|TAMS 0x00000000fea00000| PB 0x00000000fea00000| Complete 
|2027|0x00000000feb00000, 0x00000000fec00000, 0x00000000fec00000|100%| O|  |TAMS 0x00000000fec00000| PB 0x00000000feb00000| Untracked 
|2028|0x00000000fec00000, 0x00000000fed00000, 0x00000000fed00000|100%| O|  |TAMS 0x00000000fed00000| PB 0x00000000fec00000| Untracked 
|2029|0x00000000fed00000, 0x00000000fee00000, 0x00000000fee00000|100%| O|  |TAMS 0x00000000fee00000| PB 0x00000000fed00000| Untracked 
|2030|0x00000000fee00000, 0x00000000fef00000, 0x00000000fef00000|100%| O|  |TAMS 0x00000000fef00000| PB 0x00000000fee00000| Untracked 
|2031|0x00000000fef00000, 0x00000000ff000000, 0x00000000ff000000|100%| O|  |TAMS 0x00000000ff000000| PB 0x00000000fef00000| Untracked 
|2032|0x00000000ff000000, 0x00000000ff100000, 0x00000000ff100000|100%| O|  |TAMS 0x00000000ff100000| PB 0x00000000ff000000| Untracked 
|2033|0x00000000ff100000, 0x00000000ff200000, 0x00000000ff200000|100%| E|CS|TAMS 0x00000000ff100000| PB 0x00000000ff100000| Complete 
|2034|0x00000000ff200000, 0x00000000ff300000, 0x00000000ff300000|100%| E|CS|TAMS 0x00000000ff200000| PB 0x00000000ff200000| Complete 
|2035|0x00000000ff300000, 0x00000000ff400000, 0x00000000ff400000|100%| E|CS|TAMS 0x00000000ff300000| PB 0x00000000ff300000| Complete 
|2036|0x00000000ff400000, 0x00000000ff500000, 0x00000000ff500000|100%| E|CS|TAMS 0x00000000ff400000| PB 0x00000000ff400000| Complete 
|2037|0x00000000ff500000, 0x00000000ff600000, 0x00000000ff600000|100%| E|CS|TAMS 0x00000000ff500000| PB 0x00000000ff500000| Complete 
|2038|0x00000000ff600000, 0x00000000ff700000, 0x00000000ff700000|100%| E|CS|TAMS 0x00000000ff600000| PB 0x00000000ff600000| Complete 
|2039|0x00000000ff700000, 0x00000000ff800000, 0x00000000ff800000|100%| E|CS|TAMS 0x00000000ff700000| PB 0x00000000ff700000| Complete 
|2040|0x00000000ff800000, 0x00000000ff900000, 0x00000000ff900000|100%| E|CS|TAMS 0x00000000ff800000| PB 0x00000000ff800000| Complete 
|2041|0x00000000ff900000, 0x00000000ffa00000, 0x00000000ffa00000|100%| O|  |TAMS 0x00000000ffa00000| PB 0x00000000ff900000| Untracked 
|2042|0x00000000ffa00000, 0x00000000ffb00000, 0x00000000ffb00000|100%| O|  |TAMS 0x00000000ffb00000| PB 0x00000000ffa00000| Untracked 
|2043|0x00000000ffb00000, 0x00000000ffc00000, 0x00000000ffc00000|100%| O|  |TAMS 0x00000000ffc00000| PB 0x00000000ffb00000| Untracked 
|2044|0x00000000ffc00000, 0x00000000ffd00000, 0x00000000ffd00000|100%| O|  |TAMS 0x00000000ffd00000| PB 0x00000000ffc00000| Untracked 
|2045|0x00000000ffd00000, 0x00000000ffe00000, 0x00000000ffe00000|100%| O|  |TAMS 0x00000000ffe00000| PB 0x00000000ffd00000| Untracked 
|2046|0x00000000ffe00000, 0x00000000fff00000, 0x00000000fff00000|100%| O|  |TAMS 0x00000000fff00000| PB 0x00000000ffe00000| Untracked 
|2047|0x00000000fff00000, 0x0000000100000000, 0x0000000100000000|100%| O|  |TAMS 0x0000000100000000| PB 0x00000000fff00000| Untracked 

Card table byte_map: [0x00000221138b0000,0x0000022113cb0000] _byte_map_base: 0x00000221134b0000

Marking Bits: (CMBitMap*) 0x000002217fc083c0
 Bits: [0x0000022113cb0000, 0x0000022115cb0000)

Polling page: 0x000002217ee80000

Metaspace:

Usage:
  Non-class:    269.33 MB used.
      Class:     40.29 MB used.
       Both:    309.62 MB used.

Virtual space:
  Non-class space:      320.00 MB reserved,     271.12 MB ( 85%) committed,  5 nodes.
      Class space:        1.00 GB reserved,      41.94 MB (  4%) committed,  1 nodes.
             Both:        1.31 GB reserved,     313.06 MB ( 23%) committed. 

Chunk freelists:
   Non-Class:  272.00 KB
       Class:  6.06 MB
        Both:  6.33 MB

MaxMetaspaceSize: unlimited
CompressedClassSpaceSize: 1.00 GB
Initial GC threshold: 21.00 MB
Current GC threshold: 504.00 MB
CDS: off
 - commit_granule_bytes: 65536.
 - commit_granule_words: 8192.
 - virtual_space_node_default_size: 8388608.
 - enlarge_chunks_in_place: 1.
 - use_allocation_guard: 0.


Internal statistics:

num_allocs_failed_limit: 12.
num_arena_births: 6532.
num_arena_deaths: 30.
num_vsnodes_births: 6.
num_vsnodes_deaths: 0.
num_space_committed: 5006.
num_space_uncommitted: 0.
num_chunks_returned_to_freelist: 53.
num_chunks_taken_from_freelist: 19723.
num_chunk_merges: 11.
num_chunk_splits: 13699.
num_chunks_enlarged: 9776.
num_inconsistent_stats: 0.

CodeHeap 'non-profiled nmethods': size=120000Kb used=19682Kb max_used=19682Kb free=100317Kb
 bounds [0x000002210bf80000, 0x000002210d2c0000, 0x00000221134b0000]
CodeHeap 'profiled nmethods': size=120000Kb used=46987Kb max_used=46987Kb free=73012Kb
 bounds [0x00000221044b0000, 0x00000221072a0000, 0x000002210b9e0000]
CodeHeap 'non-nmethods': size=5760Kb used=2558Kb max_used=2688Kb free=3201Kb
 bounds [0x000002210b9e0000, 0x000002210bc90000, 0x000002210bf80000]
CodeCache: size=245760Kb, used=69227Kb, max_used=69357Kb, free=176530Kb
 total_blobs=20948, nmethods=19590, adapters=1257, full_count=0
Compilation: enabled, stopped_count=0, restarted_count=0

Compilation events (20 events):
Event: 1421.671 Thread 0x00000221338d8040 nmethod 49942 0x000002210d2b0f10 code [0x000002210d2b10a0, 0x000002210d2b11e8]
Event: 1421.837 Thread 0x000002211c09d670 nmethod 49938 0x000002210d2b1310 code [0x000002210d2b1960, 0x000002210d2b5888]
Event: 1421.869 Thread 0x000002211c0a0120 49943       3       org.gradle.api.internal.project.LifecycleAwareProject::wrap (15 bytes)
Event: 1421.870 Thread 0x000002211c0a0120 nmethod 49943 0x0000022107294710 code [0x0000022107294940, 0x0000022107295338]
Event: 1421.893 Thread 0x000002211c09d670 49944       4       org.gradle.internal.fingerprint.classpath.impl.ClasspathFingerprintingStrategy$ClasspathFingerprintingVisitor::visitEntry (20 bytes)
Event: 1421.894 Thread 0x000002211c09d670 nmethod 49944 0x000002210d2b7d90 code [0x000002210d2b7f20, 0x000002210d2b8058]
Event: 1421.904 Thread 0x000002211c0a0120 49945       3       org.gradle.api.internal.initialization.ClassLoaderScopeIdentifier::equals (63 bytes)
Event: 1421.904 Thread 0x000002211c0a0120 nmethod 49945 0x0000022107295690 code [0x0000022107295880, 0x0000022107295dc8]
Event: 1421.911 Thread 0x000002211c09d670 49946       4       java.util.concurrent.locks.LockSupport::setCurrentBlocker (14 bytes)
Event: 1421.912 Thread 0x000002211c09d670 nmethod 49946 0x000002210d2b8190 code [0x000002210d2b8320, 0x000002210d2b8470]
Event: 1422.070 Thread 0x000002211c0a0120 49947       3       java.util.concurrent.ConcurrentHashMap::getOrDefault (16 bytes)
Event: 1422.070 Thread 0x000002211c0a0120 nmethod 49947 0x0000022107295f90 code [0x0000022107296140, 0x00000221072962e8]
Event: 1422.080 Thread 0x000002211c0a0120 49948   !   3       java.security.Permissions::createPermissionCollection (126 bytes)
Event: 1422.081 Thread 0x000002211c0a0120 nmethod 49948 0x0000022107296390 code [0x00000221072965c0, 0x0000022107296e40]
Event: 1422.297 Thread 0x000002211c0a0120 49949       3       org.gradle.api.internal.plugins.DefaultPluginManager::addPluginInternal (45 bytes)
Event: 1422.298 Thread 0x000002211c0a0120 nmethod 49949 0x0000022107297290 code [0x00000221072974a0, 0x0000022107297bc0]
Event: 1423.287 Thread 0x000002211c09d670 49950       4       java.io.IOException::<init> (6 bytes)
Event: 1423.289 Thread 0x000002211c09d670 nmethod 49950 0x000002210d2b8510 code [0x000002210d2b86c0, 0x000002210d2b8ab0]
Event: 1423.292 Thread 0x000002211c0a0120 49951       3       java.security.PrivilegedActionException::getException (8 bytes)
Event: 1423.292 Thread 0x000002211c0a0120 nmethod 49951 0x0000022107297e10 code [0x0000022107297fc0, 0x0000022107298348]

GC Heap History (20 events):
Event: 1053.313 GC heap after
{Heap after GC invocations=110 (full 0):
 garbage-first heap   total 552960K, used 282112K [0x0000000080000000, 0x0000000100000000)
  region size 1024K, 17 young (17408K), 17 survivors (17408K)
 Metaspace       used 286040K, committed 289344K, reserved 1310720K
  class space    used 37309K, committed 38912K, reserved 1048576K
}
Event: 1091.050 GC heap before
{Heap before GC invocations=110 (full 0):
 garbage-first heap   total 552960K, used 514560K [0x0000000080000000, 0x0000000100000000)
  region size 1024K, 244 young (249856K), 17 survivors (17408K)
 Metaspace       used 286375K, committed 289728K, reserved 1310720K
  class space    used 37363K, committed 38976K, reserved 1048576K
}
Event: 1091.076 GC heap after
{Heap after GC invocations=111 (full 0):
 garbage-first heap   total 552960K, used 284672K [0x0000000080000000, 0x0000000100000000)
  region size 1024K, 19 young (19456K), 19 survivors (19456K)
 Metaspace       used 286375K, committed 289728K, reserved 1310720K
  class space    used 37363K, committed 38976K, reserved 1048576K
}
Event: 1102.879 GC heap before
{Heap before GC invocations=112 (full 0):
 garbage-first heap   total 552960K, used 521216K [0x0000000080000000, 0x0000000100000000)
  region size 1024K, 247 young (252928K), 19 survivors (19456K)
 Metaspace       used 298747K, committed 302144K, reserved 1376256K
  class space    used 38927K, committed 40576K, reserved 1048576K
}
Event: 1102.898 GC heap after
{Heap after GC invocations=113 (full 0):
 garbage-first heap   total 552960K, used 290360K [0x0000000080000000, 0x0000000100000000)
  region size 1024K, 22 young (22528K), 22 survivors (22528K)
 Metaspace       used 298747K, committed 302144K, reserved 1376256K
  class space    used 38927K, committed 40576K, reserved 1048576K
}
Event: 1220.174 GC heap before
{Heap before GC invocations=113 (full 0):
 garbage-first heap   total 552960K, used 520760K [0x0000000080000000, 0x0000000100000000)
  region size 1024K, 247 young (252928K), 22 survivors (22528K)
 Metaspace       used 298874K, committed 302208K, reserved 1376256K
  class space    used 38938K, committed 40576K, reserved 1048576K
}
Event: 1220.225 GC heap after
{Heap after GC invocations=114 (full 0):
 garbage-first heap   total 571392K, used 297984K [0x0000000080000000, 0x0000000100000000)
  region size 1024K, 31 young (31744K), 31 survivors (31744K)
 Metaspace       used 298874K, committed 302208K, reserved 1376256K
  class space    used 38938K, committed 40576K, reserved 1048576K
}
Event: 1222.026 GC heap before
{Heap before GC invocations=114 (full 0):
 garbage-first heap   total 571392K, used 309248K [0x0000000080000000, 0x0000000100000000)
  region size 1024K, 43 young (44032K), 31 survivors (31744K)
 Metaspace       used 298920K, committed 302272K, reserved 1376256K
  class space    used 38938K, committed 40576K, reserved 1048576K
}
Event: 1222.057 GC heap after
{Heap after GC invocations=115 (full 0):
 garbage-first heap   total 571392K, used 302717K [0x0000000080000000, 0x0000000100000000)
  region size 1024K, 5 young (5120K), 5 survivors (5120K)
 Metaspace       used 298920K, committed 302272K, reserved 1376256K
  class space    used 38938K, committed 40576K, reserved 1048576K
}
Event: 1230.372 GC heap before
{Heap before GC invocations=116 (full 0):
 garbage-first heap   total 571392K, used 499325K [0x0000000080000000, 0x0000000100000000)
  region size 1024K, 192 young (196608K), 5 survivors (5120K)
 Metaspace       used 299886K, committed 303296K, reserved 1376256K
  class space    used 39025K, committed 40704K, reserved 1048576K
}
Event: 1230.389 GC heap after
{Heap after GC invocations=117 (full 0):
 garbage-first heap   total 571392K, used 314880K [0x0000000080000000, 0x0000000100000000)
  region size 1024K, 20 young (20480K), 20 survivors (20480K)
 Metaspace       used 299886K, committed 303296K, reserved 1376256K
  class space    used 39025K, committed 40704K, reserved 1048576K
}
Event: 1238.448 GC heap before
{Heap before GC invocations=117 (full 0):
 garbage-first heap   total 571392K, used 501248K [0x0000000080000000, 0x0000000100000000)
  region size 1024K, 201 young (205824K), 20 survivors (20480K)
 Metaspace       used 300766K, committed 304256K, reserved 1376256K
  class space    used 39082K, committed 40768K, reserved 1048576K
}
Event: 1238.474 GC heap after
{Heap after GC invocations=118 (full 0):
 garbage-first heap   total 571392K, used 309519K [0x0000000080000000, 0x0000000100000000)
  region size 1024K, 6 young (6144K), 6 survivors (6144K)
 Metaspace       used 300766K, committed 304256K, reserved 1376256K
  class space    used 39082K, committed 40768K, reserved 1048576K
}
Event: 1242.001 GC heap before
{Heap before GC invocations=118 (full 0):
 garbage-first heap   total 571392K, used 369935K [0x0000000080000000, 0x0000000100000000)
  region size 1024K, 67 young (68608K), 6 survivors (6144K)
 Metaspace       used 306095K, committed 309504K, reserved 1376256K
  class space    used 39714K, committed 41344K, reserved 1048576K
}
Event: 1242.012 GC heap after
{Heap after GC invocations=119 (full 0):
 garbage-first heap   total 571392K, used 310272K [0x0000000080000000, 0x0000000100000000)
  region size 1024K, 6 young (6144K), 6 survivors (6144K)
 Metaspace       used 306095K, committed 309504K, reserved 1376256K
  class space    used 39714K, committed 41344K, reserved 1048576K
}
Event: 1247.133 GC heap before
{Heap before GC invocations=120 (full 0):
 garbage-first heap   total 571392K, used 517120K [0x0000000080000000, 0x0000000100000000)
  region size 1024K, 208 young (212992K), 6 survivors (6144K)
 Metaspace       used 315000K, committed 318464K, reserved 1376256K
  class space    used 40938K, committed 42624K, reserved 1048576K
}
Event: 1247.146 GC heap after
{Heap after GC invocations=121 (full 0):
 garbage-first heap   total 571392K, used 305456K [0x0000000080000000, 0x0000000100000000)
  region size 1024K, 14 young (14336K), 14 survivors (14336K)
 Metaspace       used 315000K, committed 318464K, reserved 1376256K
  class space    used 40938K, committed 42624K, reserved 1048576K
}
Event: 1272.876 GC heap before
{Heap before GC invocations=121 (full 0):
 garbage-first heap   total 571392K, used 517424K [0x0000000080000000, 0x0000000100000000)
  region size 1024K, 221 young (226304K), 14 survivors (14336K)
 Metaspace       used 315739K, committed 319168K, reserved 1376256K
  class space    used 41025K, committed 42688K, reserved 1048576K
}
Event: 1272.909 GC heap after
{Heap after GC invocations=122 (full 0):
 garbage-first heap   total 571392K, used 275275K [0x0000000080000000, 0x0000000100000000)
  region size 1024K, 14 young (14336K), 14 survivors (14336K)
 Metaspace       used 315739K, committed 319168K, reserved 1376256K
  class space    used 41025K, committed 42688K, reserved 1048576K
}
Event: 1423.445 GC heap before
{Heap before GC invocations=122 (full 0):
 garbage-first heap   total 571392K, used 507723K [0x0000000080000000, 0x0000000100000000)
  region size 1024K, 243 young (248832K), 14 survivors (14336K)
 Metaspace       used 317051K, committed 320576K, reserved 1376256K
  class space    used 41257K, committed 42944K, reserved 1048576K
}

Dll operation events (3 events):
Event: 0.009 Loaded shared library C:\Program Files\Android\Android Studio\jbr\bin\java.dll
Event: 0.014 Loaded shared library C:\Program Files\Android\Android Studio\jbr\bin\zip.dll
Event: 0.744 Loaded shared library C:\Program Files\Android\Android Studio\jbr\bin\verify.dll

Deoptimization events (20 events):
Event: 1248.218 Thread 0x000002212bb2f890 DEOPT PACKING pc=0x000002210cfc545c sp=0x00000060646fd330
Event: 1248.218 Thread 0x000002212bb2f890 DEOPT UNPACKING pc=0x000002210ba343a2 sp=0x00000060646fd380 mode 2
Event: 1248.219 Thread 0x000002212bb2f890 Uncommon trap: trap_request=0x00000068 fr.pc=0x000002210c2f5e9c relative=0x0000000000003e7c
Event: 1248.219 Thread 0x000002212bb2f890 Uncommon trap: reason=unloaded action=reinterpret pc=0x000002210c2f5e9c method=jdk.internal.reflect.DirectMethodHandleAccessor.invoke(Ljava/lang/Object;[Ljava/lang/Object;)Ljava/lang/Object; @ 83 c2
Event: 1248.219 Thread 0x000002212bb2f890 DEOPT PACKING pc=0x000002210c2f5e9c sp=0x00000060646fd5a0
Event: 1248.219 Thread 0x000002212bb2f890 DEOPT UNPACKING pc=0x000002210ba343a2 sp=0x00000060646fd3a0 mode 2
Event: 1248.260 Thread 0x000002212bb2f890 Uncommon trap: trap_request=0xffffffc6 fr.pc=0x000002210c5ddc10 relative=0x0000000000000b30
Event: 1248.260 Thread 0x000002212bb2f890 Uncommon trap: reason=bimorphic_or_optimized_type_check action=maybe_recompile pc=0x000002210c5ddc10 method=com.google.common.collect.AbstractMapBasedMultimap.iteratorOrListIterator(Ljava/util/Collection;)Ljava/util/Iterator; @ 20 c2
Event: 1248.260 Thread 0x000002212bb2f890 DEOPT PACKING pc=0x000002210c5ddc10 sp=0x00000060646fd6d0
Event: 1248.260 Thread 0x000002212bb2f890 DEOPT UNPACKING pc=0x000002210ba343a2 sp=0x00000060646fd578 mode 2
Event: 1248.261 Thread 0x000002212bb2f890 Uncommon trap: trap_request=0xffffffc6 fr.pc=0x000002210c5ddc10 relative=0x0000000000000b30
Event: 1248.261 Thread 0x000002212bb2f890 Uncommon trap: reason=bimorphic_or_optimized_type_check action=maybe_recompile pc=0x000002210c5ddc10 method=com.google.common.collect.AbstractMapBasedMultimap.iteratorOrListIterator(Ljava/util/Collection;)Ljava/util/Iterator; @ 20 c2
Event: 1248.261 Thread 0x000002212bb2f890 DEOPT PACKING pc=0x000002210c5ddc10 sp=0x00000060646fd6d0
Event: 1248.261 Thread 0x000002212bb2f890 DEOPT UNPACKING pc=0x000002210ba343a2 sp=0x00000060646fd578 mode 2
Event: 1412.512 Thread 0x000002211d6d3510 Uncommon trap: trap_request=0xffffff45 fr.pc=0x000002210c3b1d38 relative=0x00000000000004f8
Event: 1412.512 Thread 0x000002211d6d3510 Uncommon trap: reason=unstable_if action=reinterpret pc=0x000002210c3b1d38 method=java.util.concurrent.ConcurrentLinkedQueue.poll()Ljava/lang/Object; @ 24 c2
Event: 1412.512 Thread 0x000002211d6d3510 DEOPT PACKING pc=0x000002210c3b1d38 sp=0x00000060659fe570
Event: 1412.513 Thread 0x000002211d6d3510 DEOPT UNPACKING pc=0x000002210ba343a2 sp=0x00000060659fe518 mode 2
Event: 1415.577 Thread 0x000002211c4727b0 DEOPT PACKING pc=0x0000022106dd223c sp=0x00000060646fb010
Event: 1415.577 Thread 0x000002211c4727b0 DEOPT UNPACKING pc=0x000002210ba34b42 sp=0x00000060646fa568 mode 0

Classes loaded (20 events):
Event: 1025.087 Loading class com/sun/xml/internal/stream/StaxXMLInputSource
Event: 1025.088 Loading class com/sun/xml/internal/stream/StaxXMLInputSource done
Event: 1025.089 Loading class com/sun/xml/internal/stream/Entity$InternalEntity
Event: 1025.089 Loading class com/sun/xml/internal/stream/Entity$InternalEntity done
Event: 1025.095 Loading class com/sun/org/apache/xerces/internal/dom/DeferredDocumentTypeImpl
Event: 1025.096 Loading class com/sun/org/apache/xerces/internal/dom/DeferredDocumentTypeImpl done
Event: 1025.096 Loading class com/sun/org/apache/xerces/internal/dom/DeferredEntityImpl
Event: 1025.096 Loading class com/sun/org/apache/xerces/internal/dom/EntityImpl
Event: 1025.096 Loading class org/w3c/dom/Entity
Event: 1025.097 Loading class org/w3c/dom/Entity done
Event: 1025.097 Loading class com/sun/org/apache/xerces/internal/dom/EntityImpl done
Event: 1025.097 Loading class com/sun/org/apache/xerces/internal/dom/DeferredEntityImpl done
Event: 1025.214 Loading class com/sun/org/apache/xerces/internal/dom/DeferredCommentImpl
Event: 1025.214 Loading class com/sun/org/apache/xerces/internal/dom/DeferredCommentImpl done
Event: 1025.754 Loading class java/util/TreeMap$EntrySpliterator
Event: 1025.754 Loading class java/util/TreeMap$EntrySpliterator done
Event: 1027.284 Loading class java/util/Collections$UnmodifiableSortedMap
Event: 1027.284 Loading class java/util/Collections$UnmodifiableSortedMap done
Event: 1248.219 Loading class java/lang/invoke/WrongMethodTypeException
Event: 1248.219 Loading class java/lang/invoke/WrongMethodTypeException done

Classes unloaded (15 events):
Event: 784.621 Thread 0x000002211c031670 Unloading class 0x0000000101631c00 'java/lang/invoke/LambdaForm$MH+0x0000000101631c00'
Event: 784.621 Thread 0x000002211c031670 Unloading class 0x00000001015a0000 'java/lang/invoke/LambdaForm$MH+0x00000001015a0000'
Event: 784.621 Thread 0x000002211c031670 Unloading class 0x00000001014a8800 'java/lang/invoke/LambdaForm$DMH+0x00000001014a8800'
Event: 784.621 Thread 0x000002211c031670 Unloading class 0x00000001014a8400 'java/lang/invoke/LambdaForm$DMH+0x00000001014a8400'
Event: 784.621 Thread 0x000002211c031670 Unloading class 0x0000000101480800 'java/lang/invoke/LambdaForm$DMH+0x0000000101480800'
Event: 784.621 Thread 0x000002211c031670 Unloading class 0x0000000101480000 'java/lang/invoke/LambdaForm$DMH+0x0000000101480000'
Event: 784.621 Thread 0x000002211c031670 Unloading class 0x000000010142c400 'java/lang/invoke/LambdaForm$DMH+0x000000010142c400'
Event: 784.621 Thread 0x000002211c031670 Unloading class 0x000000010142c000 'java/lang/invoke/LambdaForm$DMH+0x000000010142c000'
Event: 784.621 Thread 0x000002211c031670 Unloading class 0x00000001013b0400 'java/lang/invoke/LambdaForm$DMH+0x00000001013b0400'
Event: 784.621 Thread 0x000002211c031670 Unloading class 0x00000001012d2400 'jdk/internal/reflect/GeneratedSerializationConstructorAccessor198'
Event: 784.622 Thread 0x000002211c031670 Unloading class 0x0000000100f00000 'java/lang/invoke/LambdaForm$MH+0x0000000100f00000'
Event: 795.155 Thread 0x000002211c031670 Unloading class 0x0000000101633800 'java/lang/invoke/LambdaForm$MH+0x0000000101633800'
Event: 808.523 Thread 0x000002211c031670 Unloading class 0x00000001016b0c00 'java/lang/invoke/LambdaForm$MH+0x00000001016b0c00'
Event: 958.768 Thread 0x000002211c031670 Unloading class 0x00000001016b0c00 'java/lang/invoke/LambdaForm$MH+0x00000001016b0c00'
Event: 958.768 Thread 0x000002211c031670 Unloading class 0x0000000101916400 'java/lang/invoke/LambdaForm$MH+0x0000000101916400'

Classes redefined (0 events):
No events

Internal exceptions (20 events):
Event: 1423.287 Thread 0x000002211c4727b0 Exception <a 'sun/nio/fs/WindowsException'{0x00000000937ec560}> (0x00000000937ec560) 
thrown [s\src\hotspot\share\prims\jni.cpp, line 537]
Event: 1423.288 Thread 0x000002211c4727b0 Exception <a 'sun/nio/fs/WindowsException'{0x00000000937f41a8}> (0x00000000937f41a8) 
thrown [s\src\hotspot\share\prims\jni.cpp, line 537]
Event: 1423.288 Thread 0x000002211c4727b0 Exception <a 'sun/nio/fs/WindowsException'{0x00000000937fbd50}> (0x00000000937fbd50) 
thrown [s\src\hotspot\share\prims\jni.cpp, line 537]
Event: 1423.288 Thread 0x000002211c4727b0 Exception <a 'sun/nio/fs/WindowsException'{0x00000000936efb80}> (0x00000000936efb80) 
thrown [s\src\hotspot\share\prims\jni.cpp, line 537]
Event: 1423.288 Thread 0x000002211c4727b0 Exception <a 'sun/nio/fs/WindowsException'{0x00000000936f76b8}> (0x00000000936f76b8) 
thrown [s\src\hotspot\share\prims\jni.cpp, line 537]
Event: 1423.288 Thread 0x000002211c4727b0 Exception <a 'sun/nio/fs/WindowsException'{0x00000000936ff1d8}> (0x00000000936ff1d8) 
thrown [s\src\hotspot\share\prims\jni.cpp, line 537]
Event: 1423.289 Thread 0x000002211c4727b0 Exception <a 'sun/nio/fs/WindowsException'{0x0000000093406fa8}> (0x0000000093406fa8) 
thrown [s\src\hotspot\share\prims\jni.cpp, line 537]
Event: 1423.289 Thread 0x000002211c4727b0 Exception <a 'sun/nio/fs/WindowsException'{0x000000009340eb48}> (0x000000009340eb48) 
thrown [s\src\hotspot\share\prims\jni.cpp, line 537]
Event: 1423.289 Thread 0x000002211c4727b0 Exception <a 'sun/nio/fs/WindowsException'{0x0000000093416948}> (0x0000000093416948) 
thrown [s\src\hotspot\share\prims\jni.cpp, line 537]
Event: 1423.289 Thread 0x000002211c4727b0 Exception <a 'sun/nio/fs/WindowsException'{0x000000009341e468}> (0x000000009341e468) 
thrown [s\src\hotspot\share\prims\jni.cpp, line 537]
Event: 1423.289 Thread 0x000002211c4727b0 Exception <a 'sun/nio/fs/WindowsException'{0x0000000093426008}> (0x0000000093426008) 
thrown [s\src\hotspot\share\prims\jni.cpp, line 537]
Event: 1423.289 Thread 0x000002211c4727b0 Exception <a 'sun/nio/fs/WindowsException'{0x000000009342dbc8}> (0x000000009342dbc8) 
thrown [s\src\hotspot\share\prims\jni.cpp, line 537]
Event: 1423.290 Thread 0x000002211c4727b0 Exception <a 'sun/nio/fs/WindowsException'{0x0000000093435698}> (0x0000000093435698) 
thrown [s\src\hotspot\share\prims\jni.cpp, line 537]
Event: 1423.291 Thread 0x000002211ed1c560 Exception <a 'sun/nio/fs/WindowsException'{0x0000000093336cd8}> (0x0000000093336cd8) 
thrown [s\src\hotspot\share\prims\jni.cpp, line 537]
Event: 1423.292 Thread 0x000002211c4727b0 Exception <a 'sun/nio/fs/WindowsException'{0x000000009335b368}> (0x000000009335b368) 
thrown [s\src\hotspot\share\prims\jni.cpp, line 537]
Event: 1423.292 Thread 0x000002211c4727b0 Exception <a 'sun/nio/fs/WindowsException'{0x0000000093362e18}> (0x0000000093362e18) 
thrown [s\src\hotspot\share\prims\jni.cpp, line 537]
Event: 1423.292 Thread 0x000002211c4727b0 Exception <a 'sun/nio/fs/WindowsException'{0x000000009336a9e8}> (0x000000009336a9e8) 
thrown [s\src\hotspot\share\prims\jni.cpp, line 537]
Event: 1423.292 Thread 0x000002211c4727b0 Exception <a 'sun/nio/fs/WindowsException'{0x00000000933724a8}> (0x00000000933724a8) 
thrown [s\src\hotspot\share\prims\jni.cpp, line 537]
Event: 1423.293 Thread 0x000002211c4727b0 Exception <a 'sun/nio/fs/WindowsException'{0x0000000093379fe0}> (0x0000000093379fe0) 
thrown [s\src\hotspot\share\prims\jni.cpp, line 537]
Event: 1423.293 Thread 0x000002211c4727b0 Exception <a 'sun/nio/fs/WindowsException'{0x0000000093381bb0}> (0x0000000093381bb0) 
thrown [s\src\hotspot\share\prims\jni.cpp, line 537]

ZGC Phase Switch (0 events):
No events

VM Operations (20 events):
Event: 1412.243 Executing VM operation: Cleanup done
Event: 1413.318 Executing VM operation: Cleanup
Event: 1413.318 Executing VM operation: Cleanup done
Event: 1414.328 Executing VM operation: Cleanup
Event: 1414.372 Executing VM operation: Cleanup done
Event: 1415.372 Executing VM operation: Cleanup
Event: 1415.534 Executing VM operation: Cleanup done
Event: 1417.543 Executing VM operation: Cleanup
Event: 1417.548 Executing VM operation: Cleanup done
Event: 1418.549 Executing VM operation: Cleanup
Event: 1418.550 Executing VM operation: Cleanup done
Event: 1419.581 Executing VM operation: Cleanup
Event: 1419.590 Executing VM operation: Cleanup done
Event: 1420.590 Executing VM operation: Cleanup
Event: 1420.590 Executing VM operation: Cleanup done
Event: 1421.591 Executing VM operation: Cleanup
Event: 1421.591 Executing VM operation: Cleanup done
Event: 1422.592 Executing VM operation: Cleanup
Event: 1422.592 Executing VM operation: Cleanup done
Event: 1423.445 Executing VM operation: G1TryInitiateConcMark (G1 Humongous Allocation)

Memory protections (0 events):
No events

Nmethod flushes (20 events):
Event: 1242.494 Thread 0x000002211c031670 flushing  nmethod 0x00000221054f7290
Event: 1242.494 Thread 0x000002211c031670 flushing  nmethod 0x0000022105530910
Event: 1242.494 Thread 0x000002211c031670 flushing  nmethod 0x0000022105531a90
Event: 1242.494 Thread 0x000002211c031670 flushing  nmethod 0x000002210558e110
Event: 1242.494 Thread 0x000002211c031670 flushing  nmethod 0x0000022105612790
Event: 1242.494 Thread 0x000002211c031670 flushing  nmethod 0x00000221056d9e10
Event: 1242.494 Thread 0x000002211c031670 flushing  nmethod 0x0000022105735c90
Event: 1242.494 Thread 0x000002211c031670 flushing  nmethod 0x0000022105b1d610
Event: 1242.494 Thread 0x000002211c031670 flushing  nmethod 0x0000022105b5d410
Event: 1242.494 Thread 0x000002211c031670 flushing  nmethod 0x0000022105bf0590
Event: 1242.494 Thread 0x000002211c031670 flushing  nmethod 0x0000022105d7c310
Event: 1242.494 Thread 0x000002211c031670 flushing  nmethod 0x0000022105deb710
Event: 1242.494 Thread 0x000002211c031670 flushing  nmethod 0x0000022105f54610
Event: 1242.494 Thread 0x000002211c031670 flushing  nmethod 0x0000022106187d10
Event: 1242.494 Thread 0x000002211c031670 flushing  nmethod 0x000002210643f510
Event: 1242.494 Thread 0x000002211c031670 flushing  nmethod 0x000002210674ef10
Event: 1242.494 Thread 0x000002211c031670 flushing  nmethod 0x00000221069c9910
Event: 1242.494 Thread 0x000002211c031670 flushing  nmethod 0x0000022106db2490
Event: 1242.494 Thread 0x000002211c031670 flushing  nmethod 0x0000022106db3010
Event: 1242.494 Thread 0x000002211c031670 flushing  nmethod 0x0000022106db4210

Events (20 events):
Event: 1412.028 Thread 0x000002211c4727b0 Thread added: 0x000002212bb35470
Event: 1412.073 Thread 0x000002211c4727b0 Thread added: 0x000002212b0e65f0
Event: 1417.187 Thread 0x000002211c4727b0 Thread added: 0x000002212bb340c0
Event: 1417.254 Thread 0x000002211c4727b0 Thread added: 0x000002212bb2eb70
Event: 1417.389 Thread 0x000002211c4727b0 Thread added: 0x000002212bb305b0
Event: 1417.992 Thread 0x000002211c4727b0 Thread added: 0x00000221341ba560
Event: 1417.992 Thread 0x000002211c4727b0 Thread added: 0x00000221341b63c0
Event: 1418.206 Thread 0x000002211c4727b0 Thread added: 0x000002212b0e8030
Event: 1418.206 Thread 0x000002211c4727b0 Thread added: 0x000002212b0e7310
Event: 1418.206 Thread 0x000002211c4727b0 Thread added: 0x000002212b0e86c0
Event: 1418.300 Thread 0x000002211c4727b0 Thread added: 0x000002212b0e8d50
Event: 1418.303 Thread 0x000002211c4727b0 Thread added: 0x000002212b0e6c80
Event: 1421.051 Thread 0x000002211c09d670 Thread added: 0x00000221338d8040
Event: 1421.239 Thread 0x000002211c4727b0 Thread added: 0x000002212bb2f200
Event: 1421.241 Thread 0x000002211c4727b0 Thread added: 0x000002212bb33a30
Event: 1421.279 Thread 0x000002211c4727b0 Thread added: 0x000002212bb2e4e0
Event: 1421.595 Thread 0x000002211c4727b0 Thread added: 0x000002212b0e93e0
Event: 1421.595 Thread 0x000002211c4727b0 Thread added: 0x0000022129396d90
Event: 1421.595 Thread 0x000002211c4727b0 Thread added: 0x0000022129396700
Event: 1421.870 Thread 0x00000221338d8040 Thread exited: 0x00000221338d8040


Dynamic libraries:
0x00007ff728750000 - 0x00007ff72875a000 	C:\Program Files\Android\Android Studio\jbr\bin\java.exe
0x00007ffddf370000 - 0x00007ffddf568000 	C:\Windows\SYSTEM32\ntdll.dll
0x00007ffdde4c0000 - 0x00007ffdde582000 	C:\Windows\System32\KERNEL32.DLL
0x00007ffddcde0000 - 0x00007ffddd0d6000 	C:\Windows\System32\KERNELBASE.dll
0x00007ffddca80000 - 0x00007ffddcb80000 	C:\Windows\System32\ucrtbase.dll
0x00007ffd720b0000 - 0x00007ffd720cb000 	C:\Program Files\Android\Android Studio\jbr\bin\VCRUNTIME140.dll
0x00007ffdd9160000 - 0x00007ffdd9178000 	C:\Program Files\Android\Android Studio\jbr\bin\jli.dll
0x00007ffddebd0000 - 0x00007ffdded71000 	C:\Windows\System32\USER32.dll
0x00007ffddbd30000 - 0x00007ffddbfcb000 	C:\Windows\WinSxS\amd64_microsoft.windows.common-controls_6595b64144ccf1df_6.0.19041.6456_none_60b8a6cb71f64256\COMCTL32.dll
0x00007ffddca50000 - 0x00007ffddca72000 	C:\Windows\System32\win32u.dll
0x00007ffddd720000 - 0x00007ffddd7be000 	C:\Windows\System32\msvcrt.dll
0x00007ffdded80000 - 0x00007ffddedab000 	C:\Windows\System32\GDI32.dll
0x00007ffddcc10000 - 0x00007ffddcd29000 	C:\Windows\System32\gdi32full.dll
0x00007ffddd2f0000 - 0x00007ffddd38d000 	C:\Windows\System32\msvcp_win.dll
0x00007ffddd4c0000 - 0x00007ffddd4ef000 	C:\Windows\System32\IMM32.DLL
0x00007ffd77490000 - 0x00007ffd7749c000 	C:\Program Files\Android\Android Studio\jbr\bin\vcruntime140_1.dll
0x00007ffdbfae0000 - 0x00007ffdbfb6d000 	C:\Program Files\Android\Android Studio\jbr\bin\msvcp140.dll
0x00007ffd70ea0000 - 0x00007ffd71b36000 	C:\Program Files\Android\Android Studio\jbr\bin\server\jvm.dll
0x00007ffdde6c0000 - 0x00007ffdde771000 	C:\Windows\System32\ADVAPI32.dll
0x00007ffdde0e0000 - 0x00007ffdde17f000 	C:\Windows\System32\sechost.dll
0x00007ffddd550000 - 0x00007ffddd670000 	C:\Windows\System32\RPCRT4.dll
0x00007ffddd0e0000 - 0x00007ffddd107000 	C:\Windows\System32\bcrypt.dll
0x00007ffddeae0000 - 0x00007ffddeb4b000 	C:\Windows\System32\WS2_32.dll
0x00007ffddc7b0000 - 0x00007ffddc7fb000 	C:\Windows\SYSTEM32\POWRPROF.dll
0x00007ffdcc6a0000 - 0x00007ffdcc6c7000 	C:\Windows\SYSTEM32\WINMM.dll
0x00007ffdd63a0000 - 0x00007ffdd63aa000 	C:\Windows\SYSTEM32\VERSION.dll
0x00007ffddc790000 - 0x00007ffddc7a2000 	C:\Windows\SYSTEM32\UMPDC.dll
0x00007ffdd9a60000 - 0x00007ffdd9a72000 	C:\Windows\SYSTEM32\kernel.appcore.dll
0x00007ffd75c70000 - 0x00007ffd75c7a000 	C:\Program Files\Android\Android Studio\jbr\bin\jimage.dll
0x00007ffddc340000 - 0x00007ffddc541000 	C:\Windows\SYSTEM32\DBGHELP.DLL
0x00007ffddc0e0000 - 0x00007ffddc114000 	C:\Windows\SYSTEM32\dbgcore.DLL
0x00007ffddcb80000 - 0x00007ffddcc02000 	C:\Windows\System32\bcryptPrimitives.dll
0x00007ffdd9e70000 - 0x00007ffdd9e7e000 	C:\Program Files\Android\Android Studio\jbr\bin\instrument.dll
0x00007ffd72090000 - 0x00007ffd720b0000 	C:\Program Files\Android\Android Studio\jbr\bin\java.dll
0x00007ffd72070000 - 0x00007ffd72088000 	C:\Program Files\Android\Android Studio\jbr\bin\zip.dll
0x00007ffddd7c0000 - 0x00007ffdddf30000 	C:\Windows\System32\SHELL32.dll
0x00007ffdda3f0000 - 0x00007ffddab95000 	C:\Windows\SYSTEM32\windows.storage.dll
0x00007ffdde780000 - 0x00007ffddead4000 	C:\Windows\System32\combase.dll
0x00007ffddbc90000 - 0x00007ffddbcbb000 	C:\Windows\SYSTEM32\Wldp.dll
0x00007ffdde2c0000 - 0x00007ffdde38d000 	C:\Windows\System32\OLEAUT32.dll
0x00007ffdde590000 - 0x00007ffdde63d000 	C:\Windows\System32\SHCORE.dll
0x00007ffdde180000 - 0x00007ffdde1db000 	C:\Windows\System32\shlwapi.dll
0x00007ffddc930000 - 0x00007ffddc954000 	C:\Windows\SYSTEM32\profapi.dll
0x00007ffd75670000 - 0x00007ffd75680000 	C:\Program Files\Android\Android Studio\jbr\bin\net.dll
0x00007ffdd52d0000 - 0x00007ffdd53da000 	C:\Windows\SYSTEM32\WINHTTP.dll
0x00007ffddbb90000 - 0x00007ffddbbfa000 	C:\Windows\system32\mswsock.dll
0x00007ffd72050000 - 0x00007ffd72066000 	C:\Program Files\Android\Android Studio\jbr\bin\nio.dll
0x00007ffdc5630000 - 0x00007ffdc5640000 	C:\Program Files\Android\Android Studio\jbr\bin\verify.dll
0x00007ffdd9c60000 - 0x00007ffdd9c87000 	C:\Users\PC\.gradle\native\660c5614fbf4a5f2a75b1949f50a0caf5cd603558e7d8a26e50b933a0cfb79d1\windows-amd64\native-platform.dll
0x00007ffdbe660000 - 0x00007ffdbe6d7000 	C:\Users\PC\.gradle\native\0.2.8\x86_64-windows-gnu\gradle-fileevents.dll
0x00007ffd70b10000 - 0x00007ffd70b19000 	C:\Program Files\Android\Android Studio\jbr\bin\management.dll
0x00007ffd70b00000 - 0x00007ffd70b0b000 	C:\Program Files\Android\Android Studio\jbr\bin\management_ext.dll
0x00007ffdde640000 - 0x00007ffdde648000 	C:\Windows\System32\PSAPI.DLL
0x00007ffddb6d0000 - 0x00007ffddb70b000 	C:\Windows\SYSTEM32\IPHLPAPI.DLL
0x00007ffddd4b0000 - 0x00007ffddd4b8000 	C:\Windows\System32\NSI.dll
0x00007ffd71f60000 - 0x00007ffd71f69000 	C:\Program Files\Android\Android Studio\jbr\bin\extnet.dll
0x00007ffddc700000 - 0x00007ffddc718000 	C:\Windows\SYSTEM32\CRYPTSP.dll
0x00007ffddb370000 - 0x00007ffddb3a8000 	C:\Windows\system32\rsaenh.dll
0x00007ffddc8f0000 - 0x00007ffddc91e000 	C:\Windows\SYSTEM32\USERENV.dll
0x00007ffddbc80000 - 0x00007ffddbc8c000 	C:\Windows\SYSTEM32\CRYPTBASE.dll
0x00007ffd74f20000 - 0x00007ffd74f27000 	C:\Windows\system32\wshunix.dll
0x00007ffddc5d0000 - 0x00007ffddc603000 	C:\Windows\SYSTEM32\ntmarta.dll
0x00007ffdd9cf0000 - 0x00007ffdd9cf7000 	C:\Program Files\Android\Android Studio\jbr\bin\rmi.dll
0x00007ffdd9230000 - 0x00007ffdd92c4000 	C:\Windows\system32\apphelp.dll
0x00007ffddb710000 - 0x00007ffddb7da000 	C:\Windows\SYSTEM32\DNSAPI.dll
0x00007ffdd1410000 - 0x00007ffdd141a000 	C:\Windows\System32\rasadhlp.dll
0x00007ffdd2860000 - 0x00007ffdd28e0000 	C:\Windows\System32\fwpuclnt.dll

JVMTI agents:
C:\Users\PC\.gradle\wrapper\dists\gradle-9.3.1-bin\23ovyewtku6u96viwx3xl3oks\gradle-9.3.1\lib\agents\gradle-instrumentation-agent-9.3.1.jar path:C:\Program Files\Android\Android Studio\jbr\bin\instrument.dll, loaded, initialized, instrumentlib options:none

dbghelp: loaded successfully - version: 4.0.5 - missing functions: none
symbol engine: initialized successfully - sym options: 0x614 - pdb path: .;C:\Program Files\Android\Android Studio\jbr\bin;C:\Windows\SYSTEM32;C:\Windows\WinSxS\amd64_microsoft.windows.common-controls_6595b64144ccf1df_6.0.19041.6456_none_60b8a6cb71f64256;C:\Program Files\Android\Android Studio\jbr\bin\server;C:\Users\PC\.gradle\native\660c5614fbf4a5f2a75b1949f50a0caf5cd603558e7d8a26e50b933a0cfb79d1\windows-amd64;C:\Users\PC\.gradle\native\0.2.8\x86_64-windows-gnu

VM Arguments:
jvm_args: --add-opens=java.base/java.lang=ALL-UNNAMED --add-opens=java.base/java.lang.invoke=ALL-UNNAMED --add-opens=java.base/java.util=ALL-UNNAMED --add-opens=java.prefs/java.util.prefs=ALL-UNNAMED --add-exports=jdk.compiler/com.sun.tools.javac.api=ALL-UNNAMED --add-exports=jdk.compiler/com.sun.tools.javac.util=ALL-UNNAMED --add-opens=java.base/java.util=ALL-UNNAMED --add-opens=java.prefs/java.util.prefs=ALL-UNNAMED --add-opens=java.base/java.nio.charset=ALL-UNNAMED --add-opens=java.base/java.net=ALL-UNNAMED --add-opens=java.base/java.util.concurrent=ALL-UNNAMED --add-opens=java.base/java.util.concurrent.atomic=ALL-UNNAMED --add-opens=java.xml/javax.xml.namespace=ALL-UNNAMED --add-opens=java.base/java.time=ALL-UNNAMED -Xmx2048m -Dfile.encoding=UTF-8 -Duser.country=IN -Duser.language=en -Duser.variant -javaagent:C:\Users\PC\.gradle\wrapper\dists\gradle-9.3.1-bin\23ovyewtku6u96viwx3xl3oks\gradle-9.3.1\lib\agents\gradle-instrumentation-agent-9.3.1.jar 
java_command: org.gradle.launcher.daemon.bootstrap.GradleDaemon 9.3.1
java_class_path (initial): C:\Users\PC\.gradle\wrapper\dists\gradle-9.3.1-bin\23ovyewtku6u96viwx3xl3oks\gradle-9.3.1\lib\gradle-daemon-main-9.3.1.jar
Launcher Type: SUN_STANDARD

[Global flags]
     intx CICompilerCount                          = 3                                         {product} {ergonomic}
     uint ConcGCThreads                            = 1                                         {product} {ergonomic}
     uint G1ConcRefinementThreads                  = 4                                         {product} {ergonomic}
   size_t G1HeapRegionSize                         = 1048576                                   {product} {ergonomic}
    uintx GCDrainStackTargetSize                   = 64                                        {product} {ergonomic}
   size_t InitialHeapSize                          = 134217728                                 {product} {ergonomic}
   size_t MarkStackSize                            = 4194304                                   {product} {ergonomic}
   size_t MaxHeapSize                              = 2147483648                                {product} {command line}
   size_t MaxNewSize                               = 1287651328                                {product} {ergonomic}
   size_t MinHeapDeltaBytes                        = 1048576                                   {product} {ergonomic}
   size_t MinHeapSize                              = 8388608                                   {product} {ergonomic}
    uintx NonNMethodCodeHeapSize                   = 5832780                                {pd product} {ergonomic}
    uintx NonProfiledCodeHeapSize                  = 122912730                              {pd product} {ergonomic}
    uintx ProfiledCodeHeapSize                     = 122912730                              {pd product} {ergonomic}
    uintx ReservedCodeCacheSize                    = 251658240                              {pd product} {ergonomic}
     bool SegmentedCodeCache                       = true                                      {product} {ergonomic}
   size_t SoftMaxHeapSize                          = 2147483648                             {manageable} {ergonomic}
     bool UseCompressedOops                        = true                           {product lp64_product} {ergonomic}
     bool UseG1GC                                  = true                                      {product} {ergonomic}
     bool UseLargePagesIndividualAllocation        = false                                  {pd product} {ergonomic}

Logging:
Log output configuration:
 #0: stdout all=warning uptime,level,tags foldmultilines=false
 #1: stderr all=off uptime,level,tags foldmultilines=false

Release file:
JAVA_VERSION="21.0.9" 
MODULES="java.base java.compiler java.datatransfer java.xml java.prefs java.desktop java.instrument java.logging java.management java.security.sasl java.naming java.rmi java.management.rmi java.net.http java.scripting java.security.jgss java.transaction.xa java.sql java.sql.rowset java.xml.crypto java.se java.smartcardio jdk.accessibility jdk.internal.jvmstat jdk.attach jdk.charsets jdk.internal.opt jdk.zipfs jdk.compiler jdk.crypto.ec jdk.crypto.cryptoki jdk.dynalink jdk.hotspot.agent jdk.httpserver jdk.internal.ed jdk.internal.le jdk.internal.vm.ci jdk.jartool jdk.javadoc jdk.jcmd jdk.jdeps jdk.jdwp.agent jdk.jdi jdk.jfr jdk.jlink jdk.jsobject jdk.localedata jdk.management jdk.management.agent jdk.management.jfr jdk.naming.dns jdk.naming.rmi jdk.net jdk.sctp jdk.security.auth jdk.security.jgss jdk.unsupported jdk.unsupported.desktop jdk.xml.dom" 
IMPLEMENTOR="JetBrains s.r.o." 
JAVA_RUNTIME_VERSION="21.0.9+-14787801-b1163.94" 
LIBC="default" 
OS_ARCH="x86_64" 
OS_NAME="Windows" 
SOURCE=".:git:0c757ddc9f2f" 

Environment Variables:
JAVA_HOME=C:\Program Files\Microsoft\jdk-17.0.18.8-hotspot
PATH=C:\Windows\system32;C:\Windows;C:\Windows\System32\Wbem;C:\Windows\System32\WindowsPowerShell\v1.0\;C:\Windows\System32\OpenSSH\;C:\Users\PC\AppData\Local\Android\Sdk\platforms;C:\Users\PC\AppData\Local\Android\Sdk\build-tools;C:\Users\PC\AppData\Local\Android\Sdk\emulator;C:\Users\PC\AppData\Local\Android\Sdk\platform-tools;C:\Program Files\Microsoft\jdk-17.0.18.8-hotspot;C:\Users\PC\AppData\Local\Android\Sdk;C:\Program Files\Microsoft\jdk-17.0.18.8-hotspot\bin;C:\Program Files\Microsoft SQL Server\170\Tools\Binn\;C:\Program Files\Microsoft SQL Server\Client SDK\ODBC\170\Tools\Binn\;C:\Program Files\dotnet\;C:\Users\PC\AppData\Local\nvm;C:\nvm4w\nodejs;C:\Program Files (x86)\Microsoft SQL Server\150\DTS\Binn\;C:\Users\PC\AppData\Local\Microsoft\WindowsApps;C:\Users\PC\AppData\Local\Programs\Microsoft VS Code\bin;C:\Users\PC\AppData\Local\Android\Sdk\platform-tools;C:\Program Files\Microsoft\jdk-17.0.18.8-hotspot;C:\Users\PC\AppData\Local\Android\Sdk;C:\Users\PC\AppData\Local\Android\Sdk\emulator;C:\Users\PC\AppData\Local\Android\Sdk\build-tools;C:\Users\PC\AppData\Local\Android\Sdk\platforms;C:\Program Files\Microsoft\jdk-17.0.18.8-hotspot\bin;C:\Users\PC\.dotnet\tools;C:\Users\PC\AppData\Local\nvm;C:\nvm4w\nodejs
USERNAME=PC
OS=Windows_NT
PROCESSOR_IDENTIFIER=Intel64 Family 6 Model 94 Stepping 3, GenuineIntel
TMP=C:\Users\PC\AppData\Local\Temp
TEMP=C:\Users\PC\AppData\Local\Temp




Periodic native trim disabled

JNI global refs:
JNI global refs: 27, weak refs: 0

JNI global refs memory usage: 835, weak refs: 201

Process memory usage:
Resident Set Size: 955396K (11% of 8266340K total physical memory with 922492K free physical memory)

OOME stack traces (most recent first):
Classloader memory used:
Loader org.gradle.internal.classloader.VisitableURLClassLoader                         : 120M
Loader org.gradle.internal.classloader.VisitableURLClassLoader$InstrumentingVisitableURLClassLoader: 112M
Loader bootstrap                                                                       : 38108K
Loader org.gradle.initialization.MixInLegacyTypesClassLoader                           : 15416K
Loader org.gradle.internal.classloader.VisitableURLClassLoader                         : 10110K
Loader jdk.internal.loader.ClassLoaders$AppClassLoader                                 : 8325K
Loader java.net.URLClassLoader                                                         : 2503K
Loader jdk.internal.reflect.DelegatingClassLoader                                      : 1659K
Loader jdk.internal.loader.ClassLoaders$PlatformClassLoader                            : 933K
Loader org.gradle.groovy.scripts.internal.DefaultScriptCompilationHandler$ScriptClassLoader: 595K
Loader jdk.internal.jrtfs.JrtFileSystemProvider$JrtFsLoader                            : 344K
Loader sun.reflect.misc.MethodUtil                                                     : 2984B

Classes loaded by more than one classloader:
Class Program                                                                         : loaded 22 times (x 74B)
Class com.google.common.collect.Iterators$ArrayItr                                    : loaded 9 times (x 97B)
Class Settings_gradle$1$1                                                             : loaded 9 times (x 74B)
Class com.google.common.collect.Lists                                                 : loaded 9 times (x 71B)
Class com.google.common.collect.ImmutableCollection                                   : loaded 9 times (x 125B)
Class com.google.common.collect.UnmodifiableIterator                                  : loaded 9 times (x 80B)
Class Settings_gradle                                                                 : loaded 9 times (x 124B)
Class com.google.common.collect.Iterators$MergingIterator                             : loaded 9 times (x 81B)
Class com.google.common.collect.Iterators$5                                           : loaded 9 times (x 82B)
Class com.google.common.collect.Iterators$SingletonIterator                           : loaded 9 times (x 81B)
Class com.google.common.collect.PeekingIterator                                       : loaded 9 times (x 70B)
Class com.google.common.collect.Iterators$4                                           : loaded 9 times (x 82B)
Class com.google.common.collect.Iterators$1                                           : loaded 9 times (x 81B)
Class com.google.common.collect.UnmodifiableListIterator                              : loaded 9 times (x 95B)
Class com.google.common.collect.ImmutableList                                         : loaded 9 times (x 206B)
Class Settings_gradle$1                                                               : loaded 9 times (x 74B)
Class Build_gradle                                                                    : loaded 9 times (x 72B)
Class com.google.common.base.Preconditions                                            : loaded 9 times (x 71B)
Class com.google.common.collect.Iterators                                             : loaded 9 times (x 71B)
Class com.google.common.collect.AbstractIndexedListIterator                           : loaded 9 times (x 96B)
Class com.google.common.collect.AbstractIterator                                      : loaded 9 times (x 82B)
Class com.google.common.collect.Lists$StringAsImmutableList                           : loaded 9 times (x 207B)
Class com.google.common.collect.Iterators$9                                           : loaded 9 times (x 81B)
Class org.gradle.kotlin.dsl.VersionCatalogAccessorsKt                                 : loaded 8 times (x 71B)
Class com.google.common.base.CharMatcher$And                                          : loaded 7 times (x 112B)
Class [Lorg.jetbrains.kotlin.build.report.metrics.BuildTime;                          : loaded 7 times (x 69B)
Class com.google.common.collect.ImmutableSet$SetBuilderImpl                           : loaded 7 times (x 76B)
Class com.google.common.base.CharMatcher$Negated                                      : loaded 7 times (x 113B)
Class com.google.common.collect.ImmutableSet$RegularSetBuilderImpl                    : loaded 7 times (x 77B)
Class org.jetbrains.kotlin.tooling.core.HasMutableExtras                              : loaded 7 times (x 70B)
Class org.jetbrains.kotlin.build.report.metrics.BuildTime                             : loaded 7 times (x 70B)
Class com.google.common.collect.ForwardingObject                                      : loaded 7 times (x 72B)
Class com.google.common.collect.ImmutableList$SubList                                 : loaded 7 times (x 209B)
Class com.google.common.collect.Multimap                                              : loaded 7 times (x 70B)
Class com.google.common.base.Function                                                 : loaded 7 times (x 70B)
Class com.google.common.collect.RegularImmutableAsList                                : loaded 7 times (x 217B)
Class [Lorg.jetbrains.kotlin.build.report.metrics.GradleBuildTime;                    : loaded 7 times (x 69B)
Class com.google.common.base.CharMatcher$InRange                                      : loaded 7 times (x 111B)
Class com.google.common.collect.SingletonImmutableList                                : loaded 7 times (x 207B)
Class com.google.common.collect.ImmutableList$ReverseImmutableList                    : loaded 7 times (x 209B)
Class com.google.common.base.CharMatcher                                              : loaded 7 times (x 111B)
Class com.google.common.base.CharMatcher$NegatedFastMatcher                           : loaded 7 times (x 113B)
Class com.google.common.base.CharMatcher$IsNot                                        : loaded 7 times (x 111B)
Class com.google.gson.stream.JsonReader                                               : loaded 7 times (x 97B)
Class com.google.common.base.Predicate                                                : loaded 7 times (x 70B)
Class com.google.common.collect.SingletonImmutableSet                                 : loaded 7 times (x 146B)
Class com.google.common.base.CharMatcher$BitSetMatcher                                : loaded 7 times (x 112B)
Class [Lcom.google.gson.Strictness;                                                   : loaded 7 times (x 69B)
Class com.google.common.base.CharMatcher$FastMatcher                                  : loaded 7 times (x 111B)
Class com.google.common.collect.ImmutableSet                                          : loaded 7 times (x 145B)
Class com.google.gson.stream.MalformedJsonException                                   : loaded 7 times (x 82B)
Class com.google.common.collect.RegularImmutableList                                  : loaded 7 times (x 213B)
Class com.google.common.base.CharMatcher$1                                            : loaded 7 times (x 113B)
Class org.jetbrains.kotlin.tooling.core.Extras                                        : loaded 7 times (x 70B)
Class com.google.common.collect.RegularImmutableSet                                   : loaded 7 times (x 149B)
Class com.google.common.base.CharMatcher$ForPredicate                                 : loaded 7 times (x 112B)
Class com.google.common.base.CharMatcher$NamedFastMatcher                             : loaded 7 times (x 112B)
Class com.google.common.base.CharMatcher$AnyOf                                        : loaded 7 times (x 112B)
Class com.google.common.base.CharMatcher$IsEither                                     : loaded 7 times (x 111B)
Class com.google.common.collect.ImmutableList$1                                       : loaded 7 times (x 97B)
Class org.jetbrains.kotlin.tooling.core.HasExtras                                     : loaded 7 times (x 70B)
Class org.jetbrains.kotlin.build.report.metrics.GradleBuildTime$Companion             : loaded 7 times (x 71B)
Class org.jetbrains.kotlin.build.report.metrics.GradleBuildTime                       : loaded 7 times (x 86B)
Class com.google.common.collect.ImmutableSet$CachingAsList                            : loaded 7 times (x 148B)
Class com.google.common.base.CharMatcher$Or                                           : loaded 7 times (x 112B)
Class com.google.gson.Strictness                                                      : loaded 7 times (x 79B)
Class com.google.common.collect.ImmutableCollection$Builder                           : loaded 7 times (x 76B)
Class com.google.common.base.CharMatcher$Is                                           : loaded 7 times (x 111B)
Class com.google.common.collect.ImmutableAsList                                       : loaded 7 times (x 209B)
Class com.google.gson.internal.sql.SqlTypesSupport$2                                  : loaded 6 times (x 74B)
Class com.google.common.cache.CacheLoader$SupplierToCacheLoader                       : loaded 6 times (x 75B)
Class org.objectweb.asm.RecordComponentVisitor                                        : loaded 6 times (x 77B)
Class com.google.gson.internal.ConstructorConstructor                                 : loaded 6 times (x 72B)
Class com.google.gson.Gson$4                                                          : loaded 6 times (x 76B)
Class com.google.gson.internal.bind.DefaultDateTypeAdapter$1                          : loaded 6 times (x 75B)
Class org.objectweb.asm.RecordComponentWriter                                         : loaded 6 times (x 78B)
Class com.google.common.util.concurrent.AbstractFuture$Listener                       : loaded 6 times (x 72B)
Class com.google.gson.internal.bind.TypeAdapters$16                                   : loaded 6 times (x 75B)
Class com.google.gson.internal.bind.TypeAdapters$3                                    : loaded 6 times (x 75B)
Class com.google.gson.internal.bind.TypeAdapters$15                                   : loaded 6 times (x 75B)
Class com.google.gson.internal.bind.TypeAdapters$2                                    : loaded 6 times (x 75B)
Class com.google.gson.internal.sql.SqlTypesSupport$1                                  : loaded 6 times (x 74B)
Class com.google.gson.JsonPrimitive                                                   : loaded 6 times (x 93B)
Class com.google.common.base.FunctionalEquivalence                                    : loaded 6 times (x 83B)
Class com.google.common.util.concurrent.AbstractFuture                                : loaded 6 times (x 106B)
Class com.google.common.collect.AbstractMapBasedMultimap                              : loaded 6 times (x 139B)
Class [Lcom.android.builder.model.v2.ide.ProjectType;                                 : loaded 6 times (x 69B)
Class com.google.gson.internal.sql.SqlTimestampTypeAdapter$1                          : loaded 6 times (x 75B)
Class com.android.build.gradle.internal.plugins.VersionCheckPlugin$Companion          : loaded 6 times (x 71B)
Class com.google.gson.JsonElement                                                     : loaded 6 times (x 92B)
Class com.google.common.cache.CacheStats                                              : loaded 6 times (x 71B)
Class com.google.common.base.Converter                                                : loaded 6 times (x 90B)
Class com.google.gson.internal.bind.TypeAdapters$14                                   : loaded 6 times (x 75B)
Class com.google.gson.internal.bind.TypeAdapters$1                                    : loaded 6 times (x 75B)
Class com.google.gson.internal.bind.NumberTypeAdapter$1                               : loaded 6 times (x 76B)
Class com.google.common.cache.ReferenceEntry                                          : loaded 6 times (x 70B)
Class com.google.common.util.concurrent.ListenableFuture                              : loaded 6 times (x 70B)
Class com.google.common.collect.ImmutableEnumSet                                      : loaded 6 times (x 146B)
Class org.objectweb.asm.AnnotationWriter                                              : loaded 6 times (x 79B)
Class org.gradle.accessors.dm.LibrariesForLibs$AndroidxCoreLibraryAccessors           : loaded 6 times (x 77B)
Class org.gradle.accessors.dm.LibrariesForLibsInPluginsBlock$AndroidxEspressoLibraryAccessors: loaded 6 times (x 77B)
Class org.objectweb.asm.Attribute                                                     : loaded 6 times (x 77B)
Class com.google.common.base.Supplier                                                 : loaded 6 times (x 70B)
Class com.google.common.util.concurrent.ExecutionError                                : loaded 6 times (x 82B)
Class com.google.gson.internal.bind.CollectionTypeAdapterFactory                      : loaded 6 times (x 75B)
Class com.google.gson.internal.bind.TypeAdapters$17                                   : loaded 6 times (x 75B)
Class com.google.gson.JsonObject                                                      : loaded 6 times (x 93B)
Class com.google.gson.internal.bind.TypeAdapters$4                                    : loaded 6 times (x 75B)
Class com.google.gson.internal.bind.TypeAdapters$13                                   : loaded 6 times (x 75B)
Class com.google.common.collect.Maps$EntryTransformer                                 : loaded 6 times (x 70B)
Class org.gradle.accessors.dm.LibrariesForLibs$VersionAccessors                       : loaded 6 times (x 83B)
Class [Lcom.google.gson.ToNumberStrategy;                                             : loaded 6 times (x 69B)
Class com.google.gson.internal.bind.TypeAdapters$12                                   : loaded 6 times (x 75B)
Class org.gradle.accessors.dm.LibrariesForLibs$AndroidxEspressoLibraryAccessors       : loaded 6 times (x 77B)
Class com.google.common.cache.LocalCache$LocalManualCache$1                           : loaded 6 times (x 75B)
Class [Lcom.google.common.cache.LocalCache$EntryFactory;                              : loaded 6 times (x 69B)
Class com.google.gson.internal.bind.SerializationDelegatingTypeAdapter                : loaded 6 times (x 74B)
Class com.google.gson.Gson$3                                                          : loaded 6 times (x 75B)
Class com.android.ide.common.repository.AgpVersion$Companion                          : loaded 6 times (x 71B)
Class com.google.gson.internal.bind.ReflectiveTypeAdapterFactory$BoundField           : loaded 6 times (x 75B)
Class com.google.common.base.Strings                                                  : loaded 6 times (x 71B)
Class com.android.ide.common.repository.AgpVersion$PreviewKind$Companion              : loaded 6 times (x 71B)
Class com.android.build.gradle.internal.services.GlobalServiceRegistrationAction$execute$globalService$1: loaded 6 times (x 75B)
Class com.google.gson.internal.bind.TypeAdapters$18                                   : loaded 6 times (x 75B)
Class [Lcom.google.gson.FieldNamingPolicy;                                            : loaded 6 times (x 69B)
Class com.google.gson.internal.bind.TypeAdapters$11                                   : loaded 6 times (x 75B)
Class com.google.common.util.concurrent.internal.InternalFutureFailureAccess          : loaded 6 times (x 72B)
Class com.google.common.collect.ImmutableSet$JdkBackedSetBuilderImpl                  : loaded 6 times (x 76B)
Class com.android.build.gradle.internal.services.RunOnceBuildServiceImpl$Inject_      : loaded 6 times (x 102B)
Class com.google.common.collect.Sets                                                  : loaded 6 times (x 71B)
Class org.objectweb.asm.Handler                                                       : loaded 6 times (x 72B)
Class com.google.common.collect.ImmutableBiMap                                        : loaded 6 times (x 143B)
Class com.google.gson.internal.bind.TypeAdapters$5                                    : loaded 6 times (x 75B)
Class com.google.gson.internal.bind.TypeAdapters$10                                   : loaded 6 times (x 75B)
Class com.google.gson.internal.bind.ReflectiveTypeAdapterFactory$Adapter              : loaded 6 times (x 77B)
Class com.google.common.cache.CacheLoader                                             : loaded 6 times (x 74B)
Class [Lorg.objectweb.asm.SymbolTable$Entry;                                          : loaded 6 times (x 69B)
Class com.google.common.collect.AbstractListMultimap                                  : loaded 6 times (x 172B)
Class com.google.common.collect.RegularImmutableMap$Values                            : loaded 6 times (x 207B)
Class com.google.common.collect.RegularImmutableMap                                   : loaded 6 times (x 121B)
Class com.google.common.collect.ImmutableMap$MapViewOfValuesAsSingletonSets           : loaded 6 times (x 126B)
Class com.android.builder.model.v2.models.ndk.NativeModule                            : loaded 6 times (x 70B)
Class com.google.common.base.Ticker                                                   : loaded 6 times (x 72B)
Class com.google.gson.reflect.TypeToken                                               : loaded 6 times (x 75B)
Class com.google.gson.internal.bind.TreeTypeAdapter                                   : loaded 6 times (x 75B)
Class com.google.gson.internal.sql.SqlTimeTypeAdapter                                 : loaded 6 times (x 74B)
Class com.google.common.cache.LocalCache$Segment                                      : loaded 6 times (x 154B)
Class com.android.build.gradle.internal.services.GlobalServiceRegistrationAction$execute$1: loaded 6 times (x 75B)
Class com.android.build.gradle.internal.services.RunOnceBuildService                  : loaded 6 times (x 70B)
Class com.android.builder.model.v2.models.ndk.NativeModelBuilderParameter             : loaded 6 times (x 70B)
Class [Lcom.google.common.cache.LocalCache$Segment;                                   : loaded 6 times (x 69B)
Class com.google.gson.Gson$2                                                          : loaded 6 times (x 76B)
Class com.google.common.collect.ImmutableMap$IteratorBasedImmutableMap                : loaded 6 times (x 126B)
Class com.google.common.base.CommonPattern                                            : loaded 6 times (x 74B)
Class com.google.gson.internal.sql.SqlDateTypeAdapter$1                               : loaded 6 times (x 75B)
Class com.google.common.cache.LocalCache$ComputingValueReference                      : loaded 6 times (x 96B)
Class [Lcom.google.common.cache.LocalCache$Strength;                                  : loaded 6 times (x 69B)
Class com.google.common.cache.CacheBuilder$1                                          : loaded 6 times (x 85B)
Class com.google.gson.internal.bind.ReflectiveTypeAdapterFactory$RecordAdapter        : loaded 6 times (x 77B)
Class com.google.gson.internal.bind.TypeAdapters$20                                   : loaded 6 times (x 75B)
Class com.google.common.collect.ImmutableMap                                          : loaded 6 times (x 120B)
Class com.android.build.gradle.AssetPackPluginKt                                      : loaded 6 times (x 71B)
Class com.google.common.cache.LocalCache$LocalManualCache                             : loaded 6 times (x 99B)
Class [Lorg.objectweb.asm.Symbol;                                                     : loaded 6 times (x 69B)
Class org.objectweb.asm.ClassVisitor                                                  : loaded 6 times (x 88B)
Class com.google.gson.internal.sql.SqlTimestampTypeAdapter                            : loaded 6 times (x 76B)
Class com.google.gson.internal.bind.ReflectiveTypeAdapterFactory                      : loaded 6 times (x 75B)
Class com.google.common.base.Suppliers$SupplierOfInstance                             : loaded 6 times (x 79B)
Class org.objectweb.asm.Edge                                                          : loaded 6 times (x 72B)
Class com.google.common.cache.LocalCache                                              : loaded 6 times (x 187B)
Class com.google.common.cache.CacheBuilder$2                                          : loaded 6 times (x 79B)
Class com.google.gson.internal.bind.ReflectiveTypeAdapterFactory$FieldReflectionAdapter: loaded 6 times (x 77B)
Class com.google.gson.internal.bind.TypeAdapters$30                                   : loaded 6 times (x 76B)
Class com.google.gson.internal.bind.JsonTreeReader                                    : loaded 6 times (x 98B)
Class com.google.gson.TypeAdapterFactory                                              : loaded 6 times (x 70B)
Class com.google.gson.internal.bind.TypeAdapters$19                                   : loaded 6 times (x 75B)
Class com.google.gson.internal.bind.TypeAdapters$21                                   : loaded 6 times (x 75B)
Class com.google.gson.FieldNamingPolicy$1                                             : loaded 6 times (x 83B)
Class com.google.gson.internal.JsonReaderInternalAccess                               : loaded 6 times (x 72B)
Class org.objectweb.asm.SymbolTable$Entry                                             : loaded 6 times (x 74B)
Class com.google.common.cache.AbstractCache$StatsCounter                              : loaded 6 times (x 70B)
Class com.android.build.gradle.internal.services.GlobalServiceRegistrationAction      : loaded 6 times (x 73B)
Class com.google.common.collect.ArrayListMultimap                                     : loaded 6 times (x 172B)
Class com.google.common.cache.CacheBuilder$3                                          : loaded 6 times (x 72B)
Class com.android.utils.StringHelper                                                  : loaded 6 times (x 71B)
Class com.google.gson.internal.bind.TypeAdapters$22                                   : loaded 6 times (x 75B)
Class com.google.gson.FieldNamingPolicy$2                                             : loaded 6 times (x 83B)
Class com.google.gson.internal.Excluder$1                                             : loaded 6 times (x 74B)
Class [Lcom.google.common.collect.AbstractMapEntry;                                   : loaded 6 times (x 69B)
Class com.google.common.collect.ImmutableEntry                                        : loaded 6 times (x 82B)
Class com.google.common.base.Platform$JdkPatternCompiler                              : loaded 6 times (x 75B)
Class com.google.gson.internal.bind.TypeAdapters$6                                    : loaded 6 times (x 75B)
Class com.google.common.base.JdkPattern                                               : loaded 6 times (x 75B)
Class com.google.gson.internal.bind.TypeAdapters$23                                   : loaded 6 times (x 75B)
Class org.gradle.accessors.dm.LibrariesForLibsInPluginsBlock                          : loaded 6 times (x 82B)
Class org.objectweb.asm.Symbol                                                        : loaded 6 times (x 73B)
Class com.google.gson.internal.bind.ArrayTypeAdapter$1                                : loaded 6 times (x 75B)
Class com.google.common.cache.CacheBuilder                                            : loaded 6 times (x 72B)
Class com.android.builder.model.v2.AndroidModel                                       : loaded 6 times (x 70B)
Class com.google.gson.FieldNamingPolicy$3                                             : loaded 6 times (x 83B)
Class com.google.common.math.IntMath                                                  : loaded 6 times (x 71B)
Class org.objectweb.asm.MethodTooLargeException                                       : loaded 6 times (x 83B)
Class com.google.gson.internal.bind.TypeAdapters$7                                    : loaded 6 times (x 75B)
Class com.google.common.collect.CollectPreconditions                                  : loaded 6 times (x 71B)
Class com.google.gson.internal.bind.TypeAdapters$24                                   : loaded 6 times (x 75B)
Class [Lcom.google.common.cache.CacheBuilder$OneWeigher;                              : loaded 6 times (x 69B)
Class com.google.common.base.Suppliers                                                : loaded 6 times (x 71B)
Class com.google.gson.FieldNamingPolicy$4                                             : loaded 6 times (x 83B)
Class com.google.common.collect.SortedMapDifference                                   : loaded 6 times (x 70B)
Class com.google.gson.internal.bind.JsonAdapterAnnotationTypeAdapterFactory$DummyTypeAdapterFactory: loaded 6 times (x 75B)
Class com.google.gson.internal.bind.TypeAdapters$31                                   : loaded 6 times (x 76B)
Class com.google.gson.JsonSyntaxException                                             : loaded 6 times (x 82B)
Class com.android.build.gradle.internal.plugins.VersionCheckPlugin$apply$1            : loaded 6 times (x 79B)
Class org.gradle.accessors.dm.LibrariesForLibs$AndroidPluginAccessors                 : loaded 6 times (x 74B)
Class com.google.gson.LongSerializationPolicy$2                                       : loaded 6 times (x 80B)
Class com.google.common.primitives.IntsMethodsForWeb                                  : loaded 6 times (x 71B)
Class com.google.common.cache.LocalCache$EntryFactory                                 : loaded 6 times (x 83B)
Class com.android.build.gradle.TestPlugin                                             : loaded 6 times (x 76B)
Class com.google.gson.internal.bind.TypeAdapters$25                                   : loaded 6 times (x 75B)
Class com.google.gson.ToNumberPolicy                                                  : loaded 6 times (x 83B)
Class [Lcom.google.common.cache.CacheBuilder$NullListener;                            : loaded 6 times (x 69B)
Class com.google.gson.Gson$1                                                          : loaded 6 times (x 76B)
Class org.objectweb.asm.ByteVector                                                    : loaded 6 times (x 79B)
Class [Lcom.google.gson.ToNumberPolicy;                                               : loaded 6 times (x 69B)
Class com.google.common.cache.RemovalListener                                         : loaded 6 times (x 70B)
Class com.google.common.cache.CacheLoader$1                                           : loaded 6 times (x 75B)
Class com.google.gson.FieldNamingPolicy$5                                             : loaded 6 times (x 83B)
Class com.google.gson.Gson$5                                                          : loaded 6 times (x 76B)
Class com.google.common.collect.ImmutableMap$Builder                                  : loaded 6 times (x 82B)
Class com.google.common.util.concurrent.AbstractFuture$Cancellation                   : loaded 6 times (x 72B)
Class org.gradle.accessors.dm.LibrariesForLibsInPluginsBlock$AndroidPluginAccessors   : loaded 6 times (x 74B)
Class com.google.common.cache.LocalCache$AbstractReferenceEntry                       : loaded 6 times (x 107B)
Class com.google.gson.stream.JsonReader$1                                             : loaded 6 times (x 72B)
Class com.google.common.cache.Cache                                                   : loaded 6 times (x 70B)
Class com.google.common.cache.LocalCache$Strength                                     : loaded 6 times (x 81B)
Class com.google.common.base.Stopwatch                                                : loaded 6 times (x 72B)
Class com.google.gson.internal.bind.ArrayTypeAdapter                                  : loaded 6 times (x 74B)
Class com.google.gson.internal.bind.TypeAdapters$26                                   : loaded 6 times (x 75B)
Class com.google.gson.FieldNamingPolicy$6                                             : loaded 6 times (x 83B)
Class com.google.gson.internal.bind.TypeAdapters$32                                   : loaded 6 times (x 76B)
Class com.google.common.cache.Weigher                                                 : loaded 6 times (x 70B)
Class org.gradle.accessors.dm.LibrariesForLibsInPluginsBlock$VersionAccessors         : loaded 6 times (x 83B)
Class org.objectweb.asm.SymbolTable                                                   : loaded 6 times (x 72B)
Class com.google.common.cache.CacheLoader$InvalidCacheLoadException                   : loaded 6 times (x 82B)
Class com.google.gson.internal.bind.TypeAdapters$27                                   : loaded 6 times (x 75B)
Class com.google.common.collect.ImmutableMapEntrySet                                  : loaded 6 times (x 152B)
Class com.google.gson.FieldNamingPolicy$7                                             : loaded 6 times (x 83B)
Class com.google.gson.internal.bind.CollectionTypeAdapterFactory$Adapter              : loaded 6 times (x 74B)
Class org.gradle.accessors.dm.LibrariesForLibs$PluginAccessors                        : loaded 6 times (x 74B)
Class com.google.gson.internal.bind.TypeAdapters$8                                    : loaded 6 times (x 75B)
Class com.google.common.util.concurrent.LazyLogger                                    : loaded 6 times (x 72B)
Class com.google.common.collect.ArrayListMultimapGwtSerializationDependencies         : loaded 6 times (x 172B)
Class org.gradle.accessors.dm.LibrariesForLibsInPluginsBlock$PluginAccessors          : loaded 6 times (x 74B)
Class com.google.common.collect.Multiset                                              : loaded 6 times (x 70B)
Class com.google.common.math.MathPreconditions                                        : loaded 6 times (x 71B)
Class com.google.common.cache.LocalCache$StrongEntry                                  : loaded 6 times (x 108B)
Class com.google.common.util.concurrent.AbstractFuture$TrustedFuture                  : loaded 6 times (x 114B)
Class com.google.common.cache.LoadingCache                                            : loaded 6 times (x 70B)
Class [Lcom.google.gson.LongSerializationPolicy;                                      : loaded 6 times (x 69B)
Class org.gradle.accessors.dm.LibrariesForLibs$AndroidxLibraryAccessors               : loaded 6 times (x 82B)
Class com.android.ide.common.repository.AgpVersion                                    : loaded 6 times (x 75B)
Class com.google.common.collect.ImmutableMapEntry                                     : loaded 6 times (x 85B)
Class com.google.common.primitives.Ints                                               : loaded 6 times (x 71B)
Class com.android.builder.model.v2.CustomSourceDirectory                              : loaded 6 times (x 70B)
Class org.objectweb.asm.MethodWriter                                                  : loaded 6 times (x 106B)
Class org.gradle.accessors.dm.LibrariesForLibsInPluginsBlock$AndroidxCoreLibraryAccessors: loaded 6 times (x 77B)
Class com.android.build.gradle.internal.services.BuildServicesKt                      : loaded 6 times (x 71B)
Class com.android.build.gradle.LibraryPlugin                                          : loaded 6 times (x 76B)
Class [Lcom.google.common.cache.Weigher;                                              : loaded 6 times (x 69B)
Class com.google.gson.internal.bind.MapTypeAdapterFactory                             : loaded 6 times (x 75B)
Class com.google.gson.internal.bind.TypeAdapters$29                                   : loaded 6 times (x 75B)
Class com.google.gson.JsonNull                                                        : loaded 6 times (x 92B)
Class com.google.common.collect.RegularImmutableMap$BucketOverflowException           : loaded 6 times (x 82B)
Class com.google.common.collect.BiMap                                                 : loaded 6 times (x 70B)
Class com.google.common.collect.ImmutableMap$1                                        : loaded 6 times (x 81B)
Class com.google.common.collect.IndexedImmutableSet                                   : loaded 6 times (x 152B)
Class com.google.gson.TypeAdapter                                                     : loaded 6 times (x 73B)
Class com.google.gson.ToNumberStrategy                                                : loaded 6 times (x 70B)
Class com.google.gson.internal.bind.ObjectTypeAdapter                                 : loaded 6 times (x 74B)
Class org.objectweb.asm.FieldVisitor                                                  : loaded 6 times (x 77B)
Class com.google.gson.internal.sql.SqlDateTypeAdapter                                 : loaded 6 times (x 74B)
Class [Lcom.google.common.collect.ImmutableMapEntry;                                  : loaded 6 times (x 69B)
Class [Lcom.android.ide.common.repository.AgpVersion$PreviewKind;                     : loaded 6 times (x 69B)
Class [Lcom.google.common.collect.ImmutableEntry;                                     : loaded 6 times (x 69B)
Class com.google.gson.internal.bind.ReflectiveTypeAdapterFactory$2                    : loaded 6 times (x 79B)
Class com.google.common.math.IntMath$1                                                : loaded 6 times (x 71B)
Class com.google.gson.LongSerializationPolicy$1                                       : loaded 6 times (x 80B)
Class com.google.gson.Gson                                                            : loaded 6 times (x 72B)
Class com.google.gson.internal.sql.SqlTypesSupport                                    : loaded 6 times (x 71B)
Class com.google.common.cache.CacheLoader$UnsupportedLoadingOperationException        : loaded 6 times (x 82B)
Class org.objectweb.asm.ClassWriter                                                   : loaded 6 times (x 106B)
Class com.google.common.cache.LocalCache$EntryFactory$8                               : loaded 6 times (x 83B)
Class org.gradle.accessors.dm.LibrariesForLibs                                        : loaded 6 times (x 82B)
Class com.google.gson.internal.bind.ReflectiveTypeAdapterFactory$1                    : loaded 6 times (x 74B)
Class org.gradle.accessors.dm.LibrariesForLibs_Decorated                              : loaded 6 times (x 126B)
Class com.google.common.collect.RegularImmutableBiMap                                 : loaded 6 times (x 149B)
Class com.google.common.cache.LocalCache$ValueReference                               : loaded 6 times (x 70B)
Class com.google.common.collect.RegularImmutableMap$KeySet                            : loaded 6 times (x 152B)
Class com.google.common.collect.Maps                                                  : loaded 6 times (x 71B)
Class com.google.gson.internal.bind.DefaultDateTypeAdapter$DateType$1                 : loaded 6 times (x 73B)
Class com.google.gson.internal.bind.DefaultDateTypeAdapter$DateType                   : loaded 6 times (x 73B)
Class com.google.common.util.concurrent.UncheckedExecutionException                   : loaded 6 times (x 82B)
Class com.google.gson.internal.bind.ObjectTypeAdapter$1                               : loaded 6 times (x 76B)
Class com.google.common.base.Equivalence$Identity                                     : loaded 6 times (x 82B)
Class com.google.common.base.PairwiseEquivalence                                      : loaded 6 times (x 83B)
Class com.google.common.collect.ListMultimap                                          : loaded 6 times (x 70B)
Class com.android.build.gradle.internal.plugins.VersionCheckPlugin                    : loaded 6 times (x 74B)
Class com.android.build.gradle.DynamicFeaturePlugin                                   : loaded 6 times (x 76B)
Class com.android.build.gradle.AppPlugin                                              : loaded 6 times (x 76B)
Class com.google.common.base.PatternCompiler                                          : loaded 6 times (x 70B)
Class com.google.common.util.concurrent.AbstractFuture$Failure                        : loaded 6 times (x 72B)
Class com.google.common.collect.ImmutableEnumMap                                      : loaded 6 times (x 126B)
Class com.google.common.base.Equivalence                                              : loaded 6 times (x 82B)
Class com.google.common.util.concurrent.AbstractFuture$Trusted                        : loaded 6 times (x 70B)
Class com.google.common.base.Equivalence$Equals                                       : loaded 6 times (x 82B)
Class com.google.gson.internal.LazilyParsedNumber                                     : loaded 6 times (x 78B)
Class com.google.common.collect.Hashing                                               : loaded 6 times (x 71B)
Class com.google.gson.internal.bind.TypeAdapters$9                                    : loaded 6 times (x 75B)
Class org.gradle.accessors.dm.LibrariesForLibsInPluginsBlock_Decorated                : loaded 6 times (x 126B)
Class com.google.common.collect.ImmutableMapEntry$NonTerminalImmutableMapEntry        : loaded 6 times (x 85B)
Class com.google.gson.internal.sql.SqlTimeTypeAdapter$1                               : loaded 6 times (x 75B)
Class com.google.gson.internal.bind.MapTypeAdapterFactory$Adapter                     : loaded 6 times (x 74B)
Class org.objectweb.asm.Label                                                         : loaded 6 times (x 73B)
Class org.objectweb.asm.CurrentFrame                                                  : loaded 6 times (x 73B)
Class org.objectweb.asm.Type                                                          : loaded 6 times (x 72B)
Class com.google.gson.ToNumberPolicy$4                                                : loaded 6 times (x 83B)
Class org.objectweb.asm.ClassTooLargeException                                        : loaded 6 times (x 83B)
Class com.google.common.cache.LocalCache$EntryFactory$7                               : loaded 6 times (x 83B)
Class com.google.common.cache.CacheBuilder$OneWeigher                                 : loaded 6 times (x 82B)
Class com.google.gson.JsonParseException                                              : loaded 6 times (x 82B)
Class com.google.common.cache.LocalCache$2                                            : loaded 6 times (x 142B)
Class com.google.common.collect.AbstractMultimap                                      : loaded 6 times (x 123B)
Class com.android.build.gradle.internal.services.RunOnceBuildServiceImpl$ActionName   : loaded 6 times (x 72B)
Class com.google.common.cache.LocalCache$StrongValueReference                         : loaded 6 times (x 90B)
Class org.objectweb.asm.Frame                                                         : loaded 6 times (x 73B)
Class com.google.common.collect.AbstractMapEntry                                      : loaded 6 times (x 81B)
Class com.google.common.collect.Sets$SetView                                          : loaded 6 times (x 138B)
Class com.google.gson.internal.bind.TypeAdapterRuntimeTypeWrapper                     : loaded 6 times (x 74B)
Class com.google.common.cache.LocalCache$1                                            : loaded 6 times (x 89B)
Class com.google.common.collect.Sets$1                                                : loaded 6 times (x 139B)
Class org.objectweb.asm.AnnotationVisitor                                             : loaded 6 times (x 78B)
Class com.google.gson.internal.bind.TypeAdapters                                      : loaded 6 times (x 71B)
Class com.google.gson.FormattingStyle                                                 : loaded 6 times (x 78B)
Class com.google.gson.FieldNamingPolicy                                               : loaded 6 times (x 83B)
Class com.google.common.collect.SingletonImmutableBiMap                               : loaded 6 times (x 143B)
Class com.google.common.base.Ascii                                                    : loaded 6 times (x 71B)
Class org.objectweb.asm.MethodVisitor                                                 : loaded 6 times (x 105B)
Class com.intellij.gradle.toolingExtension.util.GradleVersionUtil                     : loaded 6 times (x 71B)
Class com.android.build.gradle.BasePlugin                                             : loaded 6 times (x 76B)
Class com.google.common.cache.LocalCache$EntryFactory$1                               : loaded 6 times (x 83B)
Class [Lcom.google.common.cache.RemovalListener;                                      : loaded 6 times (x 69B)
Class com.android.Version                                                             : loaded 6 times (x 71B)
Class com.google.common.collect.ImmutableSet$EmptySetBuilderImpl                      : loaded 6 times (x 76B)
Class com.google.common.collect.Maps$8                                                : loaded 6 times (x 82B)
Class com.google.gson.JsonIOException                                                 : loaded 6 times (x 82B)
Class com.google.gson.stream.JsonWriter                                               : loaded 6 times (x 98B)
Class [Lorg.objectweb.asm.Type;                                                       : loaded 6 times (x 69B)
Class com.google.common.collect.Platform                                              : loaded 6 times (x 71B)
Class com.google.common.util.concurrent.Uninterruptibles                              : loaded 6 times (x 71B)
Class com.android.ide.common.repository.AgpVersion$PreviewKind                        : loaded 6 times (x 79B)
Class org.gradle.accessors.dm.LibrariesForLibs$BundleAccessors                        : loaded 6 times (x 73B)
Class com.android.build.gradle.internal.services.RunOnceBuildServiceImpl$RegistrationAction: loaded 6 times (x 73B)
Class org.gradle.accessors.dm.LibrariesForLibsInPluginsBlock$AndroidxLibraryAccessors : loaded 6 times (x 82B)
Class com.google.gson.GsonBuilder                                                     : loaded 6 times (x 72B)
Class com.google.gson.internal.bind.DefaultDateTypeAdapter                            : loaded 6 times (x 74B)
Class com.google.common.base.MoreObjects                                              : loaded 6 times (x 71B)
Class com.google.common.cache.LocalCache$EntryFactory$2                               : loaded 6 times (x 83B)
Class com.google.common.collect.Sets$2                                                : loaded 6 times (x 139B)
Class com.google.gson.internal.bind.JsonAdapterAnnotationTypeAdapterFactory           : loaded 6 times (x 75B)
Class com.android.builder.model.v2.ide.ProjectType                                    : loaded 6 times (x 79B)
Class [Lorg.objectweb.asm.AnnotationWriter;                                           : loaded 6 times (x 69B)
Class com.google.common.cache.CacheLoader$FunctionToCacheLoader                       : loaded 6 times (x 75B)
Class com.google.gson.JsonArray                                                       : loaded 6 times (x 100B)
Class com.google.gson.FieldNamingStrategy                                             : loaded 6 times (x 70B)
Class org.objectweb.asm.ModuleWriter                                                  : loaded 6 times (x 82B)
Class com.google.gson.LongSerializationPolicy                                         : loaded 6 times (x 80B)
Class com.google.common.cache.CacheBuilder$NullListener                               : loaded 6 times (x 82B)
Class org.objectweb.asm.FieldWriter                                                   : loaded 6 times (x 78B)
Class com.google.common.cache.LocalCache$EntryFactory$3                               : loaded 6 times (x 83B)
Class com.google.common.cache.LocalCache$LoadingValueReference                        : loaded 6 times (x 96B)
Class com.google.common.base.Ticker$1                                                 : loaded 6 times (x 72B)
Class com.google.gson.internal.bind.NumberTypeAdapter                                 : loaded 6 times (x 74B)
Class com.google.gson.ToNumberPolicy$3                                                : loaded 6 times (x 83B)
Class com.google.common.collect.Maps$BiMapConverter                                   : loaded 6 times (x 90B)
Class com.google.common.cache.LocalCache$EntryFactory$6                               : loaded 6 times (x 83B)
Class com.google.common.collect.ImmutableMapEntrySet$RegularEntrySet                  : loaded 6 times (x 152B)
Class com.google.common.collect.MapDifference                                         : loaded 6 times (x 70B)
Class com.google.common.cache.LocalCache$Strength$3                                   : loaded 6 times (x 81B)
Class com.google.common.collect.ImmutableSet$Builder                                  : loaded 6 times (x 85B)
Class com.google.common.cache.LocalCache$EntryFactory$4                               : loaded 6 times (x 83B)
Class com.google.gson.internal.bind.JsonTreeWriter                                    : loaded 6 times (x 98B)
Class com.google.common.cache.LocalCache$Strength$2                                   : loaded 6 times (x 81B)
Class com.google.common.util.concurrent.SettableFuture                                : loaded 6 times (x 114B)
Class com.google.gson.ToNumberPolicy$1                                                : loaded 6 times (x 83B)
Class [Lcom.google.gson.FieldNamingStrategy;                                          : loaded 6 times (x 69B)
Class com.google.gson.internal.Excluder                                               : loaded 6 times (x 75B)
Class com.android.build.gradle.internal.services.RunOnceBuildServiceImpl              : loaded 6 times (x 82B)
Class com.google.common.cache.LocalCache$Strength$1                                   : loaded 6 times (x 81B)
Class org.objectweb.asm.ModuleVisitor                                                 : loaded 6 times (x 81B)
Class com.google.common.base.Platform                                                 : loaded 6 times (x 71B)
Class org.gradle.accessors.dm.LibrariesForLibsInPluginsBlock$BundleAccessors          : loaded 6 times (x 73B)
Class com.google.gson.internal.ObjectConstructor                                      : loaded 6 times (x 70B)
Class com.google.common.collect.Sets$4                                                : loaded 6 times (x 139B)
Class com.google.common.cache.LocalCache$EntryFactory$5                               : loaded 6 times (x 83B)
Class com.google.gson.ToNumberPolicy$2                                                : loaded 6 times (x 83B)
Class com.google.common.cache.LocalCache$LocalLoadingCache                            : loaded 6 times (x 134B)
Class [Lorg.objectweb.asm.AnnotationVisitor;                                          : loaded 6 times (x 69B)
Class com.google.common.collect.Sets$3                                                : loaded 6 times (x 139B)
Class com.android.build.api.dsl.ManagedDevices                                        : loaded 5 times (x 70B)
Class [Lcom.android.repository.Revision$Precision;                                    : loaded 5 times (x 69B)
Class com.android.build.gradle.internal.dsl.ApplicationExtensionImpl$AgpDecorated     : loaded 5 times (x 388B)
Class com.android.build.gradle.internal.dsl.BundleOptionsTexture$AgpDecorated_Decorated: loaded 5 times (x 130B)
Class com.google.common.base.CaseFormat$2                                             : loaded 5 times (x 83B)
Class com.google.common.util.concurrent.AbstractFuture$SafeAtomicHelper               : loaded 5 times (x 79B)
Class com.android.build.api.dsl.ConsumerKeepRules                                     : loaded 5 times (x 70B)
Class com.android.build.gradle.internal.dsl.decorator.LockableSet                     : loaded 5 times (x 145B)
Class com.android.builder.model.SigningConfig                                         : loaded 5 times (x 70B)
Class com.android.build.gradle.api.AndroidSourceSet                                   : loaded 5 times (x 70B)
Class [Lcom.android.builder.core.ComponentTypeImpl;                                   : loaded 5 times (x 69B)
Class com.google.wireless.android.sdk.stats.GarbageCollectionStats$1                  : loaded 5 times (x 151B)
Class com.android.build.api.variant.DslExtension                                      : loaded 5 times (x 72B)
Class [Lcom.android.build.gradle.options.StringOption;                                : loaded 5 times (x 69B)
Class com.android.build.gradle.options.ApiStage                                       : loaded 5 times (x 72B)
Class com.android.build.gradle.internal.plugins.AndroidPluginBaseServices$projectServices$2$1: loaded 5 times (x 79B)
Class com.android.build.api.variant.HasUnitTest                                       : loaded 5 times (x 70B)
Class com.android.build.gradle.internal.component.ConsumableCreationConfig            : loaded 5 times (x 70B)
Class com.android.build.api.extension.impl.DslLifecycleComponentsOperationsRegistrar  : loaded 5 times (x 72B)
Class com.android.build.gradle.internal.plugins.BasePlugin$registeredExtension$2      : loaded 5 times (x 79B)
Class org.jetbrains.kotlin.gradle.internal.properties.PropertiesBuildService$NullableBooleanGradleProperty: loaded 5 times (x 76B)
Class com.android.tools.analytics.AnalyticsPaths                                      : loaded 5 times (x 71B)
Class com.android.builder.profile.NameAnonymizer$ProjectCacheLoader                   : loaded 5 times (x 76B)
Class org.jetbrains.kotlin.build.report.metrics.GradleBuildPerformanceMetric          : loaded 5 times (x 92B)
Class com.android.build.gradle.internal.lint.LintFixBuildService$RegistrationAction   : loaded 5 times (x 74B)
Class [Lcom.android.builder.core.ComponentType;                                       : loaded 5 times (x 69B)
Class com.android.build.api.dsl.DynamicFeatureDefaultConfig                           : loaded 5 times (x 70B)
Class com.android.builder.model.PackagingOptions                                      : loaded 5 times (x 70B)
Class org.jetbrains.kotlin.gradle.targets.android.internal.InternalKotlinTargetPreset : loaded 5 times (x 70B)
Class org.jetbrains.kotlin.gradle.plugin.mpp.AbstractKotlinTarget                     : loaded 5 times (x 150B)
Class org.jetbrains.kotlin.gradle.internal.properties.NativePropertiesLoader$kotlinNativeVersion$1: loaded 5 times (x 75B)
Class org.jetbrains.kotlin.gradle.dsl.KotlinSingleTargetExtension                     : loaded 5 times (x 124B)
Class com.android.build.gradle.internal.TaskManager$Companion$createTasksBeforeEvaluate$8: loaded 5 times (x 74B)
Class com.android.build.gradle.internal.dsl.decorator.LockableSet$LockableIterator    : loaded 5 times (x 81B)
Class com.android.builder.model.TestOptions$Execution                                 : loaded 5 times (x 79B)
Class com.android.build.api.dsl.AdbOptions                                            : loaded 5 times (x 70B)
Class com.android.build.gradle.internal.api.DefaultAndroidSourceDirectorySet          : loaded 5 times (x 119B)
Class com.android.build.gradle.tasks.JavaCompileUtils                                 : loaded 5 times (x 71B)
Class com.android.build.gradle.internal.dsl.ExternalNativeNdkBuildOptions_Decorated   : loaded 5 times (x 153B)
Class com.google.common.base.CaseFormat$3                                             : loaded 5 times (x 83B)
Class org.objectweb.asm.commons.GeneratorAdapter                                      : loaded 5 times (x 187B)
Class com.android.build.gradle.internal.SdkLocator$SdkLocationSource                  : loaded 5 times (x 80B)
Class com.android.build.api.dsl.LibraryKeepRules                                      : loaded 5 times (x 70B)
Class com.android.build.gradle.internal.AvdComponentsBuildService$Parameters          : loaded 5 times (x 70B)
Class org.jetbrains.kotlin.gradle.dsl.KotlinPublishingDsl                             : loaded 5 times (x 70B)
Class com.android.build.gradle.internal.profile.AnalyticsResourceManager              : loaded 5 times (x 72B)
Class com.google.wireless.android.sdk.stats.GradleBuildProjectOrBuilder               : loaded 5 times (x 70B)
Class com.android.tools.analytics.AnalyticsSettingsData                               : loaded 5 times (x 72B)
Class com.android.build.gradle.internal.errors.DeprecationReporterImpl$Companion      : loaded 5 times (x 71B)
Class com.android.ide.common.blame.MessageReceiver                                    : loaded 5 times (x 70B)
Class [Lcom.android.build.gradle.options.Option;                                      : loaded 5 times (x 69B)
Class com.google.common.annotations.VisibleForTesting                                 : loaded 5 times (x 70B)
Class com.android.build.api.dsl.Lint                                                  : loaded 5 times (x 70B)
Class com.android.build.gradle.internal.variant.LegacyVariantInputManager             : loaded 5 times (x 97B)
Class com.android.build.gradle.internal.plugins.BasePlugin$createTasks$2$1            : loaded 5 times (x 75B)
Class com.android.build.gradle.internal.dsl.CommonExtensionImpl$sdkComponents$2       : loaded 5 times (x 79B)
Class com.android.build.gradle.internal.dsl.NdkBuildOptions$AgpDecorated              : loaded 5 times (x 96B)
Class com.android.build.gradle.internal.dsl.NdkBuildOptions$AgpDecorated_Decorated    : loaded 5 times (x 139B)
Class org.jetbrains.kotlin.gradle.internal.diagnostics.GradleCompatibilityCheck$CurrentGradleVersionProvider: loaded 5 times (x 70B)
Class org.jetbrains.kotlin.gradle.plugin.BuildFinishedListenerService$Companion$registerIfAbsent$1$1: loaded 5 times (x 79B)
Class [Lorg.jetbrains.kotlin.gradle.plugin.KotlinPlatformType;                        : loaded 5 times (x 69B)
Class org.jetbrains.kotlin.gradle.plugin.mpp.DecoratedKotlinCompilation               : loaded 5 times (x 191B)
Class com.android.sdklib.AndroidTargetHash                                            : loaded 5 times (x 71B)
Class org.jetbrains.kotlin.gradle.dsl.KotlinTargetContainerWithPresetFunctions        : loaded 5 times (x 70B)
Class org.jetbrains.kotlin.gradle.plugin.AndroidProjectHandler                        : loaded 5 times (x 72B)
Class org.jetbrains.kotlin.gradle.utils.GradleConfigurationUtilsKt                    : loaded 5 times (x 71B)
Class org.jetbrains.kotlin.gradle.plugin.internal.CustomPropertiesFileValueSource$Parameters: loaded 5 times (x 70B)
Class org.jetbrains.kotlin.gradle.plugin.UsesBuildFinishedListenerService             : loaded 5 times (x 70B)
Class com.android.ide.common.blame.SourceFilePosition                                 : loaded 5 times (x 72B)
Class com.android.build.gradle.internal.TaskManager$Companion$createTasksBeforeEvaluate$9: loaded 5 times (x 74B)
Class com.android.build.api.extension.impl.VariantSelectorImpl                        : loaded 5 times (x 92B)
Class com.android.build.api.dsl.TestFixtures                                          : loaded 5 times (x 70B)
Class com.android.build.gradle.internal.VariantDimensionData                          : loaded 5 times (x 72B)
Class com.google.common.base.CaseFormat$4                                             : loaded 5 times (x 83B)
Class com.android.build.api.dsl.Shaders                                               : loaded 5 times (x 70B)
Class com.android.build.api.artifact.impl.SingleInitialProviderRequestImpl            : loaded 5 times (x 72B)
Class com.android.build.gradle.internal.BuildTypeData                                 : loaded 5 times (x 72B)
Class com.google.protobuf.ExtensionRegistry                                           : loaded 5 times (x 87B)
Class com.android.build.gradle.internal.profile.AnalyticsConfiguratorService          : loaded 5 times (x 82B)
Class com.android.tools.analytics.AnalyticsSettings                                   : loaded 5 times (x 71B)
Class [Lcom.android.tools.analytics.Environment$SystemProperty;                       : loaded 5 times (x 69B)
Class com.android.build.gradle.api.UnitTestVariant                                    : loaded 5 times (x 70B)
Class com.google.wireless.android.sdk.stats.InstantRunStatusOrBuilder                 : loaded 5 times (x 70B)
Class com.google.protobuf.Descriptors$Descriptor                                      : loaded 5 times (x 76B)
Class com.google.common.base.Converter$ReverseConverter                               : loaded 5 times (x 90B)
Class com.android.build.gradle.internal.api.artifact.SourceArtifactType$ANDROID_RESOURCES: loaded 5 times (x 74B)
Class com.android.build.gradle.internal.dsl.MinSdkDelegate                            : loaded 5 times (x 84B)
Class com.android.build.api.AndroidPluginVersion                                      : loaded 5 times (x 75B)
Class org.jetbrains.kotlin.gradle.internal.diagnostics.GradleCompatibilityCheck       : loaded 5 times (x 71B)
Class org.jetbrains.kotlin.gradle.plugin.mpp.KotlinUsages$KotlinCinteropDisambiguation: loaded 5 times (x 76B)
Class org.jetbrains.kotlin.gradle.report.BuildReportType$Companion                    : loaded 5 times (x 71B)
Class org.jetbrains.kotlin.gradle.plugin.KotlinPluginInMultipleProjectsHolder         : loaded 5 times (x 72B)
Class com.android.build.gradle.internal.tasks.factory.TaskConfigurationActions        : loaded 5 times (x 75B)
Class com.android.build.gradle.internal.VariantManager$Companion                      : loaded 5 times (x 71B)
Class com.android.build.gradle.internal.tasks.factory.BootClasspathConfigImpl$mockableJarArtifact$2: loaded 5 times (x 79B)
Class com.android.build.gradle.internal.packaging.PackagingOptionsUtilsKt             : loaded 5 times (x 71B)
Class com.google.common.base.CaseFormat$5                                             : loaded 5 times (x 83B)
Class com.android.builder.model.ClassField                                            : loaded 5 times (x 70B)
Class com.android.build.api.dsl.DataBinding                                           : loaded 5 times (x 70B)
Class com.android.build.gradle.internal.plugins.BasePlugin$sdkComponentsBuildService$2$1: loaded 5 times (x 79B)
Class com.google.protobuf.InvalidProtocolBufferException$InvalidWireTypeException     : loaded 5 times (x 88B)
Class com.android.build.gradle.internal.dsl.SigningConfigImpl                         : loaded 5 times (x 97B)
Class com.google.protobuf.Internal$BooleanList                                        : loaded 5 times (x 70B)
Class com.google.protobuf.Internal$FloatList                                          : loaded 5 times (x 70B)
Class com.google.protobuf.MessageLiteOrBuilder                                        : loaded 5 times (x 70B)
Class com.android.ide.common.signing.KeystoreHelper                                   : loaded 5 times (x 71B)
Class org.jetbrains.kotlin.gradle.internal.properties.PropertiesBuildService$Params   : loaded 5 times (x 70B)
Class org.jetbrains.kotlin.gradle.internal.tasks.TaskWithLocalState                   : loaded 5 times (x 70B)
Class org.jetbrains.kotlin.gradle.utils.PersistentCachesKt                            : loaded 5 times (x 71B)
Class org.jetbrains.kotlin.gradle.internal.properties.NativePropertiesLoader$forceDisableRunningInProcess$1: loaded 5 times (x 75B)
Class org.jetbrains.kotlin.gradle.targets.native.UsesKonanPropertiesBuildService      : loaded 5 times (x 70B)
Class org.jetbrains.kotlin.gradle.utils.ProviderApiUtilsKt                            : loaded 5 times (x 71B)
Class org.jetbrains.kotlin.gradle.plugin.mpp.InternalKotlinTargetComponent            : loaded 5 times (x 93B)
Class org.jetbrains.kotlin.gradle.plugin.mpp.KotlinAndroidTarget$kotlinComponents$2   : loaded 5 times (x 79B)
Class org.jetbrains.kotlin.compilerRunner.GradleCompilerRunner                        : loaded 5 times (x 73B)
Class com.android.build.api.variant.ApplicationAndroidComponentsExtension             : loaded 5 times (x 70B)
Class com.android.build.api.extension.impl.VariantApiOperationsRegistrar              : loaded 5 times (x 72B)
Class com.android.build.gradle.internal.services.SymbolTableBuildService$RegistrationAction: loaded 5 times (x 74B)
Class [Lcom.android.build.gradle.options.SyncOptions$EvaluationMode;                  : loaded 5 times (x 69B)
Class com.android.build.gradle.internal.plugins.AndroidPluginBaseServices$configuratorService$2$1: loaded 5 times (x 79B)
Class com.android.build.gradle.internal.dsl.InternalCommonExtension                   : loaded 5 times (x 70B)
Class com.android.build.gradle.internal.profile.NoOpAnalyticsConfiguratorService$Inject_: loaded 5 times (x 102B)
Class com.google.protobuf.UninitializedMessageException                               : loaded 5 times (x 84B)
Class org.jetbrains.kotlin.gradle.plugin.mpp.InternalKotlinCompilation                : loaded 5 times (x 70B)
Class com.android.build.gradle.internal.SdkLocator$SdkLocationSource$INJECTED_SDK_HOME: loaded 5 times (x 80B)
Class com.android.prefs.Global                                                        : loaded 5 times (x 80B)
Class org.jetbrains.kotlin.gradle.plugin.mpp.AbstractKotlinCompilationToRunnableFiles : loaded 5 times (x 196B)
Class org.jetbrains.kotlin.gradle.plugin.mpp.KotlinUsages$KotlinMetadataCompatibility : loaded 5 times (x 76B)
Class [Lorg.jetbrains.kotlin.gradle.dsl.JvmTarget;                                    : loaded 5 times (x 69B)
Class org.jetbrains.kotlin.gradle.internal.properties.PropertiesBuildService$property$1$1: loaded 5 times (x 75B)
Class org.jetbrains.kotlin.gradle.utils.ConfigurationsKt$maybeCreateResolvable$1      : loaded 5 times (x 78B)
Class org.jetbrains.kotlin.tooling.core.Extras$Type                                   : loaded 5 times (x 72B)
Class com.android.build.api.dsl.TestCoverage                                          : loaded 5 times (x 70B)
Class com.android.build.gradle.internal.dsl.ComposeOptionsImpl                        : loaded 5 times (x 82B)
Class com.android.build.api.variant.DslLifecycle                                      : loaded 5 times (x 70B)
Class com.android.build.gradle.internal.dsl.AaptOptions                               : loaded 5 times (x 115B)
Class com.android.build.api.dsl.BaselineProfile                                       : loaded 5 times (x 70B)
Class org.bouncycastle.jcajce.provider.config.ConfigurableProvider                    : loaded 5 times (x 70B)
Class com.android.build.api.dsl.DynamicFeatureBaseFlavor                              : loaded 5 times (x 70B)
Class com.android.builder.core.ComponentTypeImpl                                      : loaded 5 times (x 105B)
Class com.android.build.gradle.internal.plugins.BasePlugin$versionedSdkLoaderService$2$1$1: loaded 5 times (x 79B)
Class com.android.build.gradle.internal.services.Aapt2DaemonBuildService$Parameters_Decorated: loaded 5 times (x 127B)
Class com.android.build.gradle.internal.dsl.ApplicationExtensionImpl                  : loaded 5 times (x 387B)
Class com.android.build.gradle.internal.res.Aapt2FromMaven$Companion$Aapt2Extractor   : loaded 5 times (x 78B)
Class com.android.build.gradle.internal.errors.SyncIssueReporterImpl                  : loaded 5 times (x 77B)
Class com.android.build.gradle.internal.plugins.AndroidPluginBaseServices$syncIssueReporter$2$1: loaded 5 times (x 79B)
Class com.android.build.gradle.internal.plugins.BasePlugin$extensionData$2            : loaded 5 times (x 79B)
Class com.android.build.api.variant.HasAndroidTestBuilder                             : loaded 5 times (x 70B)
Class com.android.build.api.dsl.TestBuildType                                         : loaded 5 times (x 70B)
Class com.android.build.api.dsl.DexPackaging                                          : loaded 5 times (x 70B)
Class com.android.build.gradle.internal.dsl.TargetSdkSpecImpl                         : loaded 5 times (x 81B)
Class com.android.build.gradle.internal.component.ApplicationCreationConfig           : loaded 5 times (x 70B)
Class com.android.build.gradle.internal.dsl.SigningConfig$AgpDecorated_Decorated      : loaded 5 times (x 201B)
Class org.jetbrains.kotlin.gradle.utils.StoredLazyProperty                            : loaded 5 times (x 75B)
Class org.jetbrains.kotlin.gradle.internal.CompilerArgumentAware                      : loaded 5 times (x 70B)
Class com.android.build.gradle.internal.dsl.CompileSdkReleaseSpecImpl$AgpDecorated    : loaded 5 times (x 85B)
Class org.jetbrains.kotlin.gradle.plugin.KotlinTarget                                 : loaded 5 times (x 70B)
Class com.android.build.gradle.internal.dsl.CompileSdkReleaseSpecImpl$AgpDecorated_Decorated: loaded 5 times (x 130B)
Class com.android.build.gradle.internal.dsl.CompileSdkSpecImpl$AgpDecorated           : loaded 5 times (x 90B)
Class com.android.build.gradle.internal.SdkLocator$SdkLocationSource$LOCAL_SDK_DIR    : loaded 5 times (x 80B)
Class com.android.build.gradle.internal.ide.v2.NativeModelBuilder                     : loaded 5 times (x 87B)
Class com.android.build.gradle.internal.plugins.AppPlugin$ApplicationAndroidComponentsExtensionImplCompat: loaded 5 times (x 114B)
Class org.jetbrains.kotlin.gradle.plugin.statistics.BuildFusServiceKt                 : loaded 5 times (x 71B)
Class org.jetbrains.kotlin.gradle.plugin.BuildFinishedListenerService$Companion       : loaded 5 times (x 71B)
Class org.jetbrains.kotlin.gradle.plugin.BuildFinishedListenerService                 : loaded 5 times (x 80B)
Class com.android.build.gradle.internal.tasks.UsesAnalytics                           : loaded 5 times (x 70B)
Class com.android.build.gradle.internal.tasks.SigningConfigUtils                      : loaded 5 times (x 71B)
Class com.android.build.gradle.internal.dsl.BundleOptionsDeviceTier$AgpDecorated      : loaded 5 times (x 85B)
Class com.android.build.gradle.internal.dsl.EmulatorControl$AgpDecorated_Decorated    : loaded 5 times (x 134B)
Class com.android.build.gradle.internal.dsl.CommonExtensionImpl$compileSdkDelegate$1  : loaded 5 times (x 79B)
Class com.android.build.gradle.internal.dsl.BaselineProfileImpl$AgpDecorated          : loaded 5 times (x 84B)
Class com.android.build.gradle.internal.dsl.decorator.DslDecorator$CollectingInfoVisitor: loaded 5 times (x 75B)
Class com.android.build.gradle.internal.dsl.decorator.DslDecorator$Companion          : loaded 5 times (x 71B)
Class com.android.build.api.dsl.AnnotationProcessorOptions                            : loaded 5 times (x 70B)
Class com.android.builder.model.BuildType                                             : loaded 5 times (x 70B)
Class com.android.build.gradle.internal.plugins.BasePlugin$versionedSdkLoaderService$2$1$2: loaded 5 times (x 79B)
Class com.android.build.gradle.internal.AvdComponentsBuildService$Parameters_Decorated: loaded 5 times (x 157B)
Class com.android.build.gradle.internal.plugins.BasePlugin$configureProject$1         : loaded 5 times (x 75B)
Class com.android.build.gradle.internal.services.StringCachingBuildService$RegistrationAction: loaded 5 times (x 74B)
Class com.android.build.gradle.internal.lint.AndroidLintInputs                        : loaded 5 times (x 71B)
Class com.google.protobuf.AbstractParser                                              : loaded 5 times (x 150B)
Class com.google.common.collect.AbstractBiMap$Inverse                                 : loaded 5 times (x 162B)
Class com.google.protobuf.AbstractMessage                                             : loaded 5 times (x 164B)
Class com.android.build.gradle.options.IntegerOption                                  : loaded 5 times (x 85B)
Class com.android.tools.analytics.HostDataKt                                          : loaded 5 times (x 71B)
Class com.android.build.gradle.internal.core.dsl.ComponentDslInfo                     : loaded 5 times (x 70B)
Class com.android.build.api.variant.AndroidComponents                                 : loaded 5 times (x 70B)
Class com.android.build.gradle.internal.plugins.BasePlugin                            : loaded 5 times (x 93B)
Class com.android.build.gradle.internal.dsl.InternalApplicationExtension              : loaded 5 times (x 70B)
Class com.android.build.gradle.internal.plugins.BasePlugin$taskManagerConfig$2        : loaded 5 times (x 79B)
Class com.android.build.gradle.options.ProjectOptionService$Inject_                   : loaded 5 times (x 97B)
Class com.android.build.gradle.options.HasFutureStage                                 : loaded 5 times (x 70B)
Class com.google.common.base.CaseFormat$1                                             : loaded 5 times (x 83B)
Class com.android.build.gradle.internal.dependency.GenericTransformParameters         : loaded 5 times (x 70B)
Class com.android.build.gradle.internal.utils.AnalyticsEnabledValueSource$Params_Decorated: loaded 5 times (x 130B)
Class com.android.build.gradle.internal.utils.AnalyticsEnabledValueSource$Inject_     : loaded 5 times (x 109B)
Class com.android.build.gradle.internal.profile.AnalyticsService$Params               : loaded 5 times (x 70B)
Class com.android.build.gradle.internal.dsl.KeepRulesImpl$AgpDecorated_Decorated      : loaded 5 times (x 142B)
Class com.android.build.gradle.internal.ide.dependencies.MavenCoordinatesCacheBuildService$Parameters_Decorated: loaded 5 times (x 130B)
Class com.android.build.api.dsl.ApplicationVariantDimension                           : loaded 5 times (x 70B)
Class com.android.build.api.dsl.TestVariantDimension                                  : loaded 5 times (x 70B)
Class com.android.build.gradle.internal.dsl.ProductFlavorFactory                      : loaded 5 times (x 77B)
Class com.android.build.gradle.internal.dsl.BundleOptionsDeviceGroup                  : loaded 5 times (x 81B)
Class com.android.build.gradle.internal.dsl.Splits                                    : loaded 5 times (x 81B)
Class com.android.build.api.dsl.ApplicationBuildFeatures                              : loaded 5 times (x 70B)
Class org.jetbrains.kotlin.gradle.plugin.KotlinSourceSetTree                          : loaded 5 times (x 72B)
Class org.jetbrains.kotlin.gradle.plugin.sources.KotlinSourceSetFactory               : loaded 5 times (x 80B)
Class org.jetbrains.kotlin.gradle.targets.native.toolchain.KotlinNativeBundleBuildService$Parameters_Decorated: loaded 5 times (x 139B)
Class org.jetbrains.kotlin.gradle.internal.ClassLoadersCachingBuildService$Companion  : loaded 5 times (x 71B)
Class org.jetbrains.kotlin.gradle.internal.IdeaKt$isInIdeaSync$1                      : loaded 5 times (x 74B)
Class com.android.build.gradle.internal.services.VariantServices                      : loaded 5 times (x 70B)
Class com.android.build.gradle.internal.CompileOptions$Companion                      : loaded 5 times (x 71B)
Class com.android.build.gradle.internal.dsl.decorator.ApplicationInstallationImpl$AgpDecorated: loaded 5 times (x 99B)
Class com.android.build.gradle.internal.dsl.CommonExtensionImpl$compileSdkDelegate$2  : loaded 5 times (x 79B)
Class com.android.builder.core.DefaultVectorDrawablesOptions                          : loaded 5 times (x 80B)
Class com.android.build.gradle.internal.dsl.BaselineProfileImpl                       : loaded 5 times (x 79B)
Class com.android.build.gradle.internal.dsl.ExternalNativeBuild                       : loaded 5 times (x 91B)
Class com.android.build.gradle.internal.dsl.decorator.LockableMap                     : loaded 5 times (x 128B)
Class com.android.build.gradle.internal.dsl.BuildType                                 : loaded 5 times (x 365B)
Class com.android.build.gradle.internal.plugins.BasePlugin$configureProject$2         : loaded 5 times (x 75B)
Class com.google.wireless.android.sdk.stats.JavaProcessStats$1                        : loaded 5 times (x 151B)
Class com.android.build.gradle.internal.api.artifact.SourceArtifactType$JAVA_SOURCES  : loaded 5 times (x 74B)
Class com.google.protobuf.GeneratedMessage$GeneratedExtension                         : loaded 5 times (x 87B)
Class com.android.build.gradle.internal.profile.AnalyticsConfiguratorService$Params_Decorated: loaded 5 times (x 130B)
Class com.android.build.gradle.internal.api.artifact.SourceArtifactType$ASSETS        : loaded 5 times (x 74B)
Class com.google.gson.JsonSerializer                                                  : loaded 5 times (x 70B)
Class [Lcom.android.ide.common.blame.Message$Kind;                                    : loaded 5 times (x 69B)
Class com.android.build.gradle.internal.tasks.factory.TaskFactoryUtils                : loaded 5 times (x 71B)
Class com.android.build.gradle.internal.errors.MessageReceiverImpl                    : loaded 5 times (x 75B)
Class com.android.build.gradle.internal.variant.VariantInputModel                     : loaded 5 times (x 70B)
Class com.android.build.api.artifact.impl.ArtifactsImpl$1                             : loaded 5 times (x 78B)
Class com.android.build.gradle.internal.dsl.BuildType$AgpDecorated_Decorated          : loaded 5 times (x 441B)
Class com.android.build.gradle.internal.tasks.BaseTask                                : loaded 5 times (x 318B)
Class com.android.build.gradle.internal.plugins.BasePlugin$createTasks$2              : loaded 5 times (x 77B)
Class org.jetbrains.kotlin.gradle.internal.diagnostics.KotlinCompilerEmbeddableCheck  : loaded 5 times (x 71B)
Class org.jetbrains.kotlin.gradle.plugin.VariantImplementationFactories               : loaded 5 times (x 75B)
Class org.jetbrains.kotlin.gradle.utils.WhenPluginEnabledKt                           : loaded 5 times (x 71B)
Class org.jetbrains.kotlin.gradle.plugin.mpp.KotlinVariant                            : loaded 5 times (x 101B)
Class org.jetbrains.kotlin.gradle.plugin.mpp.KotlinTargetSoftwareComponent            : loaded 5 times (x 89B)
Class org.jetbrains.kotlin.gradle.plugin.sources.android.AndroidVariantType           : loaded 5 times (x 79B)
Class com.android.build.gradle.internal.TaskManager$Companion$createTasksBeforeEvaluate$6: loaded 5 times (x 74B)
Class com.android.ide.common.gradle.Version$Companion$ParseState$NUMERIC              : loaded 5 times (x 74B)
Class org.jetbrains.kotlin.gradle.plugin.VariantImplementationFactories$Companion$getProvider$2$1: loaded 5 times (x 79B)
Class com.android.build.gradle.internal.dsl.BaseAppModuleExtensionInternal            : loaded 5 times (x 459B)
Class com.android.build.gradle.internal.component.PublishableCreationConfig           : loaded 5 times (x 70B)
Class com.android.build.gradle.internal.plugins.BasePlugin$variantFactory$2           : loaded 5 times (x 79B)
Class com.android.build.gradle.options.FeatureStage                                   : loaded 5 times (x 72B)
Class org.jetbrains.kotlin.gradle.plugin.AbstractKotlinJsPluginWrapper                : loaded 5 times (x 86B)
Class org.jetbrains.kotlin.gradle.plugin.internal.MavenPublicationComponentAccessor   : loaded 5 times (x 70B)
Class org.jetbrains.kotlin.gradle.utils.IsolatedKotlinClasspathClassCastException     : loaded 5 times (x 82B)
Class org.jetbrains.kotlin.gradle.fus.BuildUidService                                 : loaded 5 times (x 80B)
Class com.android.build.gradle.internal.dsl.MinSdkProperties                          : loaded 5 times (x 70B)
Class com.android.build.gradle.internal.dsl.decorator.DslDecorator$Companion$lookupDefineClassMethod$2: loaded 5 times (x 78B)
Class org.jetbrains.kotlin.gradle.plugin.KotlinPluginWrapperKt                        : loaded 5 times (x 71B)
Class com.android.build.gradle.internal.plugins.BasePlugin$configureProject$3         : loaded 5 times (x 77B)
Class com.android.build.gradle.internal.ide.dependencies.MavenCoordinatesCacheBuildService: loaded 5 times (x 80B)
Class com.android.builder.profile.AnalyticsProfileWriter                              : loaded 5 times (x 72B)
Class com.android.build.gradle.internal.utils.AnalyticsEnabledValueSource             : loaded 5 times (x 78B)
Class com.android.build.api.artifact.impl.SingleArtifactContainer$initArtifactContainer$1: loaded 5 times (x 79B)
Class com.android.build.gradle.internal.services.VariantServicesImpl                  : loaded 5 times (x 115B)
Class com.android.build.gradle.internal.plugins.BasePlugin$buildOutputs$2             : loaded 5 times (x 79B)
Class com.android.build.gradle.internal.plugins.AndroidPluginBaseServices$androidProblemReporterProviderService$2: loaded 5 times (x 79B)
Class com.android.build.gradle.internal.component.ApkCreationConfig                   : loaded 5 times (x 70B)
Class com.android.build.gradle.internal.ide.v2.NativeModelBuilder_Decorated           : loaded 5 times (x 131B)
Class com.android.build.gradle.internal.dsl.ExternalNativeBuildOptions                : loaded 5 times (x 93B)
Class com.android.build.gradle.internal.profile.AnalyticsConfiguratorService$Params$Inject_: loaded 5 times (x 106B)
Class com.android.build.api.dsl.KeepRules                                             : loaded 5 times (x 70B)
Class [Lcom.google.protobuf.Internal$EnumLite;                                        : loaded 5 times (x 69B)
Class com.android.tools.analytics.CommonMetricsData                                   : loaded 5 times (x 71B)
Class com.google.protobuf.CodedInputStream$ArrayDecoder                               : loaded 5 times (x 120B)
Class com.android.ide.common.gradle.Numeric                                           : loaded 5 times (x 77B)
Class com.android.build.gradle.internal.dsl.MultiDexConfigImpl                        : loaded 5 times (x 80B)
Class com.android.build.gradle.internal.dsl.InternalFusedLibraryExtension             : loaded 5 times (x 70B)
Class com.android.tools.analytics.HostData$osBean$2                                   : loaded 5 times (x 78B)
Class com.android.build.api.artifact.impl.ArtifactNamingContext                       : loaded 5 times (x 72B)
Class com.android.build.gradle.internal.dsl.CommonExtensionImpl                       : loaded 5 times (x 208B)
Class com.android.build.api.dsl.ExternalNativeBuild                                   : loaded 5 times (x 70B)
Class com.android.build.gradle.internal.dsl.BundleOptionsDensity                      : loaded 5 times (x 77B)
Class com.android.build.api.dsl.Bundle                                                : loaded 5 times (x 70B)
Class com.android.build.gradle.internal.dsl.decorator.SupportedPropertyType$Collection$List: loaded 5 times (x 74B)
Class com.android.build.api.dsl.LibraryProductFlavor                                  : loaded 5 times (x 70B)
Class com.android.build.gradle.internal.plugins.BasePlugin$configureProject$4         : loaded 5 times (x 74B)
Class com.android.build.gradle.internal.services.BaseServicesImpl                     : loaded 5 times (x 83B)
Class com.android.repository.Revision                                                 : loaded 5 times (x 87B)
Class com.android.build.gradle.internal.dsl.OptimizationImpl$AgpDecorated_Decorated   : loaded 5 times (x 138B)
Class com.android.build.gradle.internal.res.Aapt2FromMaven$Companion$create$aapt2Directory$1: loaded 5 times (x 74B)
Class com.android.build.api.variant.LintLifecycleExtension                            : loaded 5 times (x 70B)
Class com.android.ide.common.blame.Message$Kind$Companion                             : loaded 5 times (x 71B)
Class com.android.build.api.artifact.impl.InternalScopedArtifacts$InternalScope       : loaded 5 times (x 79B)
Class com.android.build.gradle.internal.tasks.factory.GlobalTaskCreationConfigImpl$versionedNdkHandler$2: loaded 5 times (x 79B)
Class com.android.build.gradle.internal.core.dsl.ConsumableComponentDslInfo           : loaded 5 times (x 70B)
Class com.android.build.gradle.internal.variant.AbstractVariantInputManager           : loaded 5 times (x 97B)
Class com.android.build.gradle.internal.tasks.factory.GlobalTaskCreationConfigImpl    : loaded 5 times (x 135B)
Class com.android.build.gradle.AbstractAppExtension                                   : loaded 5 times (x 215B)
Class com.android.build.api.variant.VariantBuilder                                    : loaded 5 times (x 70B)
Class com.android.build.gradle.internal.TaskManager$Companion$createTasksBeforeEvaluate$5: loaded 5 times (x 74B)
Class com.android.build.gradle.internal.dsl.AnnotationProcessorOptions$AgpDecorated   : loaded 5 times (x 106B)
Class com.android.build.gradle.internal.plugins.BasePlugin$buildOutputs$2$1           : loaded 5 times (x 78B)
Class com.android.build.gradle.internal.plugins.BasePlugin$createTasks$1              : loaded 5 times (x 75B)
Class com.android.build.gradle.internal.tasks.NonIncrementalGlobalTask                : loaded 5 times (x 319B)
Class org.jetbrains.kotlin.gradle.targets.native.internal.PlatformLibrariesGenerator$Companion: loaded 5 times (x 71B)
Class org.jetbrains.kotlin.gradle.plugin.DefaultKotlinBasePlugin$setupAttributeMatchingStrategy$1$2: loaded 5 times (x 79B)
Class com.android.build.gradle.internal.plugins.BasePlugin$variantManager$2           : loaded 5 times (x 79B)
Class com.android.build.gradle.api.FusedLibraryPlugin                                 : loaded 5 times (x 74B)
Class com.android.build.gradle.options.FeatureStage$SoftlyEnforced                    : loaded 5 times (x 72B)
Class org.jetbrains.kotlin.gradle.plugin.VariantImplementationFactoriesConfigurator$Companion$getProvider$1: loaded 5 times (x 74B)
Class org.jetbrains.kotlin.gradle.fus.BuildUidService$Companion                       : loaded 5 times (x 71B)
Class org.jetbrains.kotlin.gradle.plugin.KotlinTargetPreset                           : loaded 5 times (x 70B)
Class org.jetbrains.kotlin.gradle.utils.FileUtilsKt$localProperties$1                 : loaded 5 times (x 75B)
Class org.jetbrains.kotlin.gradle.dsl.HasConfigurableKotlinCompilerOptions            : loaded 5 times (x 70B)
Class [Lcom.android.build.gradle.ProguardFiles$ProguardFile;                          : loaded 5 times (x 69B)
Class com.android.build.gradle.internal.ide.v2.NativeModelBuilder$scopes$2            : loaded 5 times (x 79B)
Class com.android.build.api.dsl.SingleVariant                                         : loaded 5 times (x 70B)
Class com.android.build.gradle.internal.dsl.BundleOptionsLanguage$AgpDecorated        : loaded 5 times (x 81B)
Class org.jetbrains.kotlin.gradle.plugin.PropertiesProvider$kotlinExperimentalTryNext$1: loaded 5 times (x 75B)
Class com.android.build.gradle.internal.plugins.BasePlugin$configureProject$5         : loaded 5 times (x 74B)
Class com.android.build.gradle.internal.lint.LintFixBuildService                      : loaded 5 times (x 75B)
Class org.jetbrains.kotlin.gradle.targets.native.toolchain.KotlinNativeBundleBuildService$Companion$registerIfAbsent$1: loaded 5 times (x 75B)
Class com.google.wireless.android.sdk.stats.GradleBuildProject                        : loaded 5 times (x 260B)
Class com.google.wireless.android.sdk.stats.GradleBuildProfileSpan$ExecutionType      : loaded 5 times (x 87B)
Class com.android.build.gradle.internal.errors.SyncIssueReporterImpl$GlobalSyncIssueService: loaded 5 times (x 82B)
Class com.android.build.gradle.internal.errors.DeprecationReporterImpl                : loaded 5 times (x 83B)
Class com.android.build.gradle.internal.errors.AndroidProblemReporterProvider$RegistrationAction: loaded 5 times (x 74B)
Class com.android.build.gradle.options.ProjectOptions                                 : loaded 5 times (x 72B)
Class org.jetbrains.kotlin.gradle.utils.ProviderApiUtilsKt$mapOrNull$1                : loaded 5 times (x 75B)
Class com.android.build.gradle.internal.plugins.AndroidPluginBaseServices$projectServices$2$1$3: loaded 5 times (x 79B)
Class com.android.tools.analytics.HostData                                            : loaded 5 times (x 71B)
Class com.android.build.gradle.internal.profile.AnalyticsConfiguratorService$State    : loaded 5 times (x 79B)
Class com.google.wireless.android.sdk.stats.InstantRunStatus                          : loaded 5 times (x 205B)
Class com.google.protobuf.PrimitiveNonBoxingCollection                                : loaded 5 times (x 70B)
Class com.android.build.gradle.internal.services.AndroidLocationsBuildService$Inject_ : loaded 5 times (x 110B)
Class com.android.build.gradle.internal.ManagedDeviceUtilsKt$getManagedDeviceAvdFolder$1: loaded 5 times (x 75B)
Class com.android.build.gradle.internal.dsl.AndroidTestImpl                           : loaded 5 times (x 77B)
Class com.android.build.api.dsl.FusedLibraryExtension                                 : loaded 5 times (x 70B)
Class com.android.build.gradle.internal.LoggerWrapper                                 : loaded 5 times (x 86B)
Class com.android.build.gradle.options.Option$Status$Deprecated                       : loaded 5 times (x 72B)
Class com.android.build.gradle.internal.plugins.TestPlugin                            : loaded 5 times (x 96B)
Class com.android.build.api.artifact.Artifact$Companion                               : loaded 5 times (x 71B)
Class com.android.build.gradle.internal.dsl.BundleOptionsAbi$AgpDecorated_Decorated   : loaded 5 times (x 125B)
Class com.android.builder.signing.DefaultSigningConfig$Companion                      : loaded 5 times (x 71B)
Class com.android.build.gradle.internal.lint.AndroidLintGlobalTask$UpdateBaselineCreationAction$Companion: loaded 5 times (x 71B)
Class org.jetbrains.kotlin.gradle.internal.properties.PropertiesBuildService$property$1: loaded 5 times (x 79B)
Class org.jetbrains.kotlin.gradle.dsl.KotlinCommonOptions                             : loaded 5 times (x 70B)
Class org.jetbrains.kotlin.gradle.targets.native.toolchain.UsesKotlinNativeBundleBuildService: loaded 5 times (x 70B)
Class org.jetbrains.kotlin.build.report.metrics.ValueType                             : loaded 5 times (x 79B)
Class org.jetbrains.kotlin.gradle.plugin.KotlinCompilerArgumentsProducer              : loaded 5 times (x 70B)
Class com.android.build.gradle.internal.tasks.factory.TaskProviderCallback            : loaded 5 times (x 70B)
Class com.android.build.gradle.internal.services.FakeDependencyJarBuildService$FakeDependencyJarCreator$Params_Decorated: loaded 5 times (x 132B)
Class com.android.build.gradle.internal.services.FakeDependencyJarBuildService$FakeDependencyJarCreator: loaded 5 times (x 80B)
Class com.android.build.gradle.internal.tasks.factory.BootClasspathConfigImpl$filteredBootClasspath$2: loaded 5 times (x 79B)
Class com.android.build.gradle.internal.dsl.BundleOptionsAiModelVersion$AgpDecorated  : loaded 5 times (x 85B)
Class com.android.build.gradle.internal.dsl.decorator.ApplicationInstallationImpl$AgpDecorated_Decorated: loaded 5 times (x 144B)
Class [Lcom.android.resources.Density;                                                : loaded 5 times (x 69B)
Class com.android.build.gradle.internal.dsl.ExternalNativeBuildOptions_Decorated      : loaded 5 times (x 139B)
Class com.google.common.util.concurrent.AbstractFuture$UnsafeAtomicHelper$1           : loaded 5 times (x 76B)
Class com.android.build.gradle.internal.variant.BaseVariantFactory$Companion          : loaded 5 times (x 71B)
Class com.android.build.gradle.internal.ide.dependencies.LibraryDependencyCacheBuildService$RegistrationAction: loaded 5 times (x 74B)
Class com.android.utils.DateProvider$1                                                : loaded 5 times (x 75B)
Class [Lcom.android.build.gradle.internal.profile.AnalyticsConfiguratorService$State; : loaded 5 times (x 69B)
Class org.jetbrains.kotlin.gradle.utils.CompletableFuture                             : loaded 5 times (x 70B)
Class org.jetbrains.kotlin.gradle.plugin.internal.DefaultProjectIsolationStartParameterAccessor_Decorated: loaded 5 times (x 121B)
Class com.android.build.gradle.internal.variant.BaseVariantFactory                    : loaded 5 times (x 106B)
Class org.jetbrains.kotlin.gradle.plugin.DefaultKotlinBasePlugin$setupAttributeMatchingStrategy$1$1: loaded 5 times (x 79B)
Class org.jetbrains.kotlin.compilerRunner.GradleCompilerRunner$Companion              : loaded 5 times (x 71B)
Class org.jetbrains.kotlin.gradle.plugin.internal.ProjectIsolationStartParameterAccessorKt: loaded 5 times (x 71B)
Class org.jetbrains.kotlin.gradle.plugin.KotlinAndroidPluginWrapper                   : loaded 5 times (x 86B)
Class com.android.build.gradle.AppExtension                                           : loaded 5 times (x 215B)
Class com.android.build.gradle.internal.plugins.DslContainerProvider                  : loaded 5 times (x 70B)
Class com.android.build.gradle.internal.plugins.BasePlugin$extension$2                : loaded 5 times (x 79B)
Class org.jetbrains.kotlin.build.report.metrics.BuildPerformanceMetric                : loaded 5 times (x 70B)
Class com.android.build.api.artifact.impl.TypedStorageProvider$getArtifact$1$1        : loaded 5 times (x 79B)
Class org.jetbrains.kotlin.gradle.plugin.internal.JavaExecTaskParametersCompatibility : loaded 5 times (x 70B)
Class com.android.build.gradle.internal.plugins.AndroidPluginBaseServices$projectServices$2$1$2: loaded 5 times (x 79B)
Class com.android.build.gradle.internal.plugins.AppPlugin                             : loaded 5 times (x 97B)
Class org.jetbrains.kotlin.gradle.dsl.DefaultToolchainSupport_Decorated               : loaded 5 times (x 120B)
Class org.jetbrains.kotlin.gradle.internal.properties.NativePropertiesLoader$jvmArgs$1: loaded 5 times (x 75B)
Class org.jetbrains.kotlin.gradle.report.BuildMetricsService$Companion                : loaded 5 times (x 71B)
Class org.jetbrains.kotlin.gradle.plugin.VariantImplementationFactories$Parameters_Decorated: loaded 5 times (x 130B)
Class org.jetbrains.kotlin.gradle.plugin.PropertiesProvider$PropertyNames             : loaded 5 times (x 71B)
Class org.jetbrains.kotlin.gradle.tasks.KotlinCompileTool                             : loaded 5 times (x 70B)
Class org.jetbrains.kotlin.gradle.utils.SingleAction$PerformedActions                 : loaded 5 times (x 72B)
Class org.jetbrains.kotlin.gradle.utils.GradleUtilsKt                                 : loaded 5 times (x 71B)
Class org.jetbrains.kotlin.gradle.plugin.HasProject                                   : loaded 5 times (x 70B)
Class com.android.build.gradle.internal.services.VariantBuilderServices               : loaded 5 times (x 70B)
Class com.android.build.api.extension.impl.OperationsRegistrar                        : loaded 5 times (x 72B)
Class com.android.tools.lint.model.LintModelSeverity                                  : loaded 5 times (x 79B)
Class com.android.build.gradle.internal.dsl.BundleOptionsAbi$AgpDecorated             : loaded 5 times (x 81B)
Class com.android.build.gradle.internal.dsl.ApplicationAndroidResourcesImpl$AgpDecorated: loaded 5 times (x 130B)
Class com.android.builder.core.AbstractProductFlavor$DimensionRequest                 : loaded 5 times (x 72B)
Class com.android.build.gradle.internal.plugins.BasePlugin$managedDeviceRegistry$2    : loaded 5 times (x 79B)
Class com.android.build.gradle.internal.dsl.LintImpl                                  : loaded 5 times (x 212B)
Class com.android.build.api.dsl.SigningConfig                                         : loaded 5 times (x 70B)
Class com.android.io.CancellableFileIo                                                : loaded 5 times (x 71B)
Class com.google.protobuf.Descriptors$FieldDescriptor                                 : loaded 5 times (x 88B)
Class com.android.build.gradle.internal.errors.SyncIssueReporterImpl$GlobalSyncIssueService$Parameters: loaded 5 times (x 70B)
Class com.android.build.gradle.options.FutureStage                                    : loaded 5 times (x 72B)
Class com.android.build.api.variant.ComponentIdentity                                 : loaded 5 times (x 70B)
Class com.android.build.gradle.internal.testing.ManagedDeviceRegistry                 : loaded 5 times (x 75B)
Class com.android.build.gradle.internal.tasks.ApplicationTaskManager                  : loaded 5 times (x 86B)
Class com.android.build.gradle.internal.dsl.BaseAppModuleExtension                    : loaded 5 times (x 459B)
Class com.android.build.gradle.AndroidConfig                                          : loaded 5 times (x 70B)
Class com.android.build.gradle.internal.ide.dependencies.MavenCoordinatesCacheBuildService$RegistrationAction: loaded 5 times (x 74B)
Class com.android.build.gradle.internal.AvdComponentsBuildService$RegistrationAction  : loaded 5 times (x 74B)
Class com.google.gson.internal.bind.TypeAdapters$34                                   : loaded 5 times (x 76B)
Class com.android.build.gradle.internal.api.AndroidSourceSetName$Companion            : loaded 5 times (x 71B)
Class com.android.build.gradle.internal.dsl.ManagedDevices_Decorated                  : loaded 5 times (x 124B)
Class com.android.build.gradle.internal.dsl.ApplicationPublishingImpl$AgpDecorated    : loaded 5 times (x 86B)
Class com.android.build.gradle.internal.tasks.factory.BootClasspathConfigImpl$2       : loaded 5 times (x 79B)
Class com.android.build.gradle.internal.dsl.SdkComponentsImpl                         : loaded 5 times (x 86B)
Class com.android.build.api.variant.Aapt2                                             : loaded 5 times (x 70B)
Class com.android.build.gradle.internal.dsl.SigningConfig$AgpDecorated                : loaded 5 times (x 150B)
Class org.jetbrains.kotlin.gradle.logging.GradleLoggingUtilsKt                        : loaded 5 times (x 71B)
Class org.jetbrains.kotlin.gradle.targets.native.internal.PlatformLibrariesGenerator$GeneratedPlatformLibrariesService: loaded 5 times (x 76B)
Class org.jetbrains.kotlin.gradle.utils.FutureKt                                      : loaded 5 times (x 71B)
Class com.google.protobuf.Internal                                                    : loaded 5 times (x 71B)
Class com.android.build.api.dsl.LibraryAndroidResources                               : loaded 5 times (x 70B)
Class com.android.build.gradle.internal.dsl.decorator.DslDecorator$Companion$classLoaderDefineClass$2: loaded 5 times (x 78B)
Class com.android.build.api.dsl.ExternalNativeBuildFlags                              : loaded 5 times (x 70B)
Class com.android.build.gradle.internal.dsl.BundleOptions$AgpDecorated                : loaded 5 times (x 139B)
Class com.android.build.gradle.internal.component.VariantCreationConfig               : loaded 5 times (x 70B)
Class org.jetbrains.kotlin.gradle.plugin.KotlinBasePlugin                             : loaded 5 times (x 70B)
Class com.android.build.gradle.internal.plugins.BasePlugin$Companion                  : loaded 5 times (x 71B)
Class org.jetbrains.kotlin.gradle.plugin.mpp.KotlinAndroidTarget_Decorated            : loaded 5 times (x 213B)
Class org.jetbrains.kotlin.gradle.ExperimentalKotlinGradlePluginApi                   : loaded 5 times (x 70B)
Class org.jetbrains.kotlin.gradle.internal.properties.NativePropertiesLoader          : loaded 5 times (x 86B)
Class com.android.build.gradle.options.SigningOptions                                 : loaded 5 times (x 72B)
Class org.jetbrains.kotlin.gradle.plugin.KotlinGradleBuildServices$Parameters$Inject_ : loaded 5 times (x 106B)
Class org.jetbrains.kotlin.gradle.plugin.statistics.BuildFusService                   : loaded 5 times (x 84B)
Class org.jetbrains.kotlin.gradle.dsl.KotlinAndroidProjectExtension                   : loaded 5 times (x 139B)
Class com.android.build.gradle.internal.lint.AndroidLintGlobalTask$GlobalCreationAction$Companion: loaded 5 times (x 71B)
Class com.android.build.gradle.internal.tasks.LintCompile$CreationAction              : loaded 5 times (x 91B)
Class com.android.build.gradle.internal.dsl.AndroidTestImpl$AgpDecorated              : loaded 5 times (x 80B)
Class com.android.build.gradle.internal.tasks.factory.GlobalTaskCreationConfigImpl$testOptionExecutionEnum$2: loaded 5 times (x 79B)
Class com.android.build.gradle.internal.tasks.factory.BootClasspathConfigImpl$androidJar$2: loaded 5 times (x 79B)
Class com.android.build.gradle.internal.dsl.BundleOptionsCodeTransparency$AgpDecorated_Decorated: loaded 5 times (x 125B)
Class com.android.build.gradle.internal.dsl.ApplicationExtensionImpl$lintOptions$2    : loaded 5 times (x 79B)
Class com.android.build.gradle.internal.dsl.ManagedDevices$localDevices$1$1           : loaded 5 times (x 75B)
Class com.android.build.gradle.internal.dsl.AarMetadataImpl$AgpDecorated              : loaded 5 times (x 91B)
Class com.android.build.gradle.internal.dsl.AnnotationProcessorOptions$AgpDecorated_Decorated: loaded 5 times (x 149B)
Class com.android.resources.Density                                                   : loaded 5 times (x 92B)
Class com.android.build.gradle.internal.services.TaskCreationServicesImpl             : loaded 5 times (x 102B)
Class com.android.build.gradle.internal.dsl.decorator.SupportedPropertyType           : loaded 5 times (x 73B)
Class com.android.build.gradle.internal.dsl.InternalSigningConfig                     : loaded 5 times (x 70B)
Class com.android.build.gradle.internal.dependency.JacocoInstrumentationService       : loaded 5 times (x 81B)
Class com.android.build.gradle.internal.ide.v2.GlobalSyncService$Parameters_Decorated : loaded 5 times (x 130B)
Class com.android.tools.analytics.StubbableLazy                                       : loaded 5 times (x 76B)
Class com.android.build.gradle.internal.TaskManager$Companion$createTasksBeforeEvaluate$4: loaded 5 times (x 75B)
Class com.android.build.gradle.internal.profile.TaskMetadata                          : loaded 5 times (x 72B)
Class com.android.build.gradle.internal.scope.ProjectInfo$Companion                   : loaded 5 times (x 71B)
Class org.jetbrains.kotlin.gradle.plugin.sources.DefaultKotlinSourceSetFactory        : loaded 5 times (x 80B)
Class com.google.protobuf.Internal$EnumLite                                           : loaded 5 times (x 70B)
Class com.android.build.gradle.internal.AbstractAppTaskManager                        : loaded 5 times (x 86B)
Class [Lcom.android.build.gradle.options.ReplacedOption;                              : loaded 5 times (x 69B)
Class com.android.build.gradle.internal.tasks.GlobalTask                              : loaded 5 times (x 70B)
Class com.android.build.gradle.internal.plugins.AndroidPluginBaseServices$projectServices$2$1$1: loaded 5 times (x 125B)
Class com.android.build.gradle.internal.cxx.gradle.generator.CxxMetadataGenerator     : loaded 5 times (x 70B)
Class com.android.build.api.artifact.impl.StorageProviderImpl$fileStorage$1           : loaded 5 times (x 78B)
Class com.android.build.api.dsl.JacocoOptions                                         : loaded 5 times (x 70B)
Class com.android.build.gradle.internal.dependency.JacocoInstrumentationService$RegistrationAction: loaded 5 times (x 74B)
Class com.android.build.gradle.internal.services.FakeDependencyJarBuildService        : loaded 5 times (x 82B)
Class com.android.build.gradle.internal.api.LazyAndroidSourceSet                      : loaded 5 times (x 72B)
Class com.android.build.api.dsl.ApkSigningConfig                                      : loaded 5 times (x 70B)
Class com.android.build.api.dsl.BundleTexture                                         : loaded 5 times (x 70B)
Class com.android.build.gradle.internal.dsl.KmpOptimizationImpl                       : loaded 5 times (x 83B)
Class com.android.build.gradle.internal.api.DefaultAndroidSourceSet$AndroidSourceDirectorySetFactory: loaded 5 times (x 75B)
Class com.android.build.gradle.internal.tasks.factory.BootClasspathConfigImpl$1       : loaded 5 times (x 79B)
Class com.android.build.api.dsl.DefaultConfig                                         : loaded 5 times (x 70B)
Class org.jetbrains.kotlin.gradle.utils.AndroidPluginIdsKt                            : loaded 5 times (x 71B)
Class com.android.build.api.variant.HasAndroidResources                               : loaded 5 times (x 70B)
Class org.jetbrains.kotlin.gradle.internal.diagnostics.AgpCompatibilityCheck$runAgpCompatibilityCheckIfAgpIsApplied$1$1: loaded 5 times (x 75B)
Class org.jetbrains.kotlin.gradle.plugin.PropertiesProvider$preciseCompilationResultsBackup$1: loaded 5 times (x 79B)
Class org.jetbrains.kotlin.gradle.plugin.mpp.KotlinJvmAndroidCompilation              : loaded 5 times (x 198B)
Class org.jetbrains.kotlin.gradle.utils.FutureImpl                                    : loaded 5 times (x 80B)
Class org.jetbrains.kotlin.gradle.internal.properties.NativePropertiesLoader$isToolchainEnabled$1: loaded 5 times (x 75B)
Class com.android.build.gradle.internal.dsl.VcsInfoImpl$AgpDecorated_Decorated        : loaded 5 times (x 125B)
Class com.android.build.gradle.internal.dsl.BuildType$AgpDecorated                    : loaded 5 times (x 369B)
Class com.android.build.gradle.internal.dsl.ManagedDevices$localDevices$1$2           : loaded 5 times (x 75B)
Class com.android.build.gradle.internal.dsl.decorator.DslDecorator$ClassInfoVisitor   : loaded 5 times (x 70B)
Class com.android.build.api.dsl.DependencySelection                                   : loaded 5 times (x 70B)
Class com.android.build.gradle.api.JavaCompileOptions                                 : loaded 5 times (x 70B)
Class org.bouncycastle.jce.provider.BouncyCastleProvider                              : loaded 5 times (x 169B)
Class com.android.build.api.dsl.DynamicFeatureBuildType                               : loaded 5 times (x 70B)
Class com.google.wireless.android.sdk.stats.GradleBuildMemorySampleOrBuilder          : loaded 5 times (x 70B)
Class com.android.builder.profile.AnalyticsProfileWriter$Companion                    : loaded 5 times (x 71B)
Class org.jetbrains.kotlin.gradle.plugin.KotlinGradleBuildServices$Companion$registerIfAbsent$2$1$1: loaded 5 times (x 75B)
Class org.jetbrains.kotlin.gradle.plugin.mpp.KotlinUsages$setupAttributesMatchingStrategy$1: loaded 5 times (x 74B)
Class org.jetbrains.kotlin.gradle.plugin.mpp.AbstractKotlinTarget$components$2        : loaded 5 times (x 79B)
Class org.jetbrains.kotlin.gradle.plugin.KotlinCompilerPluginSupportPlugin            : loaded 5 times (x 70B)
Class [Lcom.android.build.gradle.internal.SdkLocator$PropertyLocation;                : loaded 5 times (x 69B)
Class com.android.ide.common.gradle.Version$Companion$ParseState$EMPTY                : loaded 5 times (x 74B)
Class com.android.build.gradle.internal.errors.AndroidProblemReporterProvider$Parameters: loaded 5 times (x 70B)
Class com.android.build.gradle.internal.errors.AndroidProblemReporterProvider$Parameters_Decorated: loaded 5 times (x 130B)
Class com.android.tools.analytics.Environment$EnvironmentVariable                     : loaded 5 times (x 79B)
Class com.google.protobuf.Message$Builder                                             : loaded 5 times (x 70B)
Class com.android.tools.analytics.HostData$graphicsEnvironment$2                      : loaded 5 times (x 78B)
Class com.android.build.api.dsl.BuildType                                             : loaded 5 times (x 70B)
Class com.android.build.gradle.internal.dsl.CoreProductFlavor                         : loaded 5 times (x 70B)
Class org.jetbrains.kotlin.gradle.tasks.DefaultKotlinJavaToolchain$Companion$wireJvmTargetToToolchain$1: loaded 5 times (x 75B)
Class org.jetbrains.kotlin.gradle.plugin.KotlinPlatformType                           : loaded 5 times (x 82B)
Class org.jetbrains.kotlin.gradle.internal.properties.PropertiesBuildServiceKt        : loaded 5 times (x 71B)
Class org.jetbrains.kotlin.gradle.plugin.KotlinGradleBuildServices$Companion          : loaded 5 times (x 71B)
Class com.android.build.gradle.internal.dsl.Splits$AgpDecorated                       : loaded 5 times (x 85B)
Class com.android.build.gradle.internal.dsl.decorator.DslDecorator$findAbstractProperties$1$2: loaded 5 times (x 78B)
Class com.google.protobuf.ProtocolStringList                                          : loaded 5 times (x 70B)
Class com.android.build.api.dsl.BundleDensity                                         : loaded 5 times (x 70B)
Class com.android.builder.internal.BaseConfigImpl                                     : loaded 5 times (x 115B)
Class com.android.build.api.dsl.AndroidSourceSet                                      : loaded 5 times (x 70B)
Class com.android.build.gradle.internal.SdkComponentsBuildService                     : loaded 5 times (x 80B)
Class [Lcom.android.prefs.VariableValue;                                              : loaded 5 times (x 69B)
Class com.android.build.gradle.internal.utils.EnvironmentProviderImpl                 : loaded 5 times (x 78B)
Class com.android.build.gradle.internal.services.Aapt2ThreadPoolBuildService          : loaded 5 times (x 80B)
Class com.google.wireless.android.sdk.stats.GradleBuildProfileSpan$ExecutionType$1    : loaded 5 times (x 76B)
Class com.android.build.gradle.internal.errors.SyncIssueReporterImpl$GlobalSyncIssueService$Parameters_Decorated: loaded 5 times (x 139B)
Class com.google.protobuf.Extension$ExtensionType                                     : loaded 5 times (x 79B)
Class com.google.protobuf.AbstractMessageLite$Builder$LimitedInputStream              : loaded 5 times (x 92B)
Class com.android.build.gradle.internal.plugins.AndroidPluginBaseServices$projectServices$2: loaded 5 times (x 79B)
Class com.android.build.gradle.internal.VariantManager                                : loaded 5 times (x 72B)
Class com.android.build.gradle.options.StringOption                                   : loaded 5 times (x 85B)
Class com.google.common.util.concurrent.ListeningExecutorService                      : loaded 5 times (x 70B)
Class com.android.ide.common.gradle.Separator                                         : loaded 5 times (x 79B)
Class com.android.build.gradle.internal.dsl.PackagingOptions$AgpDecorated_Decorated   : loaded 5 times (x 162B)
Class com.android.build.gradle.internal.dsl.LintImpl$AgpDecorated_Decorated           : loaded 5 times (x 303B)
Class com.android.build.gradle.api.InstallableVariant                                 : loaded 5 times (x 70B)
Class com.android.build.api.variant.VariantSelector                                   : loaded 5 times (x 70B)
Class com.android.build.gradle.internal.variant.VariantModelImpl                      : loaded 5 times (x 87B)
Class com.android.build.gradle.internal.cxx.configure.NativeModelBuilderOutcome$Builder: loaded 5 times (x 322B)
Class org.jetbrains.kotlin.gradle.plugin.internal.ProjectIsolationStartParameterAccessor$Factory: loaded 5 times (x 70B)
Class org.jetbrains.kotlin.gradle.plugin.VariantImplementationFactories$Companion$getProvider$2$1$1: loaded 5 times (x 75B)
Class org.jetbrains.kotlin.gradle.report.BuildReportMode                              : loaded 5 times (x 79B)
Class org.jetbrains.kotlin.gradle.internal.properties.NativePropertiesLoader$actualNativeHomeDirectory$3: loaded 5 times (x 75B)
Class com.android.build.gradle.api.AndroidBasePlugin                                  : loaded 5 times (x 74B)
Class com.google.common.util.concurrent.ListeningScheduledExecutorService             : loaded 5 times (x 70B)
Class org.jetbrains.kotlin.gradle.tasks.DefaultKotlinJavaToolchain$Companion$wireJvmTargetToToolchain$2: loaded 5 times (x 75B)
Class org.jetbrains.kotlin.gradle.plugin.ProjectLocalConfigurations$ProjectLocalDisambiguation: loaded 5 times (x 76B)
Class com.android.build.gradle.options.SyncOptions$EvaluationMode                     : loaded 5 times (x 79B)
Class org.jetbrains.kotlin.gradle.internal.properties.PropertiesBuildService$NullableStringGradleProperty: loaded 5 times (x 76B)
Class org.jetbrains.kotlin.gradle.targets.native.KonanPropertiesBuildService          : loaded 5 times (x 76B)
Class org.jetbrains.kotlin.gradle.plugin.KotlinGradleBuildServices$detectKotlinPluginLoadedInMultipleProjects$onRegister$1$1: loaded 5 times (x 75B)
Class org.jetbrains.kotlin.gradle.internal.properties.PropertiesBuildService$Inject_  : loaded 5 times (x 96B)
Class org.jetbrains.kotlin.gradle.plugin.internal.ConfigurationCacheStartParameterAccessor$Factory: loaded 5 times (x 70B)
Class com.android.build.gradle.internal.dsl.decorator.DslDecorator$findAbstractProperties$1$3: loaded 5 times (x 78B)
Class com.google.gson.internal.bind.TypeAdapters$33                                   : loaded 5 times (x 76B)
Class com.android.build.gradle.internal.dsl.DependencySelectionImpl                   : loaded 5 times (x 78B)
Class com.android.build.api.dsl.BundleDeviceGroup                                     : loaded 5 times (x 70B)
Class com.android.build.gradle.api.AnnotationProcessorOptions                         : loaded 5 times (x 70B)
Class com.android.build.api.dsl.ApplicationBaseFlavor                                 : loaded 5 times (x 70B)
Class com.android.build.gradle.internal.dsl.CoreBuildType                             : loaded 5 times (x 70B)
Class com.android.build.gradle.internal.services.FakeDependencyJarBuildService$Params_Decorated: loaded 5 times (x 130B)
Class com.google.protobuf.UnknownFieldSet                                             : loaded 5 times (x 87B)
Class com.google.wireless.android.sdk.stats.GradleBuildProfile$Builder                : loaded 5 times (x 348B)
Class com.android.build.gradle.internal.variant.AbstractVariantInputManager$Companion : loaded 5 times (x 71B)
Class com.android.build.gradle.internal.dsl.decorator.SupportedPropertyType$Collection$Map: loaded 5 times (x 74B)
Class com.android.build.gradle.internal.dsl.SplitOptions                              : loaded 5 times (x 88B)
Class com.android.build.gradle.api.KotlinMultiplatformAndroidPlugin                   : loaded 5 times (x 76B)
Class com.android.build.api.variant.HasDeviceTests                                    : loaded 5 times (x 70B)
Class com.android.build.gradle.internal.scope.ProjectInfo                             : loaded 5 times (x 72B)
Class com.android.build.gradle.internal.dsl.LibraryPublishingImpl                     : loaded 5 times (x 86B)
Class com.android.build.gradle.internal.dsl.ConfigurableFilesImpl                     : loaded 5 times (x 80B)
Class com.google.common.base.Enums$StringConverter                                    : loaded 5 times (x 90B)
Class com.android.build.gradle.internal.api.DefaultAndroidSourceSet_Decorated         : loaded 5 times (x 273B)
Class com.google.protobuf.AbstractProtobufList                                        : loaded 5 times (x 229B)
Class com.android.builder.model.LintOptions                                           : loaded 5 times (x 70B)
Class com.android.build.api.dsl.ApplicationProductFlavor                              : loaded 5 times (x 70B)
Class com.android.build.gradle.internal.model.CoreExternalNativeBuild                 : loaded 5 times (x 70B)
Class com.android.build.gradle.internal.dsl.LibraryAndroidResourcesImpl               : loaded 5 times (x 121B)
Class com.android.build.gradle.internal.dsl.BundleOptionsStoreArchive$AgpDecorated_Decorated: loaded 5 times (x 125B)
Class com.android.build.gradle.LintLifecycleExtensionImpl_Decorated                   : loaded 5 times (x 124B)
Class com.android.build.gradle.internal.TaskManager$Companion$createTasksBeforeEvaluate$3: loaded 5 times (x 74B)
Class com.android.build.gradle.internal.tasks.factory.GlobalTaskCreationAction        : loaded 5 times (x 89B)
Class com.android.build.gradle.internal.api.artifact.SourceArtifactType$JNI           : loaded 5 times (x 74B)
Class com.android.build.gradle.internal.dsl.BaseAppModuleExtension_Decorated          : loaded 5 times (x 540B)
Class com.android.build.gradle.internal.PropertiesValueSource                         : loaded 5 times (x 78B)
Class org.jetbrains.kotlin.tooling.core.ExtrasUtilsKt                                 : loaded 5 times (x 71B)
Class org.jetbrains.kotlin.buildtools.api.ExperimentalBuildToolsApi                   : loaded 5 times (x 70B)
Class org.jetbrains.kotlin.gradle.targets.native.KonanPropertiesBuildService$Companion$registerIfAbsent$2$1$1: loaded 5 times (x 75B)
Class org.jetbrains.kotlin.gradle.utils.ResourceUtilsKt                               : loaded 5 times (x 71B)
Class org.jetbrains.kotlin.gradle.plugin.KotlinPluginWrapperKt$kotlinPluginVersionFromResources$1: loaded 5 times (x 78B)
Class com.android.build.gradle.internal.core.Abi                                      : loaded 5 times (x 79B)
Class com.android.build.gradle.internal.dsl.DataBindingOptions$AgpDecorated_Decorated : loaded 5 times (x 163B)
Class com.android.build.gradle.internal.api.artifact.SourceArtifactType$ML_MODELS     : loaded 5 times (x 74B)
Class org.jetbrains.kotlin.tooling.core.TypeUtils                                     : loaded 5 times (x 71B)
Class org.jetbrains.kotlin.gradle.plugin.AndroidGradlePluginVersionKt                 : loaded 5 times (x 71B)
Class com.android.build.gradle.internal.dsl.AgpTestSuiteImpl                          : loaded 5 times (x 102B)
Class com.android.build.gradle.internal.dsl.BundleOptionsAbi                          : loaded 5 times (x 77B)
Class com.android.build.gradle.internal.services.VersionedSdkLoaderService$versionedSdkLoader$2: loaded 5 times (x 79B)
Class com.android.build.gradle.internal.services.ClassesHierarchyBuildService$RegistrationAction: loaded 5 times (x 74B)
Class com.android.build.gradle.internal.services.AndroidLocationsBuildService$AndroidLocations: loaded 5 times (x 82B)
Class com.google.protobuf.CodedInputStream$IterableDirectByteBufferDecoder            : loaded 5 times (x 120B)
Class com.google.protobuf.Internal$DoubleList                                         : loaded 5 times (x 70B)
Class org.jetbrains.kotlin.gradle.report.ConfigureReporingKt                          : loaded 5 times (x 71B)
Class org.jetbrains.kotlin.gradle.report.ReportingSettings$Companion                  : loaded 5 times (x 71B)
Class com.android.build.gradle.internal.plugins.BasePlugin$globalConfig$2             : loaded 5 times (x 79B)
Class com.android.build.gradle.internal.plugins.BasePlugin$variantApiOperations$2     : loaded 5 times (x 79B)
Class com.android.build.gradle.internal.plugins.AndroidPluginBaseServices$configuratorService$2: loaded 5 times (x 79B)
Class com.android.build.api.variant.GeneratesApk                                      : loaded 5 times (x 70B)
Class com.android.build.gradle.internal.dsl.TestedExtensionImpl                       : loaded 5 times (x 222B)
Class org.jetbrains.kotlin.gradle.utils.StoredPropertyKt                              : loaded 5 times (x 71B)
Class org.jetbrains.kotlin.gradle.internal.properties.NativePropertiesLoader$actualNativeHomeDirectory$2: loaded 5 times (x 74B)
Class org.jetbrains.kotlin.gradle.dsl.KotlinVersion                                   : loaded 5 times (x 79B)
Class com.android.build.gradle.internal.GradleLocalPropertiesFactory$get$propertiesContent$1: loaded 5 times (x 75B)
Class org.jetbrains.kotlin.gradle.dsl.KotlinTargetContainerWithJsPresetFunctions      : loaded 5 times (x 70B)
Class com.android.build.api.variant.CanMinifyCodeBuilder                              : loaded 5 times (x 70B)
Class org.jetbrains.kotlin.gradle.plugin.mpp.KotlinTargetComponentWithPublication     : loaded 5 times (x 70B)
Class com.google.gson.internal.bind.TypeAdapters$28                                   : loaded 5 times (x 75B)
Class com.google.gson.internal.bind.TypeAdapters$EnumTypeAdapter                      : loaded 5 times (x 74B)
Class org.jetbrains.kotlin.gradle.plugin.mpp.KotlinAndroidTargetVariantDslImpl        : loaded 5 times (x 75B)
Class com.android.build.gradle.internal.plugins.AppPlugin$ApplicationAndroidComponentsExtensionImplCompat_Decorated: loaded 5 times (x 162B)
Class com.android.sdklib.SdkVersionInfo                                               : loaded 5 times (x 71B)
Class com.android.build.gradle.internal.dsl.DefaultConfig$AgpDecorated_Decorated      : loaded 5 times (x 517B)
Class org.jetbrains.kotlin.gradle.targets.native.KonanPropertiesBuildService$Parameters_Decorated: loaded 5 times (x 130B)
Class org.jetbrains.kotlin.gradle.plugin.KotlinPluginWrapperKt$kotlinPluginVersionFromResources$1$1: loaded 5 times (x 71B)
Class com.android.build.gradle.internal.tasks.factory.TaskCreationAction              : loaded 5 times (x 89B)
Class com.android.build.gradle.internal.core.ExecutionProfileOptions                  : loaded 5 times (x 72B)
Class org.jetbrains.kotlin.gradle.plugin.KotlinCompilation                            : loaded 5 times (x 70B)
Class com.android.build.gradle.internal.dsl.BundleOptionsDeviceTier$AgpDecorated_Decorated: loaded 5 times (x 130B)
Class com.android.build.gradle.internal.dsl.decorator.ApplicationInstallationImpl     : loaded 5 times (x 94B)
Class org.jetbrains.kotlin.gradle.plugin.KotlinTargetConfiguratorKt                   : loaded 5 times (x 71B)
Class org.jetbrains.kotlin.gradle.targets.native.internal.PlatformLibrariesGenerator  : loaded 5 times (x 72B)
Class com.android.build.gradle.internal.dsl.decorator.DslDecorator                    : loaded 5 times (x 72B)
Class org.jetbrains.kotlin.tooling.core.Extras$Type$Companion                         : loaded 5 times (x 71B)
Class com.android.builder.model.DimensionAware                                        : loaded 5 times (x 70B)
Class com.android.build.gradle.internal.res.Aapt2FromMaven$Companion$Aapt2Extractor$Inject_1: loaded 5 times (x 109B)
Class com.android.build.gradle.internal.tasks.DeviceSerialTestTask                    : loaded 5 times (x 313B)
Class com.google.common.base.CaseFormat                                               : loaded 5 times (x 83B)
Class com.android.build.gradle.internal.dsl.CoreExternalNativeNdkBuildOptions         : loaded 5 times (x 70B)
Class com.android.build.api.dsl.NdkBuildFlags                                         : loaded 5 times (x 70B)
Class com.android.build.gradle.internal.dsl.JavaCompileOptions$AgpDecorated           : loaded 5 times (x 86B)
Class com.android.build.gradle.internal.dependency.SourceSetManager$createConfigurationsForSourceSet$createKaptConfiguration$1: loaded 5 times (x 79B)
Class com.android.build.gradle.internal.dsl.CmakeOptions$AgpDecorated                 : loaded 5 times (x 102B)
Class com.android.build.gradle.internal.dsl.SdkComponentsImpl$aidl$2                  : loaded 5 times (x 79B)
Class org.jetbrains.kotlin.gradle.internal.properties.NativePropertiesKt              : loaded 5 times (x 71B)
Class org.jetbrains.kotlin.gradle.internal.properties.NativePropertiesLoader$actualNativeHomeDirectory$1: loaded 5 times (x 75B)
Class org.jetbrains.kotlin.gradle.plugin.KotlinPlatformType$CompatibilityRule         : loaded 5 times (x 76B)
Class org.jetbrains.kotlin.gradle.plugin.mpp.AbstractKotlinTarget$kotlinComponents$2  : loaded 5 times (x 79B)
Class com.android.build.gradle.internal.EnvironmentVariablesPropertiesFactory         : loaded 5 times (x 71B)
Class com.google.protobuf.LazyStringArrayList                                         : loaded 5 times (x 314B)
Class [Lcom.google.common.util.concurrent.DirectExecutor;                             : loaded 5 times (x 69B)
Class com.android.build.gradle.internal.services.ServiceRegistrationAction$execute$1  : loaded 5 times (x 75B)
Class com.android.build.gradle.internal.dsl.ApplicationAndroidResourcesImpl           : loaded 5 times (x 124B)
Class [Lcom.android.build.gradle.options.BooleanOption;                               : loaded 5 times (x 69B)
Class com.android.build.api.dsl.TargetSdkSpec                                         : loaded 5 times (x 70B)
Class com.android.build.gradle.internal.dsl.JniLibsPackagingImpl                      : loaded 5 times (x 89B)
Class org.jetbrains.kotlin.gradle.internal.Kapt3GradleSubplugin$Kapt3SubpluginContext : loaded 5 times (x 72B)
Class org.jetbrains.kotlin.gradle.dsl.KotlinJvmCompilerOptionsDefault_Decorated       : loaded 5 times (x 167B)
Class org.jetbrains.kotlin.gradle.plugin.HasKotlinDependencies                        : loaded 5 times (x 70B)
Class org.jetbrains.kotlin.gradle.internal.ClassLoadersCachingBuildService$Parameters_Decorated: loaded 5 times (x 130B)
Class org.jetbrains.kotlin.gradle.targets.native.toolchain.KotlinNativeBundleBuildService$Companion: loaded 5 times (x 71B)
Class org.jetbrains.kotlin.gradle.plugin.VariantImplementationFactoriesConfigurator   : loaded 5 times (x 76B)
Class com.android.build.api.dsl.ApplicationAndroidResources                           : loaded 5 times (x 70B)
Class com.android.build.gradle.internal.api.artifact.SourceArtifactType$BASELINE_PROFILES: loaded 5 times (x 74B)
Class com.android.build.api.dsl.AaptOptions                                           : loaded 5 times (x 70B)
Class com.android.build.api.dsl.LibraryBaseFlavor                                     : loaded 5 times (x 70B)
Class com.android.build.gradle.internal.services.Aapt2ThreadPoolBuildService$Params   : loaded 5 times (x 70B)
Class com.google.protobuf.Internal$ProtobufList                                       : loaded 5 times (x 70B)
Class com.android.build.gradle.internal.DependencyResolutionChecksKt                  : loaded 5 times (x 71B)
Class com.android.build.gradle.internal.lint.LintFromMaven$Companion                  : loaded 5 times (x 71B)
Class com.android.ide.common.gradle.Part                                              : loaded 5 times (x 77B)
Class com.android.ide.common.blame.SourceFile                                         : loaded 5 times (x 72B)
Class com.android.build.api.dsl.BundleLanguage                                        : loaded 5 times (x 70B)
Class com.android.build.gradle.internal.plugins.BasePlugin$newExtension$2             : loaded 5 times (x 79B)
Class com.android.build.gradle.internal.services.VersionedSdkLoaderService            : loaded 5 times (x 72B)
Class com.android.build.api.dsl.BundleCountrySet                                      : loaded 5 times (x 70B)
Class com.android.build.api.dsl.BundleDeviceTier                                      : loaded 5 times (x 70B)
Class com.android.build.gradle.internal.services.AndroidLocationsBuildService$AndroidDirectoryCreator$Inject_: loaded 5 times (x 111B)
Class [Lcom.google.protobuf.ProtocolMessageEnum;                                      : loaded 5 times (x 69B)
Class com.android.build.gradle.internal.dsl.DefaultConfig                             : loaded 5 times (x 438B)
Class com.android.build.gradle.internal.dsl.MaxSdkSpecImpl                            : loaded 5 times (x 79B)
Class com.android.build.gradle.internal.plugins.AbstractAppPlugin                     : loaded 5 times (x 93B)
Class com.android.builder.model.VectorDrawablesOptions                                : loaded 5 times (x 70B)
Class com.google.common.base.Enums                                                    : loaded 5 times (x 71B)
Class com.android.builder.core.LibraryRequest                                         : loaded 5 times (x 72B)
Class com.android.build.gradle.internal.api.ReadOnlyObjectProvider                    : loaded 5 times (x 76B)
Class com.android.build.gradle.options.BooleanOption                                  : loaded 5 times (x 89B)
Class org.jetbrains.kotlin.gradle.plugin.UsesVariantImplementationFactories           : loaded 5 times (x 70B)
Class org.jetbrains.kotlin.gradle.internal.Kapt3GradleSubplugin                       : loaded 5 times (x 83B)
Class org.jetbrains.kotlin.gradle.plugin.KotlinGradleFinishBuildHandler$Companion     : loaded 5 times (x 71B)
Class org.jetbrains.kotlin.gradle.internal.IsInIdeaSyncValueSource                    : loaded 5 times (x 78B)
Class com.android.build.gradle.internal.crash.CrashReporting$afterEvaluate$1          : loaded 5 times (x 75B)
Class com.android.build.gradle.internal.dsl.MinSdkSpecImpl                            : loaded 5 times (x 81B)
Class com.android.build.api.dsl.Packaging                                             : loaded 5 times (x 70B)
Class com.android.build.gradle.internal.dsl.ProductFlavor                             : loaded 5 times (x 469B)
Class com.android.build.gradle.internal.SdkComponentsBuildService$RegistrationAction  : loaded 5 times (x 74B)
Class com.android.build.gradle.internal.ide.dependencies.LibraryDependencyCacheBuildService: loaded 5 times (x 80B)
Class com.google.wireless.android.sdk.stats.GarbageCollectionStats                    : loaded 5 times (x 201B)
Class [Lcom.android.build.gradle.options.IntegerOption;                               : loaded 5 times (x 69B)
Class com.google.protobuf.ExtensionRegistry$ExtensionInfo                             : loaded 5 times (x 72B)
Class com.android.build.gradle.options.Option$Status$Removed                          : loaded 5 times (x 72B)
Class com.android.build.gradle.internal.plugins.AndroidPluginBaseServices$syncIssueReporter$2: loaded 5 times (x 79B)
Class com.android.build.api.variant.CanMinifyCode                                     : loaded 5 times (x 70B)
Class com.android.build.gradle.options.ProjectOptionService                           : loaded 5 times (x 77B)
Class [Lcom.android.ide.common.gradle.Separator;                                      : loaded 5 times (x 69B)
Class com.android.build.gradle.internal.plugins.BasePlugin$apply$1                    : loaded 5 times (x 75B)
Class com.android.build.gradle.options.ApiStage$Removed                               : loaded 5 times (x 72B)
Class com.android.build.gradle.internal.profile.AnalyticsService                      : loaded 5 times (x 110B)
Class com.google.wireless.android.sdk.stats.GarbageCollectionStatsOrBuilder           : loaded 5 times (x 70B)
Class com.android.utils.EnvironmentProvider$DirectEnvironmentProvider                 : loaded 5 times (x 80B)
Class com.google.protobuf.GeneratedMessageV3$Builder                                  : loaded 5 times (x 278B)
Class com.google.protobuf.MutabilityOracle                                            : loaded 5 times (x 70B)
Class com.android.tools.analytics.HostData$runtimeBean$2                              : loaded 5 times (x 78B)
Class org.jetbrains.kotlin.gradle.plugin.mpp.KotlinUsageContext                       : loaded 5 times (x 70B)
Class org.jetbrains.kotlin.gradle.plugin.KotlinTargetsContainer                       : loaded 5 times (x 70B)
Class com.android.build.gradle.internal.ide.v2.GlobalSyncService                      : loaded 5 times (x 80B)
Class org.jetbrains.kotlin.gradle.utils.ConfigurationsKt                              : loaded 5 times (x 71B)
Class org.jetbrains.kotlin.gradle.plugin.diagnostics.DefaultProblemsReporter$Factory  : loaded 5 times (x 76B)
Class com.android.build.gradle.internal.services.Aapt2DaemonBuildService              : loaded 5 times (x 80B)
Class com.android.build.gradle.internal.dsl.LintImpl$SeverityOverrideSet              : loaded 5 times (x 143B)
Class com.android.builder.model.AdbOptions                                            : loaded 5 times (x 70B)
Class com.android.build.api.dsl.MinSdkVersion                                         : loaded 5 times (x 70B)
Class com.android.build.gradle.internal.dsl.BaseFlavor                                : loaded 5 times (x 428B)
Class com.android.build.api.dsl.CompileSdkSpec                                        : loaded 5 times (x 70B)
Class com.android.builder.model.DataBindingOptions                                    : loaded 5 times (x 70B)
Class com.android.prefs.VariableValue                                                 : loaded 5 times (x 82B)
Class com.android.prefs.AbstractAndroidLocations$Companion                            : loaded 5 times (x 71B)
Class com.android.build.gradle.internal.dsl.SigningConfigFactory                      : loaded 5 times (x 77B)
Class com.android.build.gradle.internal.dsl.ShaderOptions                             : loaded 5 times (x 87B)
Class com.android.build.gradle.internal.cxx.model.CxxAbiModel                         : loaded 5 times (x 72B)
Class com.android.ide.common.blame.SourcePositionJsonTypeAdapter                      : loaded 5 times (x 75B)
Class com.android.build.gradle.options.FeatureStage$Removed                           : loaded 5 times (x 72B)
Class com.android.build.gradle.options.Stage                                          : loaded 5 times (x 72B)
Class com.android.prefs.QueryResult                                                   : loaded 5 times (x 82B)
Class [Lcom.google.wireless.android.sdk.stats.GradleBuildVariant$VariantType;         : loaded 5 times (x 69B)
Class com.android.build.gradle.internal.dsl.AndroidSourceSetFactory                   : loaded 5 times (x 77B)
Class com.android.builder.model.BaseConfig                                            : loaded 5 times (x 70B)
Class com.android.build.gradle.internal.TaskManager$Companion$createTasksBeforeEvaluate$2: loaded 5 times (x 74B)
Class com.android.builder.core.ToolsRevisionUtils                                     : loaded 5 times (x 71B)
Class org.jetbrains.kotlin.gradle.report.BuildMetricsService                          : loaded 5 times (x 86B)
Class com.android.build.api.dsl.UnitTestOptions                                       : loaded 5 times (x 70B)
Class com.android.build.gradle.internal.SdkLocator$PropertyLocation                   : loaded 5 times (x 79B)
Class com.android.build.gradle.internal.tasks.factory.GlobalTaskCreationConfigImpl$Companion: loaded 5 times (x 71B)
Class com.android.build.gradle.internal.plugins.BasePlugin$variantManager$2$1         : loaded 5 times (x 79B)
Class org.jetbrains.kotlin.gradle.plugin.VariantImplementationFactoriesConfigurator$Inject_: loaded 5 times (x 96B)
Class org.jetbrains.kotlin.gradle.dsl.KotlinGradlePluginPublicDsl                     : loaded 5 times (x 70B)
Class org.jetbrains.kotlin.gradle.internal.properties.NativeProperties                : loaded 5 times (x 70B)
Class org.jetbrains.kotlin.gradle.plugin.internal.ConfigurationCacheStartParameterAccessor: loaded 5 times (x 70B)
Class org.jetbrains.kotlin.gradle.internal.diagnostics.GradleCompatibilityCheck$DefaultCurrentGradleVersionProvider: loaded 5 times (x 74B)
Class org.jetbrains.kotlin.gradle.dsl.KotlinBaseExtension                             : loaded 5 times (x 70B)
Class com.android.build.gradle.internal.lint.LintTaskManager                          : loaded 5 times (x 72B)
Class com.android.build.gradle.internal.tasks.ExtractProguardFiles                    : loaded 5 times (x 321B)
Class com.android.build.gradle.internal.tasks.factory.GlobalTaskCreationConfigImpl$platformAttrs$2: loaded 5 times (x 79B)
Class com.android.build.api.variant.ScopedArtifacts                                   : loaded 5 times (x 70B)
Class com.android.build.gradle.internal.services.FakeDependencyJarBuildService$Params$Inject_: loaded 5 times (x 106B)
Class com.google.common.base.Converter$ConverterComposition                           : loaded 5 times (x 90B)
Class org.jetbrains.kotlin.gradle.plugin.PropertiesProvider$classLoaderCacheTimeoutInSeconds$1: loaded 5 times (x 75B)
Class com.android.build.gradle.internal.dsl.decorator.SupportedPropertyType$Block     : loaded 5 times (x 74B)
Class com.android.build.api.dsl.CompileSdkVersion                                     : loaded 5 times (x 70B)
Class com.android.build.api.dsl.ApplicationDefaultConfig                              : loaded 5 times (x 70B)
Class com.android.build.gradle.internal.plugins.AndroidPluginBaseServices$applyBaseServices$2: loaded 5 times (x 75B)
Class com.android.build.gradle.internal.profile.ProjectData                           : loaded 5 times (x 72B)
Class com.android.builder.core.AbstractProductFlavor                                  : loaded 5 times (x 194B)
Class com.android.build.gradle.internal.core.dsl.MultiVariantComponentDslInfo         : loaded 5 times (x 70B)
Class org.jetbrains.kotlin.gradle.plugin.PropertiesProvider$keepIncrementalCompilationCachesInMemory$1: loaded 5 times (x 79B)
Class org.jetbrains.kotlin.gradle.plugin.KotlinGradleBuildServices$Companion$registerIfAbsent$2$1: loaded 5 times (x 79B)
Class org.jetbrains.kotlin.gradle.plugin.KotlinGradleBuildServices$Inject_            : loaded 5 times (x 100B)
Class org.jetbrains.kotlin.gradle.internal.properties.NativePropertiesLoader$konanDataDirProperty$1: loaded 5 times (x 75B)
Class com.android.build.gradle.internal.services.SymbolTableBuildService              : loaded 5 times (x 79B)
Class com.android.build.gradle.internal.PropertiesValueSource$Params$Inject_          : loaded 5 times (x 106B)
Class com.android.build.gradle.internal.plugins.BasePlugin$variantInputModel$2$1      : loaded 5 times (x 79B)
Class com.android.build.gradle.internal.dsl.AgpDslLockedException                     : loaded 5 times (x 82B)
Class com.android.utils.Environment$Companion                                         : loaded 5 times (x 71B)
Class com.android.build.gradle.internal.ide.v2.GlobalSyncService$Parameters           : loaded 5 times (x 70B)
Class org.jetbrains.kotlin.gradle.dsl.KotlinCommonToolOptions                         : loaded 5 times (x 70B)
Class org.jetbrains.kotlin.gradle.tasks.DefaultKotlinJavaToolchain$Companion$wireJvmTargetToJvm$1: loaded 5 times (x 75B)
Class org.jetbrains.kotlin.gradle.dsl.KotlinMultiplatformExtension                    : loaded 5 times (x 603B)
Class org.jetbrains.kotlin.gradle.plugin.PropertiesProvider$booleanProvider$1         : loaded 5 times (x 74B)
Class com.android.build.gradle.internal.tasks.factory.PreConfigAction                 : loaded 5 times (x 70B)
Class com.android.build.gradle.internal.plugins.BasePlugin$createVariantModel$1       : loaded 5 times (x 79B)
Class com.android.build.gradle.api.VersionedVariant                                   : loaded 5 times (x 70B)
Class com.android.build.gradle.internal.dsl.ManagedDevices$allDevices$1$1             : loaded 5 times (x 75B)
Class com.android.build.OutputFile                                                    : loaded 5 times (x 70B)
Class com.android.build.gradle.internal.dsl.OptimizationImpl$AgpDecorated             : loaded 5 times (x 90B)
Class org.objectweb.asm.commons.Method                                                : loaded 5 times (x 76B)
Class org.bouncycastle.operator.OperatorException                                     : loaded 5 times (x 82B)
Class com.android.build.gradle.internal.plugins.AndroidPluginBaseServices$applyBaseServices$3: loaded 5 times (x 75B)
Class com.android.build.gradle.internal.services.BuildServicesKt$getBuildService$1    : loaded 5 times (x 75B)
Class com.google.wireless.android.sdk.stats.GarbageCollectionStats$Builder            : loaded 5 times (x 301B)
Class com.android.build.gradle.internal.dsl.AbiSplitOptions$AgpDecorated              : loaded 5 times (x 98B)
Class com.android.builder.profile.Recorder$VoidBlock                                  : loaded 5 times (x 70B)
Class com.android.build.api.extension.impl.ApplicationAndroidComponentsExtensionImpl  : loaded 5 times (x 114B)
Class com.android.build.gradle.internal.services.R8D8ThreadPoolBuildService           : loaded 5 times (x 80B)
Class [Lcom.android.build.gradle.options.Version;                                     : loaded 5 times (x 69B)
Class com.android.build.api.variant.HasTestSuitesBuilder                              : loaded 5 times (x 70B)
Class com.google.wireless.android.sdk.stats.GradleBuildProject$PluginType             : loaded 5 times (x 87B)
Class com.android.build.api.dsl.TestedExtension                                       : loaded 5 times (x 70B)
Class com.android.build.gradle.internal.services.BaseServices                         : loaded 5 times (x 70B)
Class com.android.build.gradle.internal.BadPluginException                            : loaded 5 times (x 82B)
Class com.android.build.api.artifact.Artifact$Category                                : loaded 5 times (x 79B)
Class com.google.protobuf.LazyStringList                                              : loaded 5 times (x 70B)
Class org.jetbrains.kotlin.gradle.plugin.mpp.AbstractKotlinCompilation                : loaded 5 times (x 191B)
Class [Lcom.android.prefs.VariableType;                                               : loaded 5 times (x 69B)
Class com.android.build.gradle.internal.plugins.BasePlugin$versionedSdkLoaderService$2$1: loaded 5 times (x 79B)
Class org.bouncycastle.operator.OperatorCreationException                             : loaded 5 times (x 82B)
Class com.android.build.gradle.internal.dsl.BundleOptionsTexture                      : loaded 5 times (x 81B)
Class com.android.build.api.dsl.JavaCompileOptions                                    : loaded 5 times (x 70B)
Class com.android.build.gradle.internal.dsl.PackagingOptions                          : loaded 5 times (x 111B)
Class com.android.build.api.artifact.ArtifactKind                                     : loaded 5 times (x 72B)
Class com.android.build.gradle.internal.dsl.AdbOptions                                : loaded 5 times (x 87B)
Class com.android.build.gradle.internal.dsl.BundleOptionsDensity$AgpDecorated_Decorated: loaded 5 times (x 125B)
Class com.android.build.gradle.internal.services.VariantBuilderServicesImpl           : loaded 5 times (x 88B)
Class org.jetbrains.kotlin.gradle.plugin.internal.CustomPropertiesFileValueSource     : loaded 5 times (x 82B)
Class com.android.build.gradle.internal.SdkLocator                                    : loaded 5 times (x 71B)
Class org.jetbrains.kotlin.gradle.plugin.VariantImplementationFactories$Inject_       : loaded 5 times (x 106B)
Class org.jetbrains.kotlin.gradle.dsl.DefaultToolchainSupport                         : loaded 5 times (x 76B)
Class org.jetbrains.kotlin.gradle.InternalKotlinGradlePluginApi                       : loaded 5 times (x 70B)
Class org.jetbrains.kotlin.gradle.plugin.diagnostics.ProblemsReporter                 : loaded 5 times (x 70B)
Class org.jetbrains.kotlin.gradle.plugin.VariantImplementationFactories$Parameters    : loaded 5 times (x 70B)
Class org.jetbrains.kotlin.gradle.utils.ConfigurationsKt$sam$org_gradle_api_Action$0  : loaded 5 times (x 75B)
Class org.jetbrains.kotlin.gradle.plugin.internal.JavaExecTaskParametersCompatibility$Factory: loaded 5 times (x 70B)
Class com.android.build.gradle.internal.plugins.AndroidPluginBaseServices$applyBaseServices$4: loaded 5 times (x 75B)
Class com.android.build.gradle.internal.plugins.BasePlugin$createVariantModel$2       : loaded 5 times (x 79B)
Class com.android.build.gradle.internal.dsl.DexPackagingImpl$AgpDecorated_Decorated   : loaded 5 times (x 127B)
Class com.android.build.gradle.internal.dsl.ManagedDevices$allDevices$1$2             : loaded 5 times (x 75B)
Class com.android.build.gradle.internal.dsl.ApplicationAndroidResourcesImpl$AgpDecorated_Decorated: loaded 5 times (x 180B)
Class com.android.build.gradle.internal.dependency.SourceSetManager$createConfigurationsForSourceSet$2: loaded 5 times (x 75B)
Class org.jetbrains.kotlin.gradle.utils.Future                                        : loaded 5 times (x 70B)
Class com.android.build.api.artifact.impl.StorageProviderImpl$directory$1             : loaded 5 times (x 78B)
Class com.android.build.gradle.internal.dsl.LibraryKeepRulesImpl                      : loaded 5 times (x 88B)
Class com.android.build.gradle.internal.dsl.BundleOptionsCodeTransparency             : loaded 5 times (x 77B)
Class com.android.prefs.PathLocator$singlePathOf$values$1                             : loaded 5 times (x 79B)
Class com.android.tools.analytics.AnalyticsSettings$optedIn$1                         : loaded 5 times (x 78B)
Class com.android.sdklib.AndroidApiLevel                                              : loaded 5 times (x 74B)
Class com.android.build.gradle.options.Option$Status$EXPERIMENTAL                     : loaded 5 times (x 71B)
Class com.android.build.gradle.internal.services.ServiceRegistrationAction            : loaded 5 times (x 74B)
Class com.android.build.gradle.internal.component.TargetSdkAwareConfig                : loaded 5 times (x 70B)
Class com.android.build.gradle.internal.SdkLocationSourceSet                          : loaded 5 times (x 72B)
Class com.android.build.gradle.internal.SystemPropertiesFactory                       : loaded 5 times (x 71B)
Class com.android.build.api.variant.HasDeviceTestsBuilder                             : loaded 5 times (x 70B)
Class com.android.build.gradle.options.Option$Status$STABLE                           : loaded 5 times (x 71B)
Class com.android.build.gradle.internal.dsl.decorator.SupportedPropertyType$Var$Custom: loaded 5 times (x 74B)
Class com.android.build.gradle.internal.services.ProjectServices                      : loaded 5 times (x 72B)
Class [Lcom.android.build.gradle.internal.errors.DeprecationReporter$DeprecationTarget;: loaded 5 times (x 69B)
Class com.android.build.gradle.options.FeatureStage$Experimental                      : loaded 5 times (x 72B)
Class com.google.protobuf.GeneratedMessageV3$BuilderParent                            : loaded 5 times (x 70B)
Class com.google.protobuf.Internal$IntList                                            : loaded 5 times (x 70B)
Class com.android.build.gradle.internal.dsl.BuildTypeFactory                          : loaded 5 times (x 77B)
Class com.google.gson.internal.bind.TypeAdapters$34$1                                 : loaded 5 times (x 74B)
Class org.jetbrains.kotlin.gradle.plugin.internal.state.TaskLoggers                   : loaded 5 times (x 71B)
Class com.android.build.gradle.internal.SdkLocator$SdkLocationSource$getSdkLocation$1$1: loaded 5 times (x 79B)
Class com.google.wireless.android.sdk.stats.GradleBuildMemorySample$1                 : loaded 5 times (x 151B)
Class com.google.protobuf.Internal$EnumLiteMap                                        : loaded 5 times (x 70B)
Class org.jetbrains.kotlin.gradle.dsl.KotlinCommonCompilerOptionsDefault              : loaded 5 times (x 96B)
Class org.jetbrains.kotlin.gradle.dsl.KotlinCommonCompilerToolOptionsDefault          : loaded 5 times (x 84B)
Class org.jetbrains.kotlin.gradle.internal.properties.NativePropertiesLoader$isUseXcodeMessageStyleEnabled$1: loaded 5 times (x 75B)
Class org.jetbrains.kotlin.gradle.internal.ClassLoadersCachingBuildService$Companion$registerIfAbsent$2$1: loaded 5 times (x 79B)
Class org.jetbrains.kotlin.gradle.report.BuildReportMode$Companion                    : loaded 5 times (x 71B)
Class org.jetbrains.kotlin.gradle.plugin.VariantImplementationFactories$VariantImplementationFactory: loaded 5 times (x 70B)
Class com.android.build.gradle.internal.plugins.BasePlugin$createVariantModel$3       : loaded 5 times (x 79B)
Class com.android.build.api.variant.impl.DeferredActionManager                        : loaded 5 times (x 72B)
Class com.android.build.gradle.internal.dsl.DataBindingOptions$AgpDecorated           : loaded 5 times (x 112B)
Class com.android.build.gradle.internal.DefaultConfigData                             : loaded 5 times (x 72B)
Class com.android.build.gradle.internal.dsl.VectorDrawablesOptions_Decorated          : loaded 5 times (x 132B)
Class com.android.build.gradle.internal.dsl.decorator.annotation.WithLazyInitialization: loaded 5 times (x 70B)
Class com.android.build.api.dsl.ResourcesPackaging                                    : loaded 5 times (x 70B)
Class com.android.build.gradle.internal.model.CoreNdkBuildOptions                     : loaded 5 times (x 70B)
Class com.android.prefs.PathLocator$singlePathOf$values$2                             : loaded 5 times (x 78B)
Class com.android.build.gradle.internal.services.StringCachingBuildService            : loaded 5 times (x 84B)
Class com.android.build.gradle.internal.errors.AndroidProblemReporterProvider$reporter$1: loaded 5 times (x 74B)
Class com.android.build.gradle.internal.component.ComponentCreationConfig             : loaded 5 times (x 70B)
Class com.android.build.gradle.internal.variant.VariantModel                          : loaded 5 times (x 70B)
Class com.android.build.gradle.internal.dsl.CoreShaderOptions                         : loaded 5 times (x 70B)
Class com.android.builder.internal.StringCachingService                               : loaded 5 times (x 70B)
Class com.android.build.api.dsl.ConfigurableFiles                                     : loaded 5 times (x 70B)
Class com.android.build.api.dsl.ApplicationInstallation                               : loaded 5 times (x 70B)
Class com.android.repository.Revision$Precision                                       : loaded 5 times (x 79B)
Class com.android.build.gradle.internal.dsl.Splits$AgpDecorated_Decorated             : loaded 5 times (x 129B)
Class com.android.build.gradle.internal.dsl.SdkComponentsImpl$ndkDirectory$2          : loaded 5 times (x 79B)
Class com.android.build.gradle.internal.tasks.ExtractProguardFiles$CreationAction$handleProvider$1: loaded 5 times (x 127B)
Class org.jetbrains.kotlin.gradle.plugin.internal.DefaultCompatibilityConventionRegistrar$Factory: loaded 5 times (x 76B)
Class org.jetbrains.kotlin.gradle.plugin.DefaultKotlinBasePlugin$addKotlinCompilerConfiguration$2$1: loaded 5 times (x 75B)
Class org.jetbrains.kotlin.gradle.utils.Completable                                   : loaded 5 times (x 72B)
Class com.android.ide.common.gradle.Version                                           : loaded 5 times (x 75B)
Class com.android.build.api.dsl.ApkExtension                                          : loaded 5 times (x 70B)
Class com.android.build.gradle.options.ProjectOptions$OptionValue                     : loaded 5 times (x 72B)
Class com.android.build.api.dsl.AssetPackBundleExtension                              : loaded 5 times (x 70B)
Class com.android.build.api.dsl.JniLibsPackaging                                      : loaded 5 times (x 70B)
Class com.android.build.gradle.internal.TaskManager$Companion$createTasksBeforeEvaluate$1: loaded 5 times (x 74B)
Class com.android.build.api.artifact.impl.ArtifactContainer                           : loaded 5 times (x 75B)
Class com.google.common.collect.ForwardingMap                                         : loaded 5 times (x 132B)
Class com.android.build.gradle.internal.SdkLocator$ValidationResult                   : loaded 5 times (x 72B)
Class org.jetbrains.kotlin.gradle.plugin.mpp.KotlinUsages$KotlinCinteropCompatibility : loaded 5 times (x 77B)
Class org.jetbrains.kotlin.gradle.plugin.mpp.KotlinUsages$KotlinUsagesCompatibility   : loaded 5 times (x 76B)
Class org.jetbrains.kotlin.gradle.dsl.ExplicitApiMode                                 : loaded 5 times (x 79B)
Class org.jetbrains.kotlin.gradle.plugin.VariantImplementationFactories$Parameters$Inject_: loaded 5 times (x 106B)
Class org.jetbrains.kotlin.gradle.plugin.VariantImplementationFactories$Companion     : loaded 5 times (x 71B)
Class org.jetbrains.kotlin.gradle.plugin.internal.CustomPropertiesFileValueSource$Parameters_Decorated: loaded 5 times (x 130B)
Class org.jetbrains.kotlin.gradle.dsl.KotlinTopLevelExtensionConfig                   : loaded 5 times (x 70B)
Class com.android.build.api.artifact.impl.SingleArtifactContainer                     : loaded 5 times (x 75B)
Class com.android.build.gradle.internal.plugins.BasePlugin$createVariantModel$4       : loaded 5 times (x 79B)
Class com.android.build.api.variant.VariantFilter                                     : loaded 5 times (x 70B)
Class com.android.build.gradle.internal.tasks.factory.BootClasspathConfigImpl$bootClasspath$2: loaded 5 times (x 79B)
Class com.android.build.gradle.internal.dsl.ExternalNativeBuild$AgpDecorated          : loaded 5 times (x 96B)
Class com.android.build.gradle.internal.dsl.ResourcesPackagingImpl$AgpDecorated       : loaded 5 times (x 86B)
Class [Lcom.android.builder.model.TestOptions$Execution;                              : loaded 5 times (x 69B)
Class com.android.build.gradle.internal.dsl.LintOptions                               : loaded 5 times (x 201B)
Class com.android.build.gradle.internal.api.DefaultAndroidSourceDirectorySet$directories$1: loaded 5 times (x 143B)
Class com.android.build.api.dsl.Cmake                                                 : loaded 5 times (x 70B)
Class com.android.build.api.dsl.AarMetadata                                           : loaded 5 times (x 70B)
Class org.jetbrains.kotlin.gradle.plugin.KotlinGradleBuildServices                    : loaded 5 times (x 80B)
Class com.google.protobuf.UnknownFieldSet$Parser                                      : loaded 5 times (x 150B)
Class com.android.build.gradle.internal.dependency.GenericTransformParameters_Decorated: loaded 5 times (x 130B)
Class org.jetbrains.kotlin.gradle.internal.properties.PropertiesBuildService$MemoizedCallable$value$2: loaded 5 times (x 79B)
Class com.google.common.collect.AbstractBiMap                                         : loaded 5 times (x 159B)
Class org.jetbrains.kotlin.gradle.targets.native.toolchain.KotlinNativeBundleBuildService: loaded 5 times (x 77B)
Class org.jetbrains.kotlin.gradle.targets.native.toolchain.KotlinNativeBundleBuildService$Parameters: loaded 5 times (x 70B)
Class [Lcom.android.build.gradle.options.SyncOptions$ErrorFormatMode;                 : loaded 5 times (x 69B)
Class [Lcom.android.build.gradle.options.HasFutureStage;                              : loaded 5 times (x 69B)
Class com.android.build.gradle.internal.utils.GradlePluginUtils                       : loaded 5 times (x 71B)
Class com.android.build.gradle.internal.api.artifact.SourceArtifactType$JNI_LIBS      : loaded 5 times (x 74B)
Class org.jetbrains.kotlin.gradle.tasks.DefaultKotlinJavaToolchain                    : loaded 5 times (x 77B)
Class com.android.build.gradle.internal.res.Aapt2FromMaven$Companion$create$aapt2Directory$1$1: loaded 5 times (x 74B)
Class com.google.wireless.android.sdk.stats.GradleBuildMemorySample                   : loaded 5 times (x 203B)
Class com.android.build.gradle.internal.ide.dependencies.LibraryDependencyCacheBuildService$Parameters: loaded 5 times (x 70B)
Class com.android.build.gradle.internal.services.VersionedSdkLoaderService$versionedSdkLoader$2$1: loaded 5 times (x 75B)
Class com.android.build.gradle.internal.dsl.VariantDimensionBinaryCompatibilityFixParent: loaded 5 times (x 70B)
Class com.android.build.gradle.internal.dsl.TestOptions$suites$2                      : loaded 5 times (x 79B)
Class com.android.build.gradle.internal.plugins.BasePlugin$globalConfig$2$1           : loaded 5 times (x 79B)
Class com.android.build.api.artifact.impl.TypedStorageProvider                        : loaded 5 times (x 72B)
Class com.android.build.api.artifact.impl.SinglePropertyAdapter                       : loaded 5 times (x 78B)
Class com.android.build.gradle.internal.lint.AndroidLintGlobalTask$LintFixCreationAction$Companion: loaded 5 times (x 71B)
Class org.jetbrains.kotlin.gradle.plugin.internal.DefaultProjectIsolationStartParameterAccessor$Factory: loaded 5 times (x 76B)
Class org.jetbrains.kotlin.gradle.plugin.internal.DefaultMavenPublicationComponentAccessor: loaded 5 times (x 75B)
Class org.jetbrains.kotlin.gradle.dsl.KotlinJvmCompilerOptions                        : loaded 5 times (x 70B)
Class org.jetbrains.kotlin.gradle.dsl.JvmDefaultMode                                  : loaded 5 times (x 79B)
Class org.jetbrains.kotlin.gradle.plugin.ProjectLocalConfigurations$ProjectLocalCompatibility: loaded 5 times (x 76B)
Class com.android.build.gradle.LintLifecycleExtensionImpl                             : loaded 5 times (x 80B)
Class org.jetbrains.kotlin.gradle.tasks.DefaultKotlinJavaToolchain$Companion          : loaded 5 times (x 71B)
Class org.jetbrains.kotlin.gradle.dsl.KotlinJvmCompilerOptionsDefault                 : loaded 5 times (x 108B)
Class org.jetbrains.kotlin.gradle.internal.UsesClassLoadersCachingBuildService        : loaded 5 times (x 70B)
Class com.android.build.gradle.internal.plugins.BasePlugin$createVariantModel$5       : loaded 5 times (x 79B)
Class com.android.build.gradle.internal.dsl.decorator.LockableList                    : loaded 5 times (x 208B)
Class com.android.build.gradle.internal.dsl.decorator.SupportedPropertyType$Var$Int   : loaded 5 times (x 74B)
Class com.android.build.gradle.internal.dsl.decorator.SupportedPropertyType$Var$NullableBoolean: loaded 5 times (x 74B)
Class com.android.builder.model.ProductFlavor                                         : loaded 5 times (x 70B)
Class com.android.build.gradle.internal.services.ConfigPhaseFileCreator$Params        : loaded 5 times (x 70B)
Class com.android.tools.analytics.HostData$classLoadingBean$2                         : loaded 5 times (x 78B)
Class com.android.build.gradle.api.TestVariant                                        : loaded 5 times (x 70B)
Class com.android.build.gradle.internal.core.dsl.PublishableComponentDslInfo          : loaded 5 times (x 70B)
Class com.android.build.gradle.TestedAndroidConfig                                    : loaded 5 times (x 70B)
Class org.jetbrains.kotlin.gradle.plugin.KotlinBasePluginWrapper                      : loaded 5 times (x 86B)
Class com.android.build.gradle.internal.CompileOptions$AgpDecorated_Decorated         : loaded 5 times (x 146B)
Class [Lcom.android.tools.lint.model.LintModelSeverity;                               : loaded 5 times (x 69B)
Class com.android.resources.ResourceEnum                                              : loaded 5 times (x 70B)
Class com.google.common.base.Converter$IdentityConverter                              : loaded 5 times (x 90B)
Class com.google.gson.TypeAdapter$1                                                   : loaded 5 times (x 74B)
Class com.google.common.util.concurrent.AbstractFuture$SetFuture                      : loaded 5 times (x 75B)
Class com.android.build.api.dsl.DependenciesInfo                                      : loaded 5 times (x 70B)
Class com.android.build.gradle.internal.ManagedDeviceUtilsKt                          : loaded 5 times (x 71B)
Class com.android.build.gradle.internal.plugins.BasePlugin$Companion$createAndroidJdkImageConfiguration$2: loaded 5 times (x 74B)
Class com.android.prefs.PathLocator$WhenMappings                                      : loaded 5 times (x 71B)
Class com.android.build.gradle.internal.dsl.ApplicationExtensionImpl$AgpDecorated_Decorated: loaded 5 times (x 468B)
Class com.android.build.gradle.internal.dsl.BundleOptionsStoreArchive$AgpDecorated    : loaded 5 times (x 81B)
Class org.jetbrains.kotlin.gradle.report.ReportingSettings                            : loaded 5 times (x 72B)
Class com.android.build.gradle.internal.core.ToolExecutionOptions                     : loaded 5 times (x 72B)
Class com.google.wireless.android.sdk.stats.JavaProcessStats                          : loaded 5 times (x 207B)
Class com.android.build.gradle.internal.SdkType                                       : loaded 5 times (x 79B)
Class com.android.build.gradle.internal.dsl.CompileSdkVersionImpl                     : loaded 5 times (x 80B)
Class com.android.build.gradle.internal.plugins.LibraryPlugin                         : loaded 5 times (x 97B)
Class com.android.utils.Environment                                                   : loaded 5 times (x 74B)
Class org.jetbrains.kotlin.gradle.plugin.mpp.HierarchyAttributeContainer              : loaded 5 times (x 87B)
Class org.jetbrains.kotlin.gradle.tasks.UsesKotlinJavaToolchain                       : loaded 5 times (x 70B)
Class org.jetbrains.kotlin.gradle.plugin.DefaultKotlinBasePlugin$apply$1              : loaded 5 times (x 75B)
Class org.jetbrains.kotlin.gradle.internal.properties.PropertiesBuildService$Params_Decorated: loaded 5 times (x 130B)
Class com.android.build.gradle.internal.tasks.factory.GlobalTaskNames                 : loaded 5 times (x 70B)
Class com.android.build.api.artifact.impl.ArtifactsImpl$2$1                           : loaded 5 times (x 80B)
Class com.android.build.api.dsl.PublishingOptions                                     : loaded 5 times (x 70B)
Class com.android.build.gradle.internal.dsl.ExternalNativeCmakeOptions                : loaded 5 times (x 108B)
Class com.google.protobuf.Message                                                     : loaded 5 times (x 70B)
Class com.google.common.util.concurrent.AbstractFuture$AtomicHelper                   : loaded 5 times (x 78B)
Class com.android.build.gradle.internal.dsl.NdkBuildOptions                           : loaded 5 times (x 92B)
Class com.android.build.gradle.internal.dsl.DataBindingOptions                        : loaded 5 times (x 108B)
Class com.android.build.gradle.internal.services.AndroidLocationsBuildService$AndroidDirectoryCreator: loaded 5 times (x 80B)
Class com.android.build.gradle.internal.tasks.factory.TaskManagerConfig               : loaded 5 times (x 70B)
Class com.android.build.gradle.internal.res.Aapt2FromMaven$Companion$create$1         : loaded 5 times (x 75B)
Class com.android.sdklib.AndroidApiLevel$Companion                                    : loaded 5 times (x 71B)
Class com.android.build.gradle.options.Option$Status                                  : loaded 5 times (x 71B)
Class com.android.prefs.AndroidLocationsProvider                                      : loaded 5 times (x 70B)
Class com.android.build.api.variant.ApplicationVariant                                : loaded 5 times (x 70B)
Class com.android.build.gradle.options.Option                                         : loaded 5 times (x 70B)
Class com.android.build.gradle.options.SyncOptions                                    : loaded 5 times (x 71B)
Class com.android.utils.ILogger                                                       : loaded 5 times (x 70B)
Class com.android.utils.NullLogger                                                    : loaded 5 times (x 85B)
Class com.android.build.gradle.internal.dsl.InternalBuildType                         : loaded 5 times (x 70B)
Class [Lcom.android.prefs.LocationValue;                                              : loaded 5 times (x 69B)
Class com.android.build.gradle.internal.plugins.BasePlugin$Companion$createAndroidJdkImageConfiguration$1: loaded 5 times (x 74B)
Class com.android.build.gradle.internal.scope.DelayedActionsExecutor                  : loaded 5 times (x 72B)
Class com.android.build.gradle.internal.core.InternalBaseVariant                      : loaded 5 times (x 70B)
Class org.jetbrains.kotlin.gradle.plugin.internal.DefaultConfigurationCacheStartParameterAccessorVariantFactory: loaded 5 times (x 76B)
Class org.jetbrains.kotlin.gradle.internal.properties.PropertiesBuildService$Companion$registerIfAbsent$1: loaded 5 times (x 75B)
Class org.jetbrains.kotlin.gradle.dsl.KotlinCommonCompilerToolOptions                 : loaded 5 times (x 70B)
Class com.android.build.api.dsl.CompileSdkReleaseSpec                                 : loaded 5 times (x 70B)
Class org.jetbrains.kotlin.gradle.utils.CompilerOptionsKt$configureExperimentalTryNext$1$1: loaded 5 times (x 78B)
Class org.jetbrains.kotlin.gradle.utils.CompilerOptionsKt                             : loaded 5 times (x 71B)
Class org.jetbrains.kotlin.gradle.plugin.PropertiesProvider$Companion                 : loaded 5 times (x 71B)
Class org.jetbrains.kotlin.gradle.utils.SingleAction                                  : loaded 5 times (x 73B)
Class com.android.build.api.dsl.Device                                                : loaded 5 times (x 70B)
Class [Lcom.google.common.base.CaseFormat;                                            : loaded 5 times (x 69B)
Class com.android.build.gradle.internal.dsl.SigningConfig                             : loaded 5 times (x 147B)
Class com.android.build.gradle.internal.dsl.VectorDrawablesOptions                    : loaded 5 times (x 87B)
Class com.google.wireless.android.sdk.stats.JavaProcessStats$Builder                  : loaded 5 times (x 307B)
Class com.android.ide.common.signing.KeytoolException                                 : loaded 5 times (x 84B)
Class com.google.wireless.android.sdk.stats.GradleBuildVariant$Builder                : loaded 5 times (x 382B)
Class com.android.build.gradle.internal.profile.NoOpAnalyticsService$RegistrationAction: loaded 5 times (x 74B)
Class com.android.build.api.dsl.TestDefaultConfig                                     : loaded 5 times (x 70B)
Class com.android.build.gradle.internal.dsl.decorator.SupportedPropertyType$Var$NullableInt: loaded 5 times (x 74B)
Class com.android.build.gradle.internal.errors.AndroidProblemReporterProvider         : loaded 5 times (x 76B)
Class com.android.build.gradle.internal.dsl.BaselineProfileImpl$AgpDecorated_Decorated: loaded 5 times (x 128B)
Class com.android.build.gradle.internal.tasks.factory.BootClasspathConfigImpl         : loaded 5 times (x 79B)
Class com.android.build.gradle.internal.tasks.factory.GlobalTaskCreationConfig        : loaded 5 times (x 70B)
Class com.android.build.gradle.internal.tasks.factory.BootClasspathConfig             : loaded 5 times (x 70B)
Class com.android.build.gradle.internal.core.dsl.features.DeviceTestOptionsDslInfo    : loaded 5 times (x 70B)
Class com.android.build.api.artifact.impl.ArtifactsImpl                               : loaded 5 times (x 81B)
Class com.android.build.api.instrumentation.manageddevice.ManagedDeviceRegistry       : loaded 5 times (x 70B)
Class org.jetbrains.kotlin.gradle.dsl.KotlinProjectExtension                          : loaded 5 times (x 122B)
Class com.android.build.gradle.internal.services.R8D8ThreadPoolBuildService$Companion : loaded 5 times (x 71B)
Class org.jetbrains.kotlin.gradle.internal.properties.PropertiesBuildService$BooleanGradleProperty: loaded 5 times (x 76B)
Class com.android.SdkConstants                                                        : loaded 5 times (x 71B)
Class [Lcom.android.tools.analytics.Environment$EnvironmentVariable;                  : loaded 5 times (x 69B)
Class org.jetbrains.kotlin.gradle.plugin.VariantImplementationFactories$Companion$getProvider$1: loaded 5 times (x 75B)
Class com.android.build.api.artifact.impl.ScopedArtifactsImpl                         : loaded 5 times (x 75B)
Class org.jetbrains.kotlin.gradle.plugin.KotlinTargetComponent                        : loaded 5 times (x 70B)
Class com.android.build.gradle.internal.profile.NoOpAnalyticsConfiguratorService$RegistrationAction: loaded 5 times (x 74B)
Class com.android.build.gradle.internal.tasks.SigningConfigUtils$Companion            : loaded 5 times (x 71B)
Class com.android.build.gradle.api.AndroidSourceDirectorySet                          : loaded 5 times (x 70B)
Class com.android.build.gradle.internal.dsl.BaseFlavor$minSdkDelegate$1               : loaded 5 times (x 79B)
Class com.android.build.gradle.internal.dsl.NdkOptions                                : loaded 5 times (x 116B)
Class com.android.build.api.dsl.CompileOptions                                        : loaded 5 times (x 70B)
Class com.android.tools.analytics.Environment$Companion$SYSTEM$1                      : loaded 5 times (x 73B)
Class com.google.protobuf.GeneratedMessageV3                                          : loaded 5 times (x 178B)
Class com.android.tools.analytics.Environment$Companion                               : loaded 5 times (x 71B)
Class com.android.tools.analytics.Environment$SystemProperty                          : loaded 5 times (x 79B)
Class com.android.build.gradle.options.OptionParsers                                  : loaded 5 times (x 71B)
Class com.android.ide.common.blame.SourceFilePositionJsonSerializer                   : loaded 5 times (x 77B)
Class com.android.build.gradle.options.FeatureStage$Deprecated                        : loaded 5 times (x 72B)
Class com.android.build.gradle.internal.services.AndroidLocationsBuildService         : loaded 5 times (x 90B)
Class com.android.build.api.variant.Variant                                           : loaded 5 times (x 70B)
Class com.android.build.api.dsl.ApplicationExtension                                  : loaded 5 times (x 70B)
Class com.android.build.gradle.internal.dsl.FusedLibraryExtensionImpl                 : loaded 5 times (x 104B)
Class com.android.build.gradle.internal.ide.v2.NativeModelBuilder$configurationModels$2: loaded 5 times (x 79B)
Class [Lcom.android.build.gradle.internal.dsl.decorator.SupportedPropertyType;        : loaded 5 times (x 69B)
Class com.android.build.api.dsl.MaxSdkVersion                                         : loaded 5 times (x 70B)
Class com.android.build.api.dsl.AgpTestSuite                                          : loaded 5 times (x 70B)
Class com.android.build.gradle.internal.dsl.decorator.annotation.RuntimeGuardedExperimentalApi: loaded 5 times (x 70B)
Class com.android.build.gradle.internal.api.artifact.SourceArtifactType               : loaded 5 times (x 74B)
Class com.android.build.gradle.internal.dsl.BundleOptionsAiModelVersion               : loaded 5 times (x 81B)
Class org.jetbrains.kotlin.gradle.utils.FileUtilsKt                                   : loaded 5 times (x 71B)
Class org.jetbrains.kotlin.tooling.core.MutableExtrasImpl                             : loaded 5 times (x 165B)
Class org.jetbrains.kotlin.tooling.core.MutableExtrasImpl$Companion                   : loaded 5 times (x 71B)
Class org.jetbrains.kotlin.gradle.internal.ClassLoadersCachingBuildService$Parameters : loaded 5 times (x 70B)
Class com.android.ide.common.gradle.Version$Companion                                 : loaded 5 times (x 71B)
Class com.android.build.gradle.internal.PropertiesValueSource$Inject_                 : loaded 5 times (x 109B)
Class org.jetbrains.kotlin.tooling.core.AbstractExtras                                : loaded 5 times (x 141B)
Class org.jetbrains.kotlin.gradle.internal.properties.NativePropertiesLoader$shouldUseEmbeddableCompilerJar$1: loaded 5 times (x 75B)
Class org.jetbrains.kotlin.gradle.fus.BuildUidService$Companion$registerIfAbsent$1    : loaded 5 times (x 74B)
Class org.jetbrains.kotlin.gradle.internal.diagnostics.AgpCompatibilityCheck$AndroidGradlePluginVersionProvider: loaded 5 times (x 70B)
Class com.android.build.gradle.internal.lint.AndroidLintGlobalTask                    : loaded 5 times (x 318B)
Class com.android.build.gradle.internal.dsl.BuildType$Companion                       : loaded 5 times (x 71B)
Class com.android.build.api.artifact.Artifacts                                        : loaded 5 times (x 70B)
Class com.android.build.gradle.internal.services.FakeDependencyJarBuildService$lazyCachedFakeJar$1: loaded 5 times (x 75B)
Class com.android.build.gradle.internal.dsl.SdkComponentsImpl$aapt2$2                 : loaded 5 times (x 79B)
Class com.android.build.gradle.internal.dsl.JavaCompileOptions$AgpDecorated_Decorated : loaded 5 times (x 130B)
Class com.android.build.gradle.internal.dsl.BaseFlavor$minSdkDelegate$2               : loaded 5 times (x 79B)
Class com.android.build.gradle.internal.dsl.BundleOptionsLanguage                     : loaded 5 times (x 77B)
Class com.android.build.gradle.internal.dsl.BundleOptionsCountrySet                   : loaded 5 times (x 81B)
Class com.android.build.api.dsl.DynamicFeatureProductFlavor                           : loaded 5 times (x 70B)
Class com.android.builder.model.Named                                                 : loaded 5 times (x 70B)
Class org.jetbrains.kotlin.gradle.plugin.internal.ProjectIsolationStartParameterAccessor: loaded 5 times (x 70B)
Class com.google.protobuf.MessageLite$Builder                                         : loaded 5 times (x 70B)
Class com.android.build.gradle.options.ApiStage$Experimental                          : loaded 5 times (x 72B)
Class com.android.build.gradle.internal.core.dsl.ApkProducingComponentDslInfo         : loaded 5 times (x 70B)
Class com.android.build.api.extension.impl.AndroidComponentsExtensionImpl             : loaded 5 times (x 112B)
Class com.android.build.gradle.internal.variant.VariantFactory                        : loaded 5 times (x 70B)
Class com.android.build.gradle.internal.core.dsl.VariantDslInfo                       : loaded 5 times (x 70B)
Class com.android.build.gradle.internal.variant.DimensionCombination                  : loaded 5 times (x 70B)
Class com.android.build.gradle.internal.core.dsl.ApplicationVariantDslInfo            : loaded 5 times (x 70B)
Class com.android.build.gradle.internal.plugins.AndroidPluginBaseServices$optionService$2$1: loaded 5 times (x 78B)
Class com.google.gson.InstanceCreator                                                 : loaded 5 times (x 70B)
Class org.jetbrains.kotlin.gradle.plugin.KotlinGradleBuildServices$Companion$registerIfAbsent$1: loaded 5 times (x 75B)
Class org.jetbrains.kotlin.gradle.utils.StoredProperty                                : loaded 5 times (x 70B)
Class com.android.tools.analytics.AnalyticsSettingsData$Companion                     : loaded 5 times (x 71B)
Class com.android.build.gradle.internal.scope.InternalArtifactType$DEFAULT_PROGUARD_FILES: loaded 5 times (x 74B)
Class com.android.build.api.dsl.Publishing                                            : loaded 5 times (x 70B)
Class com.android.builder.profile.ThreadRecorder                                      : loaded 5 times (x 76B)
Class [Lcom.android.builder.errors.IssueReporter$Type;                                : loaded 5 times (x 69B)
Class org.jetbrains.kotlin.gradle.targets.native.KonanPropertiesBuildService$Companion: loaded 5 times (x 71B)
Class org.jetbrains.kotlin.gradle.plugin.PropertiesProvider$propertyWithDeprecatedValues$1: loaded 5 times (x 75B)
Class org.jetbrains.kotlin.gradle.utils.GradleUtilsKt$registerClassLoaderScopedBuildService$1: loaded 5 times (x 74B)
Class org.jetbrains.kotlin.gradle.internal.diagnostics.AgpCompatibilityCheck$AndroidGradlePluginVersionProvider$Default: loaded 5 times (x 74B)
Class com.android.build.gradle.options.FeatureStage$Enforced                          : loaded 5 times (x 72B)
Class com.android.build.gradle.internal.tasks.factory.BootClasspathConfigImpl$fullBootClasspathProvider$2: loaded 5 times (x 79B)
Class com.android.tools.lint.model.LintModelSeverity$Companion                        : loaded 5 times (x 71B)
Class com.android.build.gradle.internal.dsl.ApplicationExtensionImpl$dataBinding$1    : loaded 5 times (x 75B)
Class com.android.build.api.artifact.Artifact                                         : loaded 5 times (x 74B)
Class com.android.build.gradle.internal.api.LazyAndroidSourceSet$sourceSet$1          : loaded 5 times (x 79B)
Class com.android.build.gradle.internal.res.Aapt2FromMaven                            : loaded 5 times (x 72B)
Class com.android.build.gradle.internal.dsl.ExternalNativeCmakeOptions_Decorated      : loaded 5 times (x 152B)
Class com.android.build.gradle.internal.res.Aapt2FromMaven$Companion                  : loaded 5 times (x 71B)
Class com.android.build.api.dsl.MaxSdkSpec                                            : loaded 5 times (x 70B)
Class com.android.builder.core.AbstractBuildType                                      : loaded 5 times (x 153B)
Class com.android.builder.profile.Recorder                                            : loaded 5 times (x 70B)
Class com.google.wireless.android.sdk.stats.GradleBuildMemorySample$Builder           : loaded 5 times (x 303B)
Class com.google.wireless.android.sdk.stats.GradleBuildProfileSpanOrBuilder           : loaded 5 times (x 70B)
Class com.google.protobuf.Parser                                                      : loaded 5 times (x 70B)
Class com.android.tools.analytics.HostData$threadBean$2                               : loaded 5 times (x 78B)
Class com.android.build.gradle.internal.dsl.AgpExperimentalApiOptInRequiredException  : loaded 5 times (x 82B)
Class [Lcom.android.build.gradle.internal.core.Abi;                                   : loaded 5 times (x 69B)
Class org.jetbrains.kotlin.gradle.internal.properties.PropertiesBuildService$IntGradleProperty: loaded 5 times (x 76B)
Class com.google.common.util.concurrent.DirectExecutor                                : loaded 5 times (x 82B)
Class com.android.build.gradle.internal.dsl.AndroidTestImpl$AgpDecorated_Decorated    : loaded 5 times (x 125B)
Class com.android.build.api.dsl.BundleCodeTransparency                                : loaded 5 times (x 70B)
Class com.android.build.api.dsl.BundleStoreArchive                                    : loaded 5 times (x 70B)
Class com.android.build.api.dsl.Ndk                                                   : loaded 5 times (x 70B)
Class org.jetbrains.kotlin.gradle.plugin.mpp.KotlinUsages$KotlinMetadataDisambiguation: loaded 5 times (x 76B)
Class org.jetbrains.kotlin.gradle.plugin.mpp.KotlinAndroidTargetVariantDsl            : loaded 5 times (x 70B)
Class com.android.build.gradle.internal.dsl.DeviceGroupFactory                        : loaded 5 times (x 75B)
Class com.android.build.gradle.internal.dsl.ExternalNativeBuild$AgpDecorated_Decorated: loaded 5 times (x 144B)
Class com.android.builder.testing.api.DeviceProvider                                  : loaded 5 times (x 77B)
Class com.android.build.gradle.internal.cxx.configure.NativeModelBuilderOutcomeOrBuilder: loaded 5 times (x 70B)
Class com.android.build.gradle.ProguardFiles$ProguardFile                             : loaded 5 times (x 79B)
Class com.android.build.gradle.internal.SdkComponentsKt                               : loaded 5 times (x 71B)
Class com.android.build.api.artifact.impl.PropertyAdapter                             : loaded 5 times (x 70B)
Class org.jetbrains.kotlin.gradle.plugin.BuildFinishedListenerService$Companion$registerIfAbsent$1$1$1: loaded 5 times (x 75B)
Class org.jetbrains.kotlin.gradle.internal.properties.PropertiesBuildService          : loaded 5 times (x 76B)
Class org.jetbrains.kotlin.gradle.internal.properties.PropertiesBuildService$Params$Inject_: loaded 5 times (x 106B)
Class org.jetbrains.kotlin.gradle.plugin.mpp.KotlinUsages                             : loaded 5 times (x 71B)
Class org.jetbrains.kotlin.gradle.dsl.KotlinAndroidProjectExtension_Decorated         : loaded 5 times (x 185B)
Class org.jetbrains.kotlin.gradle.internal.properties.NativePropertiesLoader$Companion: loaded 5 times (x 71B)
Class [Lorg.jetbrains.kotlin.build.report.metrics.GradleBuildPerformanceMetric;       : loaded 5 times (x 69B)
Class org.jetbrains.kotlin.gradle.plugin.statistics.BuildFusService$Companion         : loaded 5 times (x 71B)
Class [Lcom.android.build.api.artifact.impl.InternalScopedArtifacts$InternalScope;    : loaded 5 times (x 69B)
Class com.android.build.gradle.internal.services.FakeDependencyJarBuildService$FakeDependencyJarCreator$Inject_: loaded 5 times (x 111B)
Class com.android.build.gradle.internal.tasks.AndroidGlobalTask                       : loaded 5 times (x 318B)
Class com.android.build.gradle.internal.dsl.ComposeOptionsImpl_Decorated              : loaded 5 times (x 128B)
Class com.android.build.gradle.internal.tasks.factory.TaskInformation                 : loaded 5 times (x 70B)
Class com.android.build.gradle.internal.dsl.decorator.DslDecorator$cache$1            : loaded 5 times (x 75B)
Class com.android.build.api.dsl.AndroidResources                                      : loaded 5 times (x 70B)
Class com.google.wireless.android.sdk.stats.GradleBuildVariant$VariantType            : loaded 5 times (x 87B)
Class com.android.ProgressManagerAdapter                                              : loaded 5 times (x 73B)
Class com.google.protobuf.Descriptors$GenericDescriptor                               : loaded 5 times (x 75B)
Class com.android.build.gradle.internal.dsl.SigningConfigImpl$AgpDecorated_Decorated  : loaded 5 times (x 151B)
Class com.android.ide.common.blame.MessageJsonSerializer                              : loaded 5 times (x 76B)
Class com.android.build.gradle.internal.dsl.SigningConfigImpl$AgpDecorated            : loaded 5 times (x 101B)
Class com.android.build.gradle.internal.dsl.DefaultConfig$AgpDecorated                : loaded 5 times (x 442B)
Class com.google.protobuf.ExtensionRegistryFactory                                    : loaded 5 times (x 71B)
Class com.android.build.gradle.internal.plugins.FusedLibraryPlugin                    : loaded 5 times (x 81B)
Class org.jetbrains.kotlin.gradle.plugin.GradleUtilsKt                                : loaded 5 times (x 71B)
Class org.jetbrains.kotlin.gradle.dsl.KotlinTargetContainerWithWasmPresetFunctions    : loaded 5 times (x 70B)
Class com.google.protobuf.AbstractMessage$Builder                                     : loaded 5 times (x 257B)
Class com.android.build.gradle.internal.tasks.factory.TaskConfigAction                : loaded 5 times (x 70B)
Class com.android.build.gradle.internal.dsl.CompileSdkReleaseSpecImpl                 : loaded 5 times (x 81B)
Class org.jetbrains.kotlin.gradle.plugin.DefaultKotlinBasePlugin                      : loaded 5 times (x 82B)
Class com.android.build.api.variant.AndroidComponentsExtension                        : loaded 5 times (x 70B)
Class com.android.build.gradle.internal.plugins.AppPlugin$3                           : loaded 5 times (x 86B)
Class com.android.build.gradle.internal.plugins.AndroidPluginBaseServices$optionService$2: loaded 5 times (x 79B)
Class com.android.ide.common.blame.Message                                            : loaded 5 times (x 72B)
Class org.jetbrains.kotlin.gradle.plugin.internal.MavenPublicationComponentAccessor$Factory: loaded 5 times (x 70B)
Class com.google.protobuf.ExtensionRegistryLite                                       : loaded 5 times (x 74B)
Class org.jetbrains.kotlin.gradle.plugin.mpp.DefaultKotlinUsageContext                : loaded 5 times (x 93B)
Class org.jetbrains.kotlin.gradle.dsl.KotlinJvmExtension                              : loaded 5 times (x 70B)
Class org.jetbrains.kotlin.gradle.plugin.KotlinMultiplatformPluginWrapper             : loaded 5 times (x 86B)
Class org.jetbrains.kotlin.gradle.internal.properties.PropertiesBuildService$Companion: loaded 5 times (x 71B)
Class com.android.build.api.artifact.Artifact$Replaceable                             : loaded 5 times (x 70B)
Class com.android.build.gradle.internal.services.TaskCreationServices                 : loaded 5 times (x 70B)
Class com.android.builder.model.SourceProvider                                        : loaded 5 times (x 70B)
Class com.android.utils.HelpfulEnumConverter                                          : loaded 5 times (x 92B)
Class com.google.common.util.concurrent.AbstractFuture$UnsafeAtomicHelper             : loaded 5 times (x 78B)
Class com.android.build.api.dsl.ProductFlavor                                         : loaded 5 times (x 70B)
Class com.android.build.api.dsl.BaseFlavor                                            : loaded 5 times (x 70B)
Class com.android.build.gradle.internal.services.AndroidLocationsBuildService$AndroidDirectoryCreator$Params: loaded 5 times (x 70B)
Class com.android.build.gradle.internal.services.Aapt2DaemonBuildService$RegistrationAction: loaded 5 times (x 74B)
Class com.android.build.gradle.internal.ide.dependencies.LibraryDependencyCacheBuildService$Parameters_Decorated: loaded 5 times (x 130B)
Class com.google.protobuf.ProtocolMessageEnum                                         : loaded 5 times (x 70B)
Class com.google.protobuf.AbstractMessageLite                                         : loaded 5 times (x 101B)
Class com.android.build.gradle.internal.plugins.BasePlugin$ExtensionData              : loaded 5 times (x 72B)
Class com.android.build.gradle.internal.VariantTaskManager                            : loaded 5 times (x 85B)
Class org.jetbrains.kotlin.gradle.tasks.KotlinJavaToolchain                           : loaded 5 times (x 70B)
Class com.android.build.gradle.options.ReplacedOption                                 : loaded 5 times (x 85B)
Class [Lcom.android.build.gradle.options.OptionalBooleanOption;                       : loaded 5 times (x 69B)
Class com.android.build.api.variant.CanMinifyAndroidResourcesBuilder                  : loaded 5 times (x 70B)
Class com.android.build.gradle.internal.dsl.Lockable                                  : loaded 5 times (x 70B)
Class com.android.prefs.AbstractAndroidLocations                                      : loaded 5 times (x 82B)
Class com.android.build.gradle.internal.dependency.SourceSetManager                   : loaded 5 times (x 72B)
Class com.google.common.util.concurrent.AbstractFuture$Waiter                         : loaded 5 times (x 72B)
Class com.google.common.base.Converter$FunctionBasedConverter                         : loaded 5 times (x 90B)
Class com.android.build.gradle.internal.api.DefaultAndroidSourceSet                   : loaded 5 times (x 227B)
Class com.android.build.gradle.internal.dsl.LintImpl$AgpDecorated                     : loaded 5 times (x 223B)
Class com.android.builder.core.DexOptions                                             : loaded 5 times (x 70B)
Class com.android.build.gradle.internal.tasks.factory.TaskFactory                     : loaded 5 times (x 70B)
Class org.jetbrains.kotlin.gradle.utils.SingleActionPerProject                        : loaded 5 times (x 73B)
Class org.jetbrains.kotlin.gradle.dsl.DefaultToolchainSupport$wireToolchainToTasks$1$1: loaded 5 times (x 75B)
Class com.android.build.gradle.internal.SdkLocator$SdkLocationSource$TEST_SDK_DIRECTORY: loaded 5 times (x 80B)
Class org.jetbrains.kotlin.build.report.metrics.GradleBuildPerformanceMetric$Companion: loaded 5 times (x 71B)
Class org.jetbrains.kotlin.gradle.targets.native.toolchain.KotlinNativeBundleBuildService$Companion$registerIfAbsent$2$1: loaded 5 times (x 79B)
Class org.jetbrains.kotlin.gradle.plugin.internal.CompatibilityConventionRegistrar    : loaded 5 times (x 70B)
Class com.android.ide.common.gradle.Version$Companion$ParseState                      : loaded 5 times (x 70B)
Class org.jetbrains.kotlin.gradle.plugin.sources.KotlinSourceSetFactory$Companion     : loaded 5 times (x 71B)
Class org.jetbrains.kotlin.gradle.dsl.KotlinMultiplatformSourceSetConventions         : loaded 5 times (x 70B)
Class com.android.build.gradle.internal.dsl.CompileSdkProperties                      : loaded 5 times (x 70B)
Class com.android.build.gradle.internal.dsl.decorator.DslDecorator$Companion$privateLookupInMethod$2: loaded 5 times (x 78B)
Class com.android.build.gradle.internal.dsl.TestOptions                               : loaded 5 times (x 118B)
Class com.android.build.gradle.internal.CompileOptions                                : loaded 5 times (x 94B)
Class com.android.build.gradle.internal.dsl.BundleOptionsDeviceTier                   : loaded 5 times (x 81B)
Class [Lcom.android.prefs.Global;                                                     : loaded 5 times (x 69B)
Class com.android.build.gradle.internal.services.ConfigPhaseFileCreator               : loaded 5 times (x 70B)
Class com.android.build.gradle.internal.services.Aapt2ThreadPoolBuildService$Params_Decorated: loaded 5 times (x 130B)
Class com.google.wireless.android.sdk.stats.GradleBuildProfile$1                      : loaded 5 times (x 151B)
Class org.jetbrains.kotlin.gradle.plugin.AndroidGradlePluginVersion                   : loaded 5 times (x 75B)
Class com.android.builder.errors.EvalIssueException                                   : loaded 5 times (x 82B)
Class com.android.ide.common.blame.SourcePosition                                     : loaded 5 times (x 71B)
Class com.android.build.api.variant.HasTestFixtures                                   : loaded 5 times (x 70B)
Class com.android.build.gradle.api.BaseVariant                                        : loaded 5 times (x 70B)
Class com.android.build.gradle.internal.dsl.InternalTestedExtension                   : loaded 5 times (x 70B)
Class com.android.build.gradle.internal.plugins.AppPlugin$2                           : loaded 5 times (x 86B)
Class com.android.build.gradle.internal.errors.SyncIssueReporter                      : loaded 5 times (x 76B)
Class com.android.build.gradle.options.SyncOptions$ErrorFormatMode                    : loaded 5 times (x 79B)
Class com.android.build.gradle.internal.utils.AnalyticsEnabledValueSource$Params$Inject_: loaded 5 times (x 106B)
Class com.google.protobuf.CodedInputStream$StreamDecoder                              : loaded 5 times (x 120B)
Class com.android.tools.analytics.HostData$memoryBean$2                               : loaded 5 times (x 78B)
Class com.android.build.gradle.internal.services.Aapt2ThreadPoolBuildServiceKt        : loaded 5 times (x 71B)
Class com.android.build.gradle.internal.services.Aapt2ThreadPoolBuildService$RegistrationAction: loaded 5 times (x 74B)
Class com.android.build.gradle.internal.variant.LegacyVariantInputManager$6           : loaded 5 times (x 74B)
Class com.android.build.gradle.internal.api.TestedVariant                             : loaded 5 times (x 70B)
Class com.android.build.gradle.internal.AvdComponentsBuildService                     : loaded 5 times (x 76B)
Class org.jetbrains.kotlin.gradle.plugin.internal.state.TaskExecutionResults          : loaded 5 times (x 71B)
Class com.android.build.gradle.internal.services.FakeDependencyJarBuildService$Params : loaded 5 times (x 70B)
Class org.jetbrains.kotlin.gradle.plugin.AndroidGradlePluginVersion$Companion         : loaded 5 times (x 71B)
Class com.android.build.gradle.internal.dsl.ApplicationBuildFeaturesImpl              : loaded 5 times (x 120B)
Class [Lcom.android.build.api.artifact.Artifact$Category;                             : loaded 5 times (x 69B)
Class com.android.build.gradle.internal.dsl.KeepRulesImpl$AgpDecorated                : loaded 5 times (x 95B)
Class com.android.build.api.dsl.JUnitEngineSpec                                       : loaded 5 times (x 70B)
Class com.android.build.gradle.internal.dsl.ApplicationBuildFeaturesImpl_Decorated    : loaded 5 times (x 170B)
Class com.android.build.api.dsl.ApplicationPublishing                                 : loaded 5 times (x 70B)
Class com.android.build.gradle.internal.dsl.TestOptions$UnitTestOptions               : loaded 5 times (x 84B)
Class com.android.build.gradle.internal.dsl.JniLibsPackagingImpl$AgpDecorated_Decorated: loaded 5 times (x 138B)
Class com.android.build.gradle.internal.dsl.DexOptions                                : loaded 5 times (x 103B)
Class com.android.build.api.artifact.impl.StorageProviderImpl                         : loaded 5 times (x 72B)
Class com.android.build.gradle.internal.tasks.LintCompile                             : loaded 5 times (x 320B)
Class org.jetbrains.kotlin.gradle.plugin.internal.CustomPropertiesFileValueSource$Parameters$Inject_: loaded 5 times (x 106B)
Class org.jetbrains.kotlin.gradle.report.BuildReportType                              : loaded 5 times (x 79B)
Class com.android.builder.errors.IssueReporter                                        : loaded 5 times (x 73B)
Class com.android.build.gradle.internal.ide.v2.ModelBuilder$Companion                 : loaded 5 times (x 71B)
Class com.android.build.gradle.internal.lint.AndroidLintGlobalTask$UpdateBaselineCreationAction: loaded 5 times (x 91B)
Class org.jetbrains.kotlin.gradle.plugin.KotlinSourceSetContainer                     : loaded 5 times (x 70B)
Class org.jetbrains.kotlin.gradle.utils.StoredPropertyStorage                         : loaded 5 times (x 72B)
Class [Lcom.android.build.gradle.internal.SdkType;                                    : loaded 5 times (x 69B)
Class [Lcom.android.build.gradle.internal.SdkLocator$SdkLocationSource;               : loaded 5 times (x 69B)
Class com.android.build.api.dsl.MultiDexConfig                                        : loaded 5 times (x 70B)
Class com.android.build.gradle.internal.plugins.AppPlugin$1                           : loaded 5 times (x 86B)
Class com.android.build.gradle.internal.plugins.BasePlugin$versionedSdkLoaderService$2: loaded 5 times (x 79B)
Class com.android.build.gradle.options.Version                                        : loaded 5 times (x 80B)
Class org.jetbrains.kotlin.gradle.targets.native.KonanPropertiesBuildService$Companion$registerIfAbsent$2$1: loaded 5 times (x 79B)
Class org.jetbrains.kotlin.gradle.dsl.KotlinHierarchyDsl                              : loaded 5 times (x 70B)
Class com.android.build.gradle.internal.TaskManager$Companion$createCoreLibraryDesugaringConfig$1: loaded 5 times (x 74B)
Class com.android.tools.analytics.CommonMetricsData$GarbageCollectionStatsDiffs       : loaded 5 times (x 71B)
Class com.android.build.gradle.internal.dsl.CompileSdkDelegate$compileSdk$2$1         : loaded 5 times (x 79B)
Class com.android.build.gradle.internal.PropertiesValueSource$Params_Decorated        : loaded 5 times (x 130B)
Class com.android.build.gradle.internal.TaskManager$Companion                         : loaded 5 times (x 71B)
Class org.jetbrains.kotlin.gradle.plugin.mpp.KotlinAndroidTarget                      : loaded 5 times (x 159B)
Class org.jetbrains.kotlin.gradle.plugin.internal.DefaultCompatibilityConventionRegistrar: loaded 5 times (x 74B)
Class org.jetbrains.kotlin.gradle.plugin.PropertiesProvider                           : loaded 5 times (x 73B)
Class org.jetbrains.kotlin.gradle.plugin.DefaultKotlinBasePlugin$addKotlinCompilerConfiguration$1: loaded 5 times (x 75B)
Class com.android.build.gradle.internal.services.FakeDependencyJarBuildService$FakeDependencyJarCreator$Params$Inject_: loaded 5 times (x 108B)
Class com.android.build.gradle.internal.dsl.SdkComponentsImpl$sdkDirectory$1          : loaded 5 times (x 75B)
Class com.android.build.gradle.api.AndroidArtifactVariant                             : loaded 5 times (x 70B)
Class com.android.build.gradle.internal.dsl.TestFixturesImpl                          : loaded 5 times (x 81B)
Class com.android.build.api.dsl.Installation                                          : loaded 5 times (x 70B)
Class com.android.build.api.dsl.NdkBuild                                              : loaded 5 times (x 70B)
Class com.android.build.api.dsl.BundleAiModelVersion                                  : loaded 5 times (x 70B)
Class com.android.builder.errors.IssueReporter$Severity                               : loaded 5 times (x 79B)
Class com.android.build.gradle.internal.services.Aapt2DaemonBuildService$Parameters   : loaded 5 times (x 72B)
Class com.android.build.gradle.internal.dsl.decorator.SupportedPropertyType$Var$File  : loaded 5 times (x 74B)
Class com.android.build.api.dsl.TestBaseFlavor                                        : loaded 5 times (x 70B)
Class com.android.build.api.dsl.LibraryBuildType                                      : loaded 5 times (x 70B)
Class com.android.build.api.dsl.VariantDimension                                      : loaded 5 times (x 70B)
Class com.android.prefs.AndroidLocationsException                                     : loaded 5 times (x 82B)
Class com.google.protobuf.CodedInputStream                                            : loaded 5 times (x 119B)
Class com.google.wireless.android.sdk.stats.GradleBuildProfileSpan                    : loaded 5 times (x 216B)
Class com.android.build.gradle.internal.plugins.AndroidPluginBaseServices$androidProblemReporterProviderService$2$1: loaded 5 times (x 79B)
Class com.android.build.gradle.BaseExtension                                          : loaded 5 times (x 195B)
Class com.android.build.api.dsl.LibraryDefaultConfig                                  : loaded 5 times (x 70B)
Class com.android.build.api.dsl.Split                                                 : loaded 5 times (x 70B)
Class com.android.build.gradle.api.ViewBindingOptions                                 : loaded 5 times (x 70B)
Class com.google.protobuf.MessageLite                                                 : loaded 5 times (x 70B)
Class com.android.build.gradle.internal.res.Aapt2FromMaven$Companion$DefaultAapt2Version$BUILD_NUMBER$2: loaded 5 times (x 78B)
Class com.android.build.gradle.internal.variant.LegacyVariantInputManager$5           : loaded 5 times (x 75B)
Class com.android.build.gradle.internal.dsl.TestOptions_Decorated                     : loaded 5 times (x 171B)
Class com.android.build.gradle.internal.dsl.EmulatorControl                           : loaded 5 times (x 83B)
Class com.android.build.gradle.internal.dsl.BundleOptionsDeviceGroup$AgpDecorated     : loaded 5 times (x 85B)
Class com.android.build.gradle.internal.tasks.factory.BootClasspathConfigImpl$fullBootClasspath$2: loaded 5 times (x 79B)
Class com.android.build.api.variant.Aidl                                              : loaded 5 times (x 70B)
Class org.jetbrains.kotlin.gradle.plugin.KotlinCompilationToRunnableFiles             : loaded 5 times (x 70B)
Class org.jetbrains.kotlin.gradle.plugin.mpp.KotlinAndroidTargetKt                    : loaded 5 times (x 71B)
Class org.jetbrains.kotlin.gradle.plugin.ProjectLocalConfigurations$setupAttributesMatchingStrategy$1$1: loaded 5 times (x 74B)
Class org.jetbrains.kotlin.gradle.targets.native.toolchain.KotlinNativeBundleBuildService$Companion$registerIfAbsent$2$1$1: loaded 5 times (x 75B)
Class org.jetbrains.kotlin.gradle.plugin.diagnostics.ProblemsReporter$Factory         : loaded 5 times (x 70B)
Class com.google.common.base.CaseFormat$StringConverter                               : loaded 5 times (x 90B)
Class org.jetbrains.kotlin.gradle.dsl.ToolchainSupport$Companion                      : loaded 5 times (x 71B)
Class com.android.build.gradle.internal.dsl.AbstractPublishing                        : loaded 5 times (x 73B)
Class org.jetbrains.kotlin.gradle.plugin.KotlinSourceSet                              : loaded 5 times (x 70B)
Class com.google.wireless.android.sdk.stats.GradleBuildProfileOrBuilder               : loaded 5 times (x 70B)
Class com.android.build.gradle.internal.profile.NoOpAnalyticsService                  : loaded 5 times (x 110B)
Class com.android.build.gradle.internal.profile.AnalyticsServiceApi                   : loaded 5 times (x 70B)
Class com.android.build.gradle.internal.tasks.factory.TaskFactoryImpl                 : loaded 5 times (x 83B)
Class com.android.build.gradle.internal.tasks.factory.GlobalTaskCreationConfigImpl$localCustomLintChecks$2: loaded 5 times (x 79B)
Class com.android.build.api.artifact.impl.ArtifactsImpl$3$1                           : loaded 5 times (x 80B)
Class com.android.build.api.variant.HasAndroidTest                                    : loaded 5 times (x 70B)
Class org.jetbrains.kotlin.gradle.plugin.VariantImplementationFactoriesConfigurator$Companion: loaded 5 times (x 71B)
Class org.jetbrains.kotlin.gradle.plugin.internal.DefaultJavaExecTaskParametersCompatibility$Factory: loaded 5 times (x 76B)
Class org.jetbrains.kotlin.gradle.internal.ClassLoadersCachingBuildService            : loaded 5 times (x 76B)
Class org.jetbrains.kotlin.gradle.dsl.JvmTarget                                       : loaded 5 times (x 79B)
Class com.android.build.gradle.internal.dsl.DependenciesInfoImpl$AgpDecorated_Decorated: loaded 5 times (x 130B)
Class com.android.build.api.variant.Component                                         : loaded 5 times (x 70B)
Class com.android.build.gradle.internal.crash.CrashReporting                          : loaded 5 times (x 71B)
Class com.android.build.gradle.options.ApiStage$Stable                                : loaded 5 times (x 72B)
Class com.android.build.gradle.internal.dsl.DependenciesInfoImpl$AgpDecorated         : loaded 5 times (x 84B)
Class com.android.build.gradle.internal.coverage.JacocoOptions_Decorated              : loaded 5 times (x 130B)
Class com.android.build.gradle.internal.errors.DeprecationReporter                    : loaded 5 times (x 70B)
Class com.android.tools.analytics.Environment                                         : loaded 5 times (x 73B)
Class com.android.build.gradle.internal.plugins.AndroidPluginBaseServices             : loaded 5 times (x 78B)
Class com.android.prefs.VariableType                                                  : loaded 5 times (x 79B)
Class com.android.build.gradle.internal.ClasspathVerifier                             : loaded 5 times (x 71B)
Class com.android.build.gradle.internal.plugins.BasePlugin$dslServices$2              : loaded 5 times (x 79B)
Class com.android.build.gradle.internal.dsl.decorator.DslDecorator$ManagedProperty    : loaded 5 times (x 72B)
Class com.android.build.gradle.internal.dsl.NdkOptions_Decorated                      : loaded 5 times (x 166B)
Class com.android.build.gradle.internal.api.artifact.SourceArtifactType$RENDERSCRIPT  : loaded 5 times (x 74B)
Class com.android.build.gradle.internal.api.artifact.SourceArtifactType$KEEP_RULES    : loaded 5 times (x 74B)
Class com.android.build.gradle.internal.SdkLocator$SdkLocationSource$LOCAL_ANDROID_DIR: loaded 5 times (x 80B)
Class org.jetbrains.kotlin.gradle.dsl.KotlinProjectExtensionKt                        : loaded 5 times (x 71B)
Class org.jetbrains.kotlin.gradle.internal.ClassLoadersCachingBuildService$Companion$registerIfAbsent$1: loaded 5 times (x 75B)
Class org.jetbrains.kotlin.gradle.plugin.UsesKotlinGradleBuildServices                : loaded 5 times (x 70B)
Class org.jetbrains.kotlin.gradle.plugin.KotlinGradleBuildServices$Parameters_Decorated: loaded 5 times (x 130B)
Class org.jetbrains.kotlin.gradle.plugin.DefaultKotlinBasePlugin$addKotlinCompilerConfiguration$3: loaded 5 times (x 75B)
Class org.jetbrains.kotlin.gradle.internal.IdeaKt                                     : loaded 5 times (x 71B)
Class com.android.build.gradle.internal.dsl.BundleOptionsDeviceGroup$AgpDecorated_Decorated: loaded 5 times (x 130B)
Class com.android.build.gradle.internal.dsl.TestOptions$UnitTestOptions_Decorated     : loaded 5 times (x 130B)
Class com.android.build.gradle.internal.api.artifact.SourceArtifactType$KOTLIN_SOURCES: loaded 5 times (x 74B)
Class com.android.build.api.dsl.LibraryPublishing                                     : loaded 5 times (x 70B)
Class com.android.build.api.dsl.ApplicationBuildType                                  : loaded 5 times (x 70B)
Class com.android.build.gradle.internal.dsl.AbiSplitOptions                           : loaded 5 times (x 95B)
Class com.android.build.gradle.internal.SdkComponentsBuildService$Parameters_Decorated: loaded 5 times (x 151B)
Class com.google.protobuf.IterableByteBufferInputStream                               : loaded 5 times (x 92B)
Class com.android.build.gradle.internal.errors.AndroidProblemReporterProvider$Parameters$Inject_: loaded 5 times (x 106B)
Class com.android.build.gradle.internal.errors.AndroidProblemReporterProvider$Inject_ : loaded 5 times (x 96B)
Class com.google.protobuf.MapField                                                    : loaded 5 times (x 89B)
Class com.android.build.gradle.internal.component.TaskCreationConfig                  : loaded 5 times (x 70B)
Class com.android.build.gradle.internal.services.DslServicesImpl                      : loaded 5 times (x 99B)
Class com.android.build.gradle.internal.variant.LegacyVariantInputManager$4           : loaded 5 times (x 74B)
Class com.android.build.gradle.internal.dsl.ResourcesPackagingImpl$AgpDecorated_Decorated: loaded 5 times (x 129B)
Class com.android.build.gradle.api.ApkVariant                                         : loaded 5 times (x 70B)
Class com.android.builder.core.DefaultDexOptions                                      : loaded 5 times (x 99B)
Class com.android.build.gradle.ProguardFiles                                          : loaded 5 times (x 71B)
Class com.android.build.gradle.internal.lint.AndroidLintGlobalTask$BaseGlobalCreationAction: loaded 5 times (x 91B)
Class com.android.build.gradle.internal.lint.AndroidLintGlobalTask$LintFixCreationAction: loaded 5 times (x 91B)
Class org.jetbrains.kotlin.gradle.utils.StoredPropertyKt$projectStoredProperty$1      : loaded 5 times (x 78B)
Class org.jetbrains.kotlin.gradle.internal.properties.PropertiesBuildService$GradleProperty: loaded 5 times (x 70B)
Class org.jetbrains.kotlin.gradle.internal.Kapt3GradleSubplugin$Companion             : loaded 5 times (x 71B)
Class com.android.build.gradle.internal.plugins.BasePlugin$createAndroidTasks$1       : loaded 5 times (x 77B)
Class com.android.builder.profile.NameAnonymizer                                      : loaded 5 times (x 72B)
Class com.google.protobuf.CodedInputStream$UnsafeDirectNioDecoder                     : loaded 5 times (x 120B)
Class com.android.build.gradle.internal.services.BuiltInKotlinServicesKt              : loaded 5 times (x 71B)
Class com.android.build.gradle.internal.profile.AnalyticsConfiguratorService$Params   : loaded 5 times (x 70B)
Class org.jetbrains.kotlin.gradle.plugin.AbstractKotlinAndroidPluginWrapper           : loaded 5 times (x 86B)
Class com.android.build.gradle.internal.plugins.AndroidPluginBaseServices$settingsExtension$2: loaded 5 times (x 79B)
Class com.android.build.gradle.internal.plugins.BasePlugin$bootClasspathConfig$2      : loaded 5 times (x 79B)
Class org.jetbrains.kotlin.gradle.plugin.mpp.KotlinUsageContext$MavenScope            : loaded 5 times (x 79B)
Class com.android.build.gradle.internal.dsl.DexOptions_Decorated                      : loaded 5 times (x 156B)
Class com.android.build.api.dsl.BuildFeatures                                         : loaded 5 times (x 70B)
Class com.android.build.api.dsl.LintOptions                                           : loaded 5 times (x 70B)
Class com.android.build.gradle.api.BaseVariantOutput                                  : loaded 5 times (x 70B)
Class com.android.build.api.dsl.AndroidSourceDirectorySet                             : loaded 5 times (x 70B)
Class [Lcom.android.resources.ResourceEnum;                                           : loaded 5 times (x 69B)
Class com.android.builder.model.ApiVersion                                            : loaded 5 times (x 70B)
Class com.android.build.gradle.internal.plugins.BasePlugin$dslServices$2$1            : loaded 5 times (x 79B)
Class com.android.build.api.dsl.DynamicFeatureVariantDimension                        : loaded 5 times (x 70B)
Class com.google.protobuf.FieldSet$FieldDescriptorLite                                : loaded 5 times (x 70B)
Class com.google.protobuf.ExtensionLite                                               : loaded 5 times (x 77B)
Class com.android.build.gradle.internal.dsl.decorator.SupportedPropertyType$Collection$Set: loaded 5 times (x 74B)
Class com.android.build.gradle.internal.dsl.ConsumerKeepRulesImpl                     : loaded 5 times (x 92B)
Class com.android.build.gradle.internal.dsl.VcsInfoImpl                               : loaded 5 times (x 77B)
Class com.android.build.api.variant.HasTestSuites                                     : loaded 5 times (x 70B)
Class com.android.build.api.variant.HasTestFixturesBuilder                            : loaded 5 times (x 70B)
Class com.android.build.gradle.internal.core.SettingsOptions                          : loaded 5 times (x 72B)
Class com.android.build.gradle.internal.dsl.CompileSdkSpecImpl                        : loaded 5 times (x 86B)
Class com.android.build.gradle.internal.lint.LintFromMaven                            : loaded 5 times (x 72B)
Class com.android.build.gradle.internal.dsl.CoreExternalNativeCmakeOptions            : loaded 5 times (x 70B)
Class com.android.build.api.dsl.AndroidSourceFile                                     : loaded 5 times (x 70B)
Class com.android.build.gradle.internal.dsl.ManagedDevices                            : loaded 5 times (x 80B)
Class com.android.build.gradle.internal.dsl.CmakeOptions$AgpDecorated_Decorated       : loaded 5 times (x 146B)
Class com.google.common.base.CharMatcher$Ascii                                        : loaded 5 times (x 112B)
Class com.google.protobuf.AbstractMessage$BuilderParent                               : loaded 5 times (x 70B)
Class com.android.build.gradle.internal.dsl.decorator.AndroidPluginDslDecoratorKt     : loaded 5 times (x 71B)
Class com.android.build.gradle.internal.dsl.CoreNdkOptions                            : loaded 5 times (x 70B)
Class com.android.build.gradle.internal.dsl.AarMetadataImpl$AgpDecorated_Decorated    : loaded 5 times (x 137B)
Class com.android.build.gradle.internal.variant.LegacyVariantInputManager$3           : loaded 5 times (x 75B)
Class com.android.build.gradle.internal.dsl.CompileSdkDelegate                        : loaded 5 times (x 89B)
Class com.android.build.api.dsl.EmulatorControl                                       : loaded 5 times (x 70B)
Class com.android.build.gradle.internal.dsl.PackagingOptions$AgpDecorated             : loaded 5 times (x 115B)
Class com.android.build.gradle.internal.dsl.SdkComponentsImpl_Decorated               : loaded 5 times (x 130B)
Class com.android.build.gradle.internal.PropertiesValueSource$Params                  : loaded 5 times (x 70B)
Class com.android.build.api.artifact.impl.ArtifactsImpl$lookupProjectScopedArtifactsContainer$1: loaded 5 times (x 79B)
Class com.android.build.gradle.internal.services.FakeDependencyJarBuildService$FakeDependencyJarCreator$Params: loaded 5 times (x 70B)
Class org.jetbrains.kotlin.gradle.internal.properties.NativePropertiesLoader$nativeCacheKind$1: loaded 5 times (x 75B)
Class [Lorg.jetbrains.kotlin.build.report.metrics.ValueType;                          : loaded 5 times (x 69B)
Class org.jetbrains.kotlin.gradle.internal.diagnostics.AgpCompatibilityCheck          : loaded 5 times (x 71B)
Class com.android.build.gradle.internal.tasks.factory.GlobalTaskCreationConfigImpl$buildToolsRevision$2: loaded 5 times (x 79B)
Class com.android.build.gradle.internal.dsl.LintImpl$severities$2                     : loaded 5 times (x 79B)
Class com.android.build.gradle.internal.api.artifact.SourceArtifactType$AIDL          : loaded 5 times (x 74B)
Class com.android.build.gradle.internal.api.DefaultAndroidSourceFile                  : loaded 5 times (x 88B)
Class com.android.build.api.dsl.CmakeFlags                                            : loaded 5 times (x 70B)
Class com.android.build.gradle.internal.dsl.KeepRulesImpl                             : loaded 5 times (x 90B)
Class com.android.build.gradle.internal.tasks.SigningConfigUtils$Companion$gson$2     : loaded 5 times (x 78B)
Class com.android.build.api.artifact.impl.SingleInitialProviderRequestImpl$on$2       : loaded 5 times (x 75B)
Class com.android.build.gradle.internal.errors.SyncIssueReporterImpl$GlobalSyncIssueService$RegistrationAction: loaded 5 times (x 74B)
Class com.android.build.gradle.internal.utils.AnalyticsSettingsUtils                  : loaded 5 times (x 71B)
Class org.jetbrains.kotlin.gradle.plugin.KotlinPlatformType$Companion                 : loaded 5 times (x 71B)
Class org.jetbrains.kotlin.gradle.plugin.KotlinPlatformType$DisambiguationRule        : loaded 5 times (x 76B)
Class com.android.build.gradle.internal.api.artifact.SourceArtifactType$SHADERS       : loaded 5 times (x 74B)
Class com.android.ide.common.blame.Message$Kind                                       : loaded 5 times (x 79B)
Class com.android.build.gradle.internal.plugins.KotlinMultiplatformAndroidPlugin      : loaded 5 times (x 81B)
Class com.android.build.gradle.internal.plugins.BasePlugin$lintDslLifecycleRegistrar$2: loaded 5 times (x 79B)
Class com.android.build.api.variant.HasHostTestsBuilder                               : loaded 5 times (x 70B)
Class com.android.build.api.variant.ComponentBuilder                                  : loaded 5 times (x 70B)
Class com.android.build.api.dsl.SettingsExtension                                     : loaded 5 times (x 70B)
Class com.android.build.api.dsl.CommonExtension                                       : loaded 5 times (x 70B)
Class com.android.builder.core.AbstractProductFlavor$Companion                        : loaded 5 times (x 71B)
Class com.android.build.gradle.AppPluginKt                                            : loaded 5 times (x 71B)
Class [Lorg.jetbrains.kotlin.gradle.report.BuildReportMode;                           : loaded 5 times (x 69B)
Class org.jetbrains.kotlin.konan.util.Named                                           : loaded 5 times (x 70B)
Class com.google.common.collect.Maps$UnmodifiableBiMap                                : loaded 5 times (x 153B)
Class com.google.protobuf.Reader                                                      : loaded 5 times (x 70B)
Class com.android.build.gradle.internal.dsl.BundleOptionsStoreArchive                 : loaded 5 times (x 77B)
Class com.android.build.api.dsl.Splits                                                : loaded 5 times (x 70B)
Class com.android.build.api.dsl.VcsInfo                                               : loaded 5 times (x 70B)
Class com.android.build.gradle.internal.variant.LegacyVariantInputManager$2           : loaded 5 times (x 74B)
Class com.android.build.gradle.internal.services.FakeDependencyJarBuildService$Inject_: loaded 5 times (x 102B)
Class com.android.build.gradle.internal.tasks.factory.GlobalTaskNamesImpl             : loaded 5 times (x 81B)
Class org.jetbrains.kotlin.gradle.plugin.internal.DefaultMavenPublicationComponentAccessorFactory: loaded 5 times (x 76B)
Class org.jetbrains.kotlin.gradle.internal.properties.PropertiesBuildService$MemoizedCallable: loaded 5 times (x 75B)
Class com.android.build.gradle.internal.model.CoreCmakeOptions                        : loaded 5 times (x 70B)
Class org.jetbrains.kotlin.gradle.targets.native.KonanPropertiesBuildService$Parameters: loaded 5 times (x 70B)
Class org.jetbrains.kotlin.gradle.internal.IsInIdeaSyncValueSource$Inject_            : loaded 5 times (x 109B)
Class org.jetbrains.kotlin.gradle.plugin.internal.CompatibilityConventionRegistrar$Factory: loaded 5 times (x 70B)
Class com.android.build.gradle.internal.dsl.decorator.SupportedPropertyType$Collection: loaded 5 times (x 74B)
Class com.android.build.gradle.internal.dsl.CoreExternalNativeBuildOptions            : loaded 5 times (x 70B)
Class com.android.utils.DateProvider                                                  : loaded 5 times (x 70B)
Class com.android.build.gradle.internal.utils.AnalyticsEnabledValueSource$Params      : loaded 5 times (x 70B)
Class com.android.builder.core.ComponentType                                          : loaded 5 times (x 70B)
Class com.google.gson.internal.$Gson$Preconditions                                    : loaded 5 times (x 71B)
Class com.android.build.api.variant.HasHostTests                                      : loaded 5 times (x 70B)
Class org.jetbrains.kotlin.gradle.plugin.KotlinJsCompilerTypeHolder                   : loaded 5 times (x 70B)
Class org.jetbrains.kotlin.gradle.dsl.KotlinCommonCompilerOptions                     : loaded 5 times (x 70B)
Class org.jetbrains.kotlin.gradle.dsl.DefaultToolchainSupport$wireToolchainToTasks$1  : loaded 5 times (x 75B)
Class org.jetbrains.kotlin.gradle.tasks.KotlinTasksProvider                           : loaded 5 times (x 72B)
Class com.android.build.gradle.internal.TaskManager                                   : loaded 5 times (x 82B)
Class com.android.build.gradle.internal.variant.AbstractAppVariantFactory             : loaded 5 times (x 106B)
Class com.android.build.gradle.internal.core.dsl.TestedVariantDslInfo                 : loaded 5 times (x 70B)
Class com.android.build.gradle.internal.plugins.BasePlugin$sdkComponentsBuildService$2: loaded 5 times (x 79B)
Class com.android.build.gradle.internal.errors.DeprecationReporter$DeprecationTarget  : loaded 5 times (x 79B)
Class com.android.build.api.dsl.TargetSdkVersion                                      : loaded 5 times (x 70B)
Class com.google.protobuf.MapFieldReflectionAccessor                                  : loaded 5 times (x 74B)
Class com.google.wireless.android.sdk.stats.GradleBuildProject$Builder                : loaded 5 times (x 360B)
Class com.android.builder.internal.BaseConfigImpl$Companion                           : loaded 5 times (x 71B)
Class com.android.build.gradle.internal.SdkLocation                                   : loaded 5 times (x 72B)
Class org.jetbrains.kotlin.gradle.dsl.KotlinGradlePluginDsl                           : loaded 5 times (x 70B)
Class org.jetbrains.kotlin.tooling.core.MutableExtras                                 : loaded 5 times (x 70B)
Class com.google.protobuf.AbstractMessageLite$Builder                                 : loaded 5 times (x 126B)
Class org.jetbrains.kotlin.gradle.plugin.KotlinGradleBuildServices$detectKotlinPluginLoadedInMultipleProjects$onRegister$1: loaded 5 times (x 79B)
Class com.android.build.gradle.internal.scope.InternalArtifactType                    : loaded 5 times (x 74B)
Class com.android.build.gradle.internal.dsl.SdkComponentsImpl$adb$1                   : loaded 5 times (x 75B)
Class com.android.build.gradle.internal.dsl.ManagedVirtualDeviceFactory               : loaded 5 times (x 75B)
Class com.android.build.gradle.internal.dsl.ManagedVirtualDevice                      : loaded 5 times (x 121B)
Class com.android.build.gradle.internal.api.AndroidSourceSetName                      : loaded 5 times (x 72B)
Class org.objectweb.asm.commons.InstructionAdapter                                    : loaded 5 times (x 188B)
Class com.android.build.api.dsl.BundleAbi                                             : loaded 5 times (x 70B)
Class com.android.build.gradle.internal.services.LintClassLoaderBuildService          : loaded 5 times (x 80B)
Class com.android.build.gradle.internal.errors.AndroidProblemsReporter                : loaded 5 times (x 70B)
Class com.android.build.gradle.internal.services.AndroidLocationsBuildService$RegistrationAction: loaded 5 times (x 74B)
Class com.android.build.api.variant.CanMinifyAndroidResources                         : loaded 5 times (x 70B)
Class com.android.build.gradle.options.ProjectOptionService$RegistrationAction        : loaded 5 times (x 74B)
Class com.android.build.api.variant.ApplicationVariantBuilder                         : loaded 5 times (x 70B)
Class com.android.build.gradle.internal.services.DslServices                          : loaded 5 times (x 70B)
Class com.android.utils.Environment$Companion$SYSTEM$1                                : loaded 5 times (x 74B)
Class com.android.build.gradle.internal.variant.LegacyVariantInputManager$1           : loaded 5 times (x 75B)
Class com.android.build.gradle.internal.dsl.BundleOptionsAiModelVersion$AgpDecorated_Decorated: loaded 5 times (x 130B)
Class com.android.build.api.variant.HasUnitTestBuilder                                : loaded 5 times (x 70B)
Class com.android.build.gradle.internal.tasks.ExtractProguardFiles$CreationAction     : loaded 5 times (x 90B)
Class org.jetbrains.kotlin.gradle.plugin.KotlinGradleBuildServices$Parameters         : loaded 5 times (x 70B)
Class org.jetbrains.kotlin.gradle.plugin.KotlinSourceSetTree$Companion                : loaded 5 times (x 71B)
Class org.jetbrains.kotlin.gradle.tasks.FailedCompilationException                    : loaded 5 times (x 82B)
Class com.android.build.gradle.options.ApiStage$Deprecated                            : loaded 5 times (x 72B)
Class com.google.protobuf.MessageOrBuilder                                            : loaded 5 times (x 70B)
Class com.google.wireless.android.sdk.stats.GradleBuildProfile                        : loaded 5 times (x 248B)
Class com.google.protobuf.Extension                                                   : loaded 5 times (x 85B)
Class com.android.build.gradle.internal.ide.dependencies.MavenCoordinatesCacheBuildService$Parameters: loaded 5 times (x 70B)
Class com.android.build.gradle.internal.ide.v2.GlobalSyncService$RegistrationAction   : loaded 5 times (x 74B)
Class com.android.build.gradle.internal.services.AndroidLocationsBuildService$AndroidDirectoryCreator$Params_Decorated: loaded 5 times (x 132B)
Class com.android.ide.common.blame.SourceFileJsonTypeAdapter                          : loaded 5 times (x 75B)
Class com.android.build.gradle.internal.errors.OptionInfo                             : loaded 5 times (x 72B)
Class org.jetbrains.kotlin.gradle.plugin.KotlinPluginLifecycle$IllegalLifecycleException: loaded 5 times (x 82B)
Class org.jetbrains.kotlin.gradle.internal.properties.NativePropertiesLoader$userProvidedNativeHome$1: loaded 5 times (x 75B)
Class [Lorg.jetbrains.kotlin.build.report.metrics.BuildPerformanceMetric;             : loaded 5 times (x 69B)
Class org.jetbrains.kotlin.gradle.plugin.KotlinGradleFinishBuildHandler               : loaded 5 times (x 72B)
Class org.jetbrains.kotlin.gradle.dsl.KotlinTopLevelExtension                         : loaded 5 times (x 70B)
Class com.android.builder.signing.DefaultSigningConfig$DebugSigningConfig             : loaded 5 times (x 72B)
Class com.android.build.gradle.internal.core.dsl.impl.features.DeviceTestOptionsDslInfoImpl: loaded 5 times (x 84B)
Class com.android.build.gradle.internal.core.dsl.features.TestOptionsDslInfo          : loaded 5 times (x 70B)
Class com.android.build.gradle.internal.dsl.DexPackagingImpl$AgpDecorated             : loaded 5 times (x 83B)
Class com.android.build.gradle.internal.dsl.BundleOptionsDensity$AgpDecorated         : loaded 5 times (x 81B)
Class com.android.build.VariantOutput                                                 : loaded 5 times (x 70B)
Class com.android.build.api.artifact.Artifact$Single                                  : loaded 5 times (x 74B)
Class com.android.build.api.dsl.Optimization                                          : loaded 5 times (x 70B)
Class com.android.build.gradle.internal.dsl.DependenciesInfoImpl                      : loaded 5 times (x 81B)
Class com.android.build.api.dsl.TestProductFlavor                                     : loaded 5 times (x 70B)
Class com.android.build.gradle.internal.services.AndroidLocationsBuildService$AndroidDirectoryCreator$Params$Inject_: loaded 5 times (x 108B)
Class com.android.prefs.LocationValue                                                 : loaded 5 times (x 70B)
Class com.google.wireless.android.sdk.stats.JavaProcessStatsOrBuilder                 : loaded 5 times (x 70B)
Class com.android.sdklib.AndroidVersion$PreviewType                                   : loaded 5 times (x 79B)
Class com.android.build.gradle.internal.res.Aapt2FromMaven$Companion$DefaultAapt2Version: loaded 5 times (x 71B)
Class com.android.prefs.AndroidPathLocator                                            : loaded 5 times (x 73B)
Class com.android.build.gradle.internal.services.ClassesHierarchyBuildService         : loaded 5 times (x 80B)
Class com.android.build.gradle.internal.packaging.GradleKeystoreHelper                : loaded 5 times (x 71B)
Class com.android.build.gradle.internal.plugins.DynamicFeaturePlugin                  : loaded 5 times (x 96B)
Class com.android.build.gradle.internal.utils.AnalyticsSettingsUtils$analyticsEnabledProvider$1: loaded 5 times (x 74B)
Class com.android.tools.analytics.HostData$garbageCollectorBeans$2                    : loaded 5 times (x 78B)
Class com.google.wireless.android.sdk.stats.GradleBuildVariant$VariantType$1          : loaded 5 times (x 76B)
Class com.android.build.gradle.internal.dsl.JavaCompileOptions                        : loaded 5 times (x 82B)
Class com.android.build.gradle.internal.dsl.CmakeOptions                              : loaded 5 times (x 98B)
Class com.android.build.gradle.internal.dsl.ExternalNativeNdkBuildOptions             : loaded 5 times (x 109B)
Class com.android.build.gradle.internal.dsl.BuildFeaturesImpl                         : loaded 5 times (x 110B)
Class com.android.build.gradle.internal.dsl.BundleOptions$AgpDecorated_Decorated      : loaded 5 times (x 195B)
Class com.android.build.gradle.internal.dsl.AbiSplitOptions$AgpDecorated_Decorated    : loaded 5 times (x 144B)
Class com.android.build.gradle.internal.CompileOptions$AgpDecorated                   : loaded 5 times (x 97B)
Class com.android.build.api.variant.ScopedArtifacts$Scope                             : loaded 5 times (x 79B)
Class org.jetbrains.kotlin.gradle.plugin.KotlinPluginWrapperKt$kotlinToolingVersion$2 : loaded 5 times (x 78B)
Class org.jetbrains.kotlin.gradle.internal.properties.PropertiesBuildService$property$1$valueFromGradleAndLocalProperties$1: loaded 5 times (x 75B)
Class com.google.common.collect.EnumHashBiMap                                         : loaded 5 times (x 159B)
Class com.google.protobuf.InvalidProtocolBufferException                              : loaded 5 times (x 88B)
Class com.android.utils.EnvironmentProvider                                           : loaded 5 times (x 70B)
Class com.android.build.gradle.internal.services.FakeDependencyJarBuildService$RegistrationAction: loaded 5 times (x 74B)
Class com.android.build.api.dsl.LibraryVariantDimension                               : loaded 5 times (x 70B)
Class com.android.build.api.dsl.AbiSplit                                              : loaded 5 times (x 70B)
Class org.jetbrains.kotlin.gradle.plugin.PropertiesProvider$localProperties$2         : loaded 5 times (x 79B)
Class com.android.build.gradle.internal.core.SettingsOptionsKt                        : loaded 5 times (x 71B)
Class com.android.build.gradle.internal.dsl.BundleOptionsCodeTransparency$AgpDecorated: loaded 5 times (x 81B)
Class com.android.build.gradle.internal.api.artifact.SourceArtifactType$JAVA_RESOURCES: loaded 5 times (x 74B)
Class com.android.build.gradle.api.AndroidSourceFile                                  : loaded 5 times (x 70B)
Class org.objectweb.asm.commons.LocalVariablesSorter                                  : loaded 5 times (x 110B)
Class com.android.build.api.dsl.ViewBinding                                           : loaded 5 times (x 70B)
Class com.android.build.gradle.internal.dsl.DexPackagingImpl                          : loaded 5 times (x 70B)
Class com.android.build.gradle.internal.dsl.AssetPackBundleExtensionImpl              : loaded 5 times (x 70B)
Class com.android.build.gradle.internal.dsl.decorator.SupportedPropertyType$Var$String: loaded 5 times (x 74B)
Class com.android.prefs.PathLocator                                                   : loaded 5 times (x 73B)
Class com.android.build.gradle.internal.dsl.OptimizationImpl                          : loaded 5 times (x 86B)
Class com.android.build.gradle.internal.profile.NoOpAnalyticsConfiguratorService      : loaded 5 times (x 82B)
Class com.android.tools.analytics.AnalyticsSettingsData$DataTypeAdapter               : loaded 5 times (x 73B)
Class com.android.build.gradle.internal.dsl.decorator.annotation.NonNullableSetter    : loaded 5 times (x 70B)
Class com.android.build.api.dsl.DeviceGroup                                           : loaded 5 times (x 70B)
Class [Lcom.google.wireless.android.sdk.stats.GradleBuildProfileSpan$ExecutionType;   : loaded 5 times (x 69B)
Class com.android.build.gradle.internal.utils.GradleEnvironmentProvider               : loaded 5 times (x 70B)
Class com.android.build.api.dsl.TestOptions                                           : loaded 5 times (x 70B)
Class com.google.common.util.concurrent.AbstractFuture$SynchronizedHelper             : loaded 5 times (x 78B)
Class com.android.build.gradle.internal.dsl.BundleOptionsLanguage$AgpDecorated_Decorated: loaded 5 times (x 125B)
Class com.android.build.gradle.internal.dsl.BundleOptionsCountrySet$AgpDecorated_Decorated: loaded 5 times (x 130B)
Class com.android.build.api.artifact.ArtifactKind$DIRECTORY                           : loaded 5 times (x 72B)
Class com.android.build.gradle.internal.coverage.JacocoOptions                        : loaded 5 times (x 85B)
Class com.android.build.api.dsl.SdkComponents                                         : loaded 5 times (x 70B)
Class com.android.build.gradle.internal.dsl.TestFixturesImpl_Decorated                : loaded 5 times (x 127B)
Class com.android.build.gradle.internal.dsl.VcsInfoImpl$AgpDecorated                  : loaded 5 times (x 81B)
Class com.android.build.api.dsl.ManagedVirtualDevice                                  : loaded 5 times (x 70B)
Class com.android.build.gradle.internal.dsl.BundleOptionsTexture$AgpDecorated         : loaded 5 times (x 85B)
Class com.android.build.gradle.internal.api.VariantFilter                             : loaded 5 times (x 80B)
Class org.jetbrains.kotlin.gradle.utils.WhenPluginEnabledKt$whenPluginsEnabled$1      : loaded 5 times (x 75B)
Class [Lorg.jetbrains.kotlin.gradle.report.BuildReportType;                           : loaded 5 times (x 69B)
Class org.jetbrains.kotlin.gradle.internal.properties.PropertiesBuildService$localProperties$2: loaded 5 times (x 79B)
Class org.jetbrains.kotlin.gradle.tasks.AbstractKotlinCompileTool                     : loaded 5 times (x 363B)
Class com.android.build.gradle.internal.lint.LintTaskManager$createBeforeEvaluateLintTasks$1: loaded 5 times (x 75B)
Class com.android.build.gradle.internal.lint.LintTaskManager$Companion                : loaded 5 times (x 71B)
Class com.android.build.gradle.internal.crash.ExternalApiUsageException               : loaded 5 times (x 82B)
Class [Lcom.android.build.api.variant.ScopedArtifacts$Scope;                          : loaded 5 times (x 69B)
Class com.android.build.gradle.api.ApplicationVariant                                 : loaded 5 times (x 70B)
Class com.android.build.gradle.internal.dsl.BundleOptionsCountrySet$AgpDecorated      : loaded 5 times (x 85B)
Class com.android.build.gradle.internal.dsl.EmulatorControl$AgpDecorated              : loaded 5 times (x 88B)
Class com.android.build.api.dsl.MinSdkSpec                                            : loaded 5 times (x 70B)
Class com.android.build.gradle.internal.dsl.JUnitEngineSpecImpl                       : loaded 5 times (x 84B)
Class com.android.build.gradle.internal.dsl.ApplicationPublishingImpl                 : loaded 5 times (x 81B)
Class com.android.build.gradle.internal.errors.IncompatibleProjectOptionsReporter     : loaded 5 times (x 71B)
Class com.google.wireless.android.sdk.stats.GradleBuildVariantOrBuilder               : loaded 5 times (x 70B)
Class com.android.build.gradle.internal.profile.AnalyticsService$Params_Decorated     : loaded 5 times (x 151B)
Class com.android.sdklib.AndroidVersion                                               : loaded 5 times (x 75B)
Class com.android.build.api.variant.GeneratesApkBuilder                               : loaded 5 times (x 70B)
Class com.android.build.gradle.internal.lint.AndroidLintGlobalTask$GlobalCreationAction: loaded 5 times (x 91B)
Class org.jetbrains.kotlin.gradle.plugin.mpp.InternalKotlinTarget                     : loaded 5 times (x 70B)
Class org.jetbrains.kotlin.gradle.dsl.ToolchainSupport                                : loaded 5 times (x 70B)
Class org.jetbrains.kotlin.gradle.plugin.KotlinJsPluginWrapper                        : loaded 5 times (x 86B)
Class org.jetbrains.kotlin.gradle.plugin.mpp.HierarchyAttributeContainer$1            : loaded 5 times (x 78B)
Class org.jetbrains.kotlin.gradle.dsl.KotlinJvmOptions                                : loaded 5 times (x 70B)
Class com.android.build.gradle.internal.utils.SdkUtilsKt                              : loaded 5 times (x 71B)
Class com.android.build.api.artifact.impl.SingleInitialProviderRequestImpl$on$1       : loaded 5 times (x 75B)
Class com.android.build.gradle.internal.services.LintClassLoaderBuildService$RegistrationAction: loaded 5 times (x 74B)
Class com.android.build.gradle.internal.variant.ApplicationVariantFactory             : loaded 5 times (x 106B)
Class com.android.build.gradle.internal.plugins.BasePlugin$variantInputModel$2        : loaded 5 times (x 79B)
Class com.android.build.gradle.options.OptionalBooleanOption                          : loaded 5 times (x 85B)
Class org.jetbrains.kotlin.gradle.plugin.internal.CustomPropertiesFileValueSource$Inject_: loaded 5 times (x 113B)
Class org.jetbrains.kotlin.gradle.plugin.PropertiesProvider$booleanPropertyWithDeprecatedValues$1: loaded 5 times (x 78B)
Class com.google.gson.JsonDeserializer                                                : loaded 5 times (x 70B)
Class org.jetbrains.kotlin.gradle.internal.ClassLoadersCachingBuildService$Companion$registerIfAbsent$2$1$1: loaded 5 times (x 75B)
Class com.google.gson.internal.$Gson$Types                                            : loaded 5 times (x 71B)
Class com.android.build.gradle.internal.GradleLocalPropertiesFactory                  : loaded 5 times (x 71B)
Class com.google.protobuf.Internal$LongList                                           : loaded 5 times (x 70B)
Class org.jetbrains.kotlin.gradle.dsl.JvmTarget$Companion                             : loaded 5 times (x 71B)
Class org.jetbrains.kotlin.gradle.internal.properties.NativePropertiesLoader$downloadFromMaven$1: loaded 5 times (x 75B)
Class com.google.common.base.Charsets                                                 : loaded 5 times (x 71B)
Class com.android.build.gradle.internal.dsl.ApplicationPublishingImpl$AgpDecorated_Decorated: loaded 5 times (x 130B)
Class com.android.build.api.dsl.ComposeOptions                                        : loaded 5 times (x 70B)
Class com.android.build.gradle.internal.dsl.NdkOptions$DebugSymbolLevel               : loaded 5 times (x 79B)
Class org.jetbrains.kotlin.gradle.targets.native.KonanPropertiesBuildService$Companion$registerIfAbsent$1: loaded 5 times (x 75B)
Class com.android.build.api.dsl.VectorDrawables                                       : loaded 5 times (x 70B)
Class com.android.build.gradle.internal.dsl.ViewBindingOptionsImpl                    : loaded 5 times (x 84B)
Class com.android.build.gradle.internal.dsl.ResourcesPackagingImpl                    : loaded 5 times (x 82B)
Class com.android.build.gradle.internal.dsl.BundleOptions                             : loaded 5 times (x 135B)
Class com.android.build.gradle.internal.services.BuiltInKotlinServicesKt$initBuiltInKotlinSupportIfRequired$3: loaded 5 times (x 75B)
Class com.android.build.gradle.internal.SdkComponentsBuildService$Parameters          : loaded 5 times (x 70B)
Class com.android.build.gradle.internal.services.AndroidLocationsBuildService$androidLocations$1$1: loaded 5 times (x 75B)
Class com.android.build.gradle.options.FeatureStage$Supported                         : loaded 5 times (x 72B)
Class com.google.common.util.concurrent.MoreExecutors                                 : loaded 5 times (x 71B)
Class com.android.build.gradle.internal.dsl.CompileSdkSpecImpl$AgpDecorated_Decorated : loaded 5 times (x 135B)
Class com.android.build.gradle.internal.utils.GradleEnvironmentProviderImpl           : loaded 5 times (x 76B)
Class com.android.build.gradle.internal.dsl.VariantDimensionBinaryCompatibilityFix    : loaded 5 times (x 70B)
Class com.android.build.gradle.internal.dsl.decorator.SupportedPropertyType$Var$Boolean: loaded 5 times (x 74B)
Class com.android.build.gradle.internal.dsl.AarMetadataImpl                           : loaded 5 times (x 70B)
Class com.android.build.gradle.internal.dsl.AnnotationProcessorOptions                : loaded 5 times (x 102B)
Class com.android.build.api.artifact.ArtifactKind$FILE                                : loaded 5 times (x 72B)
Class com.android.build.gradle.internal.dsl.JniLibsPackagingImpl$AgpDecorated         : loaded 5 times (x 93B)
Class com.android.build.gradle.TestedExtension                                        : loaded 5 times (x 215B)
Class com.android.build.gradle.internal.ide.v2.ModelBuilder                           : loaded 5 times (x 80B)
Class org.jetbrains.kotlin.tooling.core.Extras$Key                                    : loaded 5 times (x 72B)
Class org.jetbrains.kotlin.tooling.core.Extras$Key$Companion                          : loaded 5 times (x 71B)
Class org.jetbrains.kotlin.gradle.plugin.mpp.KotlinUsages$KotlinUsagesDisambiguation  : loaded 5 times (x 76B)
Class org.jetbrains.kotlin.gradle.plugin.ProjectLocalConfigurations                   : loaded 5 times (x 71B)
Class com.android.builder.model.SyncIssue                                             : loaded 5 times (x 70B)
Class org.jetbrains.kotlin.gradle.plugin.AbstractKotlinMultiplatformPluginWrapper     : loaded 5 times (x 86B)
Class org.jetbrains.kotlin.gradle.plugin.internal.DefaultProjectIsolationStartParameterAccessor: loaded 5 times (x 77B)
Class org.jetbrains.kotlin.gradle.utils.GradleConfigurationUtilsKt$addGradlePluginMetadataAttributes$1: loaded 5 times (x 75B)
Class org.jetbrains.kotlin.gradle.dsl.KotlinAndroidExtension                          : loaded 5 times (x 70B)
Class com.android.build.gradle.internal.TaskManager$ConfigAttrTask                    : loaded 5 times (x 312B)
Class com.android.builder.core.AbstractBuildType$Companion                            : loaded 5 times (x 71B)
Class com.android.builder.testing.api.TestServer                                      : loaded 5 times (x 74B)
Class com.android.build.gradle.internal.dsl.ShaderOptions_Decorated                   : loaded 5 times (x 131B)
Class com.android.build.api.dsl.AndroidTest                                           : loaded 5 times (x 70B)
Class com.android.build.api.dsl.KmpOptimization                                       : loaded 5 times (x 70B)
Class com.android.build.gradle.internal.dsl.decorator.SupportedPropertyType$Var       : loaded 5 times (x 74B)
Class com.android.builder.signing.DefaultSigningConfig                                : loaded 5 times (x 109B)
Class com.android.builder.errors.IssueReporter$Type                                   : loaded 5 times (x 79B)
Class com.google.wireless.android.sdk.stats.GradleBuildProject$2                      : loaded 4 times (x 151B)
Class com.android.build.gradle.internal.services.BuiltInKotlinServices$AvailabilityReason: loaded 4 times (x 70B)
Class com.android.build.gradle.internal.services.BuiltInKotlinServicesKt$failIfIncompatiblePluginsArePresent$3: loaded 4 times (x 74B)
Class com.android.build.gradle.internal.services.BuiltInKotlinServicesKt$failIfIncompatiblePluginsArePresent$2: loaded 4 times (x 74B)
Class com.android.build.gradle.internal.services.BuiltInKotlinServicesKt$initBuiltInKaptSupportIfRequired$1: loaded 4 times (x 75B)
Class kotlin.enums.EnumEntries                                                        : loaded 4 times (x 70B)
Class com.android.build.gradle.internal.services.BuiltInKotlinServicesKt$failIfIncompatiblePluginsArePresent$1: loaded 4 times (x 74B)
Class com.android.ide.common.gradle.DEV                                               : loaded 4 times (x 77B)
Class com.google.wireless.android.sdk.stats.GradleProjectOptionsSettingsOrBuilder     : loaded 4 times (x 70B)
Class org.jetbrains.kotlin.gradle.plugin.KaptExtension                                : loaded 4 times (x 136B)
Class kotlin.collections.AbstractList                                                 : loaded 4 times (x 197B)
Class com.google.wireless.android.sdk.stats.GradleBuildProject$CompileOptions         : loaded 4 times (x 199B)
Class com.google.wireless.android.sdk.stats.GradleBuildProject$1                      : loaded 4 times (x 76B)
Class org.jetbrains.kotlin.compilerRunner.GradleCliCommonizerKt$maybeCreateCommonizerClasspathConfiguration$1$1: loaded 4 times (x 75B)
Class kotlin.NotImplementedError                                                      : loaded 4 times (x 82B)
Class com.android.build.gradle.internal.utils.KgpVersion$Companion                    : loaded 4 times (x 71B)
Class com.android.build.gradle.internal.services.BuiltInKotlinServices$AvailabilityReason$BuiltInKotlinBooleanOptionEnabled: loaded 4 times (x 71B)
Class [Lcom.android.builder.errors.IssueReporter$Severity;                            : loaded 4 times (x 69B)
Class com.google.protobuf.Internal$ListAdapter$Converter                              : loaded 4 times (x 70B)
Class com.android.build.gradle.internal.errors.SyncIssueKey                           : loaded 4 times (x 72B)
Class com.google.wireless.android.sdk.stats.GradleBuildSplits                         : loaded 4 times (x 219B)
Class org.gradle.internal.Cast                                                        : loaded 4 times (x 71B)
Class org.gradle.api.Action                                                           : loaded 4 times (x 70B)
Class com.android.build.gradle.internal.plugins.BasePlugin$findHighestSdkInstalled$folder$1: loaded 4 times (x 79B)
Class com.android.build.gradle.internal.dsl.CompileSdkDelegate$parseAndSetCompileSdkVersion$3$1: loaded 4 times (x 79B)
Class com.google.wireless.android.sdk.stats.GradleBuildSplitsOrBuilder                : loaded 4 times (x 70B)
Class com.android.build.gradle.internal.errors.SyncIssueReporterImpl$WhenMappings     : loaded 4 times (x 71B)
Class kotlin.UninitializedPropertyAccessException                                     : loaded 4 times (x 82B)
Class com.google.wireless.android.sdk.stats.GradleProjectOptionsSettings              : loaded 4 times (x 220B)
Class org.gradle.api.GradleException                                                  : loaded 4 times (x 82B)
Class com.android.build.gradle.internal.dsl.CompileSdkDelegate$parseAndSetCompileSdkVersion$3$1$1: loaded 4 times (x 79B)
Class com.android.build.gradle.internal.services.BuiltInKotlinServices                : loaded 4 times (x 72B)
Class com.android.build.gradle.internal.utils.KgpVersion                              : loaded 4 times (x 75B)
Class com.google.wireless.android.sdk.stats.GradleBuildProject$CompileOptionsOrBuilder: loaded 4 times (x 70B)
Class org.gradle.internal.IoActions                                                   : loaded 4 times (x 71B)
Class kotlin.enums.EnumEntriesKt                                                      : loaded 4 times (x 71B)
Class org.jetbrains.kotlin.gradle.plugin.PluginWrappersKt                             : loaded 4 times (x 71B)
Class org.jetbrains.kotlin.compilerRunner.GradleCliCommonizerKt                       : loaded 4 times (x 71B)
Class com.android.build.gradle.internal.ide.SyncIssueImpl                             : loaded 4 times (x 79B)
Class kotlin.jvm.internal.Intrinsics                                                  : loaded 4 times (x 71B)
Class com.google.wireless.android.sdk.stats.GradlePluginDataOrBuilder                 : loaded 4 times (x 70B)
Class org.jetbrains.kotlin.gradle.plugin.mpp.apple.swiftexport.internal.SwiftExportInitKt: loaded 4 times (x 71B)
Class kotlin.KotlinNullPointerException                                               : loaded 4 times (x 83B)
Class com.android.build.gradle.internal.plugins.BasePlugin$findHighestSdkInstalled$1  : loaded 4 times (x 78B)
Class org.jetbrains.kotlin.gradle.plugin.KotlinBaseApiPlugin_Decorated                : loaded 4 times (x 163B)
Class Settings_gradle$1$1$1$1                                                         : loaded 4 times (x 74B)
Class org.jetbrains.kotlin.gradle.plugin.KotlinBaseApiPlugin$kotlinExtension$2        : loaded 4 times (x 79B)
Class kotlin.NoWhenBranchMatchedException                                             : loaded 4 times (x 82B)
Class org.jetbrains.kotlin.gradle.utils.ConfigurationsKt$createResolvable$1           : loaded 4 times (x 78B)
Class kotlin.enums.EnumEntriesList                                                    : loaded 4 times (x 223B)
Class Settings_gradle$1$1$1                                                           : loaded 4 times (x 74B)
Class com.google.wireless.android.sdk.stats.GradleBuildVariant                        : loaded 4 times (x 282B)
Class kotlin.jvm.internal.markers.KMappedMarker                                       : loaded 4 times (x 70B)
Class com.intellij.gradle.toolingExtension.impl.model.utilDummyModel.DummyModel       : loaded 4 times (x 70B)
Class com.google.wireless.android.sdk.stats.ProjectApiUseOrBuilder                    : loaded 4 times (x 70B)
Class org.jetbrains.kotlin.gradle.plugin.KotlinBaseApiPlugin                          : loaded 4 times (x 118B)
Class com.google.wireless.android.sdk.stats.GradleBuildProjectMetricsOrBuilder        : loaded 4 times (x 70B)
Class org.jetbrains.kotlin.gradle.plugin.KotlinJvmFactory                             : loaded 4 times (x 70B)
Class org.jetbrains.kotlin.gradle.testing.internal.KotlinTestsRegistry                : loaded 4 times (x 72B)
Class com.google.wireless.android.sdk.stats.ProjectApiUse                             : loaded 4 times (x 197B)
Class com.google.wireless.android.sdk.stats.GradlePluginData                          : loaded 4 times (x 200B)
Class org.jetbrains.kotlin.gradle.dsl.KaptExtensionConfig                             : loaded 4 times (x 70B)
Class kotlin.collections.AbstractList$Companion                                       : loaded 4 times (x 71B)
Class com.google.wireless.android.sdk.stats.GradleBuildProjectMetrics                 : loaded 4 times (x 199B)
Class com.android.build.gradle.internal.utils.KgpUtils                                : loaded 4 times (x 71B)
Class com.android.build.gradle.internal.services.BuiltInKotlinServices$Companion      : loaded 4 times (x 71B)
Class org.jetbrains.kotlin.gradle.plugin.KotlinBaseApiPlugin$kaptExtension$2          : loaded 4 times (x 79B)
Class com.android.build.gradle.internal.errors.SyncIssueReporterImplKt                : loaded 4 times (x 71B)
Class kotlin.collections.AbstractCollection                                           : loaded 4 times (x 117B)
Class org.gradle.tooling.internal.gradle.DefaultBuildIdentifier                       : loaded 3 times (x 79B)
Class kotlin.sequences.FilteringSequence$iterator$1                                   : loaded 3 times (x 79B)
Class org.gradle.accessors.dm.LibrariesForLibsInPluginsBlock$AndroidxComposeUiTestLibraryAccessors: loaded 3 times (x 78B)
Class kotlin.io.FilesKt__FileTreeWalkKt                                               : loaded 3 times (x 71B)
Class kotlin.sequences.SequencesKt__SequenceBuilderKt                                 : loaded 3 times (x 71B)
Class kotlin.collections.CollectionsKt__ReversedViewsKt                               : loaded 3 times (x 71B)
Class org.gradle.tooling.internal.adapter.ProtocolToModelAdapter$InvocationHandlerImpl: loaded 3 times (x 77B)
Class org.gradle.tooling.internal.adapter.MethodInvoker                               : loaded 3 times (x 70B)
Class org.gradle.accessors.dm.LibrariesForLibs$AndroidxActivityLibraryAccessors       : loaded 3 times (x 77B)
Class org.jetbrains.plugins.gradle.model.UnresolvedExternalDependency                 : loaded 3 times (x 70B)
Class org.jetbrains.plugins.gradle.model.GradleExtensions                             : loaded 3 times (x 70B)
Class org.jetbrains.plugins.gradle.model.AnnotationProcessingModel                    : loaded 3 times (x 70B)
Class org.gradle.internal.time.Clock                                                  : loaded 3 times (x 70B)
Class org.jetbrains.plugins.gradle.model.FileCollectionDependency                     : loaded 3 times (x 70B)
Class org.gradle.tooling.internal.adapter.TargetTypeProvider                          : loaded 3 times (x 70B)
Class org.gradle.tooling.internal.adapter.ProtocolToModelAdapter$ViewDecoration       : loaded 3 times (x 70B)
Class org.gradle.tooling.internal.adapter.ProtocolToModelAdapter$1                    : loaded 3 times (x 75B)
Class org.gradle.tooling.GradleConnectionException                                    : loaded 3 times (x 83B)
Class org.gradle.tooling.internal.adapter.WeakIdentityHashMap                         : loaded 3 times (x 76B)
Class kotlin.collections.CollectionsKt                                                : loaded 3 times (x 71B)
Class kotlin.io.NoSuchFileException                                                   : loaded 3 times (x 82B)
Class ijKotlinCoroutineJvmDebugInit1_7hgm1gc4c3sgaanxczd9x8itr$_run_closure1$_closure2: loaded 3 times (x 139B)
Class org.gradle.tooling.internal.adapter.MethodInvocation                            : loaded 3 times (x 85B)
Class org.gradle.internal.operations.MultipleBuildOperationFailures                   : loaded 3 times (x 95B)
Class org.jetbrains.kotlin.idea.gradleTooling.AndroidAwareGradleModelProvider$Companion: loaded 3 times (x 71B)
Class kotlin.sequences.SequencesKt___SequencesKt                                      : loaded 3 times (x 71B)
Class org.jetbrains.plugins.gradle.javaModel.JavaGradleManifestModel                  : loaded 3 times (x 70B)
Class org.gradle.tooling.internal.adapter.ProtocolToModelAdapter$MethodInvocationCache$MethodInvocationKey: loaded 3 times (x 73B)
Class org.gradle.tooling.internal.gradle.DefaultProjectIdentifier                     : loaded 3 times (x 86B)
Class org.jetbrains.kotlin.util.capitalizeDecapitalize.CapitalizeDecapitalizeKt       : loaded 3 times (x 71B)
Class org.gradle.util.GradleVersion                                                   : loaded 3 times (x 81B)
Class kotlin.text.StringsKt__AppendableKt                                             : loaded 3 times (x 71B)
Class ijJvmDebugger1_574hue39iibyef1jkgoksxxat$_run_closure1$_closure2                : loaded 3 times (x 140B)
Class org.gradle.tooling.model.DomainObjectSet                                        : loaded 3 times (x 70B)
Class kotlin.text.StringsKt__RegexExtensionsKt                                        : loaded 3 times (x 71B)
Class org.gradle.tooling.model.idea.IdeaProject                                       : loaded 3 times (x 70B)
Class org.gradle.tooling.internal.adapter.ProtocolToModelAdapter$ViewGraphDetails     : loaded 3 times (x 72B)
Class ijKotlinCoroutineJvmDebugInit1_7hgm1gc4c3sgaanxczd9x8itr$_run_closure1          : loaded 3 times (x 139B)
Class kotlin.text.StringsKt__StringNumberConversionsJVMKt                             : loaded 3 times (x 71B)
Class kotlin.sequences.Sequence                                                       : loaded 3 times (x 70B)
Class org.gradle.internal.time.Timer                                                  : loaded 3 times (x 70B)
Class org.jetbrains.kotlin.idea.gradleTooling.KotlinDslScriptAdditionalTask           : loaded 3 times (x 70B)
Class org.jetbrains.plugins.gradle.model.ClasspathEntryModel                          : loaded 3 times (x 70B)
Class org.gradle.tooling.model.Dependency                                             : loaded 3 times (x 70B)
Class org.gradle.accessors.dm.LibrariesForLibs$AndroidxComposeLibraryAccessors        : loaded 3 times (x 79B)
Class org.gradle.tooling.internal.adapter.TypeInspector                               : loaded 3 times (x 73B)
Class org.gradle.tooling.internal.adapter.ProtocolToModelAdapter$NoOpDecoration       : loaded 3 times (x 79B)
Class org.gradle.tooling.model.Element                                                : loaded 3 times (x 70B)
Class org.gradle.accessors.dm.LibrariesForLibsInPluginsBlock$AndroidxLifecycleRuntimeLibraryAccessors: loaded 3 times (x 77B)
Class kotlin.text.StringsKt__RegexExtensionsJVMKt                                     : loaded 3 times (x 71B)
Class org.jetbrains.kotlin.idea.gradleTooling.PrepareKotlinIdeImportTaskModel         : loaded 3 times (x 70B)
Class com.intellij.gradle.toolingExtension.impl.model.dependencyDownloadPolicyModel.GradleDependencyDownloadPolicy: loaded 3 times (x 70B)
Class kotlin.collections.ArraysKt___ArraysJvmKt                                       : loaded 3 times (x 71B)
Class kotlin.jvm.internal.DefaultConstructorMarker                                    : loaded 3 times (x 71B)
Class org.gradle.internal.time.TimeSource$1                                           : loaded 3 times (x 77B)
Class kotlin.collections.CollectionsKt__CollectionsKt                                 : loaded 3 times (x 71B)
Class org.jetbrains.plugins.gradle.model.ExternalLibraryDependency                    : loaded 3 times (x 70B)
Class org.jetbrains.kotlin.idea.gradleTooling.KotlinMPPGradleModel                    : loaded 3 times (x 70B)
Class org.gradle.tooling.model.BuildIdentifier                                        : loaded 3 times (x 70B)
Class kotlin.text.StringsKt__StringBuilderKt                                          : loaded 3 times (x 71B)
Class kotlin.io.FileSystemException                                                   : loaded 3 times (x 82B)
Class org.gradle.accessors.dm.LibrariesForLibs$AndroidxLifecycleRuntimeLibraryAccessors: loaded 3 times (x 77B)
Class kotlin.comparisons.ComparisonsKt___ComparisonsJvmKt                             : loaded 3 times (x 71B)
Class com.google.common.base.Joiner                                                   : loaded 3 times (x 80B)
Class kotlin.collections.CollectionsKt__IteratorsJVMKt                                : loaded 3 times (x 71B)
Class org.jetbrains.plugins.gradle.model.DependencyAccessorsModel                     : loaded 3 times (x 70B)
Class kotlin.collections.ArraysKt__ArraysJVMKt                                        : loaded 3 times (x 71B)
Class com.google.common.base.Joiner$2                                                 : loaded 3 times (x 80B)
Class org.jetbrains.plugins.gradle.model.IntelliJSettings                             : loaded 3 times (x 70B)
Class org.jetbrains.kotlin.idea.gradleTooling.KotlinSourceSetContainer                : loaded 3 times (x 70B)
Class org.gradle.tooling.internal.adapter.ProtocolToModelAdapter$SupportedPropertyInvoker: loaded 3 times (x 76B)
Class org.gradle.tooling.model.UnsupportedMethodException                             : loaded 3 times (x 82B)
Class kotlin.Pair                                                                     : loaded 3 times (x 72B)
Class kotlin.collections.SetsKt__SetsKt                                               : loaded 3 times (x 71B)
Class com.google.common.base.Joiner$1                                                 : loaded 3 times (x 81B)
Class org.gradle.accessors.dm.LibrariesForLibs$AndroidxLifecycleLibraryAccessors      : loaded 3 times (x 77B)
Class com.google.common.collect.ImmutableList$Builder                                 : loaded 3 times (x 77B)
Class kotlin.collections.CollectionsKt__MutableCollectionsKt                          : loaded 3 times (x 71B)
Class org.gradle.internal.time.Time                                                   : loaded 3 times (x 71B)
Class kotlin.collections.ArraysKt                                                     : loaded 3 times (x 71B)
Class kotlin.io.TerminateException                                                    : loaded 3 times (x 82B)
Class kotlin.io.FilesKt__FilePathComponentsKt                                         : loaded 3 times (x 71B)
Class org.gradle.tooling.internal.adapter.CollectionMapper                            : loaded 3 times (x 73B)
Class kotlin.sequences.SequencesKt__SequencesJVMKt                                    : loaded 3 times (x 71B)
Class com.intellij.compose.ide.plugin.gradleTooling.rt.ComposeResourcesModel          : loaded 3 times (x 70B)
Class org.jetbrains.kotlin.idea.gradleTooling.KotlinGradlePluginVersion               : loaded 3 times (x 70B)
Class org.gradle.tooling.model.HierarchicalElement                                    : loaded 3 times (x 70B)
Class kotlin.ranges.RangesKt___RangesKt                                               : loaded 3 times (x 71B)
Class org.gradle.accessors.dm.LibrariesForLibsInPluginsBlock$AndroidxComposeUiLibraryAccessors: loaded 3 times (x 85B)
Class org.gradle.accessors.dm.LibrariesForLibsInPluginsBlock$AndroidxComposeUiToolingLibraryAccessors: loaded 3 times (x 83B)
Class org.gradle.tooling.internal.adapter.ProtocolToModelAdapter                      : loaded 3 times (x 80B)
Class org.gradle.accessors.dm.LibrariesForLibsInPluginsBlock$AndroidxLifecycleLibraryAccessors: loaded 3 times (x 77B)
Class org.jetbrains.plugins.gradle.model.tests.ExternalTestsModel                     : loaded 3 times (x 70B)
Class org.gradle.internal.exceptions.DefaultMultiCauseException                       : loaded 3 times (x 95B)
Class org.gradle.tooling.internal.adapter.WeakIdentityHashMap$WeakKey                 : loaded 3 times (x 79B)
Class org.gradle.tooling.internal.adapter.ProtocolToModelAdapter$SafeMethodInvoker    : loaded 3 times (x 76B)
Class org.gradle.internal.time.DefaultTimer                                           : loaded 3 times (x 80B)
Class kotlin.collections.MapsKt__MapsJVMKt                                            : loaded 3 times (x 71B)
Class org.gradle.tooling.model.ProjectIdentifier                                      : loaded 3 times (x 70B)
Class kotlin.collections.EmptyList                                                    : loaded 3 times (x 174B)
Class org.gradle.tooling.internal.adapter.ProtocolToModelAdapter$ViewKey              : loaded 3 times (x 72B)
Class kotlin.collections.CollectionsKt__IterablesKt                                   : loaded 3 times (x 71B)
Class kotlin.collections.MapsKt                                                       : loaded 3 times (x 71B)
Class com.google.common.base.Objects                                                  : loaded 3 times (x 71B)
Class org.gradle.tooling.internal.adapter.ProtocolToModelAdapter$PropertyCachingMethodInvoker: loaded 3 times (x 76B)
Class org.gradle.tooling.model.ProjectModel                                           : loaded 3 times (x 70B)
Class org.gradle.internal.time.DefaultCountdownTimer                                  : loaded 3 times (x 88B)
Class com.intellij.openapi.externalSystem.model.ExternalSystemException               : loaded 3 times (x 86B)
Class kotlin.collections.ArraysKt__ArraysKt                                           : loaded 3 times (x 71B)
Class org.gradle.internal.time.CountdownTimer                                         : loaded 3 times (x 70B)
Class org.gradle.internal.exceptions.MultiCauseException                              : loaded 3 times (x 70B)
Class org.gradle.tooling.internal.adapter.ProtocolToModelAdapter$AdaptingMethodInvoker: loaded 3 times (x 76B)
Class org.gradle.internal.exceptions.ResolutionProvider                               : loaded 3 times (x 70B)
Class org.gradle.tooling.internal.adapter.ProtocolToModelAdapter$MixInMappingAction   : loaded 3 times (x 80B)
Class kotlin.text.StringsKt__StringsKt                                                : loaded 3 times (x 71B)
Class kotlin.collections.SetsKt__SetsJVMKt                                            : loaded 3 times (x 71B)
Class kotlin.Function                                                                 : loaded 3 times (x 70B)
Class com.intellij.gradle.toolingExtension.model.repositoryModel.ProjectRepositoriesModel: loaded 3 times (x 70B)
Class kotlin.collections.CollectionsKt__MutableCollectionsJVMKt                       : loaded 3 times (x 71B)
Class kotlin.text.StringsKt___StringsKt                                               : loaded 3 times (x 71B)
Class kotlin.io.FileAlreadyExistsException                                            : loaded 3 times (x 82B)
Class kotlin.text.StringsKt__StringBuilderJVMKt                                       : loaded 3 times (x 71B)
Class com.intellij.openapi.externalSystem.model.project.dependencies.ProjectDependencies: loaded 3 times (x 70B)
Class ijJvmDebugger1_574hue39iibyef1jkgoksxxat$_run_closure1                          : loaded 3 times (x 139B)
Class org.jetbrains.kotlin.build.report.metrics.BuildMetricsReporter                  : loaded 3 times (x 70B)
Class org.gradle.tooling.internal.gradle.GradleProjectIdentity                        : loaded 3 times (x 70B)
Class kotlin.collections.MapsKt__MapWithDefaultKt                                     : loaded 3 times (x 71B)
Class ijJvmDebugger1_574hue39iibyef1jkgoksxxat                                        : loaded 3 times (x 171B)
Class org.gradle.tooling.internal.adapter.ProtocolToModelAdapter$ReflectionMethodInvoker: loaded 3 times (x 76B)
Class kotlin.collections.ArraysKt___ArraysKt                                          : loaded 3 times (x 71B)
Class org.gradle.tooling.model.internal.ImmutableDomainObjectSet                      : loaded 3 times (x 155B)
Class kotlin.collections.MapsKt___MapsKt                                              : loaded 3 times (x 71B)
Class kotlin.io.FilesKt                                                               : loaded 3 times (x 71B)
Class org.jetbrains.plugins.gradle.tooling.ModelBuilderService$Parameter              : loaded 3 times (x 70B)
Class com.google.common.base.ExtraObjectsMethodsForWeb                                : loaded 3 times (x 71B)
Class kotlin.text.StringsKt__StringsJVMKt                                             : loaded 3 times (x 71B)
Class com.google.common.collect.NullnessCasts                                         : loaded 3 times (x 71B)
Class kotlin.text.StringsKt___StringsJvmKt                                            : loaded 3 times (x 71B)
Class org.gradle.accessors.dm.LibrariesForLibs$AndroidxComposeUiTestLibraryAccessors  : loaded 3 times (x 78B)
Class org.jetbrains.kotlin.build.report.metrics.DoNothingBuildMetricsReporter         : loaded 3 times (x 86B)
Class kotlin.text.StringsKt__IndentKt                                                 : loaded 3 times (x 71B)
Class kotlin.collections.SetsKt                                                       : loaded 3 times (x 71B)
Class org.jetbrains.plugins.gradle.model.ExternalProjectDependency                    : loaded 3 times (x 70B)
Class org.jetbrains.plugins.gradle.model.AnnotationProcessingConfig                   : loaded 3 times (x 70B)
Class kotlin.collections.CollectionsKt___CollectionsKt                                : loaded 3 times (x 71B)
Class org.gradle.accessors.dm.LibrariesForLibsInPluginsBlock$AndroidxActivityLibraryAccessors: loaded 3 times (x 77B)
Class org.gradle.tooling.internal.adapter.ViewBuilder                                 : loaded 3 times (x 70B)
Class org.gradle.tooling.model.idea.IdeaModuleDependency                              : loaded 3 times (x 70B)
Class org.gradle.tooling.internal.gradle.GradleBuildIdentity                          : loaded 3 times (x 70B)
Class org.gradle.internal.exceptions.NonGradleCauseExceptionsHolder                   : loaded 3 times (x 70B)
Class org.jetbrains.kotlin.idea.gradleTooling.KotlinGradleModel                       : loaded 3 times (x 70B)
Class kotlin.collections.MapsKt___MapsJvmKt                                           : loaded 3 times (x 71B)
Class kotlin.collections.MapsKt__MapsKt                                               : loaded 3 times (x 71B)
Class org.gradle.tooling.model.Model                                                  : loaded 3 times (x 70B)
Class org.gradle.tooling.internal.adapter.WeakIdentityHashMap$AbsentValueProvider     : loaded 3 times (x 70B)
Class kotlin.jvm.functions.Function2                                                  : loaded 3 times (x 70B)
Class ijKotlinCoroutineJvmDebugInit1_7hgm1gc4c3sgaanxczd9x8itr                        : loaded 3 times (x 171B)
Class org.gradle.tooling.internal.adapter.ProtocolToModelAdapter$MethodInvocationCache: loaded 3 times (x 73B)
Class org.jetbrains.plugins.gradle.model.IntelliJProjectSettings                      : loaded 3 times (x 70B)
Class kotlin.jvm.functions.Function1                                                  : loaded 3 times (x 70B)
Class org.jetbrains.plugins.gradle.model.ExternalDependency                           : loaded 3 times (x 70B)
Class org.gradle.accessors.dm.LibrariesForLibs$AndroidxComposeUiToolingLibraryAccessors: loaded 3 times (x 83B)
Class org.gradle.tooling.internal.adapter.ObjectGraphAdapter                          : loaded 3 times (x 70B)
Class org.jetbrains.plugins.gradle.model.VersionCatalogsModel                         : loaded 3 times (x 70B)
Class kotlin.collections.ArraysUtilJVM                                                : loaded 3 times (x 71B)
Class kotlin.jvm.functions.Function0                                                  : loaded 3 times (x 70B)
Class org.jetbrains.plugins.gradle.model.ProjectImportModelProvider                   : loaded 3 times (x 70B)
Class org.gradle.tooling.model.idea.IdeaDependency                                    : loaded 3 times (x 70B)
Class kotlin.ranges.RangesKt                                                          : loaded 3 times (x 71B)
Class kotlin.io.FilesKt__UtilsKt                                                      : loaded 3 times (x 71B)
Class kotlin.collections.CollectionsKt__CollectionsJVMKt                              : loaded 3 times (x 71B)
Class org.gradle.accessors.dm.LibrariesForLibs$AndroidxComposeUiLibraryAccessors      : loaded 3 times (x 85B)
Class org.gradle.tooling.internal.adapter.ProtocolToModelAdapter$ViewGraphDetails$1   : loaded 3 times (x 77B)
Class org.gradle.tooling.model.kotlin.dsl.KotlinDslScriptsModel                       : loaded 3 times (x 70B)
Class org.gradle.internal.time.TimeSource                                             : loaded 3 times (x 70B)
Class kotlin.sequences.SequencesKt___SequencesJvmKt                                   : loaded 3 times (x 71B)
Class kotlin.Unit                                                                     : loaded 3 times (x 71B)
Class kotlin.TuplesKt                                                                 : loaded 3 times (x 71B)
Class kotlin.sequences.SequencesKt                                                    : loaded 3 times (x 71B)
Class kotlin.collections.CollectionsKt__IteratorsKt                                   : loaded 3 times (x 71B)
Class kotlin.text.StringsKt                                                           : loaded 3 times (x 71B)
Class org.gradle.accessors.dm.LibrariesForLibsInPluginsBlock$AndroidxComposeLibraryAccessors: loaded 3 times (x 79B)
Class ijInit1_cqzjck0xqbp6zwuqljevsuky4$_run_closure1                                 : loaded 3 times (x 140B)
Class ijInit1_cqzjck0xqbp6zwuqljevsuky4                                               : loaded 3 times (x 171B)
Class org.gradle.tooling.internal.adapter.ProtocolToModelAdapter$DefaultViewBuilder   : loaded 3 times (x 80B)
Class kotlin.comparisons.ComparisonsKt__ComparisonsKt                                 : loaded 3 times (x 71B)
Class kotlin.collections.CollectionsKt___CollectionsJvmKt                             : loaded 3 times (x 71B)
Class org.gradle.internal.time.MonotonicClock                                         : loaded 3 times (x 77B)
Class org.jetbrains.kotlin.idea.gradleTooling.AndroidAwareGradleModelProvider         : loaded 3 times (x 79B)
Class kotlin.ranges.RangesKt__RangesKt                                                : loaded 3 times (x 71B)
Class kotlin.collections.SetsKt___SetsKt                                              : loaded 3 times (x 71B)
Class kotlin.sequences.SequencesKt__SequencesKt                                       : loaded 3 times (x 71B)
Class kotlin.text.StringsKt__StringNumberConversionsKt                                : loaded 3 times (x 71B)
Class kotlin.io.FilesKt__FileReadWriteKt                                              : loaded 3 times (x 71B)
Class kotlin.comparisons.ComparisonsKt___ComparisonsKt                                : loaded 3 times (x 71B)
Class kotlin.comparisons.ComparisonsKt                                                : loaded 3 times (x 71B)
Class kotlin.sequences.FilteringSequence                                              : loaded 3 times (x 75B)
Class org.gradle.util.internal.DefaultGradleVersion                                   : loaded 3 times (x 82B)
Class org.jetbrains.plugins.gradle.model.GradleBuildScriptClasspathModel              : loaded 3 times (x 70B)
Class org.jetbrains.plugins.gradle.model.RepositoryModels                             : loaded 3 times (x 70B)
Class org.jetbrains.kotlin.gradle.utils.MutableObservableSetImpl                      : loaded 2 times (x 163B)
Class org.jetbrains.plugins.gradle.tooling.serialization.internal.IdeaProjectSerializationService$WriteContext$7: loaded 2 times (x 83B)
Class com.amazon.ion.impl.lite.ValueFactoryLite                                       : loaded 2 times (x 218B)
Class com.google.gson.annotations.SerializedName                                      : loaded 2 times (x 70B)
Class sync_studio_tooling3525_dfa04nx5drwd5kbvad77w0weo$_run_closure1                 : loaded 2 times (x 139B)
Class org.jetbrains.kotlin.project.model.LanguageSettings                             : loaded 2 times (x 70B)
Class [Lcom.android.buildanalyzer.common.TaskCategory;                                : loaded 2 times (x 69B)
Class [Lorg.jetbrains.kotlin.gradle.plugin.HasProject;                                : loaded 2 times (x 69B)
Class org.gradle.internal.service.CachingServiceLocator                               : loaded 2 times (x 82B)
Class com.google.common.collect.ImmutableMap$SerializedForm                           : loaded 2 times (x 73B)
Class com.android.builder.model.v2.ide.LibraryInfo                                    : loaded 2 times (x 70B)
Class org.jetbrains.plugins.gradle.tooling.util.IntObjectMap                          : loaded 2 times (x 73B)
Class org.jetbrains.plugins.gradle.tooling.serialization.internal.IdeaProjectSerializationService$WriteContext$6: loaded 2 times (x 83B)
Class com.amazon.ion.IonType                                                          : loaded 2 times (x 79B)
Class com.amazon.ion.impl.lite._Private_LiteDomTrampoline                             : loaded 2 times (x 71B)
Class com.amazon.ion.impl._Private_RecyclingQueue$ElementIterator                     : loaded 2 times (x 82B)
Class org.gradle.accessors.dm.LibrariesForLibsInPluginsBlock$KotlinPluginAccessors    : loaded 2 times (x 74B)
Class jdk.internal.jimage.decompressor.ZipDecompressorFactory                         : loaded 2 times (x 74B)
Class org.gradle.tooling.internal.consumer.versioning.VersionDetails$R26VersionDetails: loaded 2 times (x 80B)
Class com.intellij.openapi.externalSystem.model.project.dependencies.ArtifactDependencyNode: loaded 2 times (x 70B)
Class com.amazon.ion.impl.bin.IonManagedBinaryWriter$SymbolState                      : loaded 2 times (x 80B)
Class com.amazon.ion.IonStruct                                                        : loaded 2 times (x 70B)
Class org.gradle.internal.classpath.DefaultClassPath                                  : loaded 2 times (x 90B)
Class kotlin.text.CharsKt__CharJVMKt                                                  : loaded 2 times (x 71B)
Class org.gradle.internal.classloader.VisitableURLClassLoader$Spec                    : loaded 2 times (x 74B)
Class com.google.common.io.Files$FileByteSink                                         : loaded 2 times (x 77B)
Class com.android.builder.model.v2.ide.BundleInfo                                     : loaded 2 times (x 70B)
Class com.android.builder.model.v2.ide.SourceProvider                                 : loaded 2 times (x 70B)
Class kotlin.coroutines.jvm.internal.BaseContinuationImpl                             : loaded 2 times (x 87B)
Class kotlin.Result$Companion                                                         : loaded 2 times (x 71B)
Class org.jetbrains.kotlin.com.intellij.util.io.DataExternalizer                      : loaded 2 times (x 70B)
Class com.google.common.reflect.Types$ClassOwnership                                  : loaded 2 times (x 80B)
Class com.google.common.base.AbstractIterator                                         : loaded 2 times (x 80B)
Class org.gradle.tooling.model.cpp.CppBinary                                          : loaded 2 times (x 70B)
Class [Lio.opentelemetry.context.ThreadLocalContextStorage;                           : loaded 2 times (x 69B)
Class org.jetbrains.kotlin.gradle.plugin.KotlinSourceSet$Companion                    : loaded 2 times (x 71B)
Class com.amazon.ion.impl.bin.IntList                                                 : loaded 2 times (x 77B)
Class com.android.ide.gradle.model.builder.LegacyAndroidGradlePluginPropertiesModelBuilder$PluginType: loaded 2 times (x 79B)
Class org.jetbrains.kotlin.gradle.plugin.sources.AbstractKotlinSourceSet              : loaded 2 times (x 141B)
Class org.gradle.tooling.UnknownModelException                                        : loaded 2 times (x 83B)
Class org.gradle.tooling.internal.consumer.converters.EclipseProjectHasAutoBuildMixin : loaded 2 times (x 72B)
Class org.gradle.internal.classloader.ClassLoaderFactory                              : loaded 2 times (x 70B)
Class org.jetbrains.kotlin.com.intellij.openapi.diagnostic.LogLevel                   : loaded 2 times (x 79B)
Class org.jetbrains.kotlin.incremental.classpathDiff.InaccessibleClassSnapshot        : loaded 2 times (x 71B)
Class com.google.common.collect.ImmutableSortedSet                                    : loaded 2 times (x 300B)
Class com.google.common.collect.Lists$ReverseList                                     : loaded 2 times (x 200B)
Class kotlin.sequences.SequencesKt___SequencesKt$sortedWith$1                         : loaded 2 times (x 75B)
Class com.intellij.gradle.toolingExtension.impl.model.sourceSetDependencyModel.GradleSourceSetDependencySerialisationService$SourceSetDependencyModelWriteContext: loaded 2 times (x 72B)
Class org.jetbrains.plugins.gradle.tooling.serialization.internal.IdeaProjectSerializationService$WriteContext$5: loaded 2 times (x 83B)
Class com.intellij.gradle.toolingExtension.util.GradleVersionSpecificsUtil            : loaded 2 times (x 71B)
Class com.amazon.ion.BufferConfiguration$Builder                                      : loaded 2 times (x 78B)
Class com.google.gson.annotations.JsonAdapter                                         : loaded 2 times (x 70B)
Class jdk.internal.jrtfs.JrtFileAttributes                                            : loaded 2 times (x 83B)
Class org.jetbrains.kotlin.gradle.internal.IsInIdeaEnvironmentValueSource$Inject_     : loaded 2 times (x 100B)
Class com.intellij.gradle.toolingExtension.impl.model.projectModel.GradleExternalProjectModelProvider: loaded 2 times (x 79B)
Class io.opentelemetry.context.ContextStorage                                         : loaded 2 times (x 70B)
Class org.gradle.internal.service.ServiceLookupException                              : loaded 2 times (x 82B)
Class org.jetbrains.kotlin.buildtools.api.CompilerArgumentsParseException             : loaded 2 times (x 82B)
Class org.jetbrains.kotlin.idea.gradleTooling.KotlinDslScriptTaskModelBuilder         : loaded 2 times (x 86B)
Class org.jetbrains.kotlin.metadata.jvm.deserialization.JvmMemberSignature$Field      : loaded 2 times (x 75B)
Class com.google.common.io.Java8Compatibility                                         : loaded 2 times (x 71B)
Class com.google.common.collect.Sets$FilteredSet                                      : loaded 2 times (x 137B)
Class com.google.common.io.Closer                                                     : loaded 2 times (x 78B)
Class org.gradle.internal.classloader.ClassLoaderSpec                                 : loaded 2 times (x 71B)
Class org.jetbrains.kotlin.cli.common.CompilerSystemProperties$value$1                : loaded 2 times (x 125B)
Class com.google.common.reflect.TypeResolver$TypeTable$1                              : loaded 2 times (x 73B)
Class org.jetbrains.kotlin.idea.gradleTooling.IdeaKpmProjectProvider                  : loaded 2 times (x 78B)
Class org.jetbrains.kotlin.incremental.storage.ListExternalizer                       : loaded 2 times (x 80B)
Class kotlin.jvm.internal.markers.KMutableList                                        : loaded 2 times (x 70B)
Class kotlin.text.MatchNamedGroupCollection                                           : loaded 2 times (x 70B)
Class com.google.common.collect.UsingToStringOrdering                                 : loaded 2 times (x 114B)
Class com.google.common.collect.MapMakerInternalMap$StrongKeyDummyValueEntry$Helper   : loaded 2 times (x 79B)
Class kotlin.coroutines.Continuation                                                  : loaded 2 times (x 70B)
Class [Lkotlin.Pair;                                                                  : loaded 2 times (x 69B)
Class com.intellij.gradle.toolingExtension.impl.model.sourceSetDependencyModel.GradleSourceSetDependencySerialisationService$Companion: loaded 2 times (x 71B)
Class org.jetbrains.plugins.gradle.tooling.serialization.internal.IdeaProjectSerializationService$WriteContext$4: loaded 2 times (x 83B)
Class jdk.internal.jimage.ImageReader$Resource                                        : loaded 2 times (x 84B)
Class jdk.internal.jimage.decompressor.Decompressor                                   : loaded 2 times (x 72B)
Class com.intellij.gradle.toolingExtension.impl.telemetry.GradleOpenTelemetry         : loaded 2 times (x 72B)
Class com.android.builder.model.v2.ide.BasicVariant                                   : loaded 2 times (x 70B)
Class com.android.builder.model.v2.ide.AndroidGradlePluginProjectFlags                : loaded 2 times (x 70B)
Class org.gradle.tooling.internal.adapter.ProtocolToModelAdapter$MixInTypeMappingAction: loaded 2 times (x 81B)
Class com.google.common.reflect.TypeResolver$TypeTable                                : loaded 2 times (x 73B)
Class com.google.common.collect.ImmutableMultiset                                     : loaded 2 times (x 163B)
Class com.google.common.io.CharStreams                                                : loaded 2 times (x 71B)
Class kotlin.LazyKt__LazyJVMKt                                                        : loaded 2 times (x 71B)
Class kotlin.coroutines.jvm.internal.RestrictedContinuationImpl                       : loaded 2 times (x 87B)
Class org.gradle.util.internal.DefaultGradleVersion$Stage                             : loaded 2 times (x 75B)
Class gnu.trove.TObjectHash$NULL                                                      : loaded 2 times (x 71B)
Class org.jetbrains.plugins.gradle.tooling.serialization.internal.IdeaProjectSerializationService$WriteContext$3: loaded 2 times (x 83B)
Class org.jetbrains.plugins.gradle.tooling.serialization.AnnotationProcessingModelSerializationService$ReadContext: loaded 2 times (x 72B)
Class com.amazon.ion.impl.bin.PooledBlockAllocatorProvider                            : loaded 2 times (x 73B)
Class org.jetbrains.plugins.gradle.tooling.builder.IntelliJProjectSettingsBuilder     : loaded 2 times (x 78B)
Class com.amazon.ion.impl.IonWriterSystemTextMarkup                                   : loaded 2 times (x 192B)
Class com.amazon.ion.impl.bin.BlockAllocator                                          : loaded 2 times (x 80B)
Class kotlin.jvm.internal.FunctionReferenceImpl                                       : loaded 2 times (x 122B)
Class [Lcom.android.builder.model.v2.ide.AndroidGradlePluginProjectFlags$BooleanFlag; : loaded 2 times (x 69B)
Class org.jetbrains.org.objectweb.asm.tree.InnerClassNode                             : loaded 2 times (x 73B)
Class com.amazon.ion.IonContainer                                                     : loaded 2 times (x 70B)
Class com.amazon.ion.UnsupportedIonVersionException                                   : loaded 2 times (x 85B)
Class io.opentelemetry.api.trace.Tracer                                               : loaded 2 times (x 70B)
Class com.intellij.gradle.toolingExtension.modelProvider.GradleClassBuildModelProvider: loaded 2 times (x 80B)
Class org.jetbrains.kotlin.gradle.plugin.diagnostics.ToolingDiagnostic$Severity       : loaded 2 times (x 79B)
Class com.amazon.ion.impl.lite.IonValueLite                                           : loaded 2 times (x 147B)
Class com.amazon.ion.impl._Private_IonSymbol                                          : loaded 2 times (x 70B)
Class [Lcom.amazon.ion.impl.bin.IonRawBinaryWriter$StreamFlushMode;                   : loaded 2 times (x 69B)
Class kotlin.jvm.internal.Intrinsics$Kotlin                                           : loaded 2 times (x 71B)
Class org.jetbrains.kotlin.gradle.internal.IsInIdeaEnvironmentValueSource             : loaded 2 times (x 80B)
Class org.gradle.tooling.model.GradleProject                                          : loaded 2 times (x 70B)
Class org.jetbrains.kotlin.com.intellij.openapi.diagnostic.Logger$DefaultFactory      : loaded 2 times (x 74B)
Class com.google.common.collect.RegularImmutableSortedSet                             : loaded 2 times (x 300B)
Class [Lcom.android.builder.model.v2.ide.CodeShrinker;                                : loaded 2 times (x 69B)
Class org.jetbrains.plugins.gradle.tooling.serialization.internal.IdeaProjectSerializationService$WriteContext$2: loaded 2 times (x 83B)
Class com.amazon.ion.impl._Private_SymtabExtendsCache                                 : loaded 2 times (x 72B)
Class com.amazon.ion.impl.bin.utf8.Pool                                               : loaded 2 times (x 74B)
Class com.intellij.gradle.toolingExtension.impl.model.taskModel.GradleTaskModelBuilder: loaded 2 times (x 86B)
Class org.jetbrains.kotlin.idea.gradleTooling.model.annotation.AnnotationBasedPluginModelBuilderService: loaded 2 times (x 85B)
Class com.android.ide.gradle.model.builder.AndroidStudioToolingPlugin                 : loaded 2 times (x 75B)
Class [Lorg.jetbrains.kotlin.tooling.core.HasMutableExtras;                           : loaded 2 times (x 69B)
Class com.android.tools.idea.gradle.project.sync.SelectedVariant                      : loaded 2 times (x 72B)
Class org.gradle.tooling.internal.consumer.converters.BackwardsCompatibleIdeaModuleDependency: loaded 2 times (x 70B)
Class org.jetbrains.kotlin.load.kotlin.KotlinJvmBinaryClass$AnnotationVisitor         : loaded 2 times (x 70B)
Class org.jetbrains.org.objectweb.asm.AnnotationWriter                                : loaded 2 times (x 79B)
Class kotlin.collections.AbstractList$SubList                                         : loaded 2 times (x 198B)
Class kotlin.jvm.internal.CallableReference                                           : loaded 2 times (x 106B)
Class org.jetbrains.plugins.gradle.model.ExternalProject                              : loaded 2 times (x 70B)
Class org.jetbrains.kotlin.idea.gradleTooling.KotlinGradleModelBuilder                : loaded 2 times (x 86B)
Class [Lcom.google.gson.ReflectionAccessFilter$FilterResult;                          : loaded 2 times (x 69B)
Class com.amazon.ion.impl._Private_RecyclingQueue                                     : loaded 2 times (x 80B)
Class com.amazon.ion.system.IonWriterBuilderBase                                      : loaded 2 times (x 83B)
Class org.jetbrains.kotlin.com.intellij.util.io.IOUtil$1                              : loaded 2 times (x 83B)
Class kotlin.jvm.internal.markers.KMutableIterable                                    : loaded 2 times (x 70B)
Class com.google.common.collect.Streams                                               : loaded 2 times (x 71B)
Class com.google.common.collect.AbstractMapBasedMultimap$KeySet                       : loaded 2 times (x 137B)
Class org.jetbrains.kotlin.incremental.IncrementalJvmCacheKt                          : loaded 2 times (x 71B)
Class org.jetbrains.kotlin.load.kotlin.header.KotlinClassHeader$Kind$Companion        : loaded 2 times (x 71B)
Class com.google.common.collect.ImmutableMultisetGwtSerializationDependencies         : loaded 2 times (x 125B)
Class com.google.common.collect.Interners                                             : loaded 2 times (x 71B)
Class com.google.common.io.Closer$Suppressor                                          : loaded 2 times (x 70B)
Class com.google.common.io.LineProcessor                                              : loaded 2 times (x 70B)
Class com.amazon.ion.impl.bin.WriteBuffer                                             : loaded 2 times (x 78B)
Class io.opentelemetry.api.trace.ArrayBasedTraceState                                 : loaded 2 times (x 86B)
Class io.opentelemetry.context.ContextKey                                             : loaded 2 times (x 70B)
Class io.opentelemetry.context.propagation.TextMapSetter                              : loaded 2 times (x 70B)
Class com.android.tools.idea.gradle.project.sync.AndroidExtraModelProviderImpl        : loaded 2 times (x 72B)
Class org.jetbrains.plugins.gradle.tooling.serialization.internal.IdeaProjectSerializationService$WriteContext$1: loaded 2 times (x 83B)
Class [Lcom.amazon.ion.util.InputStreamInterceptor;                                   : loaded 2 times (x 69B)
Class org.jetbrains.kotlin.gradle.targets.js.dsl.KotlinWasmSubTargetContainerDsl      : loaded 2 times (x 70B)
Class com.amazon.ion.impl.bin.IonManagedBinaryWriter$SymbolState$4                    : loaded 2 times (x 80B)
Class jdk.internal.jimage.BasicImageReader$1                                          : loaded 2 times (x 77B)
Class com.android.ide.gradle.model.dependencies.DeclaredDependenciesModelBuilder$Companion: loaded 2 times (x 71B)
Class com.amazon.ion.impl.bin.IonManagedBinaryWriter                                  : loaded 2 times (x 166B)
Class org.gradle.api.internal.classpath.DefaultModuleRegistry                         : loaded 2 times (x 86B)
Class org.jetbrains.kotlin.incremental.storage.CollectionExternalizerV2               : loaded 2 times (x 80B)
Class org.jetbrains.plugins.gradle.tooling.serialization.internal.IdeaProjectSerializationService$WriteContext$8: loaded 2 times (x 83B)
Class com.google.common.collect.Lists$TransformingRandomAccessList                    : loaded 2 times (x 199B)
Class gnu.trove.TObjectIntProcedure                                                   : loaded 2 times (x 70B)
Class com.android.builder.model.v2.models.ModelBuilderParameter                       : loaded 2 times (x 70B)
Class com.intellij.gradle.toolingExtension.impl.model.sourceSetArtifactIndex.GradleSourceSetArtifactBuildRequest: loaded 2 times (x 70B)
Class com.amazon.ion.IonBinaryWriter                                                  : loaded 2 times (x 70B)
Class com.amazon.ion.impl.bin.IonRawBinaryWriter$StreamFlushMode                      : loaded 2 times (x 79B)
Class com.amazon.ion.impl.bin.IonManagedBinaryWriter$SymbolState$3                    : loaded 2 times (x 80B)
Class com.amazon.ion.impl.bin.IonRawBinaryWriter$ContainerInfo                        : loaded 2 times (x 74B)
Class jdk.internal.jimage.ImageReader$Node                                            : loaded 2 times (x 84B)
Class org.gradle.tooling.internal.consumer.versioning.ModelMapping                    : loaded 2 times (x 73B)
Class com.android.ide.gradle.model.composites.BuildMapModelBuilder                    : loaded 2 times (x 75B)
Class com.intellij.gradle.toolingExtension.impl.model.warmUp.GradleTaskWarmUpService  : loaded 2 times (x 86B)
Class com.intellij.gradle.toolingExtension.impl.modelBuilder.DefaultModelBuilderContext: loaded 2 times (x 77B)
Class [Lcom.android.builder.model.v2.ide.AaptOptions$Namespacing;                     : loaded 2 times (x 69B)
Class [Lorg.gradle.api.JavaVersion;                                                   : loaded 2 times (x 69B)
Class org.gradle.internal.classloader.VisitableURLClassLoader                         : loaded 2 times (x 117B)
Class org.gradle.tooling.model.idea.BasicIdeaProject                                  : loaded 2 times (x 70B)
Class org.gradle.toolchains.foojay.AbstractFoojayToolchainPlugin                      : loaded 2 times (x 76B)
Class org.gradle.tooling.internal.consumer.converters.BasicGradleProjectIdentifierMixin: loaded 2 times (x 73B)
Class com.google.common.collect.HashBiMap$Inverse                                     : loaded 2 times (x 142B)
Class org.gradle.tooling.model.eclipse.EclipseProject                                 : loaded 2 times (x 70B)
Class kotlin.ranges.IntRange                                                          : loaded 2 times (x 93B)
Class com.google.common.collect.Iterators$6                                           : loaded 2 times (x 81B)
Class org.jetbrains.kotlin.gradle.internal.IdeaKt$isInIdeaEnvironment$1               : loaded 2 times (x 74B)
Class [Lorg.jetbrains.kotlin.tooling.core.HasExtras;                                  : loaded 2 times (x 69B)
Class com.google.common.collect.ImmutableMultimap$Values                              : loaded 2 times (x 126B)
Class org.jetbrains.kotlin.name.FqNameUnsafe                                          : loaded 2 times (x 72B)
Class kotlin.coroutines.intrinsics.IntrinsicsKt__IntrinsicsKt                         : loaded 2 times (x 71B)
Class kotlin.text.RegexKt                                                             : loaded 2 times (x 71B)
Class com.google.common.collect.ImmutableSortedAsList                                 : loaded 2 times (x 221B)
Class com.android.builder.model.v2.ide.Installation                                   : loaded 2 times (x 70B)
Class com.intellij.gradle.toolingExtension.impl.model.warmUp.GradleTaskWarmUpRequest  : loaded 2 times (x 70B)
Class com.amazon.ion.IonNull                                                          : loaded 2 times (x 70B)
Class com.amazon.ion.impl.bin.IonManagedBinaryWriter$SymbolState$2                    : loaded 2 times (x 80B)
Class org.jetbrains.plugins.gradle.model.ExternalSourceSet                            : loaded 2 times (x 70B)
Class org.jetbrains.kotlin.gradle.targets.js.ir.KotlinJsIrTarget                      : loaded 2 times (x 254B)
Class org.jetbrains.kotlin.gradle.utils.ProjectExtensionsKt                           : loaded 2 times (x 71B)
Class com.google.common.base.Splitter$SplittingIterator                               : loaded 2 times (x 84B)
Class org.jetbrains.org.objectweb.asm.AnnotationVisitor                               : loaded 2 times (x 78B)
Class com.intellij.gradle.toolingExtension.impl.model.dependencyModel.DependencyReadContext: loaded 2 times (x 72B)
Class com.intellij.gradle.toolingExtension.impl.model.sourceSetDependencyModel.GradleSourceSetDependencySerialisationService$SourceSetDependencyModelReadContext: loaded 2 times (x 72B)
Class org.jetbrains.kotlin.idea.gradleTooling.model.allopen.AllOpenModelBuilderService: loaded 2 times (x 85B)
Class com.amazon.ion.impl.bin.IonRawBinaryWriter$1                                    : loaded 2 times (x 77B)
Class [Lcom.amazon.ion.SymbolTable;                                                   : loaded 2 times (x 69B)
Class com.amazon.ion.impl.bin.IonBinaryWriterAdapter$Factory                          : loaded 2 times (x 70B)
Class com.amazon.ion.impl.BlockedBuffer$BufferedOutputStream                          : loaded 2 times (x 90B)
Class org.jetbrains.plugins.gradle.tooling.serialization.ExternalTestsSerializationService$ReadContext: loaded 2 times (x 72B)
Class kotlin.sequences.FlatteningSequence$iterator$1                                  : loaded 2 times (x 79B)
Class org.jetbrains.kotlin.gradle.plugin.mpp.KotlinNativeTarget                       : loaded 2 times (x 167B)
Class org.gradle.tooling.model.idea.IdeaDependencyScope                               : loaded 2 times (x 70B)
Class com.google.common.collect.ImmutableList$SerializedForm                          : loaded 2 times (x 73B)
Class [Lcom.amazon.ion.IonType;                                                       : loaded 2 times (x 69B)
Class com.amazon.ion.impl.LocalSymbolTableAsStruct$Factory                            : loaded 2 times (x 79B)
Class com.amazon.ion.impl.bin.IonManagedBinaryWriter$SymbolState$1                    : loaded 2 times (x 80B)
Class org.jetbrains.kotlin.gradle.internal.IdeaKt$isInIdeaEnvironment$2               : loaded 2 times (x 74B)
Class jdk.internal.jimage.decompressor.ResourceDecompressorFactory                    : loaded 2 times (x 74B)
Class sync_studio_tooling3525_dfa04nx5drwd5kbvad77w0weo                               : loaded 2 times (x 171B)
Class org.jetbrains.kotlin.gradle.utils.ConfigurationCacheOpaqueValue                 : loaded 2 times (x 72B)
Class com.intellij.gradle.toolingExtension.impl.model.taskModel.GradleTaskModelProvider: loaded 2 times (x 78B)
Class io.opentelemetry.api.trace.SpanId                                               : loaded 2 times (x 71B)
Class org.gradle.tooling.internal.adapter.ProtocolToModelAdapter$MixInBeanMappingAction: loaded 2 times (x 81B)
Class org.gradle.internal.installation.GradleInstallation$1                           : loaded 2 times (x 75B)
Class org.gradle.api.internal.classpath.ModuleRegistry                                : loaded 2 times (x 70B)
Class com.google.common.collect.SortedIterable                                        : loaded 2 times (x 70B)
Class com.intellij.util.containers.IntObjectHashMap                                   : loaded 2 times (x 72B)
Class com.intellij.gradle.toolingExtension.impl.model.utilDummyModel.DummyModelBuilder: loaded 2 times (x 86B)
Class com.intellij.openapi.externalSystem.model.project.dependencies.AbstractDependencyNode: loaded 2 times (x 87B)
Class org.jetbrains.plugins.gradle.tooling.builder.VersionCatalogsModelBuilder        : loaded 2 times (x 86B)
Class jdk.internal.jimage.ImageReader$SharedImageReader                               : loaded 2 times (x 95B)
Class com.android.ide.gradle.model.builder.LegacyAndroidGradlePluginPropertiesModelBuilder: loaded 2 times (x 80B)
Class org.gradle.internal.classloader.VisitableURLClassLoader$InstrumentingVisitableURLClassLoader: loaded 2 times (x 123B)
Class org.jetbrains.kotlin.gradle.plugin.mpp.KotlinCompilationsKt                     : loaded 2 times (x 71B)
Class org.jetbrains.kotlin.gradle.plugin.sources.DefaultKotlinSourceSet_Decorated     : loaded 2 times (x 188B)
Class [Lcom.google.gson.stream.JsonToken;                                             : loaded 2 times (x 69B)
Class [Lorg.jetbrains.kotlin.buildtools.api.jvm.ClassSnapshotGranularity;             : loaded 2 times (x 69B)
Class [Lorg.jetbrains.kotlin.cli.common.messages.CompilerMessageSeverity;             : loaded 2 times (x 69B)
Class com.google.common.reflect.TypeToken$2                                           : loaded 2 times (x 110B)
Class com.google.common.collect.AbstractMapBasedMultimap$AsMap$AsMapEntries           : loaded 2 times (x 138B)
Class com.android.builder.model.v2.models.Versions                                    : loaded 2 times (x 70B)
Class com.android.builder.model.v2.ide.ArtifactDependenciesAdjacencyList              : loaded 2 times (x 70B)
Class com.android.builder.model.v2.ide.Library                                        : loaded 2 times (x 70B)
Class org.jetbrains.kotlin.idea.gradleTooling.model.assignment.AssignmentModelBuilderService: loaded 2 times (x 85B)
Class com.intellij.compose.ide.plugin.gradleTooling.rt.ComposeResourcesModelBuilder   : loaded 2 times (x 78B)
Class jdk.internal.jimage.ImageReader                                                 : loaded 2 times (x 75B)
Class com.intellij.gradle.toolingExtension.impl.modelSerialization.ToolingSerializerConverter: loaded 2 times (x 73B)
Class jdk.internal.jimage.decompressor.ZipDecompressor                                : loaded 2 times (x 75B)
Class org.jetbrains.kotlin.idea.gradleTooling.PrepareKotlinIdeaImportTaskModelBuilder : loaded 2 times (x 86B)
Class com.amazon.ion.impl.bin.AbstractIonWriter$WriteValueOptimization                : loaded 2 times (x 79B)
Class [Lcom.android.builder.model.v2.ide.BytecodeTransformation;                      : loaded 2 times (x 69B)
Class com.android.builder.model.v2.ide.AaptOptions                                    : loaded 2 times (x 70B)
Class kotlin.collections.AbstractMutableList                                          : loaded 2 times (x 206B)
Class com.google.common.graph.SuccessorsFunction                                      : loaded 2 times (x 70B)
Class com.google.common.collect.HashBiMap                                             : loaded 2 times (x 143B)
Class com.google.common.collect.MapMakerInternalMap                                   : loaded 2 times (x 161B)
Class [Lcom.android.tools.idea.gradle.project.sync.SyncTestMode;                      : loaded 2 times (x 69B)
Class org.jetbrains.kotlin.buildtools.api.CompilationService                          : loaded 2 times (x 70B)
Class io.opentelemetry.api.trace.ArrayBasedTraceStateBuilder                          : loaded 2 times (x 77B)
Class com.android.tools.idea.gradle.project.sync.SyncProjectActionOptions             : loaded 2 times (x 73B)
Class org.gradle.tooling.BuildController                                              : loaded 2 times (x 70B)
Class org.jetbrains.kotlin.gradle.plugin.diagnostics.KotlinToolingDiagnosticsCollector: loaded 2 times (x 76B)
Class kotlin.UNINITIALIZED_VALUE                                                      : loaded 2 times (x 71B)
Class io.opentelemetry.context.Context                                                : loaded 2 times (x 70B)
Class com.google.common.reflect.TypeToken$1                                           : loaded 2 times (x 110B)
Class org.jetbrains.kotlin.load.kotlin.FileBasedKotlinClass$4                         : loaded 2 times (x 88B)
Class org.jetbrains.kotlin.incremental.storage.StringExternalizer                     : loaded 2 times (x 75B)
Class kotlin.Metadata                                                                 : loaded 2 times (x 70B)
Class kotlin.text.MatchResult$Destructured                                            : loaded 2 times (x 72B)
Class com.android.ide.gradle.model.composites.BuildMap                                : loaded 2 times (x 70B)
Class com.amazon.ion.UnknownSymbolException                                           : loaded 2 times (x 86B)
Class sync_studio_tooling3_1n68y3z468w23pnchf8qfsrnz$_run_closure1                    : loaded 2 times (x 139B)
Class org.jetbrains.kotlin.gradle.plugin.diagnostics.UsesKotlinToolingDiagnostics     : loaded 2 times (x 70B)
Class com.intellij.gradle.toolingExtension.modelAction.GradleModelFetchPhase          : loaded 2 times (x 70B)
Class org.jetbrains.kotlin.load.kotlin.FileBasedKotlinClass$3                         : loaded 2 times (x 78B)
Class org.jetbrains.org.objectweb.asm.ClassWriter                                     : loaded 2 times (x 106B)
Class com.android.builder.model.v2.ide.Variant                                        : loaded 2 times (x 70B)
Class com.amazon.ion.impl.bin.IonRawBinaryWriter$ThrowingRunnable                     : loaded 2 times (x 70B)
Class com.amazon.ion.impl.bin.IonManagedBinaryWriter$LocalSymbolTableView             : loaded 2 times (x 107B)
Class com.amazon.ion.impl._Private_RecyclingStack$Recycler                            : loaded 2 times (x 70B)
Class com.intellij.gradle.toolingExtension.impl.util.collectionUtil.GradleCollectionUtil: loaded 2 times (x 71B)
Class org.jetbrains.kotlin.idea.gradleTooling.model.noarg.NoArgModelBuilderService    : loaded 2 times (x 85B)
Class org.jetbrains.kotlin.metadata.deserialization.BinaryVersion$Companion           : loaded 2 times (x 71B)
Class com.amazon.ion.impl.bin.BlockAllocatorProvider                                  : loaded 2 times (x 72B)
Class org.jetbrains.plugins.gradle.tooling.serialization.internal.IdeaProjectSerializationService$WriteContext: loaded 2 times (x 72B)
Class com.intellij.gradle.toolingExtension.impl.model.sourceSetDependencyModel.GradleSourceSetDependencySerialisationService: loaded 2 times (x 77B)
Class org.jetbrains.plugins.gradle.model.GradleSourceSetModel                         : loaded 2 times (x 70B)
Class kotlin.KotlinNothingValueException                                              : loaded 2 times (x 82B)
Class org.jetbrains.plugins.gradle.tooling.util.IntObjectMap$1                        : loaded 2 times (x 77B)
Class [Lorg.jetbrains.kotlin.load.kotlin.header.KotlinClassHeader$Kind;               : loaded 2 times (x 69B)
Class com.google.common.cache.RemovalCause$1                                          : loaded 2 times (x 80B)
Class org.gradle.internal.classpath.DefaultClassPath$ImmutableUniqueList$Builder      : loaded 2 times (x 75B)
Class jdk.internal.jimage.ImageStringsReader                                          : loaded 2 times (x 80B)
Class io.opentelemetry.api.trace.TracerProvider                                       : loaded 2 times (x 70B)
Class org.jetbrains.kotlin.incremental.classpathDiff.ClassSnapshot                    : loaded 2 times (x 71B)
Class org.jetbrains.kotlin.com.intellij.util.io.IOUtil$2                              : loaded 2 times (x 76B)
Class io.opentelemetry.context.ThreadLocalContextStorage                              : loaded 2 times (x 85B)
Class org.gradle.tooling.model.eclipse.EclipseClasspathEntry                          : loaded 2 times (x 70B)
Class org.gradle.internal.impldep.com.google.common.base.Optional                     : loaded 2 times (x 80B)
Class org.jetbrains.kotlin.cli.common.arguments.Freezable                             : loaded 2 times (x 72B)
Class com.google.common.io.CharStreams$NullWriter                                     : loaded 2 times (x 99B)
Class org.jetbrains.kotlin.incremental.classpathDiff.ClasspathEntrySnapshotter$Settings: loaded 2 times (x 72B)
Class org.jetbrains.kotlin.load.kotlin.FileBasedKotlinClass$2                         : loaded 2 times (x 88B)
Class org.jetbrains.kotlin.com.intellij.openapi.diagnostic.Logger                     : loaded 2 times (x 99B)
Class org.jetbrains.org.objectweb.asm.tree.AnnotationNode                             : loaded 2 times (x 80B)
Class org.jetbrains.plugins.gradle.tooling.serialization.ExternalTestsSerializationService$WriteContext: loaded 2 times (x 72B)
Class com.amazon.ion.impl.bin.IonManagedBinaryWriter$SymbolResolverBuilder            : loaded 2 times (x 70B)
Class com.amazon.ion.system.IonSystemBuilder$Mutable                                  : loaded 2 times (x 75B)
Class org.jetbrains.kotlin.gradle.plugin.diagnostics.KotlinToolingDiagnosticsCollectorKt: loaded 2 times (x 71B)
Class org.jetbrains.kotlin.gradle.utils.ObservableSet                                 : loaded 2 times (x 70B)
Class com.amazon.ion.impl.lite.IonSequenceLite                                        : loaded 2 times (x 432B)
Class com.amazon.ion.impl._Private_Utils$1                                            : loaded 2 times (x 89B)
Class com.amazon.ion.impl.SymbolTableAsStruct                                         : loaded 2 times (x 70B)
Class com.android.ide.gradle.model.dependencies.Coordinates                           : loaded 2 times (x 70B)
Class com.google.common.collect.AbstractRangeSet                                      : loaded 2 times (x 114B)
Class com.google.common.reflect.Types$TypeVariableInvocationHandler                   : loaded 2 times (x 75B)
Class org.jetbrains.kotlin.incremental.classpathDiff.PackageFacadeKotlinClassSnapshot : loaded 2 times (x 76B)
Class kotlin.jvm.functions.Function3                                                  : loaded 2 times (x 70B)
Class com.google.common.cache.RemovalCause$2                                          : loaded 2 times (x 80B)
Class com.google.common.collect.MapMakerInternalMap$WeakValueReference                : loaded 2 times (x 70B)
Class com.google.gson.stream.JsonToken                                                : loaded 2 times (x 79B)
Class [Lcom.google.common.collect.HashBiMap$BiEntry;                                  : loaded 2 times (x 69B)
Class io.opentelemetry.api.trace.AutoValue_ArrayBasedTraceState                       : loaded 2 times (x 87B)
Class com.intellij.platform.diagnostic.telemetry.rt.context.TelemetryContext          : loaded 2 times (x 134B)
Class com.google.common.collect.MapMakerInternalMap$InternalEntry                     : loaded 2 times (x 70B)
Class com.android.build.gradle.internal.tasks.BuildAnalyzer                           : loaded 2 times (x 70B)
Class org.jetbrains.plugins.gradle.tooling.ModelBuilderService$ParameterizedModelBuilderService: loaded 2 times (x 70B)
Class [Lorg.jetbrains.kotlin.gradle.plugin.sources.ConsistencyCheck;                  : loaded 2 times (x 69B)
Class [Lio.opentelemetry.context.ContextStorage;                                      : loaded 2 times (x 69B)
Class [Lio.opentelemetry.api.trace.TraceFlags;                                        : loaded 2 times (x 69B)
Class com.google.common.io.Files$FileByteSource                                       : loaded 2 times (x 85B)
Class com.google.common.collect.Interners$InternerBuilder                             : loaded 2 times (x 76B)
Class org.jetbrains.kotlin.buildtools.api.internal.KotlinCompilerVersion              : loaded 2 times (x 75B)
Class [Lcom.google.common.reflect.Types$JavaVersion;                                  : loaded 2 times (x 69B)
Class kotlin.sequences.SequencesKt__SequencesKt$asSequence$$inlined$Sequence$1        : loaded 2 times (x 75B)
Class org.jetbrains.kotlin.incremental.classpathDiff.impl.InnerClassesClassVisitor    : loaded 2 times (x 88B)
Class org.jetbrains.kotlin.load.kotlin.FileBasedKotlinClass$1                         : loaded 2 times (x 88B)
Class kotlin.collections.ArrayDeque                                                   : loaded 2 times (x 207B)
Class kotlin.reflect.KFunction                                                        : loaded 2 times (x 70B)
Class org.jetbrains.plugins.gradle.tooling.serialization.KotlinDslScriptsModelSerializationService: loaded 2 times (x 81B)
Class com.intellij.gradle.toolingExtension.impl.model.sourceSetArtifactIndex.GradleSourceSetArtifactIndexBuilder: loaded 2 times (x 86B)
Class org.jetbrains.kotlin.idea.gradleTooling.model.kapt.KaptModelBuilderService      : loaded 2 times (x 86B)
Class org.jetbrains.plugins.gradle.tooling.builder.EarModelBuilderImpl                : loaded 2 times (x 86B)
Class com.amazon.ion.impl.bin.AbstractIonWriter                                       : loaded 2 times (x 161B)
Class gnu.trove.TObjectHash                                                           : loaded 2 times (x 94B)
Class org.jetbrains.plugins.gradle.tooling.util.ObjectCollector$Processor             : loaded 2 times (x 70B)
Class kotlin.jvm.functions.Function4                                                  : loaded 2 times (x 70B)
Class kotlin.collections.EmptySet                                                     : loaded 2 times (x 122B)
Class kotlin.annotation.Target                                                        : loaded 2 times (x 70B)
Class com.amazon.ion.impl.lite.IonBlobLite                                            : loaded 2 times (x 219B)
Class org.jetbrains.kotlin.incremental.classpathDiff.impl.BasicClassInfo$Companion    : loaded 2 times (x 71B)
Class com.google.common.cache.RemovalCause$3                                          : loaded 2 times (x 80B)
Class org.jetbrains.kotlin.cli.common.arguments.K2JVMCompilerArguments                : loaded 2 times (x 76B)
Class org.gradle.tooling.model.eclipse.EclipseExternalDependency                      : loaded 2 times (x 70B)
Class org.gradle.tooling.internal.adapter.ProtocolToModelAdapter$TypeSpecificMappingAction: loaded 2 times (x 81B)
Class io.opentelemetry.api.trace.TraceState                                           : loaded 2 times (x 70B)
Class org.gradle.tooling.model.eclipse.HierarchicalEclipseProject                     : loaded 2 times (x 70B)
Class org.gradle.tooling.internal.consumer.versioning.VersionDetails$R35VersionDetails: loaded 2 times (x 80B)
Class com.amazon.ion.impl.LocalSymbolTable                                            : loaded 2 times (x 121B)
Class com.android.tools.idea.gradle.project.sync.SwitchVariantRequest                 : loaded 2 times (x 72B)
Class org.jetbrains.plugins.gradle.tooling.serialization.SerializationService         : loaded 2 times (x 70B)
Class org.gradle.tooling.internal.consumer.connection.StreamingAwareBuildControllerAdapter: loaded 2 times (x 101B)
Class org.gradle.internal.classpath.ClassPath                                         : loaded 2 times (x 70B)
Class com.google.common.io.ByteSink                                                   : loaded 2 times (x 76B)
Class org.jetbrains.kotlin.cli.common.arguments.K2JVMCompilerArgumentsConfigurator    : loaded 2 times (x 74B)
Class com.google.common.cache.RemovalCause                                            : loaded 2 times (x 80B)
Class org.jetbrains.kotlin.name.FqNameUnsafe$Companion                                : loaded 2 times (x 71B)
Class org.jetbrains.org.objectweb.asm.tree.FieldNode                                  : loaded 2 times (x 80B)
Class com.android.builder.model.v2.ide.TestInfo                                       : loaded 2 times (x 70B)
Class com.android.builder.model.v2.models.AndroidProject                              : loaded 2 times (x 70B)
Class com.android.builder.model.v2.dsl.SigningConfig                                  : loaded 2 times (x 70B)
Class org.jetbrains.kotlin.name.FqName                                                : loaded 2 times (x 72B)
Class [Lcom.amazon.ion.SymbolToken;                                                   : loaded 2 times (x 69B)
Class org.jetbrains.plugins.gradle.tooling.ModelBuilderService                        : loaded 2 times (x 70B)
Class org.jetbrains.kotlin.idea.gradleTooling.PrepareKotlinIdeaImportTaskModelBuilder$Companion: loaded 2 times (x 71B)
Class io.opentelemetry.api.trace.ImmutableTraceFlags                                  : loaded 2 times (x 77B)
Class org.gradle.tooling.internal.consumer.versioning.ModelMapping$DefaultModelIdentifier: loaded 2 times (x 76B)
Class com.google.common.collect.MapMakerInternalMap$Segment                           : loaded 2 times (x 142B)
Class org.jetbrains.kotlin.buildtools.api.KotlinBuildToolsException                   : loaded 2 times (x 82B)
Class com.google.common.reflect.TypeToken                                             : loaded 2 times (x 73B)
Class org.jetbrains.org.objectweb.asm.ByteVector                                      : loaded 2 times (x 78B)
Class com.google.common.base.Predicates                                               : loaded 2 times (x 71B)
Class jdk.internal.jimage.ImageStrings                                                : loaded 2 times (x 70B)
Class com.intellij.gradle.toolingExtension.impl.model.dependencyGraphModel.GradleDependencyReportGenerator: loaded 2 times (x 73B)
Class com.amazon.ion.system.IonReaderBuilder                                          : loaded 2 times (x 95B)
Class com.amazon.ion.IonReader                                                        : loaded 2 times (x 70B)
Class gnu.trove.Equality                                                              : loaded 2 times (x 70B)
Class com.android.builder.model.v2.ide.AndroidLibraryData                             : loaded 2 times (x 70B)
Class com.google.common.collect.ImmutableMultimap                                     : loaded 2 times (x 147B)
Class com.android.builder.model.v2.ide.ApiVersion                                     : loaded 2 times (x 70B)
Class kotlin.reflect.KDeclarationContainer                                            : loaded 2 times (x 70B)
Class kotlin.annotation.Retention                                                     : loaded 2 times (x 70B)
Class org.jetbrains.org.objectweb.asm.SymbolTable$Entry                               : loaded 2 times (x 74B)
Class org.jetbrains.kotlin.metadata.deserialization.BinaryVersion                     : loaded 2 times (x 74B)
Class com.google.common.cache.RemovalCause$4                                          : loaded 2 times (x 80B)
Class com.google.common.base.Suppliers$MemoizingSupplier                              : loaded 2 times (x 79B)
Class io.opentelemetry.context.LazyStorage                                            : loaded 2 times (x 71B)
Class org.jetbrains.kotlin.buildtools.api.internal.KotlinCompilerVersionKt            : loaded 2 times (x 71B)
Class kotlin.collections.IntIterator                                                  : loaded 2 times (x 82B)
Class org.jetbrains.kotlin.gradle.dsl.KotlinCommonCompilerOptionsHelper               : loaded 2 times (x 71B)
Class com.intellij.gradle.toolingExtension.impl.model.projectModel.GradleExternalProjectSerializationService$WriteContext: loaded 2 times (x 73B)
Class com.amazon.ion.impl.bin._Private_IonManagedBinaryWriterBuilder                  : loaded 2 times (x 72B)
Class com.amazon.ion.impl._Private_IonWriter                                          : loaded 2 times (x 70B)
Class com.amazon.ion.impl.bin.IonManagedBinaryWriter$UserState                        : loaded 2 times (x 85B)
Class com.android.tools.idea.gradle.project.sync.ModelConsumerVersion                 : loaded 2 times (x 75B)
Class org.jetbrains.plugins.gradle.tooling.builder.MavenRepositoriesModelBuilder      : loaded 2 times (x 81B)
Class jdk.internal.jimage.decompressor.ResourceDecompressor                           : loaded 2 times (x 70B)
Class org.jetbrains.kotlin.gradle.plugin.sources.FragmentConsistencyChecks$unstableFeaturesCheck$2: loaded 2 times (x 78B)
Class org.jetbrains.kotlin.gradle.utils.ProviderApiUtilsKt$providerWithLazyConvention$1: loaded 2 times (x 74B)
Class org.gradle.tooling.model.cpp.CppComponent                                       : loaded 2 times (x 70B)
Class org.gradle.internal.classpath.DefaultClassPath$ImmutableUniqueList              : loaded 2 times (x 199B)
Class org.gradle.api.internal.ClassPathRegistry                                       : loaded 2 times (x 70B)
Class org.jetbrains.kotlin.cli.common.messages.MessageCollector                       : loaded 2 times (x 70B)
Class com.google.common.collect.Maps$EntryFunction$2                                  : loaded 2 times (x 91B)
Class com.google.common.reflect.Invokable$ConstructorInvokable                        : loaded 2 times (x 107B)
Class com.google.common.collect.ImmutableMultimap$Keys                                : loaded 2 times (x 166B)
Class com.android.builder.model.v2.ide.JavaArtifact                                   : loaded 2 times (x 70B)
Class org.gradle.tooling.model.ExternalDependency                                     : loaded 2 times (x 70B)
Class com.intellij.gradle.toolingExtension.impl.initScript.util.GradleDebuggerUtil    : loaded 2 times (x 71B)
Class com.amazon.ion.IonClob                                                          : loaded 2 times (x 70B)
Class org.gradle.tooling.model.idea.IdeaSingleEntryLibraryDependency                  : loaded 2 times (x 70B)
Class com.android.builder.model.v2.models.Versions$Version                            : loaded 2 times (x 70B)
Class org.gradle.internal.impldep.com.google.common.base.Preconditions                : loaded 2 times (x 71B)
Class [Lcom.google.common.collect.Iterators$EmptyModifiableIterator;                  : loaded 2 times (x 69B)
Class com.google.common.cache.RemovalCause$5                                          : loaded 2 times (x 80B)
Class com.google.common.collect.Maps$AbstractFilteredMap                              : loaded 2 times (x 127B)
Class [Lcom.google.common.collect.MapMakerInternalMap$Strength;                       : loaded 2 times (x 69B)
Class [Lcom.google.common.io.FileWriteMode;                                           : loaded 2 times (x 69B)
Class kotlin.ranges.ClosedRange                                                       : loaded 2 times (x 70B)
Class org.jetbrains.plugins.gradle.tooling.serialization.RepositoriesModelSerializationService$ReadContext: loaded 2 times (x 72B)
Class org.jetbrains.kotlin.com.google.common.base.Function                            : loaded 2 times (x 70B)
Class org.jetbrains.kotlin.idea.gradleTooling.KotlinDslScriptModelProvider            : loaded 2 times (x 79B)
Class [Lcom.amazon.ion.impl.bin.AbstractIonWriter$WriteValueOptimization;             : loaded 2 times (x 69B)
Class com.intellij.gradle.toolingExtension.impl.model.dependencyDownloadPolicyModel.GradleDependencyDownloadPolicyBuilder: loaded 2 times (x 86B)
Class org.jetbrains.kotlin.gradle.plugin.mpp.KotlinOnlyTarget                         : loaded 2 times (x 153B)
Class org.jetbrains.kotlin.gradle.dsl.KotlinVersion$Companion                         : loaded 2 times (x 71B)
Class org.jetbrains.kotlin.gradle.plugin.diagnostics.KotlinToolingDiagnosticsCollector$Parameter_Decorated: loaded 2 times (x 130B)
Class org.jetbrains.kotlin.gradle.plugin.sources.DefaultKotlinSourceSet               : loaded 2 times (x 141B)
Class org.jetbrains.kotlin.gradle.plugin.sources.FragmentConsistencyChecks$unstableFeaturesCheck$1: loaded 2 times (x 79B)
Class org.gradle.tooling.internal.consumer.connection.UnparameterizedBuildController  : loaded 2 times (x 101B)
Class io.opentelemetry.api.internal.AutoValue_ImmutableSpanContext                    : loaded 2 times (x 92B)
Class com.intellij.gradle.toolingExtension.impl.modelSerialization.SerializationServiceNotFoundException: loaded 2 times (x 82B)
Class org.gradle.api.internal.DefaultClassPathRegistry                                : loaded 2 times (x 76B)
Class com.google.common.collect.AbstractMapBasedMultimap$WrappedCollection$WrappedIterator: loaded 2 times (x 84B)
Class com.google.common.base.Present                                                  : loaded 2 times (x 81B)
Class com.google.common.collect.Maps$EntryFunction$1                                  : loaded 2 times (x 91B)
Class kotlin.io.ByteStreamsKt                                                         : loaded 2 times (x 71B)
Class org.jetbrains.org.objectweb.asm.MethodVisitor                                   : loaded 2 times (x 105B)
Class org.jetbrains.org.objectweb.asm.FieldWriter                                     : loaded 2 times (x 78B)
Class com.android.ide.gradle.model.artifacts.AdditionalClassifierArtifactsModel       : loaded 2 times (x 70B)
Class org.jetbrains.plugins.gradle.tooling.serialization.RepositoriesModelSerializationService: loaded 2 times (x 82B)
Class com.amazon.ion.impl.bin.Symbols                                                 : loaded 2 times (x 71B)
Class com.amazon.ion.IonBufferConfiguration                                           : loaded 2 times (x 73B)
Class org.jetbrains.kotlin.gradle.plugin.diagnostics.KotlinToolingDiagnosticsCollectorKt$kotlinToolingDiagnosticsCollectorProvider$1$execute$$inlined$variantImplementationFactoryProvider$1: loaded 2 times (x 74B)
Class org.jetbrains.kotlin.gradle.plugin.sources.DefaultKotlinSourceSetKt$defaultSourceSetLanguageSettingsChecker$2: loaded 2 times (x 78B)
Class com.google.common.base.Predicates$CompositionPredicate                          : loaded 2 times (x 88B)
Class com.amazon.ion.impl.lite.IonLobLite                                             : loaded 2 times (x 184B)
Class com.amazon.ion.impl.lite.IonTextLite                                            : loaded 2 times (x 181B)
Class com.amazon.ion.IonNumber                                                        : loaded 2 times (x 70B)
Class gnu.trove.TObjectHashingStrategy                                                : loaded 2 times (x 70B)
Class kotlin.LazyKt__LazyKt                                                           : loaded 2 times (x 71B)
Class [Lorg.jetbrains.org.objectweb.asm.Symbol;                                       : loaded 2 times (x 69B)
Class com.google.common.collect.Iterables$4                                           : loaded 2 times (x 81B)
Class com.google.common.cache.LocalCache$WriteThroughEntry                            : loaded 2 times (x 79B)
Class com.google.common.cache.LocalCache$HashIterator                                 : loaded 2 times (x 86B)
Class com.google.common.collect.MapMakerInternalMap$StrongKeyDummyValueSegment        : loaded 2 times (x 142B)
Class com.google.common.io.Files                                                      : loaded 2 times (x 71B)
Class org.jetbrains.kotlin.cli.common.arguments.CommonCompilerArguments               : loaded 2 times (x 75B)
Class org.jetbrains.kotlin.gradle.plugin.sources.ConsistencyCheck                     : loaded 2 times (x 72B)
Class org.jetbrains.kotlin.gradle.targets.js.dsl.KotlinWasmTargetDsl                  : loaded 2 times (x 70B)
Class kotlin.Triple                                                                   : loaded 2 times (x 72B)
Class org.jetbrains.kotlin.idea.projectModel.ExtraFeatures                            : loaded 2 times (x 70B)
Class org.gradle.toolchains.foojay.FoojayToolchainsConventionPlugin$apply$1$1         : loaded 2 times (x 78B)
Class com.google.common.base.NullnessCasts                                            : loaded 2 times (x 71B)
Class com.google.common.io.AppendableWriter                                           : loaded 2 times (x 100B)
Class kotlin.sequences.SequencesKt__SequenceBuilderKt$sequence$$inlined$Sequence$1    : loaded 2 times (x 75B)
Class org.jetbrains.kotlin.gradle.plugin.sources.InternalKotlinSourceSet              : loaded 2 times (x 70B)
Class org.jetbrains.kotlin.gradle.plugin.sources.DefaultKotlinSourceSetKt$defaultSourceSetLanguageSettingsChecker$1: loaded 2 times (x 78B)
Class org.jetbrains.kotlin.gradle.targets.js.dsl.KotlinTargetWithNodeJsDsl            : loaded 2 times (x 70B)
Class org.gradle.tooling.internal.adapter.ProtocolToModelAdapter$BeanMixInMethodInvoker: loaded 2 times (x 76B)
Class org.jetbrains.kotlin.incremental.storage.LongExternalizer                       : loaded 2 times (x 75B)
Class org.jetbrains.kotlin.incremental.classpathDiff.AccessibleClassSnapshot          : loaded 2 times (x 73B)
Class org.jetbrains.plugins.gradle.tooling.serialization.ProjectDependenciesSerializationService$ReadContext: loaded 2 times (x 72B)
Class kotlin.text.Regex                                                               : loaded 2 times (x 72B)
Class org.jetbrains.plugins.gradle.tooling.builder.IntelliJSettingsBuilder            : loaded 2 times (x 78B)
Class jdk.internal.jimage.ImageHeader                                                 : loaded 2 times (x 71B)
Class com.google.common.collect.ImmutableRangeSet$Builder                             : loaded 2 times (x 77B)
Class io.opentelemetry.api.trace.TraceStateBuilder                                    : loaded 2 times (x 70B)
Class org.gradle.api.internal.classpath.UnknownModuleException                        : loaded 2 times (x 82B)
Class kotlin.internal.ProgressionUtilKt                                               : loaded 2 times (x 71B)
Class com.google.common.collect.Lists$ReverseList$1                                   : loaded 2 times (x 99B)
Class com.intellij.openapi.externalSystem.model.project.IExternalSystemSourceType     : loaded 2 times (x 70B)
Class com.amazon.ion.impl._Private_IonReaderBuilder$Mutable                           : loaded 2 times (x 97B)
Class [Lcom.amazon.ion.util.GzipStreamInterceptor;                                    : loaded 2 times (x 69B)
Class com.intellij.openapi.externalSystem.model.project.dependencies.ArtifactDependencyNodeImpl: loaded 2 times (x 95B)
Class com.intellij.openapi.externalSystem.model.project.dependencies.ComponentDependencies: loaded 2 times (x 70B)
Class org.jetbrains.plugins.gradle.tooling.ModelBuilderService$Ex                     : loaded 2 times (x 70B)
Class [Lcom.amazon.ion.impl.bin.IonManagedBinaryWriter$UserState;                     : loaded 2 times (x 69B)
Class com.amazon.ion.impl.bin.utf8.Utf8StringEncoder                                  : loaded 2 times (x 80B)
Class com.amazon.ion.IonBool                                                          : loaded 2 times (x 70B)
Class com.android.ide.gradle.model.LegacyV1AgpVersionModel                            : loaded 2 times (x 70B)
Class com.google.common.collect.NullsLastOrdering                                     : loaded 2 times (x 115B)
Class com.intellij.gradle.toolingExtension.impl.model.taskModel.GradleTaskSerialisationService: loaded 2 times (x 76B)
Class com.google.common.reflect.Types$NativeTypeVariableEquals                        : loaded 2 times (x 71B)
Class com.google.common.reflect.TypeParameter                                         : loaded 2 times (x 72B)
Class com.google.common.collect.Iterables$5                                           : loaded 2 times (x 81B)
Class [Lcom.google.common.collect.MapMaker$Dummy;                                     : loaded 2 times (x 69B)
Class com.google.common.base.CharMatcher$Whitespace                                   : loaded 2 times (x 112B)
Class org.jetbrains.kotlin.cli.common.arguments.CommonCompilerArgumentsConfigurator   : loaded 2 times (x 74B)
Class org.gradle.toolchains.foojay.FoojayToolchainsPlugin                             : loaded 2 times (x 76B)
Class io.opentelemetry.context.propagation.NoopTextMapPropagator                      : loaded 2 times (x 76B)
Class com.android.tools.idea.gradle.project.sync.GradleSyncStudioFlags                : loaded 2 times (x 72B)
Class com.amazon.ion.system.SimpleCatalog                                             : loaded 2 times (x 91B)
Class com.intellij.gradle.toolingExtension.modelAction.GradleBuildFinishedModelFetchPhase: loaded 2 times (x 81B)
Class org.jetbrains.kotlin.gradle.internal.Kapt3KotlinGradleSubpluginKt               : loaded 2 times (x 71B)
Class com.android.tools.idea.gradle.project.sync.AndroidExtraModelProvider            : loaded 2 times (x 79B)
Class org.gradle.tooling.internal.consumer.versioning.VersionDetails$R48VersionDetails: loaded 2 times (x 80B)
Class org.gradle.api.internal.classpath.Module                                        : loaded 2 times (x 70B)
Class org.jetbrains.kotlin.incremental.classpathDiff.impl.ClassFileWithContents       : loaded 2 times (x 72B)
Class com.amazon.ion.BufferConfiguration                                              : loaded 2 times (x 73B)
Class com.android.ide.gradle.model.builder.GradlePropertiesModelBuilder               : loaded 2 times (x 75B)
Class org.jetbrains.plugins.gradle.tooling.util.ObjectCollector                       : loaded 2 times (x 72B)
Class org.jetbrains.plugins.gradle.model.GradleTaskModel                              : loaded 2 times (x 70B)
Class com.amazon.ion.impl.bin._Private_IonManagedBinaryWriterBuilder$AllocatorMode    : loaded 2 times (x 80B)
Class com.amazon.ion.impl._Private_SymbolToken                                        : loaded 2 times (x 70B)
Class com.amazon.ion.impl.bin.IonManagedBinaryWriter$SymbolResolver                   : loaded 2 times (x 70B)
Class org.jetbrains.plugins.gradle.tooling.builder.ProjectRepositoriesModelBuilder    : loaded 2 times (x 78B)
Class sync_studio_tooling4_5ngkr0phlae2ao4a5wafhak5w                                  : loaded 2 times (x 171B)
Class sync_studio_tooling3_1n68y3z468w23pnchf8qfsrnz                                  : loaded 2 times (x 171B)
Class com.android.tools.idea.gradle.project.sync.SingleVariantSyncActionOptions       : loaded 2 times (x 73B)
Class org.gradle.toolchains.foojay.FoojayToolchainsConventionPlugin                   : loaded 2 times (x 76B)
Class com.google.common.collect.ObjectArrays                                          : loaded 2 times (x 71B)
Class org.jetbrains.kotlin.buildtools.api.CompilationService$Companion                : loaded 2 times (x 71B)
Class sync_studio_tooling4636_eiyfaol1mu9qjj39aluq29l33$_run_closure1                 : loaded 2 times (x 139B)
Class com.google.gson.internal.reflect.ReflectionHelper                               : loaded 2 times (x 71B)
Class com.amazon.ion.IonLoader                                                        : loaded 2 times (x 70B)
Class org.jetbrains.plugins.gradle.model.GradleProperty                               : loaded 2 times (x 70B)
Class gnu.trove.TObjectCanonicalHashingStrategy                                       : loaded 2 times (x 78B)
Class com.google.common.collect.ImmutableRangeSet$ComplementRanges                    : loaded 2 times (x 207B)
Class com.android.builder.model.v2.models.VariantDependencies                         : loaded 2 times (x 70B)
Class [Lorg.jetbrains.kotlin.com.intellij.util.io.DataExternalizer;                   : loaded 2 times (x 69B)
Class org.jetbrains.org.objectweb.asm.Attribute                                       : loaded 2 times (x 75B)
Class org.jetbrains.org.objectweb.asm.Label                                           : loaded 2 times (x 72B)
Class com.google.common.collect.ImmutableMapKeySet                                    : loaded 2 times (x 152B)
Class org.gradle.internal.classloader.SystemClassLoaderSpec                           : loaded 2 times (x 71B)
Class org.jetbrains.kotlin.gradle.plugin.mpp.KotlinTargetWithBinaries                 : loaded 2 times (x 157B)
Class [Lorg.jetbrains.kotlin.gradle.plugin.KotlinSourceSet;                           : loaded 2 times (x 69B)
Class com.google.common.collect.FluentIterable$3                                      : loaded 2 times (x 81B)
Class org.jetbrains.org.objectweb.asm.FieldVisitor                                    : loaded 2 times (x 77B)
Class org.jetbrains.kotlin.gradle.utils.StoredLazyProperty$getValue$1                 : loaded 2 times (x 79B)
Class kotlin.Result$Failure                                                           : loaded 2 times (x 72B)
Class com.android.builder.model.v2.models.ProjectSyncIssues                           : loaded 2 times (x 70B)
Class com.amazon.ion.ValueFactory                                                     : loaded 2 times (x 70B)
Class [Lcom.amazon.ion.impl.bin.IonManagedBinaryWriter$ImportedSymbolResolverMode;    : loaded 2 times (x 69B)
Class com.amazon.ion.impl.IonWriterSystemText                                         : loaded 2 times (x 190B)
Class com.amazon.ion.impl.lite.IonContext                                             : loaded 2 times (x 70B)
Class com.amazon.ion.impl.lite.IonLoaderLite                                          : loaded 2 times (x 82B)
Class com.amazon.ion.impl.bin.utf8.Utf8StringEncoderPool$1                            : loaded 2 times (x 76B)
Class org.jetbrains.plugins.gradle.model.ExternalTask                                 : loaded 2 times (x 70B)
Class org.jetbrains.kotlin.idea.gradleTooling.MultiplatformModelImportingChecker      : loaded 2 times (x 70B)
Class org.jetbrains.kotlin.idea.gradleTooling.KotlinDslScriptTaskModelBuilder$Companion: loaded 2 times (x 71B)
Class org.jetbrains.kotlin.idea.projectModel.KotlinTarget                             : loaded 2 times (x 70B)
Class com.intellij.gradle.toolingExtension.impl.javaModel.manifestModel.JavaGradleManifestModelBuilder: loaded 2 times (x 86B)
Class io.opentelemetry.api.GlobalOpenTelemetry$ObfuscatedOpenTelemetry                : loaded 2 times (x 92B)
Class io.opentelemetry.api.internal.IncubatingUtil                                    : loaded 2 times (x 71B)
Class com.google.common.collect.FluentIterable$2                                      : loaded 2 times (x 81B)
Class com.google.common.base.Absent                                                   : loaded 2 times (x 80B)
Class com.google.common.reflect.Reflection                                            : loaded 2 times (x 71B)
Class com.amazon.ion.impl._Private_Utils                                              : loaded 2 times (x 71B)
Class kotlin.ranges.IntRange$Companion                                                : loaded 2 times (x 71B)
Class com.android.builder.model.v2.ide.TestedTargetVariant                            : loaded 2 times (x 70B)
Class kotlin.text.MatcherMatchResult$groups$1                                         : loaded 2 times (x 151B)
Class kotlin.collections.EmptyMap                                                     : loaded 2 times (x 108B)
Class kotlin.reflect.KAnnotatedElement                                                : loaded 2 times (x 70B)
Class kotlin.jvm.internal.markers.KMutableCollection                                  : loaded 2 times (x 70B)
Class kotlin.coroutines.intrinsics.IntrinsicsKt                                       : loaded 2 times (x 71B)
Class org.jetbrains.kotlin.incremental.classpathDiff.DirectoryOrJarReader$Companion   : loaded 2 times (x 71B)
Class com.google.common.collect.FluentIterable                                        : loaded 2 times (x 81B)
Class org.jetbrains.kotlin.name.ClassId                                               : loaded 2 times (x 72B)
Class com.amazon.ion.IonList                                                          : loaded 2 times (x 70B)
Class org.gradle.tooling.internal.consumer.connection.NestedActionAwareBuildControllerAdapter: loaded 2 times (x 101B)
Class org.gradle.tooling.internal.consumer.versioning.VersionDetails$R51VersionDetails: loaded 2 times (x 80B)
Class org.gradle.tooling.model.gradle.GradleBuild                                     : loaded 2 times (x 70B)
Class io.opentelemetry.api.trace.Span                                                 : loaded 2 times (x 70B)
Class org.gradle.tooling.internal.consumer.versioning.VersionDetails                  : loaded 2 times (x 80B)
Class org.jetbrains.kotlin.incremental.impl.SelectiveClassVisitor                     : loaded 2 times (x 88B)
Class kotlin.ResultKt                                                                 : loaded 2 times (x 71B)
Class com.google.common.collect.NullsFirstOrdering                                    : loaded 2 times (x 115B)
Class com.amazon.ion.impl.bin.Block                                                   : loaded 2 times (x 79B)
Class org.gradle.tooling.internal.consumer.connection.InternalPhasedActionAdapter     : loaded 2 times (x 78B)
Class io.opentelemetry.context.DefaultContextKey                                      : loaded 2 times (x 72B)
Class org.jetbrains.plugins.gradle.tooling.serialization.internal.adapter.Supplier    : loaded 2 times (x 70B)
Class org.gradle.api.internal.classpath.DefaultModuleRegistry$DefaultModule           : loaded 2 times (x 86B)
Class com.google.common.collect.FluentIterable$1                                      : loaded 2 times (x 81B)
Class org.jetbrains.kotlin.incremental.storage.DelegateDataExternalizer               : loaded 2 times (x 76B)
Class com.amazon.ion.impl.lite.IonStringLite                                          : loaded 2 times (x 212B)
Class com.amazon.ion.impl.bin.PooledBlockAllocatorProvider$PooledBlockAllocator$1     : loaded 2 times (x 79B)
Class com.android.builder.model.v2.ide.JavaCompileOptions                             : loaded 2 times (x 70B)
Class com.intellij.gradle.toolingExtension.impl.model.projectModel.GradleExternalProjectModelBuilder: loaded 2 times (x 86B)
Class org.jetbrains.kotlin.idea.gradleTooling.KotlinMPPGradleModelBuilder$Companion   : loaded 2 times (x 71B)
Class jdk.internal.jimage.ImageBufferCache$2                                          : loaded 2 times (x 91B)
Class org.jetbrains.kotlin.gradle.dsl.KotlinJvmCompilerOptionsHelper                  : loaded 2 times (x 71B)
Class jdk.internal.jrtfs.JrtFileSystem                                                : loaded 2 times (x 102B)
Class org.jetbrains.plugins.gradle.tooling.builder.AnnotationProcessingModelBuilder   : loaded 2 times (x 86B)
Class com.intellij.gradle.toolingExtension.impl.model.projectModel.GradleExternalProjectSerializationService$ReadContext: loaded 2 times (x 73B)
Class com.intellij.gradle.toolingExtension.impl.model.dependencyModel.DependencyWriteContext: loaded 2 times (x 72B)
Class org.jetbrains.kotlin.name.ClassId$Companion                                     : loaded 2 times (x 71B)
Class kotlin.coroutines.intrinsics.CoroutineSingletons                                : loaded 2 times (x 79B)
Class [Lorg.jetbrains.kotlin.cli.common.CompilerSystemProperties;                     : loaded 2 times (x 69B)
Class org.jetbrains.org.objectweb.asm.tree.ClassNode                                  : loaded 2 times (x 91B)
Class org.jetbrains.kotlin.load.kotlin.FileBasedKotlinClass$InnerClassesInfo          : loaded 2 times (x 74B)
Class com.google.common.io.ByteStreams$LimitedInputStream                             : loaded 2 times (x 92B)
Class com.google.common.base.Suppliers$NonSerializableMemoizingSupplier               : loaded 2 times (x 79B)
Class org.jetbrains.kotlin.gradle.plugin.diagnostics.ToolingDiagnosticRenderingOptions$Companion: loaded 2 times (x 71B)
Class io.opentelemetry.context.ImplicitContextKeyed                                   : loaded 2 times (x 70B)
Class com.google.common.collect.IndexedImmutableSet$1                                 : loaded 2 times (x 213B)
Class org.gradle.internal.classloader.ClasspathUtil$1                                 : loaded 2 times (x 76B)
Class com.google.common.collect.AbstractMapBasedMultimap$KeySet$1                     : loaded 2 times (x 82B)
Class com.google.common.collect.HashMultimapGwtSerializationDependencies              : loaded 2 times (x 174B)
Class org.gradle.toolchains.foojay.FoojayToolchainsConventionPlugin$apply$1           : loaded 2 times (x 74B)
Class org.jetbrains.kotlin.gradle.idea.tcs.IdeaKotlinDependency                       : loaded 2 times (x 70B)
Class com.android.builder.model.v2.ide.AndroidGradlePluginProjectFlags$BooleanFlag    : loaded 2 times (x 79B)
Class sync_studio_tooling11_5dc1bs1r5i3pknbvptcw45su0$_run_closure1                   : loaded 2 times (x 139B)
Class jdk.internal.jimage.ImageBufferCache$1                                          : loaded 2 times (x 83B)
Class [Lorg.jetbrains.kotlin.gradle.plugin.HasKotlinDependencies;                     : loaded 2 times (x 69B)
Class jdk.internal.jimage.ImageBufferCache                                            : loaded 2 times (x 71B)
Class org.jetbrains.kotlin.metadata.jvm.deserialization.JvmMemberSignature$Method     : loaded 2 times (x 75B)
Class org.jetbrains.org.objectweb.asm.ClassTooLargeException                          : loaded 2 times (x 83B)
Class org.jetbrains.kotlin.incremental.classpathDiff.KotlinClassSnapshot              : loaded 2 times (x 74B)
Class com.intellij.gradle.toolingExtension.impl.model.buildScriptClasspathModel.GradleBuildScriptClasspathSerializationService$WriteContext: loaded 2 times (x 72B)
Class gnu.trove.THash                                                                 : loaded 2 times (x 81B)
Class com.amazon.ion.IonMutableCatalog                                                : loaded 2 times (x 70B)
Class jdk.internal.jimage.decompressor.CompressedResourceHeader                       : loaded 2 times (x 71B)
Class org.jetbrains.plugins.gradle.model.GradleConfiguration                          : loaded 2 times (x 70B)
Class com.amazon.ion.impl.bin.utf8.Utf8StringEncoderPool                              : loaded 2 times (x 74B)
Class com.amazon.ion.impl._Private_IonSystem                                          : loaded 2 times (x 70B)
Class com.amazon.ion.BufferConfiguration$OversizedValueHandler                        : loaded 2 times (x 70B)
Class kotlin.ranges.OpenEndRange                                                      : loaded 2 times (x 70B)
Class kotlin.sequences.SequenceBuilderIterator                                        : loaded 2 times (x 85B)
Class org.jetbrains.org.objectweb.asm.tree.TypeAnnotationNode                         : loaded 2 times (x 81B)
Class com.google.common.collect.ImmutableMultimap$1                                   : loaded 2 times (x 82B)
Class org.jetbrains.kotlin.cli.common.CompilerSystemProperties$Companion              : loaded 2 times (x 71B)
Class com.google.common.collect.AbstractMapBasedMultimap$RandomAccessWrappedList      : loaded 2 times (x 205B)
Class jdk.internal.jrtfs.JrtPath                                                      : loaded 2 times (x 118B)
Class ijJvmDebugger1_574hue39iibyef1jkgoksxxat$_run_closure1$_closure2$_closure3      : loaded 2 times (x 140B)
Class io.opentelemetry.api.OpenTelemetry                                              : loaded 2 times (x 70B)
Class com.amazon.ion.IonSystem                                                        : loaded 2 times (x 70B)
Class com.amazon.ion.impl.bin.IonManagedBinaryWriter$ImportedSymbolContext            : loaded 2 times (x 72B)
Class com.android.tools.idea.gradle.project.sync.VariantDetails                       : loaded 2 times (x 72B)
Class com.amazon.ion.impl._Private_IonReaderBuilder                                   : loaded 2 times (x 97B)
Class com.amazon.ion.impl._Private_RecyclingStack                                     : loaded 2 times (x 79B)
Class org.jetbrains.plugins.gradle.ExternalDependencyId                               : loaded 2 times (x 70B)
Class kotlin.text.MatchResult$DefaultImpls                                            : loaded 2 times (x 71B)
Class sync_studio_tooling1160_brusi90lqybbphs6luqaei1k0                               : loaded 2 times (x 171B)
Class org.jetbrains.kotlin.gradle.plugin.diagnostics.ToolingDiagnosticRenderingOptionsKt$isAttachedToTerminal$2: loaded 2 times (x 74B)
Class org.jetbrains.kotlin.gradle.plugin.diagnostics.IsAttachedToTerminalValueSource$Inject_: loaded 2 times (x 100B)
Class org.jetbrains.kotlin.gradle.plugin.sources.DefaultKotlinSourceSetKt             : loaded 2 times (x 71B)
Class com.google.common.io.ByteSink$AsCharSink                                        : loaded 2 times (x 80B)
Class org.jetbrains.kotlin.config.KotlinCompilerVersion                               : loaded 2 times (x 71B)
Class org.jetbrains.kotlin.load.kotlin.KotlinJvmBinaryClass                           : loaded 2 times (x 70B)
Class org.jetbrains.org.objectweb.asm.tree.MethodNode                                 : loaded 2 times (x 110B)
Class com.google.common.collect.ExplicitOrdering                                      : loaded 2 times (x 115B)
Class com.android.builder.model.v2.ide.LibraryType                                    : loaded 2 times (x 79B)
Class [Lcom.android.builder.model.v2.ide.LibraryType;                                 : loaded 2 times (x 69B)
Class com.amazon.ion.impl.bin._Private_IonManagedBinaryWriterBuilder$AllocatorMode$2  : loaded 2 times (x 80B)
Class com.amazon.ion.impl._Private_IonTextWriterBuilder                               : loaded 2 times (x 102B)
Class com.amazon.ion.impl.lite.IonFloatLite                                           : loaded 2 times (x 186B)
Class org.jetbrains.kotlin.tooling.core.KotlinToolingVersion                          : loaded 2 times (x 75B)
Class com.intellij.gradle.toolingExtension.impl.initScript.util.GradleJvmForkedDebuggerHelper: loaded 2 times (x 71B)
Class jdk.internal.jrtfs.JrtDirectoryStream$1                                         : loaded 2 times (x 83B)
Class jdk.internal.jimage.ImageLocation                                               : loaded 2 times (x 90B)
Class org.jetbrains.kotlin.gradle.plugin.diagnostics.ToolingDiagnosticRenderingOptionsKt$isAttachedToTerminal$1: loaded 2 times (x 74B)
Class io.opentelemetry.api.trace.DefaultTracerProvider                                : loaded 2 times (x 79B)
Class org.gradle.accessors.dm.LibrariesForLibs$KotlinPluginAccessors                  : loaded 2 times (x 74B)
Class org.gradle.tooling.internal.consumer.converters.FixedBuildIdentifierProvider    : loaded 2 times (x 75B)
Class org.gradle.tooling.model.idea.IdeaCompilerOutput                                : loaded 2 times (x 70B)
Class org.jetbrains.kotlin.com.intellij.openapi.diagnostic.Logger$Factory             : loaded 2 times (x 70B)
Class com.amazon.ion.IonDecimal                                                       : loaded 2 times (x 70B)
Class com.android.ide.common.repository.AgpVersion$Companion$WhenMappings             : loaded 2 times (x 71B)
Class io.opentelemetry.context.ArrayBasedContext                                      : loaded 2 times (x 100B)
Class org.gradle.tooling.model.idea.IdeaLanguageLevel                                 : loaded 2 times (x 70B)
Class com.google.common.collect.ImmutableMultimap$2                                   : loaded 2 times (x 81B)
Class com.google.common.reflect.Types$JavaVersion$1                                   : loaded 2 times (x 83B)
Class com.google.common.collect.AbstractIterator$State                                : loaded 2 times (x 79B)
Class org.jetbrains.kotlin.cli.common.messages.MessageCollector$Companion             : loaded 2 times (x 71B)
Class com.google.common.base.Optional                                                 : loaded 2 times (x 80B)
Class io.opentelemetry.api.trace.PropagatedSpan                                       : loaded 2 times (x 112B)
Class com.google.common.collect.AbstractMapBasedMultimap$WrappedList                  : loaded 2 times (x 205B)
Class org.jetbrains.kotlin.metadata.deserialization.MetadataVersion                   : loaded 2 times (x 74B)
Class org.jetbrains.org.objectweb.asm.tree.ModuleNode                                 : loaded 2 times (x 83B)
Class org.gradle.tooling.model.kotlin.dsl.KotlinDslScriptModel                        : loaded 2 times (x 70B)
Class com.google.common.collect.Range                                                 : loaded 2 times (x 86B)
Class kotlin.text.CharsKt                                                             : loaded 2 times (x 71B)
Class org.jetbrains.plugins.gradle.tooling.serialization.ProjectDependenciesSerializationService: loaded 2 times (x 77B)
Class org.jetbrains.plugins.gradle.tooling.serialization.ProjectDependenciesSerializationService$WriteContext: loaded 2 times (x 72B)
Class com.amazon.ion.impl.bin._Private_IonManagedBinaryWriterBuilder$AllocatorMode$1  : loaded 2 times (x 80B)
Class com.amazon.ion.Decimal                                                          : loaded 2 times (x 133B)
Class com.amazon.ion.impl.bin.AbstractSymbolTable                                     : loaded 2 times (x 107B)
Class com.amazon.ion.impl._Private_ReaderWriter                                       : loaded 2 times (x 70B)
Class com.amazon.ion.impl.lite.IonStructLite                                          : loaded 2 times (x 298B)
Class com.intellij.gradle.toolingExtension.impl.util.collectionUtil.GradleCollections : loaded 2 times (x 71B)
Class org.jetbrains.plugins.gradle.tooling.builder.ProjectExtensionsDataBuilderImpl   : loaded 2 times (x 78B)
Class org.jetbrains.kotlin.gradle.plugin.sources.FragmentConsistencyChecker           : loaded 2 times (x 72B)
Class org.jetbrains.kotlin.load.kotlin.header.ReadKotlinClassHeaderAnnotationVisitor  : loaded 2 times (x 80B)
Class kotlin.coroutines.jvm.internal.RestrictedSuspendLambda                          : loaded 2 times (x 91B)
Class com.google.common.collect.CompoundOrdering                                      : loaded 2 times (x 115B)
Class kotlin.reflect.KCallable                                                        : loaded 2 times (x 70B)
Class com.google.common.collect.ImmutableRangeSet$1                                   : loaded 2 times (x 210B)
Class com.android.builder.model.v2.ide.CodeShrinker                                   : loaded 2 times (x 79B)
Class com.android.builder.model.v2.dsl.ProductFlavor                                  : loaded 2 times (x 70B)
Class kotlin.io.FilePathComponents                                                    : loaded 2 times (x 72B)
Class com.amazon.ion.impl.bin.IonRawBinaryWriter$StreamCloseMode                      : loaded 2 times (x 79B)
Class com.amazon.ion.impl._Private_IonBinaryWriterBuilder$Mutable                     : loaded 2 times (x 115B)
Class com.intellij.gradle.toolingExtension.impl.model.projectModel.GradleExternalProjectSerializationService: loaded 2 times (x 77B)
Class com.android.builder.model.v2.ide.ProjectInfo                                    : loaded 2 times (x 70B)
Class kotlin.text.CharsKt__CharKt                                                     : loaded 2 times (x 71B)
Class kotlin.collections.ArrayDeque$Companion                                         : loaded 2 times (x 71B)
Class [Lcom.android.builder.model.v2.ide.TestInfo$Execution;                          : loaded 2 times (x 69B)
Class org.jetbrains.kotlin.com.intellij.openapi.diagnostic.Attachment                 : loaded 2 times (x 72B)
Class com.google.common.reflect.Types$JavaVersion$2                                   : loaded 2 times (x 83B)
Class com.google.common.reflect.Types                                                 : loaded 2 times (x 71B)
Class com.google.common.hash.PrimitiveSink                                            : loaded 2 times (x 70B)
Class org.jetbrains.kotlin.cli.common.arguments.CommonToolArguments                   : loaded 2 times (x 73B)
Class org.jetbrains.plugins.gradle.tooling.serialization.AnnotationProcessingModelSerializationService$WriteContext: loaded 2 times (x 72B)
Class io.opentelemetry.api.trace.TraceFlags                                           : loaded 2 times (x 70B)
Class org.jetbrains.plugins.gradle.model.GradleSourceSetDependencyModel               : loaded 2 times (x 70B)
Class com.amazon.ion.IonSymbol                                                        : loaded 2 times (x 70B)
Class com.amazon.ion.impl.bin.utf8.Poolable                                           : loaded 2 times (x 79B)
Class org.jetbrains.kotlin.gradle.plugin.mpp.HasBinaries                              : loaded 2 times (x 70B)
Class io.opentelemetry.api.trace.DefaultTracer$NoopSpanBuilder                        : loaded 2 times (x 91B)
Class io.opentelemetry.api.trace.SpanContext                                          : loaded 2 times (x 70B)
Class com.google.common.collect.Sets$ImprovedAbstractSet                              : loaded 2 times (x 135B)
Class com.google.common.collect.MapMakerInternalMap$AbstractStrongKeyEntry            : loaded 2 times (x 80B)
Class com.google.common.collect.AbstractSetMultimap                                   : loaded 2 times (x 174B)
Class org.jetbrains.kotlin.buildtools.api.SharedApiClassesClassLoader                 : loaded 2 times (x 71B)
Class com.google.common.reflect.TypeToken$SimpleTypeToken                             : loaded 2 times (x 73B)
Class kotlin.io.CloseableKt                                                           : loaded 2 times (x 71B)
Class org.jetbrains.kotlin.incremental.classpathDiff.ClasspathEntrySnapshot           : loaded 2 times (x 72B)
Class com.amazon.ion.IonString                                                        : loaded 2 times (x 70B)
Class com.google.gson.internal.reflect.ReflectionHelper$RecordNotSupportedHelper      : loaded 2 times (x 78B)
Class com.android.builder.model.v2.ide.BytecodeTransformation                         : loaded 2 times (x 79B)
Class com.amazon.ion.facet.Faceted                                                    : loaded 2 times (x 70B)
Class org.jetbrains.plugins.gradle.tooling.serialization.ToolingStreamApiUtils        : loaded 2 times (x 71B)
Class com.amazon.ion.system.IonWriterBuilder                                          : loaded 2 times (x 74B)
Class com.amazon.ion.IonBufferConfiguration$OversizedSymbolTableHandler               : loaded 2 times (x 70B)
Class com.amazon.ion.impl.lite.IonContainerLite                                       : loaded 2 times (x 248B)
Class com.google.common.collect.HashBiMap$BiEntry                                     : loaded 2 times (x 83B)
Class org.jetbrains.kotlin.incremental.classpathDiff.impl.KotlinClassHeaderClassVisitor: loaded 2 times (x 88B)
Class [Lkotlin.Function;                                                              : loaded 2 times (x 69B)
Class org.jetbrains.kotlin.incremental.impl.UtilsKt                                   : loaded 2 times (x 71B)
Class jdk.internal.jimage.ImageReader$Directory                                       : loaded 2 times (x 84B)
Class com.android.ide.gradle.model.builder.LegacyAndroidGradlePluginPropertiesModelBuilder$Companion: loaded 2 times (x 71B)
Class com.amazon.ion.impl.bin.IonRawBinaryWriter$PatchPoint                           : loaded 2 times (x 73B)
Class com.amazon.ion.IonBlob                                                          : loaded 2 times (x 70B)
Class com.amazon.ion.IonLob                                                           : loaded 2 times (x 70B)
Class com.amazon.ion.IonSequence                                                      : loaded 2 times (x 70B)
Class org.jetbrains.plugins.gradle.tooling.serialization.ExternalTestsSerializationService: loaded 2 times (x 77B)
Class com.android.builder.model.v2.dsl.DependenciesInfo                               : loaded 2 times (x 70B)
Class org.jetbrains.kotlin.load.kotlin.FileBasedKotlinClass                           : loaded 2 times (x 88B)
Class com.google.common.collect.ByFunctionOrdering                                    : loaded 2 times (x 115B)
Class org.jetbrains.kotlin.buildtools.internal.ClasspathEntrySnapshotImpl             : loaded 2 times (x 76B)
Class kotlin.coroutines.EmptyCoroutineContext                                         : loaded 2 times (x 77B)
Class org.jetbrains.kotlin.incremental.classpathDiff.RegularKotlinClassSnapshot       : loaded 2 times (x 76B)
Class org.jetbrains.kotlin.incremental.impl.ClassNodeSnapshotter                      : loaded 2 times (x 71B)
Class kotlin.LazyKt                                                                   : loaded 2 times (x 71B)
Class com.google.common.reflect.Types$JavaVersion$3                                   : loaded 2 times (x 83B)
Class com.google.common.collect.ImmutableSetMultimap                                  : loaded 2 times (x 180B)
Class com.google.common.io.CharSink                                                   : loaded 2 times (x 79B)
Class com.google.common.reflect.Types$ClassOwnership$1LocalClass                      : loaded 2 times (x 71B)
Class kotlin.sequences.TransformingSequence$iterator$1                                : loaded 2 times (x 79B)
Class com.android.ide.gradle.model.GradlePropertiesModel                              : loaded 2 times (x 70B)
Class com.amazon.ion.impl.bin._Private_IonManagedWriter                               : loaded 2 times (x 70B)
Class com.amazon.ion.impl.bin.Symbols$2                                               : loaded 2 times (x 107B)
Class com.amazon.ion.impl.IonWriterSystem                                             : loaded 2 times (x 171B)
Class jdk.internal.jrtfs.JrtFileSystemProvider                                        : loaded 2 times (x 101B)
Class com.intellij.gradle.toolingExtension.impl.util.GradleExecutorServiceUtil        : loaded 2 times (x 71B)
Class com.google.common.collect.Maps$EntryFunction                                    : loaded 2 times (x 91B)
Class org.gradle.internal.classloader.ClasspathUtil                                   : loaded 2 times (x 71B)
Class org.gradle.internal.service.ServiceLocator                                      : loaded 2 times (x 70B)
Class com.google.common.base.Splitter$5                                               : loaded 2 times (x 80B)
Class [Lorg.jetbrains.kotlin.com.intellij.openapi.diagnostic.LogLevel;                : loaded 2 times (x 69B)
Class kotlin.Result                                                                   : loaded 2 times (x 72B)
Class com.android.builder.model.v2.ide.TestInfo$Execution                             : loaded 2 times (x 79B)
Class com.google.gson.internal.Primitives                                             : loaded 2 times (x 71B)
Class org.gradle.tooling.internal.consumer.converters.GradleProjectIdentifierMixin    : loaded 2 times (x 73B)
Class com.intellij.util.ReflectionUtilRt                                              : loaded 2 times (x 71B)
Class org.gradle.tooling.internal.consumer.connection.ParameterAwareBuildControllerAdapter: loaded 2 times (x 101B)
Class io.opentelemetry.context.propagation.DefaultContextPropagators                  : loaded 2 times (x 75B)
Class io.opentelemetry.context.ContextStorageWrappers                                 : loaded 2 times (x 71B)
Class com.google.common.collect.BaseImmutableMultimap                                 : loaded 2 times (x 123B)
Class org.jetbrains.kotlin.idea.gradleTooling.model.parcelize.ParcelizeModelBuilderService: loaded 2 times (x 81B)
Class JetGradlePlugin                                                                 : loaded 2 times (x 96B)
Class com.google.gson.internal.reflect.ReflectionHelper$RecordSupportedHelper         : loaded 2 times (x 78B)
Class com.amazon.ion.system.IonTextWriterBuilder                                      : loaded 2 times (x 98B)
Class com.amazon.ion.impl.bin.IonManagedBinaryWriter$ImportedSymbolResolverMode$1$1$1 : loaded 2 times (x 76B)
Class com.amazon.ion.impl._Private_LocalSymbolTableFactory                            : loaded 2 times (x 70B)
Class org.jetbrains.plugins.gradle.tooling.serialization.AnnotationProcessingModelSerializationService: loaded 2 times (x 77B)
Class org.jetbrains.kotlin.idea.gradleTooling.KotlinMPPGradleModel$Companion          : loaded 2 times (x 71B)
Class com.google.common.collect.RangeGwtSerializationDependencies                     : loaded 2 times (x 71B)
Class com.android.builder.model.v2.models.ProjectGraph                                : loaded 2 times (x 70B)
Class org.jetbrains.kotlin.gradle.utils.StringUtilsKt$lowerCamelCaseName$1            : loaded 2 times (x 125B)
Class org.jetbrains.kotlin.incremental.classpathDiff.JavaClassSnapshot                : loaded 2 times (x 75B)
Class org.jetbrains.org.objectweb.asm.RecordComponentWriter                           : loaded 2 times (x 78B)
Class com.google.common.reflect.Types$JavaVersion$4                                   : loaded 2 times (x 83B)
Class org.jetbrains.kotlin.cli.common.messages.MessageCollector$Companion$NONE$1      : loaded 2 times (x 76B)
Class com.google.common.collect.MapMakerInternalMap$InternalEntryHelper               : loaded 2 times (x 70B)
Class com.google.common.collect.Maps$IteratorBasedAbstractMap                         : loaded 2 times (x 125B)
Class com.google.common.collect.Table                                                 : loaded 2 times (x 70B)
Class com.google.common.reflect.TypeResolver$TypeVariableKey                          : loaded 2 times (x 72B)
Class org.gradle.tooling.internal.consumer.versioning.VersionDetails$R28VersionDetails: loaded 2 times (x 80B)
Class [Lcom.android.ide.gradle.model.builder.LegacyAndroidGradlePluginPropertiesModelBuilder$PluginType;: loaded 2 times (x 69B)
Class [Lorg.jetbrains.kotlin.gradle.plugin.sources.android.AndroidVariantType;        : loaded 2 times (x 69B)
Class com.google.common.collect.EmptyImmutableListMultimap                            : loaded 2 times (x 176B)
Class com.intellij.gradle.toolingExtension.impl.model.sourceSetDependencyModel.GradleSourceSetDependencyModelBuilder: loaded 2 times (x 86B)
Class ijJvmDebugger1_574hue39iibyef1jkgoksxxat$_run_closure1$_closure2$_closure4      : loaded 2 times (x 139B)
Class com.intellij.gradle.toolingExtension.impl.model.sourceSetModel.GradleSourceSetSerialisationService: loaded 2 times (x 77B)
Class com.amazon.ion.impl._Private_IonTextWriterBuilder$Mutable                       : loaded 2 times (x 102B)
Class com.amazon.ion.impl.bin.IonRawBinaryWriter$ContainerType                        : loaded 2 times (x 79B)
Class com.intellij.gradle.toolingExtension.impl.model.sourceSetModel.GradleSourceSetModelBuilder: loaded 2 times (x 86B)
Class org.jetbrains.kotlin.idea.gradleTooling.model.samWithReceiver.SamWithReceiverModelBuilderService: loaded 2 times (x 85B)
Class jdk.internal.jrtfs.SystemImage$2                                                : loaded 2 times (x 76B)
Class sync_studio_tooling7_5l6ropd7hcki8vudvw4mg53u0$_run_closure1                    : loaded 2 times (x 139B)
Class org.gradle.tooling.internal.consumer.converters.IdeaProjectJavaLanguageSettingsMixin: loaded 2 times (x 73B)
Class org.jetbrains.kotlin.com.google.common.base.Preconditions                       : loaded 2 times (x 71B)
Class org.jetbrains.kotlin.buildtools.api.jvm.ClasspathEntrySnapshot                  : loaded 2 times (x 70B)
Class com.google.common.collect.Maps$IteratorBasedAbstractMap$1                       : loaded 2 times (x 138B)
Class com.google.common.reflect.Types$ParameterizedTypeImpl                           : loaded 2 times (x 81B)
Class com.google.common.collect.ImmutableListMultimap                                 : loaded 2 times (x 176B)
Class org.jetbrains.kotlin.resolve.jvm.JvmClassName                                   : loaded 2 times (x 76B)
Class [Lorg.jetbrains.org.objectweb.asm.SymbolTable$Entry;                            : loaded 2 times (x 69B)
Class kotlin.jvm.internal.FunctionBase                                                : loaded 2 times (x 70B)
Class [Lkotlin.coroutines.intrinsics.CoroutineSingletons;                             : loaded 2 times (x 69B)
Class kotlin.jvm.internal.FunctionReference                                           : loaded 2 times (x 122B)
Class com.google.common.collect.ImmutableRangeSet$AsSet                               : loaded 2 times (x 300B)
Class com.amazon.ion.IonValue                                                         : loaded 2 times (x 70B)
Class jdk.internal.jrtfs.SystemImage$1                                                : loaded 2 times (x 78B)
Class sync_studio_tooling8_713e0gk6j3o4a7ulh1tkhho1$_run_closure1                     : loaded 2 times (x 139B)
Class com.android.builder.model.v2.ide.ComponentInfo                                  : loaded 2 times (x 70B)
Class org.jetbrains.kotlin.gradle.plugin.sources.FragmentConsistencyChecks$optInAnnotationsCheck$2: loaded 2 times (x 78B)
Class org.jetbrains.kotlin.idea.gradleTooling.OrphanSourceSetImportingChecker         : loaded 2 times (x 74B)
Class com.amazon.ion.impl.lite.IonNullLite                                            : loaded 2 times (x 175B)
Class [Lcom.intellij.openapi.externalSystem.model.project.dependencies.ResolutionState;: loaded 2 times (x 69B)
Class gnu.trove.TObjectIntHashMap                                                     : loaded 2 times (x 109B)
Class org.jetbrains.kotlin.metadata.jvm.deserialization.JvmMemberSignature            : loaded 2 times (x 74B)
Class com.google.common.collect.RangeSet                                              : loaded 2 times (x 70B)
Class kotlin.jvm.internal.CallableReference$NoReceiver                                : loaded 2 times (x 71B)
Class org.jetbrains.org.objectweb.asm.MethodWriter                                    : loaded 2 times (x 106B)
Class com.google.common.reflect.Types$JavaVersion$5                                   : loaded 2 times (x 71B)
Class [Lcom.google.common.reflect.Types$ClassOwnership;                               : loaded 2 times (x 69B)
Class org.gradle.api.internal.classpath.GlobalCacheRootsProvider                      : loaded 2 times (x 70B)
Class org.jetbrains.kotlin.load.kotlin.header.KotlinClassHeader$Kind                  : loaded 2 times (x 79B)
Class io.opentelemetry.context.propagation.ContextPropagators                         : loaded 2 times (x 70B)
Class org.jetbrains.kotlin.load.kotlin.KotlinJvmBinaryClass$AnnotationArgumentVisitor : loaded 2 times (x 70B)
Class com.android.buildanalyzer.common.TaskCategory                                   : loaded 2 times (x 80B)
Class com.android.tools.idea.gradle.project.sync.SelectedVariants                     : loaded 2 times (x 72B)
Class org.gradle.internal.classloader.InstrumentingClassLoader                        : loaded 2 times (x 70B)
Class org.jetbrains.kotlin.gradle.targets.js.dsl.KotlinWasmWasiTargetDsl              : loaded 2 times (x 70B)
Class org.gradle.internal.classpath.TransformedClassPath                              : loaded 2 times (x 96B)
Class com.google.common.collect.MapMaker$Dummy                                        : loaded 2 times (x 79B)
Class com.google.common.reflect.Invokable                                             : loaded 2 times (x 103B)
Class kotlin._Assertions                                                              : loaded 2 times (x 71B)
Class kotlin.text.Regex$Companion                                                     : loaded 2 times (x 71B)
Class jdk.internal.jimage.ImageReader$LinkNode                                        : loaded 2 times (x 84B)
Class com.android.ide.gradle.model.artifacts.builder.AdditionalClassifierArtifactsModelBuilder: loaded 2 times (x 79B)
Class org.jetbrains.kotlin.gradle.plugin.sources.FragmentConsistencyChecks$optInAnnotationsCheck$1: loaded 2 times (x 79B)
Class [Lorg.gradle.tooling.internal.adapter.MethodInvoker;                            : loaded 2 times (x 69B)
Class com.google.common.base.Splitter$1                                               : loaded 2 times (x 77B)
Class com.google.common.collect.TransformedIterator                                   : loaded 2 times (x 80B)
Class com.google.common.collect.Interner                                              : loaded 2 times (x 70B)
Class com.google.common.collect.Interners$InternerImpl                                : loaded 2 times (x 75B)
Class com.google.common.io.ByteStreams                                                : loaded 2 times (x 71B)
Class [Lcom.google.common.collect.Maps$EntryFunction;                                 : loaded 2 times (x 69B)
Class io.opentelemetry.context.propagation.TextMapGetter                              : loaded 2 times (x 70B)
Class org.jetbrains.kotlin.gradle.plugin.diagnostics.KotlinToolingDiagnosticsCollectorKt$kotlinToolingDiagnosticsCollectorProvider$1: loaded 2 times (x 75B)
Class org.jetbrains.kotlin.idea.gradleTooling.model.lombok.LombokModelBuilderService  : loaded 2 times (x 87B)
Class org.jetbrains.kotlin.gradle.plugin.diagnostics.KotlinToolingDiagnosticsCollector$Parameter: loaded 2 times (x 70B)
Class JetGradlePlugin$_apply_closure1                                                 : loaded 2 times (x 140B)
Class com.amazon.ion.impl.lite.IonClobLite                                            : loaded 2 times (x 220B)
Class com.amazon.ion.impl._Private_ValueFactory                                       : loaded 2 times (x 70B)
Class com.amazon.ion.impl.bin.IonRawBinaryWriter$PreallocationMode$1                  : loaded 2 times (x 82B)
Class [Lcom.amazon.ion.impl.bin._Private_IonManagedBinaryWriterBuilder$AllocatorMode; : loaded 2 times (x 69B)
Class org.jetbrains.kotlin.incremental.storage.FqNameExternalizer                     : loaded 2 times (x 75B)
Class kotlin.Lazy                                                                     : loaded 2 times (x 70B)
Class org.gradle.tooling.internal.consumer.converters.EclipseExternalDependencyUnresolvedMixin: loaded 2 times (x 73B)
Class org.gradle.tooling.model.BuildableElement                                       : loaded 2 times (x 70B)
Class org.gradle.tooling.model.HasGradleProject                                       : loaded 2 times (x 70B)
Class org.gradle.tooling.internal.consumer.versioning.VersionDetails$R44VersionDetails: loaded 2 times (x 80B)
Class org.jetbrains.kotlin.idea.projectModel.KotlinPlatform                           : loaded 2 times (x 79B)
Class com.intellij.gradle.toolingExtension.modelAction.GradleProjectLoadedModelFetchPhase: loaded 2 times (x 81B)
Class com.google.common.collect.AllEqualOrdering                                      : loaded 2 times (x 114B)
Class org.jetbrains.kotlin.gradle.plugin.diagnostics.IsAttachedToTerminalValueSource  : loaded 2 times (x 80B)
Class org.jetbrains.kotlin.gradle.plugin.sources.FragmentConsistencyChecks            : loaded 2 times (x 72B)
Class com.android.builder.model.v2.ide.AbstractArtifact                               : loaded 2 times (x 70B)
Class com.android.tools.idea.gradle.project.sync.SyncActionOptions                    : loaded 2 times (x 72B)
Class com.intellij.openapi.externalSystem.model.project.dependencies.ResolutionState  : loaded 2 times (x 79B)
Class com.amazon.ion.impl._Private_ByteTransferSink                                   : loaded 2 times (x 70B)
Class com.amazon.ion.impl.bin.IonManagedBinaryWriter$ImportedSymbolResolverMode$1$1   : loaded 2 times (x 78B)
Class com.amazon.ion.impl._Private_RecyclingStack$ElementFactory                      : loaded 2 times (x 70B)
Class com.amazon.ion.IonDatagram                                                      : loaded 2 times (x 70B)
Class io.opentelemetry.context.propagation.TextMapPropagator                          : loaded 2 times (x 70B)
Class org.gradle.toolchains.foojay.FoojayToolchainsPlugin$Inject_                     : loaded 2 times (x 107B)
Class org.jetbrains.kotlin.cli.common.messages.CompilerMessageSeverity                : loaded 2 times (x 79B)
Class com.google.common.collect.Collections2$FilteredCollection                       : loaded 2 times (x 119B)
Class com.google.common.reflect.Types$ClassOwnership$3                                : loaded 2 times (x 71B)
Class org.jetbrains.kotlin.incremental.storage.ExternalizersKt                        : loaded 2 times (x 71B)
Class org.gradle.api.JavaVersion                                                      : loaded 2 times (x 79B)
Class org.jetbrains.plugins.gradle.tooling.serialization.GradleExtensionsSerializationService: loaded 2 times (x 77B)
Class com.amazon.ion.impl.bin.PooledBlockAllocatorProvider$PooledBlockAllocator       : loaded 2 times (x 81B)
Class com.amazon.ion.IonTimestamp                                                     : loaded 2 times (x 70B)
Class org.jetbrains.plugins.gradle.tooling.builder.DependencyAccessorsModelBuilder    : loaded 2 times (x 81B)
Class org.jetbrains.kotlin.gradle.plugin.LanguageSettingsBuilder                      : loaded 2 times (x 70B)
Class org.jetbrains.kotlin.idea.gradleTooling.IdeaKotlinDependenciesContainer         : loaded 2 times (x 70B)
Class org.jetbrains.plugins.gradle.tooling.AbstractModelBuilderService                : loaded 2 times (x 86B)
Class com.intellij.gradle.toolingExtension.impl.util.GradleExecutorServiceUtil$SimpleThreadFactory: loaded 2 times (x 75B)
Class com.intellij.platform.diagnostic.telemetry.rt.context.TelemetryContextGetter    : loaded 2 times (x 75B)
Class sync_studio_tooling4_5ngkr0phlae2ao4a5wafhak5w$_run_closure1                    : loaded 2 times (x 139B)
Class com.amazon.ion.IonInt                                                           : loaded 2 times (x 70B)
Class com.amazon.ion.impl.bin.IonRawBinaryWriter$PreallocationMode$2                  : loaded 2 times (x 82B)
Class com.android.builder.model.v2.ide.VectorDrawablesOptions                         : loaded 2 times (x 70B)
Class org.jetbrains.kotlin.incremental.storage.ClassIdExternalizer                    : loaded 2 times (x 75B)
Class [Lkotlin.jvm.functions.Function1;                                               : loaded 2 times (x 69B)
Class org.jetbrains.org.objectweb.asm.RecordComponentVisitor                          : loaded 2 times (x 77B)
Class com.google.common.collect.CollectSpliterators$1                                 : loaded 2 times (x 90B)
Class com.google.common.collect.SetMultimap                                           : loaded 2 times (x 70B)
Class org.gradle.tooling.model.build.BuildEnvironment                                 : loaded 2 times (x 70B)
Class com.intellij.gradle.toolingExtension.impl.model.sourceSetModel.GradleSourceSetModelProvider: loaded 2 times (x 79B)
Class com.google.common.collect.MapMakerInternalMap$StrongValueEntry                  : loaded 2 times (x 70B)
Class org.jetbrains.kotlin.gradle.utils.ConfigurationsKt$maybeCreateDependencyScope$1 : loaded 2 times (x 78B)
Class org.jetbrains.kotlin.gradle.plugin.sources.FragmentConsistencyChecks$languageVersionCheck$1: loaded 2 times (x 79B)
Class com.google.common.io.ByteArrayDataInput                                         : loaded 2 times (x 70B)
Class [Lorg.jetbrains.kotlin.gradle.plugin.diagnostics.ToolingDiagnostic$Severity;    : loaded 2 times (x 69B)
Class com.google.common.reflect.TypeResolver                                          : loaded 2 times (x 72B)
Class com.google.common.reflect.Types$ClassOwnership$2                                : loaded 2 times (x 80B)
Class [Lorg.jetbrains.org.objectweb.asm.Attribute;                                    : loaded 2 times (x 69B)
Class org.jetbrains.kotlin.idea.gradleTooling.model.kapt.KaptGradleModel              : loaded 2 times (x 70B)
Class com.intellij.openapi.externalSystem.model.project.dependencies.UnknownDependencyNode: loaded 2 times (x 87B)
Class com.google.common.collect.MapMakerInternalMap$StrongKeyDummyValueEntry          : loaded 2 times (x 82B)
Class com.google.common.reflect.Invokable$MethodInvokable                             : loaded 2 times (x 107B)
Class org.gradle.internal.service.UnknownServiceException                             : loaded 2 times (x 83B)
Class com.google.common.base.AbstractIterator$State                                   : loaded 2 times (x 79B)
Class com.google.common.collect.MapMakerInternalMap$Strength$2                        : loaded 2 times (x 80B)
Class org.jetbrains.kotlin.cli.common.CompilerSystemProperties                        : loaded 2 times (x 80B)
Class com.google.common.reflect.Types$ClassOwnership$1                                : loaded 2 times (x 80B)
Class kotlin.collections.CollectionsKt___CollectionsKt$asSequence$$inlined$Sequence$1 : loaded 2 times (x 75B)
Class com.amazon.ion.impl.lite.IonBoolLite                                            : loaded 2 times (x 178B)
Class jdk.internal.jrtfs.SystemImage                                                  : loaded 2 times (x 74B)
Class com.android.ide.gradle.model.builder.LegacyV1AgpVersionModelBuilder             : loaded 2 times (x 75B)
Class org.jetbrains.kotlin.idea.gradleTooling.AbstractKotlinGradleModelBuilder$Companion: loaded 2 times (x 71B)
Class com.google.gson.internal.ReflectionAccessFilterHelper                           : loaded 2 times (x 71B)
Class com.google.gson.internal.reflect.ReflectionHelper$RecordHelper                  : loaded 2 times (x 75B)
Class com.amazon.ion.impl.bin.IonRawBinaryWriter$PreallocationMode$3                  : loaded 2 times (x 82B)
Class com.android.ide.gradle.model.GradlePluginModel                                  : loaded 2 times (x 70B)
Class com.android.builder.model.v2.ide.Edge                                           : loaded 2 times (x 70B)
Class com.google.common.collect.ReverseOrdering                                       : loaded 2 times (x 115B)
Class com.android.builder.model.v2.models.VariantDependenciesFlatList                 : loaded 2 times (x 70B)
Class org.gradle.tooling.model.build.JavaEnvironment                                  : loaded 2 times (x 70B)
Class org.jetbrains.kotlin.incremental.storage.NullableValueExternalizer              : loaded 2 times (x 76B)
Class org.jetbrains.org.objectweb.asm.Context                                         : loaded 2 times (x 72B)
Class kotlin.sequences.ConstrainedOnceSequence                                        : loaded 2 times (x 75B)
Class com.google.common.io.ByteStreams$1                                              : loaded 2 times (x 85B)
Class com.android.tools.idea.gradle.project.sync.ModelProviderCachedData              : loaded 2 times (x 72B)
Class com.android.tools.idea.gradle.project.sync.SyncTestMode                         : loaded 2 times (x 79B)
Class org.gradle.internal.impldep.com.google.common.base.Present                      : loaded 2 times (x 81B)
Class org.gradle.tooling.internal.consumer.connection.HasCompatibilityMapping         : loaded 2 times (x 73B)
Class com.google.common.collect.AbstractMapBasedMultimap$AsMap                        : loaded 2 times (x 128B)
Class org.gradle.toolchains.foojay.FoojayToolchainsConventionPlugin$Inject_           : loaded 2 times (x 107B)
Class org.gradle.tooling.internal.consumer.connection.InternalBuildActionAdapter      : loaded 2 times (x 80B)
Class org.gradle.api.internal.ClassPathProvider                                       : loaded 2 times (x 70B)
Class org.jetbrains.kotlin.gradle.targets.js.dsl.KotlinWasmJsTargetDsl                : loaded 2 times (x 70B)
Class org.jetbrains.kotlin.gradle.plugin.diagnostics.ToolingDiagnosticRenderingOptionsKt$WhenMappings: loaded 2 times (x 71B)
Class org.jetbrains.kotlin.gradle.plugin.sources.DefaultLanguageSettingsBuilder       : loaded 2 times (x 100B)
Class org.jetbrains.kotlin.gradle.plugin.sources.FragmentConsistencyChecks$languageVersionCheck$2: loaded 2 times (x 78B)
Class [Lorg.gradle.api.internal.ClassPathProvider;                                    : loaded 2 times (x 69B)
Class com.google.common.collect.Maps$ViewCachingAbstractMap                           : loaded 2 times (x 125B)
Class com.google.common.collect.MapMakerInternalMap$Strength$1                        : loaded 2 times (x 80B)
Class [Lcom.google.common.base.Function;                                              : loaded 2 times (x 69B)
Class org.jetbrains.kotlin.incremental.classpathDiff.impl.ClassListSnapshotter        : loaded 2 times (x 70B)
Class org.gradle.tooling.ToolingModelContract                                         : loaded 2 times (x 70B)
Class com.google.common.collect.CollectSpliterators                                   : loaded 2 times (x 71B)
Class kotlin.sequences.SequenceScope                                                  : loaded 2 times (x 73B)
Class com.android.builder.model.v2.models.BasicAndroidProject                         : loaded 2 times (x 70B)
Class kotlin.text.MatchResult                                                         : loaded 2 times (x 70B)
Class com.google.common.collect.NaturalOrdering                                       : loaded 2 times (x 115B)
Class com.google.common.io.LineReader$1                                               : loaded 2 times (x 75B)
Class com.amazon.ion.SymbolToken                                                      : loaded 2 times (x 70B)
Class com.amazon.ion.impl.bin.IonRawBinaryWriter                                      : loaded 2 times (x 169B)
Class com.amazon.ion.impl.SharedSymbolTable                                           : loaded 2 times (x 93B)
Class com.amazon.ion.impl._Private_RecyclingStack$$Iterator                           : loaded 2 times (x 99B)
Class com.intellij.gradle.toolingExtension.impl.initScript.util.GradleTasksUtil       : loaded 2 times (x 71B)
Class kotlin.SynchronizedLazyImpl                                                     : loaded 2 times (x 76B)
Class com.intellij.gradle.toolingExtension.impl.model.utilTurnOffDefaultTasksModel.TurnOffDefaultTasksModelBuilder: loaded 2 times (x 86B)
Class sync_studio_tooling7_5l6ropd7hcki8vudvw4mg53u0                                  : loaded 2 times (x 171B)
Class org.jetbrains.plugins.gradle.model.GradleExtension                              : loaded 2 times (x 70B)
Class com.google.gson.internal.bind.ReflectiveTypeAdapterFactory$FieldsData           : loaded 2 times (x 72B)
Class com.amazon.ion.impl.lite.IonDecimalLite                                         : loaded 2 times (x 188B)
Class com.amazon.ion.IonBufferConfiguration$Builder                                   : loaded 2 times (x 78B)
Class com.android.builder.model.v2.ide.SourceSetContainer                             : loaded 2 times (x 70B)
Class com.google.common.collect.HashMultimap                                          : loaded 2 times (x 174B)
Class org.gradle.internal.installation.CurrentGradleInstallationLocator               : loaded 2 times (x 71B)
Class org.gradle.tooling.internal.adapter.ProtocolToModelAdapter$ChainedMethodInvoker : loaded 2 times (x 76B)
Class org.jetbrains.kotlin.incremental.classpathDiff.impl.BasicClassInfoClassVisitor  : loaded 2 times (x 88B)
Class kotlin.collections.EmptyIterator                                                : loaded 2 times (x 89B)
Class com.amazon.ion.impl.lite.IonTimestampLite                                       : loaded 2 times (x 192B)
Class org.jetbrains.kotlin.idea.gradleTooling.KotlinMPPGradleModelBuilder             : loaded 2 times (x 86B)
Class org.gradle.api.internal.DefaultClassPathProvider                                : loaded 2 times (x 76B)
Class org.jetbrains.kotlin.buildtools.api.jvm.ClassSnapshotGranularity                : loaded 2 times (x 79B)
Class com.google.common.base.Splitter                                                 : loaded 2 times (x 72B)
Class com.google.common.collect.Iterators$EmptyModifiableIterator                     : loaded 2 times (x 86B)
Class com.google.common.collect.ImmutableSet$SerializedForm                           : loaded 2 times (x 73B)
Class org.jetbrains.kotlin.incremental.classpathDiff.impl.ClassFile                   : loaded 2 times (x 72B)
Class com.google.common.collect.ComparatorOrdering                                    : loaded 2 times (x 115B)
Class com.google.common.collect.Iterators$PeekingImpl                                 : loaded 2 times (x 89B)
Class com.intellij.gradle.toolingExtension.impl.model.buildScriptClasspathModel.GradleBuildScriptClasspathSerializationService$ReadContext: loaded 2 times (x 72B)
Class com.amazon.ion.impl._Private_IonContainer                                       : loaded 2 times (x 70B)
Class com.amazon.ion.impl._Private_RecyclingQueue$ElementFactory                      : loaded 2 times (x 70B)
Class com.amazon.ion.impl.LocalSymbolTableAsStruct                                    : loaded 2 times (x 126B)
Class sync_studio_tooling1160_brusi90lqybbphs6luqaei1k0$_run_closure1                 : loaded 2 times (x 139B)
Class org.gradle.tooling.internal.consumer.converters.ConsumerTargetTypeProvider      : loaded 2 times (x 76B)
Class org.jetbrains.kotlin.buildtools.api.internal.KotlinCompilerVersion$Maturity     : loaded 2 times (x 79B)
Class [Lorg.jetbrains.kotlin.buildtools.api.internal.KotlinCompilerVersion$Maturity;  : loaded 2 times (x 69B)
Class org.jetbrains.kotlin.incremental.classpathDiff.impl.SingleClassSnapshotter      : loaded 2 times (x 71B)
Class com.android.builder.model.v2.models.AndroidDsl                                  : loaded 2 times (x 70B)
Class com.google.common.collect.ImmutableRangeSet                                     : loaded 2 times (x 115B)
Class com.intellij.gradle.toolingExtension.impl.model.buildScriptClasspathModel.GradleBuildScriptClasspathModelBuilder: loaded 2 times (x 86B)
Class com.amazon.ion.IonWriter                                                        : loaded 2 times (x 70B)
Class com.amazon.ion.impl.bin._Private_IonRawWriter                                   : loaded 2 times (x 70B)
Class [Lcom.amazon.ion.impl.bin.IonRawBinaryWriter$ContainerType;                     : loaded 2 times (x 69B)
Class com.android.builder.model.v2.ide.LintOptions                                    : loaded 2 times (x 70B)
Class org.jetbrains.kotlin.com.intellij.openapi.util.ThreadLocalCachedValue           : loaded 2 times (x 75B)
Class org.jetbrains.kotlin.incremental.classpathDiff.ClasspathEntrySnapshotter        : loaded 2 times (x 71B)
Class com.google.common.collect.ImmutableMultimap$Builder                             : loaded 2 times (x 86B)
Class org.jetbrains.kotlin.cli.common.messages.CompilerMessageSeverity$Companion      : loaded 2 times (x 71B)
Class com.google.common.collect.Maps$KeySet                                           : loaded 2 times (x 137B)
Class org.gradle.internal.service.DefaultServiceLocator                               : loaded 2 times (x 83B)
Class org.gradle.toolchains.foojay.FoojayToolchainsConventionPlugin$apply$1$1$1       : loaded 2 times (x 74B)
Class io.opentelemetry.api.trace.SpanContextKey                                       : loaded 2 times (x 71B)
Class com.android.tools.idea.gradle.project.sync.AdditionalClassifierArtifactsActionOptions: loaded 2 times (x 72B)
Class jdk.internal.jimage.decompressor.ResourceDecompressorRepository                 : loaded 2 times (x 71B)
Class com.amazon.ion.impl.lite.IonIntLite                                             : loaded 2 times (x 189B)
Class com.amazon.ion.impl.bin.IonRawBinaryWriter$PreallocationMode                    : loaded 2 times (x 82B)
Class com.amazon.ion.util.InputStreamInterceptor                                      : loaded 2 times (x 70B)
Class com.amazon.ion.impl.lite.IonSystemLite                                          : loaded 2 times (x 275B)
Class com.intellij.openapi.externalSystem.model.project.dependencies.DependencyNode   : loaded 2 times (x 70B)
Class org.jetbrains.kotlin.gradle.plugin.diagnostics.ToolingDiagnostic                : loaded 2 times (x 72B)
Class org.jetbrains.kotlin.gradle.tasks.TasksProviderKt                               : loaded 2 times (x 71B)
Class com.intellij.gradle.toolingExtension.modelAction.GradleModelFetchPhase$BuildFinished: loaded 2 times (x 70B)
Class org.jetbrains.kotlin.idea.projectModel.KotlinTarget$Companion                   : loaded 2 times (x 71B)
Class com.amazon.ion.impl._Private_IonReaderBuilder$TwoElementInputStream             : loaded 2 times (x 92B)
Class org.gradle.tooling.internal.adapter.ProtocolToModelAdapter$ClassMixInMethodInvoker: loaded 2 times (x 76B)
Class org.gradle.toolchains.foojay.FoojayToolchainResolver                            : loaded 2 times (x 80B)
Class org.gradle.api.internal.classpath.EffectiveClassPath                            : loaded 2 times (x 90B)
Class org.jetbrains.org.objectweb.asm.ClassReader                                     : loaded 2 times (x 92B)
Class org.jetbrains.kotlin.com.intellij.util.io.IOUtil                                : loaded 2 times (x 71B)
Class kotlin.sequences.SequencesKt___SequencesKt$flatMap$2                            : loaded 2 times (x 125B)
Class com.google.common.collect.Ordering                                              : loaded 2 times (x 114B)
Class org.jetbrains.plugins.gradle.tooling.serialization.internal.IdeaProjectSerializationService: loaded 2 times (x 77B)
Class org.jetbrains.kotlin.idea.projectModel.KotlinTaskProperties                     : loaded 2 times (x 70B)
Class com.android.ide.gradle.model.builder.GradlePluginModelBuilder                   : loaded 2 times (x 75B)
Class sync_studio_tooling8_713e0gk6j3o4a7ulh1tkhho1                                   : loaded 2 times (x 171B)
Class [Lorg.jetbrains.kotlin.gradle.plugin.KotlinCompilation;                         : loaded 2 times (x 69B)
Class sync_studio_tooling6_58phpt71w8yo7sew5issd7obk$_run_closure1                    : loaded 2 times (x 139B)
Class com.android.ide.gradle.model.dependencies.DeclaredDependenciesModelBuilder      : loaded 2 times (x 75B)
Class jdk.internal.jrtfs.JrtDirectoryStream                                           : loaded 2 times (x 89B)
Class org.jetbrains.plugins.gradle.tooling.builder.ScalaModelBuilderImpl              : loaded 2 times (x 81B)
Class org.jetbrains.plugins.gradle.tooling.ModelBuilderContext                        : loaded 2 times (x 70B)
Class com.amazon.ion.impl.bin.utf8.Utf8StringEncoder$Result                           : loaded 2 times (x 74B)
Class com.amazon.ion.impl.bin.utf8.Pool$Allocator                                     : loaded 2 times (x 70B)
Class com.amazon.ion.IonText                                                          : loaded 2 times (x 70B)
Class com.amazon.ion.impl.SymbolTokenImpl                                             : loaded 2 times (x 81B)
Class com.amazon.ion.SubstituteSymbolTableException                                   : loaded 2 times (x 84B)
Class com.android.builder.model.v2.ide.BasicArtifact                                  : loaded 2 times (x 70B)
Class kotlin.coroutines.jvm.internal.SuspendFunction                                  : loaded 2 times (x 70B)
Class org.jetbrains.org.objectweb.asm.SymbolTable                                     : loaded 2 times (x 72B)
Class org.jetbrains.org.objectweb.asm.tree.UnsupportedClassVersionException           : loaded 2 times (x 82B)
Class org.jetbrains.org.objectweb.asm.tree.RecordComponentNode                        : loaded 2 times (x 79B)
Class org.jetbrains.kotlin.name.FqName$Companion                                      : loaded 2 times (x 71B)
Class com.google.common.collect.ImmutableMultimap$EntryCollection                     : loaded 2 times (x 128B)
Class com.google.common.cache.LocalCache$SoftValueReference                           : loaded 2 times (x 97B)
Class com.google.common.collect.Maps$EntrySet                                         : loaded 2 times (x 136B)
Class org.gradle.internal.installation.CurrentGradleInstallation                      : loaded 2 times (x 73B)
Class com.amazon.ion.util._Private_FastAppendable                                     : loaded 2 times (x 70B)
Class org.gradle.tooling.model.gradle.ProjectPublications                             : loaded 2 times (x 70B)
Class [Lcom.amazon.ion.impl.bin.IonRawBinaryWriter$PreallocationMode;                 : loaded 2 times (x 69B)
Class org.jetbrains.kotlin.idea.projectModel.KotlinTargetJar                          : loaded 2 times (x 70B)
Class org.jetbrains.kotlin.gradle.plugin.diagnostics.ToolingDiagnosticRenderingOptionsKt: loaded 2 times (x 71B)
Class com.intellij.gradle.toolingExtension.impl.model.sourceSetDependencyModel.GradleSourceSetDependencyModelProvider: loaded 2 times (x 79B)
Class org.jetbrains.kotlin.gradle.idea.tcs.IdeaKotlinDependencyCoordinates            : loaded 2 times (x 70B)
Class org.gradle.internal.classloader.ClassLoaderVisitor                              : loaded 2 times (x 76B)
Class com.google.common.base.CharMatcher$None                                         : loaded 2 times (x 112B)
Class [Lcom.google.common.collect.AbstractIterator$State;                             : loaded 2 times (x 69B)
Class org.jetbrains.org.objectweb.asm.ClassVisitor                                    : loaded 2 times (x 88B)
Class com.android.builder.model.v2.dsl.BaseConfig                                     : loaded 2 times (x 70B)
Class kotlin.text.MatcherMatchResult$groupValues$1                                    : loaded 2 times (x 198B)
Class com.google.common.collect.ReverseNaturalOrdering                                : loaded 2 times (x 114B)
Class com.amazon.ion.impl.bin.IonManagedBinaryWriter$ImportedSymbolResolverMode$2     : loaded 2 times (x 80B)
Class org.jetbrains.plugins.gradle.tooling.builder.ExternalTestsModelBuilderImpl      : loaded 2 times (x 78B)
Class org.jetbrains.kotlin.gradle.plugin.diagnostics.UsesKotlinToolingDiagnosticsParameters: loaded 2 times (x 70B)
Class [Lorg.jetbrains.kotlin.gradle.dsl.KotlinVersion;                                : loaded 2 times (x 69B)
Class org.jetbrains.kotlin.gradle.plugin.diagnostics.ToolingDiagnosticRenderingOptions: loaded 2 times (x 72B)
Class org.jetbrains.kotlin.gradle.plugin.KotlinTargetWithTests                        : loaded 2 times (x 70B)
Class io.opentelemetry.context.Scope                                                  : loaded 2 times (x 70B)
Class org.gradle.internal.classloader.DefaultClassLoaderFactory                       : loaded 2 times (x 82B)
Class com.google.common.collect.MapMakerInternalMap$Strength                          : loaded 2 times (x 80B)
Class com.google.common.collect.MapMakerInternalMap$StrongKeyDummyValueEntry$LinkedStrongKeyDummyValueEntry: loaded 2 times (x 82B)
Class org.jetbrains.kotlin.buildtools.internal.CompilationServiceProxy                : loaded 2 times (x 82B)
Class com.intellij.util.containers.IntObjectHashMap$ArrayProducer                     : loaded 2 times (x 70B)
Class org.jetbrains.plugins.gradle.model.scala.ScalaModel                             : loaded 2 times (x 70B)
Class com.intellij.openapi.externalSystem.model.project.dependencies.ProjectDependencyNodeImpl: loaded 2 times (x 93B)
Class com.amazon.ion.impl.bin.IonManagedBinaryWriter$ImportDescriptor                 : loaded 2 times (x 76B)
Class com.amazon.ion.SymbolTable                                                      : loaded 2 times (x 70B)
Class org.jetbrains.plugins.gradle.tooling.serialization.GradleExtensionsSerializationService$WriteContext: loaded 2 times (x 72B)
Class com.intellij.gradle.toolingExtension.impl.model.taskModel.GradleTaskSerialisationService$Companion: loaded 2 times (x 71B)
Class kotlin.jvm.internal.Ref$BooleanRef                                              : loaded 2 times (x 71B)
Class kotlin.jvm.internal.StringCompanionObject                                       : loaded 2 times (x 71B)
Class kotlin.coroutines.intrinsics.IntrinsicsKt__IntrinsicsJvmKt                      : loaded 2 times (x 71B)
Class kotlin.coroutines.jvm.internal.CoroutineStackFrame                              : loaded 2 times (x 70B)
Class org.jetbrains.org.objectweb.asm.ModuleWriter                                    : loaded 2 times (x 82B)
Class org.jetbrains.kotlin.incremental.classpathDiff.JarReader                        : loaded 2 times (x 82B)
Class org.gradle.util.internal.GUtil                                                  : loaded 2 times (x 71B)
Class com.amazon.ion.impl.bin.IonManagedBinaryWriter$ImportedSymbolResolverMode$1     : loaded 2 times (x 80B)
Class io.opentelemetry.api.trace.TraceId                                              : loaded 2 times (x 71B)
Class com.amazon.ion.impl.lite.IonSymbolLite                                          : loaded 2 times (x 246B)
Class [Lcom.amazon.ion.impl.bin.IonRawBinaryWriter$StreamCloseMode;                   : loaded 2 times (x 69B)
Class org.jetbrains.kotlin.idea.gradleTooling.KotlinMPPGradleModelBinaryBuilder       : loaded 2 times (x 86B)
Class org.jetbrains.kotlin.gradle.plugin.sources.DefaultKotlinSourceSet$MetadataDependencyTransformation: loaded 2 times (x 72B)
Class com.intellij.gradle.toolingExtension.impl.modelAction.GradleDaemonModelHolder   : loaded 2 times (x 76B)
Class org.jetbrains.org.objectweb.asm.ModuleVisitor                                   : loaded 2 times (x 81B)
Class io.opentelemetry.api.GlobalOpenTelemetry                                        : loaded 2 times (x 71B)
Class com.google.common.collect.TransformedListIterator                               : loaded 2 times (x 93B)
Class com.google.common.cache.LocalCache$Values                                       : loaded 2 times (x 118B)
Class com.google.common.reflect.TypeCapture                                           : loaded 2 times (x 71B)
Class kotlin.sequences.TransformingSequence                                           : loaded 2 times (x 75B)
Class com.android.utils.FileUtils                                                     : loaded 2 times (x 71B)
Class com.android.builder.model.v2.ide.AaptOptions$Namespacing                        : loaded 2 times (x 79B)
Class com.intellij.util.ThrowableConsumer                                             : loaded 2 times (x 70B)
Class jdk.internal.jimage.decompressor.StringSharingDecompressorFactory               : loaded 2 times (x 74B)
Class org.jetbrains.kotlin.gradle.dsl.KotlinCommonCompilerToolOptionsHelper           : loaded 2 times (x 71B)
Class org.jetbrains.kotlin.gradle.targets.js.dsl.KotlinJsTargetDsl                    : loaded 2 times (x 70B)
Class com.google.common.collect.AbstractMapBasedMultimap$WrappedSet                   : loaded 2 times (x 142B)
Class io.opentelemetry.api.internal.OtelEncodingUtils                                 : loaded 2 times (x 71B)
Class org.gradle.tooling.internal.consumer.converters.IdeaModuleDependencyTargetNameMixin: loaded 2 times (x 73B)
Class org.gradle.api.specs.Spec                                                       : loaded 2 times (x 70B)
Class com.google.common.io.ByteArrayDataOutput                                        : loaded 2 times (x 70B)
Class org.jetbrains.kotlin.incremental.classpathDiff.impl.ClassListSnapshotterKt      : loaded 2 times (x 71B)
Class io.opentelemetry.context.ThreadLocalContextStorage$ScopeImpl                    : loaded 2 times (x 79B)
Class [Lcom.amazon.ion.impl.bin.IonManagedBinaryWriter$SymbolState;                   : loaded 2 times (x 69B)
Class com.amazon.ion.impl._Private_IonWriterBase                                      : loaded 2 times (x 162B)
Class com.amazon.ion.system.IonSystemBuilder                                          : loaded 2 times (x 75B)
Class com.amazon.ion.IonCatalog                                                       : loaded 2 times (x 70B)
Class com.intellij.gradle.toolingExtension.impl.model.utilTurnOffDefaultTasksModel.TurnOffDefaultTasks: loaded 2 times (x 70B)
Class com.intellij.gradle.toolingExtension.impl.model.sourceSetModel.GradleSourceSetSerialisationService$SourceSetModelReadContext: loaded 2 times (x 72B)
Class jdk.internal.jimage.ImageReader$SharedImageReader$LocationVisitor               : loaded 2 times (x 70B)
Class com.amazon.ion.impl.lite.IonSexpLite                                            : loaded 2 times (x 490B)
Class com.google.common.io.ByteSource                                                 : loaded 2 times (x 84B)
Class org.gradle.tooling.internal.consumer.converters.IncludedBuildsMixin             : loaded 2 times (x 74B)
Class io.opentelemetry.api.internal.ImmutableSpanContext                              : loaded 2 times (x 91B)
Class com.amazon.ion.impl.lite.IonListLite                                            : loaded 2 times (x 490B)
Class com.amazon.ion.IonFloat                                                         : loaded 2 times (x 70B)
Class org.jetbrains.kotlin.incremental.storage.MapExternalizer                        : loaded 2 times (x 80B)
Class org.jetbrains.kotlin.name.Name                                                  : loaded 2 times (x 75B)
Class org.jetbrains.kotlin.gradle.targets.js.dsl.KotlinJsSubTargetContainerDsl        : loaded 2 times (x 70B)
Class org.jetbrains.kotlin.incremental.classpathDiff.impl.BasicClassInfo              : loaded 2 times (x 72B)
Class com.android.builder.model.v2.ide.AndroidArtifact                                : loaded 2 times (x 70B)
Class kotlin.ranges.IntProgression$Companion                                          : loaded 2 times (x 71B)
Class com.amazon.ion.system.IonBinaryWriterBuilder                                    : loaded 2 times (x 99B)
Class com.amazon.ion.impl.bin.IonManagedBinaryWriter$UserState$4                      : loaded 2 times (x 85B)
Class com.intellij.openapi.externalSystem.model.project.dependencies.ProjectDependencyNode: loaded 2 times (x 70B)
Class org.gradle.tooling.model.BuildModel                                             : loaded 2 times (x 70B)
Class io.opentelemetry.api.DefaultOpenTelemetry                                       : loaded 2 times (x 89B)
Class io.opentelemetry.api.trace.SpanBuilder                                          : loaded 2 times (x 70B)
Class com.google.common.reflect.Types$JavaVersion                                     : loaded 2 times (x 83B)
Class io.opentelemetry.context.ContextStorageProvider                                 : loaded 2 times (x 70B)
Class org.gradle.api.internal.classpath.ManifestUtil                                  : loaded 2 times (x 71B)
Class com.google.common.collect.AbstractMapBasedMultimap$WrappedCollection            : loaded 2 times (x 124B)
Class [Lcom.google.common.cache.RemovalCause;                                         : loaded 2 times (x 69B)
Class org.jetbrains.kotlin.metadata.deserialization.MetadataVersion$Companion         : loaded 2 times (x 71B)
Class org.jetbrains.org.objectweb.asm.tree.Util                                       : loaded 2 times (x 71B)
Class org.gradle.tooling.model.build.GradleEnvironment                                : loaded 2 times (x 70B)
Class com.android.builder.model.v2.models.VariantDependenciesAdjacencyList            : loaded 2 times (x 70B)
Class sync_studio_tooling9_cq7s16afvnkljk4ywmekc5c4s                                  : loaded 2 times (x 171B)
Class org.jetbrains.plugins.gradle.tooling.util.IntObjectMap$ObjectFactory            : loaded 2 times (x 70B)
Class com.amazon.ion.IonException                                                     : loaded 2 times (x 84B)
Class org.jetbrains.org.objectweb.asm.Symbol                                          : loaded 2 times (x 73B)
Class sync_studio_tooling6_58phpt71w8yo7sew5issd7obk                                  : loaded 2 times (x 171B)
Class ijKotlinCoroutineJvmDebugInit1_7hgm1gc4c3sgaanxczd9x8itr$_run_closure1$_closure3: loaded 2 times (x 139B)
Class com.intellij.gradle.toolingExtension.impl.model.sourceSetModel.GradleSourceSetSerialisationService$SourceSetModelWriteContext: loaded 2 times (x 72B)
Class kotlin.ranges.IntProgressionIterator                                            : loaded 2 times (x 82B)
Class com.android.builder.model.v2.dsl.BuildType                                      : loaded 2 times (x 70B)
Class kotlin.coroutines.CoroutineContext                                              : loaded 2 times (x 70B)
Class kotlin.coroutines.jvm.internal.DebugProbesKt                                    : loaded 2 times (x 71B)
Class org.jetbrains.kotlin.buildtools.internal.CompilationServiceImpl                 : loaded 2 times (x 81B)
Class com.google.common.io.LineBuffer                                                 : loaded 2 times (x 75B)
Class com.google.common.reflect.Types$TypeVariableImpl                                : loaded 2 times (x 72B)
Class com.google.common.collect.MapMakerInternalMap$1                                 : loaded 2 times (x 83B)
Class org.gradle.internal.installation.GradleInstallation                             : loaded 2 times (x 75B)
Class io.opentelemetry.api.trace.DefaultTracer                                        : loaded 2 times (x 74B)
Class org.gradle.tooling.internal.adapter.ProtocolToModelAdapter$2                    : loaded 2 times (x 78B)
Class com.intellij.gradle.toolingExtension.impl.model.buildScriptClasspathModel.GradleBuildScriptClasspathSerializationService: loaded 2 times (x 77B)
Class com.amazon.ion.util.GzipStreamInterceptor                                       : loaded 2 times (x 85B)
Class com.amazon.ion.impl.bin.IonManagedBinaryWriter$UserState$3                      : loaded 2 times (x 85B)
Class com.intellij.gradle.toolingExtension.impl.initScript.util.GradleLifecycleUtil   : loaded 2 times (x 71B)
Class org.jetbrains.kotlin.gradle.utils.MutableObservableSet                          : loaded 2 times (x 70B)
Class org.jetbrains.kotlin.gradle.utils.ConfigurationCacheOpaqueValueSource           : loaded 2 times (x 79B)
Class com.intellij.gradle.toolingExtension.modelAction.GradleModelFetchPhase$ProjectLoaded: loaded 2 times (x 70B)
Class com.intellij.gradle.toolingExtension.modelProvider.GradleClassProjectModelProvider: loaded 2 times (x 80B)
Class [Lio.opentelemetry.api.trace.ImmutableTraceFlags;                               : loaded 2 times (x 69B)
Class com.amazon.ion.impl.bin.IonManagedBinaryWriter$ImportedSymbolResolverMode       : loaded 2 times (x 80B)
Class org.gradle.internal.classloader.ClassLoaderHierarchy                            : loaded 2 times (x 70B)
Class [Lcom.google.common.base.AbstractIterator$State;                                : loaded 2 times (x 69B)
Class com.google.common.io.FileWriteMode                                              : loaded 2 times (x 79B)
Class [Lcom.google.common.collect.MapMakerInternalMap$Segment;                        : loaded 2 times (x 69B)
Class com.google.common.cache.LocalCache$ValueIterator                                : loaded 2 times (x 86B)
Class org.jetbrains.kotlin.incremental.classpathDiff.DirectoryOrJarReader             : loaded 2 times (x 70B)
Class org.jetbrains.kotlin.load.kotlin.FileBasedKotlinClass$OuterAndInnerName         : loaded 2 times (x 72B)
Class com.amazon.ion.impl.LocalSymbolTable$Factory                                    : loaded 2 times (x 77B)
Class com.intellij.gradle.toolingExtension.impl.modelBuilder.ExtraModelBuilder        : loaded 2 times (x 85B)
Class org.jetbrains.plugins.gradle.tooling.builder.WarModelBuilderImpl                : loaded 2 times (x 86B)
Class com.google.common.collect.MapMaker                                              : loaded 2 times (x 72B)
Class jdk.internal.jimage.decompressor.ResourceDecompressor$StringsProvider           : loaded 2 times (x 70B)
Class com.amazon.ion.impl._Private_RecyclingQueue$Recycler                            : loaded 2 times (x 70B)
Class com.amazon.ion.impl.lite.ContainerlessContext                                   : loaded 2 times (x 80B)
Class org.jetbrains.plugins.gradle.tooling.serialization.GradleExtensionsSerializationService$ReadContext: loaded 2 times (x 72B)
Class com.google.common.collect.ForwardingCollection                                  : loaded 2 times (x 130B)
Class com.google.common.collect.LexicographicalOrdering                               : loaded 2 times (x 115B)
Class org.jetbrains.kotlin.incremental.classpathDiff.impl.ClassFileWithContentsProvider: loaded 2 times (x 72B)
Class kotlin.collections.CollectionsKt__IteratorsJVMKt$iterator$1                     : loaded 2 times (x 79B)
Class com.google.common.base.Splitter$Strategy                                        : loaded 2 times (x 70B)
Class com.google.common.collect.Iterables                                             : loaded 2 times (x 71B)
Class org.gradle.toolchains.foojay.FoojayToolchainsConventionPlugin$apply$1$1$1$1     : loaded 2 times (x 74B)
Class org.gradle.tooling.UnsupportedVersionException                                  : loaded 2 times (x 83B)
Class com.intellij.gradle.toolingExtension.impl.model.buildScriptClasspathModel.GradleBuildScriptClasspathModelProvider: loaded 2 times (x 79B)
Class com.intellij.gradle.toolingExtension.impl.modelAction.GradleModelFetchAction    : loaded 2 times (x 86B)
Class org.gradle.tooling.BuildAction                                                  : loaded 2 times (x 70B)
Class kotlin.jvm.internal.CollectionToArray                                           : loaded 2 times (x 71B)
Class com.intellij.gradle.toolingExtension.impl.modelAction.GradleModelHolderState    : loaded 2 times (x 77B)
Class com.intellij.gradle.toolingExtension.impl.model.sourceSetModel.GradleSourceSetSerialisationService$Companion: loaded 2 times (x 71B)
Class com.amazon.ion.impl._Private_IonValue                                           : loaded 2 times (x 70B)
Class com.amazon.ion.impl.bin.IonManagedBinaryWriter$UserState$2                      : loaded 2 times (x 85B)
Class com.intellij.gradle.toolingExtension.impl.util.collectionUtil.GradleCollectionVisitor: loaded 2 times (x 70B)
Class com.intellij.gradle.toolingExtension.impl.model.dependencyGraphModel.GradleDependencyGraphModelBuilder: loaded 2 times (x 82B)
Class jdk.internal.jimage.BasicImageReader                                            : loaded 2 times (x 95B)
Class org.gradle.tooling.model.gradle.BasicGradleProject                              : loaded 2 times (x 70B)
Class org.gradle.internal.classloader.FilteringClassLoader                            : loaded 2 times (x 105B)
Class com.google.common.io.LineReader                                                 : loaded 2 times (x 72B)
Class kotlin.sequences.FlatteningSequence                                             : loaded 2 times (x 75B)
Class kotlin.text.MatcherMatchResult                                                  : loaded 2 times (x 80B)
Class kotlin.text.MatchGroupCollection                                                : loaded 2 times (x 70B)
Class com.android.builder.model.v2.ide.ViewBindingOptions                             : loaded 2 times (x 70B)
Class org.jetbrains.kotlin.gradle.utils.StringUtilsKt                                 : loaded 2 times (x 71B)
Class com.android.ide.gradle.model.dependencies.DeclaredDependencies                  : loaded 2 times (x 70B)
Class org.jetbrains.plugins.gradle.tooling.serialization.internal.IdeaProjectSerializationService$ReadContext: loaded 2 times (x 72B)
Class com.amazon.ion.impl.bin.IonManagedBinaryWriter$UserState$1                      : loaded 2 times (x 85B)
Class com.google.gson.Gson$FutureTypeAdapter                                          : loaded 2 times (x 76B)
Class sync_studio_tooling11_5dc1bs1r5i3pknbvptcw45su0                                 : loaded 2 times (x 171B)
Class com.android.ide.gradle.model.builder.AndroidStudioToolingPluginKt               : loaded 2 times (x 71B)
Class org.jetbrains.plugins.gradle.model.ProjectImportModelProvider$GradleModelConsumer: loaded 2 times (x 70B)
Class org.jetbrains.plugins.gradle.tooling.builder.ProjectExtensionsDataBuilderImpl$Companion: loaded 2 times (x 71B)
Class sync_studio_tooling4636_eiyfaol1mu9qjj39aluq29l33                               : loaded 2 times (x 171B)
Class org.jetbrains.kotlin.idea.gradleTooling.AbstractKotlinGradleModelBuilder        : loaded 2 times (x 81B)
Class com.google.gson.ReflectionAccessFilter$FilterResult                             : loaded 2 times (x 79B)
Class gnu.trove.PrimeFinder                                                           : loaded 2 times (x 71B)
Class com.amazon.ion.UnexpectedEofException                                           : loaded 2 times (x 84B)
Class com.amazon.ion.IonSexp                                                          : loaded 2 times (x 70B)
Class com.amazon.ion.ReadOnlyValueException                                           : loaded 2 times (x 84B)
Class com.amazon.ion.impl._Private_LocalSymbolTable                                   : loaded 2 times (x 70B)
Class com.amazon.ion.BufferConfiguration$DataHandler                                  : loaded 2 times (x 70B)
Class com.amazon.ion.impl._Private_IonBinaryWriterBuilder                             : loaded 2 times (x 115B)
Class org.jetbrains.plugins.gradle.tooling.serialization.RepositoriesModelSerializationService$WriteContext: loaded 2 times (x 72B)
Class com.android.ide.gradle.model.LegacyAndroidGradlePluginProperties                : loaded 2 times (x 70B)
Class sync_studio_tooling9_cq7s16afvnkljk4ywmekc5c4s$_run_closure1                    : loaded 2 times (x 139B)
Class com.google.common.collect.Lists$RandomAccessReverseList                         : loaded 2 times (x 200B)
Class kotlin.ranges.IntProgression                                                    : loaded 2 times (x 81B)
Class kotlin.jvm.KotlinReflectionNotSupportedError                                    : loaded 2 times (x 82B)
Class org.gradle.tooling.model.gradle.GradleScript                                    : loaded 2 times (x 70B)
Class org.jetbrains.kotlin.com.intellij.openapi.diagnostic.DefaultLogger              : loaded 2 times (x 100B)

---------------  S Y S T E M  ---------------

OS:
 Windows 10 , 64 bit Build 19041 (10.0.19041.5915)
OS uptime: 0 days 0:31 hours

CPU: total 4 (initial active 4) (4 cores per cpu, 1 threads per core) family 6 model 94 stepping 3 microcode 0xcc, cx8, cmov, fxsr, mmx, 3dnowpref, sse, sse2, sse3, ssse3, sse4.1, sse4.2, popcnt, lzcnt, tsc, tscinvbit, avx, avx2, aes, erms, clmul, bmi1, bmi2, adx, fma, vzeroupper, clflush, clflushopt, rdtscp, f16c
Processor Information for the first 4 processors :
  Max Mhz: 2712, Current Mhz: 2712, Mhz Limit: 2712

Memory: 4k page, system-wide physical 8072M (886M free)
TotalPageFile size 18312M (AvailPageFile size 8370M)
current process WorkingSet (physical memory assigned to process): 934M, peak: 1091M
current process commit charge ("private bytes"): 1217M, peak: 1236M

vm_info: OpenJDK 64-Bit Server VM (21.0.9+-14787801-b1163.94) for windows-amd64 JRE (21.0.9+-14787801-b1163.94), built on 2026-01-27T21:15:44Z by "builder" with MS VC++ 16.10 / 16.11 (VS2019)

END.
