#
# A fatal error has been detected by the Java Runtime Environment:
#
#  EXCEPTION_ACCESS_VIOLATION (0xc0000005) at pc=0x000001dbe544ac20, pid=14140, tid=9172
#
# JRE version: OpenJDK Runtime Environment Microsoft-13106358 (17.0.18+8) (build 17.0.18+8-LTS)
# Java VM: OpenJDK 64-Bit Server VM Microsoft-13106358 (17.0.18+8-LTS, mixed mode, sharing, tiered, compressed oops, compressed class ptrs, g1 gc, windows-amd64)
# Problematic frame:
# J 31753 c2 org.jetbrains.org.objectweb.asm.ClassWriter.toByteArray()[B (1535 bytes) @ 0x000001dbe544ac20 [0x000001dbe5449660+0x00000000000015c0]
#
# No core dump will be written. Minidumps are not enabled by default on client versions of Windows
#
# If you would like to submit a bug report, please visit:
#   https://github.com/microsoft/openjdk/issues
#

---------------  S U M M A R Y ------------

Command Line: --add-opens=java.base/java.lang=ALL-UNNAMED --add-opens=java.base/java.lang.invoke=ALL-UNNAMED --add-opens=java.base/java.util=ALL-UNNAMED --add-opens=java.prefs/java.util.prefs=ALL-UNNAMED --add-exports=jdk.compiler/com.sun.tools.javac.api=ALL-UNNAMED --add-exports=jdk.compiler/com.sun.tools.javac.util=ALL-UNNAMED --add-opens=java.base/java.util=ALL-UNNAMED --add-opens=java.prefs/java.util.prefs=ALL-UNNAMED --add-opens=java.base/java.nio.charset=ALL-UNNAMED --add-opens=java.base/java.net=ALL-UNNAMED --add-opens=java.base/java.util.concurrent=ALL-UNNAMED --add-opens=java.base/java.util.concurrent.atomic=ALL-UNNAMED --add-opens=java.xml/javax.xml.namespace=ALL-UNNAMED --add-opens=java.base/java.time=ALL-UNNAMED -Xmx2048m -Dfile.encoding=UTF-8 -Duser.country=IN -Duser.language=en -Duser.variant -javaagent:C:\Users\PC\.gradle\wrapper\dists\gradle-9.3.1-bin\23ovyewtku6u96viwx3xl3oks\gradle-9.3.1\lib\agents\gradle-instrumentation-agent-9.3.1.jar org.gradle.launcher.daemon.bootstrap.GradleDaemon 9.3.1

Host: Intel(R) Core(TM) i5-6400 CPU @ 2.70GHz, 4 cores, 7G,  Windows 10 , 64 bit Build 19041 (10.0.19041.5915)
Time: Mon Mar 30 17:19:49 2026 India Standard Time elapsed time: 98.068617 seconds (0d 0h 1m 38s)

---------------  T H R E A D  ---------------

Current thread (0x000001dbfc7a4ed0):  JavaThread "Unconstrained build operations Thread 26" [_thread_in_Java, id=9172, stack(0x0000005da7300000,0x0000005da7400000)]

Stack: [0x0000005da7300000,0x0000005da7400000],  sp=0x0000005da73fafc0,  free space=1003k
Native frames: (J=compiled Java code, j=interpreted, Vv=VM code, C=native code)
C  0x000001dbe544ac20  (no source info available)

The last pc belongs to nmethod (printed below).

siginfo: EXCEPTION_ACCESS_VIOLATION (0xc0000005), writing address 0x000000000000004e


Registers:
RAX=0x0000000000000016, RBX=0x0000000080700130, RCX=0x0000000080700130, RDX=0x0000000080700158
RSP=0x0000005da73fafc0, RBP=0x0000000000000000, RSI=0x0000000000000000, RDI=0x00000000b38d2668
R8 =0x0000000000000000, R9 =0x00000000b38d2618, R10=0x0000000080700130, R11=0x0000000080700148
R12=0x0000000000000000, R13=0x0000000080700148, R14=0x0000000000000000, R15=0x000001dbfc7a4ed0
RIP=0x000001dbe544ac20, EFLAGS=0x0000000000010213

XMM[0]=0x0000000000000000 0x0000000000000000
XMM[1]=0x0000000000000000 0x0000000000000000
XMM[2]=0x0000000000000000 0x00000000b38cefb0
XMM[3]=0x0000000000000000 0x00000000b38cb2e0
XMM[4]=0x0000000000000000 0x06000000be000200
XMM[5]=0x0000000000000000 0x0810000000000700
XMM[6]=0x0000000000000000 0x0000000000000014
XMM[7]=0x0000000000000000 0x0000000000000038
XMM[8]=0x0000000000000000 0x0000000000018cc0
XMM[9]=0x0000000000000000 0x000001db8000e9e0
XMM[10]=0x0000000000000000 0x00000000814523b0
XMM[11]=0x0000000000000000 0x000001dbd3091000
XMM[12]=0x0000000000000000 0x0000000000000000
XMM[13]=0x0000000000000000 0x0000000000000000
XMM[14]=0x0000000000000000 0x0000000000000000
XMM[15]=0x0000000000000000 0x0000000000000000
  MXCSR=0x00001fa0


Register to memory mapping:

RIP=0x000001dbe544ac20 is at entry_point+5568 in (nmethod*)0x000001dbe5449010
Compiled method (c2) 98089 31753       4       org.jetbrains.org.objectweb.asm.ClassWriter::toByteArray (1535 bytes)
 total in heap  [0x000001dbe5449010,0x000001dbe5451bd0] = 35776
 relocation     [0x000001dbe5449170,0x000001dbe5449648] = 1240
 main code      [0x000001dbe5449660,0x000001dbe544e060] = 18944
 stub code      [0x000001dbe544e060,0x000001dbe544e408] = 936
 oops           [0x000001dbe544e408,0x000001dbe544e450] = 72
 metadata       [0x000001dbe544e450,0x000001dbe544e4e8] = 152
 scopes data    [0x000001dbe544e4e8,0x000001dbe5450408] = 7968
 scopes pcs     [0x000001dbe5450408,0x000001dbe54514f8] = 4336
 dependencies   [0x000001dbe54514f8,0x000001dbe5451510] = 24
 handler table  [0x000001dbe5451510,0x000001dbe5451af8] = 1512
 nul chk table  [0x000001dbe5451af8,0x000001dbe5451bd0] = 216
RAX=0x0000000000000016 is an unknown value
RBX=0x0000000080700130 is an oop: java.lang.String 
{0x0000000080700130} - klass: 'java/lang/String'
 - string: "SourceFile"
RCX=0x0000000080700130 is an oop: java.lang.String 
{0x0000000080700130} - klass: 'java/lang/String'
 - string: "SourceFile"
RDX=0x0000000080700158 is pointing into object: [B 
{0x0000000080700148} - klass: {type array byte}
 - length: 10
RSP=0x0000005da73fafc0 is pointing into the stack for thread: 0x000001dbfc7a4ed0
RBP=0x0 is NULL
RSI=0x0 is NULL
RDI=0x00000000b38d2668 is an oop: [B 
{0x00000000b38d2668} - klass: {type array byte}
 - length: 959
R8 =0x0 is NULL
R9 =0x00000000b38d2618 is an oop: org.jetbrains.org.objectweb.asm.SymbolTable$Entry 
{0x00000000b38d2618} - klass: 'org/jetbrains/org/objectweb/asm/SymbolTable$Entry'
 - ---- fields (total size 7 words):
 - final 'index' 'I' @12  22 (16)
 - final 'data' 'J' @16  0 (0 0)
 - final 'tag' 'I' @24  1
 - 'info' 'I' @28  0
 - final 'owner' 'Ljava/lang/String;' @32  NULL (0)
 - final 'name' 'Ljava/lang/String;' @36  NULL (0)
 - final 'value' 'Ljava/lang/String;' @40  "SourceFile"{0x0000000080700130} (80700130)
 - final 'hashCode' 'I' @44  881600600 (348c2858)
 - 'next' 'Lorg/jetbrains/org/objectweb/asm/SymbolTable$Entry;' @48  NULL (0)
R10=0x0000000080700130 is an oop: java.lang.String 
{0x0000000080700130} - klass: 'java/lang/String'
 - string: "SourceFile"
R11=0x0000000080700148 is an oop: [B 
{0x0000000080700148} - klass: {type array byte}
 - length: 10
R12=0x0 is NULL
R13=0x0000000080700148 is an oop: [B 
{0x0000000080700148} - klass: {type array byte}
 - length: 10
R14=0x0 is NULL
R15=0x000001dbfc7a4ed0 is a thread


Top of Stack: (sp=0x0000005da73fafc0)
0x0000005da73fafc0:   0000005da73fb030 000001dbe40c9520
0x0000005da73fafd0:   00000000b38ceed8 00000000b38d0e90
0x0000005da73fafe0:   00000000b38d0e90 0000036900000000
0x0000005da73faff0:   0000000000000000 0000039700000000
0x0000005da73fb000:   0000039f00000003 00000000b38d2650
0x0000005da73fb010:   000003710000039d 0000000000000000
0x0000005da73fb020:   000000000000053e 000001dbc4add330
0x0000005da73fb030:   0000005da73fb070 00000000b38d0e68
0x0000005da73fb040:   000001dbc4ac0ce0 00000000b38d0e90
0x0000005da73fb050:   0001000000001000 000001dbe5449680
0x0000005da73fb060:   0000000000001f4e 0000000000000202
0x0000005da73fb070:   0000005da73fb660 000001dbdec6c484
0x0000005da73fb080:   0000000000000000 0000000000000000
0x0000005da73fb090:   0000000000000000 0000000000000000
0x0000005da73fb0a0:   0000000000000000 0000000000000000
0x0000005da73fb0b0:   0000000000000000 0000000000000000
0x0000005da73fb0c0:   0000000000000000 0000000000000000
0x0000005da73fb0d0:   00000000b38cfa00 0000000000000000
0x0000005da73fb0e0:   0000000000000000 0000000000001f2c
0x0000005da73fb0f0:   00000000b38ceed8 00000000b38cef80
0x0000005da73fb100:   00000000b38cf8a0 00000000b38d0e58
0x0000005da73fb110:   0000000000001f24 00000000b38ceed8
0x0000005da73fb120:   00000000b38d0e90 00000000b38d0e80
0x0000005da73fb130:   00000000b38cf630 00000000b38cf610
0x0000005da73fb140:   0000005da73fb660 000001dbdf8699fc
0x0000005da73fb150:   0000000070bf7aaa 000001db00000003
0x0000005da73fb160:   00000000b38cd970 00000000b38cd2d8
0x0000005da73fb170:   0000005da73fb660 000001dbdf489f34
0x0000005da73fb180:   00000000b38cd2f8 000001dbdf31cc1d
0x0000005da73fb190:   00000000b38cd250 0000000000001f4e
0x0000005da73fb1a0:   0000005d00000010 0000000000000000
0x0000005da73fb1b0:   0000005da73fb660 000001dbdf113094 

Instructions: (pc=0x000001dbe544ac20)
0x000001dbe544ab20:   83 c0 08 44 3b c1 0f 8f 8c 2d 00 00 45 85 d2 0f
0x000001dbe544ab30:   84 69 00 00 00 45 85 db 0f 8c 3e 29 00 00 45 8b
0x000001dbe544ab40:   5a 0c 44 3b db 0f 82 31 29 00 00 41 3b c8 0f 82
0x000001dbe544ab50:   28 29 00 00 85 db 0f 8c 20 29 00 00 0f 1f 40 00
0x000001dbe544ab60:   85 db 74 2c 48 83 c2 18 4d 8b da 49 8d 4a 10 4c
0x000001dbe544ab70:   63 c3 66 66 0f 1f 84 00 00 00 00 00 66 66 66 90
0x000001dbe544ab80:   c5 f8 77 49 ba 40 80 0f e4 db 01 00 00 41 ff d2
0x000001dbe544ab90:   4c 8b 54 24 48 45 8b 5a 0c 44 89 5c 24 44 44 8b
0x000001dbe544aba0:   54 24 44 44 03 d3 4c 8b 5c 24 48 45 89 53 0c 4c
0x000001dbe544abb0:   8b 4c 24 20 41 8b 69 30 85 ed 66 0f 1f 44 00 00
0x000001dbe544abc0:   0f 85 d6 24 00 00 44 8b 84 24 90 00 00 00 45 23
0x000001dbe544abd0:   41 1c 45 85 c0 0f 85 d1 24 00 00 45 8b 51 50 45
0x000001dbe544abe0:   8b 41 38 45 85 c0 0f 85 f0 08 00 00 45 8b 41 3c
0x000001dbe544abf0:   45 85 c0 0f 84 a5 01 00 00 45 85 d2 0f 1f 40 00
0x000001dbe544ac00:   0f 84 82 25 00 00 4c 89 4c 24 20 49 8b d2 49 b8
0x000001dbe544ac10:   30 01 70 80 00 00 00 00 c5 f8 77 e8 e0 b0 65 00
0x000001dbe544ac20:   89 44 20 38 4c 8b 54 24 48 45 8b 4a 10 45 8b 41
0x000001dbe544ac30:   0c 4c 89 54 24 40 45 8b 52 0c 44 89 54 24 3c 8b
0x000001dbe544ac40:   e8 c1 ed 08 41 83 c2 02 44 89 54 24 48 44 0f be
0x000001dbe544ac50:   dd 44 89 5c 24 4c 45 3b d0 0f 8f 71 14 00 00 45
0x000001dbe544ac60:   8b 41 0c 44 8b 5c 24 3c 41 ff c3 8b 4c 24 3c 41
0x000001dbe544ac70:   3b c8 0f 83 20 25 00 00 44 8b d1 43 88 6c 11 10
0x000001dbe544ac80:   45 3b d8 0f 83 4b 25 00 00 4c 8b 54 24 40 8b 4c
0x000001dbe544ac90:   24 48 41 89 4a 0c 44 8b 54 24 3c 41 83 c2 06 44
0x000001dbe544aca0:   89 54 24 4c 48 63 6c 24 3c 44 8b 5c 24 38 45 88
0x000001dbe544acb0:   5c 29 11 45 3b d0 0f 8f 49 0e 00 00 45 8b 59 0c
0x000001dbe544acc0:   44 8b 54 24 3c 41 83 c2 03 44 8b 44 24 48 45 3b
0x000001dbe544acd0:   c3 0f 83 2d 25 00 00 45 88 64 29 12 8b 4c 24 3c
0x000001dbe544ace0:   83 c1 05 41 3b cb 0f 83 54 25 00 00 45 88 64 29
0x000001dbe544acf0:   13 4c 8b 54 24 40 8b 4c 24 4c 41 89 4a 0c 45 88
0x000001dbe544ad00:   64 29 14 41 c6 44 29 15 02 4c 8b 54 24 20 45 8b
0x000001dbe544ad10:   52 3c 44 89 54 24 38 44 8b 54 24 3c 41 83 c2 08 


Stack slot to memory mapping:
stack at sp + 0 slots: 0x0000005da73fb030 is pointing into the stack for thread: 0x000001dbfc7a4ed0
stack at sp + 1 slots: 0x000001dbe40c9520 is at code_begin+1152 in an Interpreter codelet
return entry points  [0x000001dbe40c90a0, 0x000001dbe40c9c00]  2912 bytes
stack at sp + 2 slots: 0x00000000b38ceed8 is an oop: org.jetbrains.org.objectweb.asm.tree.ClassNode 
{0x00000000b38ceed8} - klass: 'org/jetbrains/org/objectweb/asm/tree/ClassNode'
 - ---- fields (total size 15 words):
 - protected final 'api' 'I' @12  589824 (90000)
 - protected 'cv' 'Lorg/jetbrains/org/objectweb/asm/ClassVisitor;' @16  NULL (0)
 - public 'version' 'I' @20  50 (32)
 - public 'access' 'I' @24  48 (30)
 - public 'name' 'Ljava/lang/String;' @28  "com/google/android/datatransport/runtime/DaggerTransportRuntimeComponent"{0x00000000b38cf8a0} (b38cf8a0)
 - public 'signature' 'Ljava/lang/String;' @32  NULL (0)
 - public 'superName' 'Ljava/lang/String;' @36  "com/google/android/datatransport/runtime/TransportRuntimeComponent"{0x00000000b38cf910} (b38cf910)
 - public 'interfaces' 'Ljava/util/List;' @40  a 'java/util/ArrayList'{0x00000000b38cfa50} (b38cfa50)
 - public 'sourceFile' 'Ljava/lang/String;' @44  "DaggerTransportRuntimeComponent.java"{0x00000000b38cfa00} (b38cfa00)
 - public 'sourceDebug' 'Ljava/lang/String;' @48  NULL (0)
 - public 'module' 'Lorg/jetbrains/org/objectweb/asm/tree/ModuleNode;' @52  NULL (0)
 - public 'outerClass' 'Ljava/lang/String;' @56  NULL (0)
 - public 'outerMethod' 'Ljava/lang/String;' @60  NULL (0)
 - public 'outerMethodDesc' 'Ljava/lang/String;' @64  NULL (0)
 - public 'visibleAnnotations' 'Ljava/util/List;' @68  NULL (0)
 - public 'invisibleAnnotations' 'Ljava/util/List;' @72  NULL (0)
 - public 'visibleTypeAnnotations' 'Ljava/util/List;' @76  NULL (0)
 - public 'invisibleTypeAnnotations' 'Ljava/util/List;' @80  NULL (0)
 - public 'attrs' 'Ljava/util/List;' @84  NULL (0)
 - public 'innerClasses' 'Ljava/util/List;' @88  a 'java/util/ArrayList'{0x00000000b38cef68} (b38cef68)
 - public 'nestHostClass' 'Ljava/lang/String;' @92  NULL (0)
 - public 'nestMembers' 'Ljava/util/List;' @96  NULL (0)
 - public 'permittedSubclasses' 'Ljava/util/List;' @100  NULL (0)
 - public 'recordComponents' 'Ljava/util/List;' @104  NULL (0)
 - public 'fields' 'Ljava/util/List;' @108  a 'java/util/ArrayList'{0x00000000b38cef80} (b38cef80)
 - public 'methods' 'Ljava/util/List;' @112  a 'java/util/ArrayList'{0x00000000b38cef98} (b38cef98)
stack at sp + 3 slots: 0x00000000b38d0e90 is an oop: org.jetbrains.org.objectweb.asm.ClassWriter 
{0x00000000b38d0e90} - klass: 'org/jetbrains/org/objectweb/asm/ClassWriter'
 - ---- fields (total size 19 words):
 - protected final 'api' 'I' @12  589824 (90000)
 - protected 'cv' 'Lorg/jetbrains/org/objectweb/asm/ClassVisitor;' @16  NULL (0)
 - private final 'flags' 'I' @20  0
 - private 'version' 'I' @24  50 (32)
 - private 'accessFlags' 'I' @28  48 (30)
 - private 'thisClass' 'I' @32  2
 - private 'superClass' 'I' @36  4
 - private 'interfaceCount' 'I' @40  0
 - private 'numberOfInnerClasses' 'I' @44  3
 - private 'enclosingClassIndex' 'I' @48  0
 - private 'enclosingMethodIndex' 'I' @52  0
 - private 'signatureIndex' 'I' @56  0
 - private 'sourceFileIndex' 'I' @60  5
 - private 'nestHostClassIndex' 'I' @64  0
 - private 'numberOfNestMemberClasses' 'I' @68  0
 - private 'numberOfPermittedSubclasses' 'I' @72  0
 - private 'compute' 'I' @76  0
 - private final 'symbolTable' 'Lorg/jetbrains/org/objectweb/asm/SymbolTable;' @80  a 'org/jetbrains/org/objectweb/asm/SymbolTable'{0x00000000b38d0f28} (b38d0f28)
 - private 'interfaces' '[I' @84  NULL (0)
 - private 'firstField' 'Lorg/jetbrains/org/objectweb/asm/FieldWriter;' @88  NULL (0)
 - private 'lastField' 'Lorg/jetbrains/org/objectweb/asm/FieldWriter;' @92  NULL (0)
 - private 'firstMethod' 'Lorg/jetbrains/org/objectweb/asm/MethodWriter;' @96  a 'org/jetbrains/org/objectweb/asm/MethodWriter'{0x00000000b38d1ac0} (b38d1ac0)
 - private 'lastMethod' 'Lorg/jetbrains/org/objectweb/asm/MethodWriter;' @100  a 'org/jetbrains/org/objectweb/asm/MethodWriter'{0x00000000b38d2428} (b38d2428)
 - private 'innerClasses' 'Lorg/jetbrains/org/objectweb/asm/ByteVector;' @104  a 'org/jetbrains/org/objectweb/asm/ByteVector'{0x00000000b38d16b0} (b38d16b0)
 - private 'debugExtension' 'Lorg/jetbrains/org/objectweb/asm/ByteVector;' @108  NULL (0)
 - private 'lastRuntimeVisibleAnnotation' 'Lorg/jetbrains/org/objectweb/asm/AnnotationWriter;' @112  NULL (0)
 - private 'lastRuntimeInvisibleAnnotation' 'Lorg/jetbrains/org/objectweb/asm/AnnotationWriter;' @116  NULL (0)
 - private 'lastRuntimeVisibleTypeAnnotation' 'Lorg/jetbrains/org/objectweb/asm/AnnotationWriter;' @120  NULL (0)
 - private 'lastRuntimeInvisibleTypeAnnotation' 'Lorg/jetbrains/org/objectweb/asm/AnnotationWriter;' @124  NULL (0)
 - private 'moduleWriter' 'Lorg/jetbrains/org/objectweb/asm/ModuleWriter;' @128  NULL (0)
 - private 'nestMemberClasses' 'Lorg/jetbrains/org/objectweb/asm/ByteVector;' @132  NULL (0)
 - private 'permittedSubclasses' 'Lorg/jetbrains/org/objectweb/asm/ByteVector;' @136  NULL (0)
 - private 'firstRecordComponent' 'Lorg/jetbrains/org/objectweb/asm/RecordComponentWriter;' @140  NULL (0)
 - private 'lastRecordComponent' 'Lorg/jetbrains/org/objectweb/asm/RecordComponentWriter;' @144  NULL (0)
 - private 'firstAttribute' 'Lorg/jetbrains/org/objectweb/asm/Attribute;' @148  NULL (0)
stack at sp + 4 slots: 0x00000000b38d0e90 is an oop: org.jetbrains.org.objectweb.asm.ClassWriter 
{0x00000000b38d0e90} - klass: 'org/jetbrains/org/objectweb/asm/ClassWriter'
 - ---- fields (total size 19 words):
 - protected final 'api' 'I' @12  589824 (90000)
 - protected 'cv' 'Lorg/jetbrains/org/objectweb/asm/ClassVisitor;' @16  NULL (0)
 - private final 'flags' 'I' @20  0
 - private 'version' 'I' @24  50 (32)
 - private 'accessFlags' 'I' @28  48 (30)
 - private 'thisClass' 'I' @32  2
 - private 'superClass' 'I' @36  4
 - private 'interfaceCount' 'I' @40  0
 - private 'numberOfInnerClasses' 'I' @44  3
 - private 'enclosingClassIndex' 'I' @48  0
 - private 'enclosingMethodIndex' 'I' @52  0
 - private 'signatureIndex' 'I' @56  0
 - private 'sourceFileIndex' 'I' @60  5
 - private 'nestHostClassIndex' 'I' @64  0
 - private 'numberOfNestMemberClasses' 'I' @68  0
 - private 'numberOfPermittedSubclasses' 'I' @72  0
 - private 'compute' 'I' @76  0
 - private final 'symbolTable' 'Lorg/jetbrains/org/objectweb/asm/SymbolTable;' @80  a 'org/jetbrains/org/objectweb/asm/SymbolTable'{0x00000000b38d0f28} (b38d0f28)
 - private 'interfaces' '[I' @84  NULL (0)
 - private 'firstField' 'Lorg/jetbrains/org/objectweb/asm/FieldWriter;' @88  NULL (0)
 - private 'lastField' 'Lorg/jetbrains/org/objectweb/asm/FieldWriter;' @92  NULL (0)
 - private 'firstMethod' 'Lorg/jetbrains/org/objectweb/asm/MethodWriter;' @96  a 'org/jetbrains/org/objectweb/asm/MethodWriter'{0x00000000b38d1ac0} (b38d1ac0)
 - private 'lastMethod' 'Lorg/jetbrains/org/objectweb/asm/MethodWriter;' @100  a 'org/jetbrains/org/objectweb/asm/MethodWriter'{0x00000000b38d2428} (b38d2428)
 - private 'innerClasses' 'Lorg/jetbrains/org/objectweb/asm/ByteVector;' @104  a 'org/jetbrains/org/objectweb/asm/ByteVector'{0x00000000b38d16b0} (b38d16b0)
 - private 'debugExtension' 'Lorg/jetbrains/org/objectweb/asm/ByteVector;' @108  NULL (0)
 - private 'lastRuntimeVisibleAnnotation' 'Lorg/jetbrains/org/objectweb/asm/AnnotationWriter;' @112  NULL (0)
 - private 'lastRuntimeInvisibleAnnotation' 'Lorg/jetbrains/org/objectweb/asm/AnnotationWriter;' @116  NULL (0)
 - private 'lastRuntimeVisibleTypeAnnotation' 'Lorg/jetbrains/org/objectweb/asm/AnnotationWriter;' @120  NULL (0)
 - private 'lastRuntimeInvisibleTypeAnnotation' 'Lorg/jetbrains/org/objectweb/asm/AnnotationWriter;' @124  NULL (0)
 - private 'moduleWriter' 'Lorg/jetbrains/org/objectweb/asm/ModuleWriter;' @128  NULL (0)
 - private 'nestMemberClasses' 'Lorg/jetbrains/org/objectweb/asm/ByteVector;' @132  NULL (0)
 - private 'permittedSubclasses' 'Lorg/jetbrains/org/objectweb/asm/ByteVector;' @136  NULL (0)
 - private 'firstRecordComponent' 'Lorg/jetbrains/org/objectweb/asm/RecordComponentWriter;' @140  NULL (0)
 - private 'lastRecordComponent' 'Lorg/jetbrains/org/objectweb/asm/RecordComponentWriter;' @144  NULL (0)
 - private 'firstAttribute' 'Lorg/jetbrains/org/objectweb/asm/Attribute;' @148  NULL (0)
stack at sp + 5 slots: 0x0000036900000000 is an unknown value
stack at sp + 6 slots: 0x0 is NULL
stack at sp + 7 slots: 0x0000039700000000 is an unknown value


Compiled method (c2) 98140 31753       4       org.jetbrains.org.objectweb.asm.ClassWriter::toByteArray (1535 bytes)
 total in heap  [0x000001dbe5449010,0x000001dbe5451bd0] = 35776
 relocation     [0x000001dbe5449170,0x000001dbe5449648] = 1240
 main code      [0x000001dbe5449660,0x000001dbe544e060] = 18944
 stub code      [0x000001dbe544e060,0x000001dbe544e408] = 936
 oops           [0x000001dbe544e408,0x000001dbe544e450] = 72
 metadata       [0x000001dbe544e450,0x000001dbe544e4e8] = 152
 scopes data    [0x000001dbe544e4e8,0x000001dbe5450408] = 7968
 scopes pcs     [0x000001dbe5450408,0x000001dbe54514f8] = 4336
 dependencies   [0x000001dbe54514f8,0x000001dbe5451510] = 24
 handler table  [0x000001dbe5451510,0x000001dbe5451af8] = 1512
 nul chk table  [0x000001dbe5451af8,0x000001dbe5451bd0] = 216

[Constant Pool (empty)]

[MachCode]
[Entry Point]
  # {method} {0x000001dbc4ac0ce8} 'toByteArray' '()[B' in 'org/jetbrains/org/objectweb/asm/ClassWriter'
  #           [sp+0xc0]  (sp of caller)
  0x000001dbe5449660: 448b 5208 | 49bb 0000 | 0080 db01 | 0000 4d03 | d349 3bc2 

  0x000001dbe5449674: ;   {runtime_call ic_miss_stub}
  0x000001dbe5449674: 0f85 067a | ccfe 6690 | 0f1f 4000 
[Verified Entry Point]
  0x000001dbe5449680: 8984 2400 | 90ff ff55 | 4881 ecb0 | 0000 0048 | 8bca 448b | 5228 448b | 4258 41d1 | e241 83c2 
  0x000001dbe54496a0: 1845 85c0 | 750e 41b9 | 0800 0000 | 4533 c0e9 | cc01 0000 | 4d8b d841 | b908 0000 | 00bb 0100 
  0x000001dbe54496c0: 0000 eb36 | 0f1f 8400 | 0000 0000 | 6666 6690 | 8b6c 242c | ffc5 4c89 | 5c24 3048 | 8b4c 2420 
  0x000001dbe54496e0: 448b 4424 | 28e9 b501 | 0000 8b5c | 2438 ffc3 | 488b 4c24 | 2044 8b4c | 2428 458b | 4324 418b 
  0x000001dbe5449700: 6b28 4585 | c075 0841 | b808 0000 | 00eb 5985 | ed0f 84a1 | 2e00 0089 | 5c24 384c | 895c 2430 
  0x000001dbe5449720: 4489 4c24 | 2c44 8954 | 2428 4889 | 4c24 2048 

  0x000001dbe5449730: ;   {oop("ConstantValue"{0x00000000814518d8})}
  0x000001dbe5449730: 8bd5 49b8 | d818 4581 | 0000 0000 | 498b eb90 

  0x000001dbe5449740: ;   {optimized virtual_call}
  0x000001dbe5449740: c5f8 77e8 

  0x000001dbe5449744: ; ImmutableOopMap {rbp=Oop [32]=Oop [48]=Oop }
                      ;*invokevirtual addConstantUtf8 {reexecute=0 rethrow=0 return_oop=0}
                      ; - org.jetbrains.org.objectweb.asm.FieldWriter::computeFieldInfoSize@16 (line 197)
                      ; - org.jetbrains.org.objectweb.asm.ClassWriter::toByteArray@26 (line 505)
  0x000001dbe5449744: b8c5 6500 | 4c8b dd41 | 8b6b 2841 | b810 0000 | 0048 8b4c | 2420 448b | 5424 2844 | 8b4c 242c 
  0x000001dbe5449764: 8b5c 2438 | 418b 7b14 | 418b 7320 | f7c7 0010 | 0000 0f85 | 8c21 0000 | 0f1f 4000 | 85f6 0f85 
  0x000001dbe5449784: 111c 0000 | 33d2 f7c7 | 0000 0200 | 0f85 fd17 | 0000 4889 | 4c24 2044 | 8954 242c | 4489 4c24 
  0x000001dbe54497a4: 2889 5c24 | 3844 8944 | 243c 458b | 532c 0354 | 243c 8954 | 243c 458b | 4338 4489 | 4424 4045 
  0x000001dbe54497c4: 8b4b 3044 | 894c 2444 | 4c89 5c24 | 3045 8b5b | 3444 895c | 2448 660f | 1f44 0000 | 4585 d20f 
  0x000001dbe54497e4: 853e 1700 | 0045 33d2 | 4489 5424 | 4c44 8b5c | 2444 4585 | db0f 85b6 | 1600 0044 | 8b54 2448 
  0x000001dbe5449804: 4585 d20f | 853b 3500 | 0044 8b54 | 2440 4585 | d20f 855d | 3500 0044 | 8b5c 243c | 4403 5c24 
  0x000001dbe5449824: 4c4c 8b54 | 2430 418b | 6a3c 85ed | 0f85 7a35 | 0000 418b | 6a10 448b | 5424 2c45 | 03d3 85ed 
  0x000001dbe5449844: 0f84 5521 | 0000 448b 

  0x000001dbe544984c: ;   {metadata('org/jetbrains/org/objectweb/asm/FieldWriter')}
  0x000001dbe544984c: 4508 4181 | f810 8236 | 020f 8535 | 4400 004c | 8bdd 4d8b | 8758 0300 

  0x000001dbe5449864: ; ImmutableOopMap {r11=Oop [32]=Oop }
                      ;*goto {reexecute=1 rethrow=0 return_oop=0}
                      ; - (reexecute) org.jetbrains.org.objectweb.asm.ClassWriter::toByteArray@39 (line 506)
                      ;   {poll}
  0x000001dbe5449864: 0041 8500 | 4d85 db0f | 8579 feff | ff48 8b4c | 2420 448b | 4c24 2844 | 8b44 2438 | 448b 5960 
  0x000001dbe5449884: 4585 db75 | 0733 c0e9 | 8c00 0000 | 4c89 5c24 | 30bd 0100 | 0000 4489 | 4c24 3889 | 6c24 2c44 
  0x000001dbe54498a4: 8944 2428 | 418b ea48 | 894c 2420 | 488b 5424 | 3066 6690 

  0x000001dbe54498b8: ;   {optimized virtual_call}
  0x000001dbe54498b8: c5f8 77e8 

  0x000001dbe54498bc: ; ImmutableOopMap {[32]=Oop [48]=Oop }
                      ;*invokevirtual computeMethodInfoSize {reexecute=0 rethrow=0 return_oop=0}
                      ; - org.jetbrains.org.objectweb.asm.ClassWriter::toByteArray@62 (line 512)
  0x000001dbe54498bc: 20c3 73f9 | 4c8b 5424 | 3045 8b42 | 1044 8bd5 | 4403 d045 | 85c0 0f84 | bf20 0000 | 458b 4808 
  0x000001dbe54498dc: 0f1f 4000 

  0x000001dbe54498e0: ;   {metadata('org/jetbrains/org/objectweb/asm/MethodWriter')}
  0x000001dbe54498e0: 4181 f900 | 4c36 020f | 8563 4300 | 004d 8bd8 | 4d8b 8758 

  0x000001dbe54498f4: ; ImmutableOopMap {r11=Oop [32]=Oop }
                      ;*goto {reexecute=1 rethrow=0 return_oop=0}
                      ; - (reexecute) org.jetbrains.org.objectweb.asm.ClassWriter::toByteArray@77 (line 513)
                      ;   {poll}
  0x000001dbe54498f4: 0300 0041 | 8500 660f | 1f44 0000 | 4d85 db0f | 85c7 fdff | ff48 8b4c | 2420 448b | 4c24 3844 
  0x000001dbe5449914: 8b44 2428 | 8b44 242c | 8b59 6890 | 85db 0f84 | 5e00 0000 | 8b79 5085 | ff0f 84c9 | 3900 0089 
  0x000001dbe5449934: 4424 2c44 | 8944 2428 | 4489 4c24 | 2448 8be9 | 4403 530c | 488b d741 | 83c2 0844 | 8954 2420 
  0x000001dbe5449954: ;   {oop("InnerClasses"{0x000000008131eee0})}
  0x000001dbe5449954: 49b8 e0ee | 3181 0000 | 0000 6690 

  0x000001dbe5449960: ;   {optimized virtual_call}
  0x000001dbe5449960: c5f8 77e8 

  0x000001dbe5449964: ; ImmutableOopMap {rbp=Oop }
                      ;*invokevirtual addConstantUtf8 {reexecute=0 rethrow=0 return_oop=0}
                      ; - org.jetbrains.org.objectweb.asm.ClassWriter::toByteArray@113 (line 521)
  0x000001dbe5449964: 98c3 6500 | 41bb 0100 | 0000 488b | cd44 8b54 | 2420 448b | 4c24 2444 | 8b44 2428 | 8b44 242c 
  0x000001dbe5449984: eb03 4533 | db8b 6930 | 85ed 0f85 | 9035 0000 | bd00 1000 | 0023 691c | 0f1f 4000 | 85ed 0f85 
  0x000001dbe54499a4: a435 0000 | 8b59 3885 | db0f 8509 | 1d00 0044 | 8954 2420 | 4489 4c24 | 2444 8944 | 2438 8944 
  0x000001dbe54499c4: 243c 4489 | 5c24 4044 | 8b59 3c48 | 8be9 4585 | db74 4544 | 8b59 500f | 1f44 0000 | 4585 db0f 
  0x000001dbe54499e4: 848f 3700 | 0049 8bd3 | 448b 5c24 | 4041 ffc3 | 4489 5c24 | 4044 8b54 | 2420 4183 | c208 4489 
  0x000001dbe5449a04: ;   {oop("SourceFile"{0x0000000080700130})}
  0x000001dbe5449a04: 5424 2049 | b830 0170 | 8000 0000 | 0066 6690 

  0x000001dbe5449a14: ;   {optimized virtual_call}
  0x000001dbe5449a14: c5f8 77e8 

  0x000001dbe5449a18: ; ImmutableOopMap {rbp=Oop }
                      ;*invokevirtual addConstantUtf8 {reexecute=0 rethrow=0 return_oop=0}
                      ; - org.jetbrains.org.objectweb.asm.ClassWriter::toByteArray@225 (line 541)
  0x000001dbe5449a18: e4c2 6500 | 448b 556c | 4585 d20f | 85fc 2100 | 0041 ba00 | 0002 0044 | 8555 1c0f | 8562 1d00 
  0x000001dbe5449a38: 0044 8b55 | 7066 6690 | 4585 d20f | 85d1 1c00 | 0041 bb00 | 1000 0044 | 899c 2490 | 0000 0044 
  0x000001dbe5449a58: 8b5d 740f | 1f44 0000 | 4585 db0f | 85b2 1900 | 0044 8b54 | 2420 4c8b | dd41 8b6b | 7885 ed0f 
  0x000001dbe5449a78: 85f7 3400 | 0041 8b6b | 7c85 ed0f | 8503 3500 | 004c 895c | 2420 458b | 5b50 418b | 6b38 85ed 
  0x000001dbe5449a98: 0f85 0635 | 0000 4c8b | 4424 2041 | 8ba8 8000 | 0000 85ed | 0f85 1635 | 0000 418b | 6840 85ed 
  0x000001dbe5449ab8: 0f85 1e35 | 0000 418b | a884 0000 | 0085 ed0f | 8523 3500 | 0041 8ba8 | 8800 0000 | 85ed 0f85 
  0x000001dbe5449ad8: 2835 0000 | bd00 0001 | 0041 2368 | 1c85 ed0f | 85f7 3300 | 0041 8ba8 | 8c00 0000 | 85ed 0f85 
  0x000001dbe5449af8: 1c35 0000 | 418b a894 | 0000 0085 | ed0f 8521 | 3500 0045 | 8b4b 3445 | 0351 0c44 | 8954 2428 
  0x000001dbe5449b18: 418b 6b14 | 0f1f 4000 | 81fd ffff | 0000 0f8f | 1435 0000 | 498b 8708 | 0100 004c | 8bd0 4983 
  0x000001dbe5449b38: c218 660f | 1f44 0000 | 4d3b 9718 | 0100 000f | 831b 2300 | 004d 8997 | 0801 0000 | 410f 0d8a 
  0x000001dbe5449b58: 0001 0000 | 48c7 0001 

  0x000001dbe5449b60: ;   {metadata('org/jetbrains/org/objectweb/asm/ByteVector')}
  0x000001dbe5449b60: 0000 00c7 | 4008 c092 | 3602 4489 | 600c 4c89 | 6010 4889 | 4424 4844 | 8b5c 2428 | 0f1f 4000 
  0x000001dbe5449b80: 4181 fb00 | 0010 000f | 879f 2c00 | 0049 63cb | 458b d366 | 0f1f 8400 | 0000 0000 | 6666 6690 
  0x000001dbe5449ba0: 4181 fa00 | 0010 000f | 87d8 2200 | 004d 8b87 | 0801 0000 | 4883 c117 | 4c8b d149 | 83e2 f84d 
  0x000001dbe5449bc0: 8bd8 4d03 | da4d 3b9f | 1801 0000 | 0f83 b322 | 0000 4d89 | 9f08 0100 | 0041 0f0d | 8b00 0100 
  0x000001dbe5449be0: 0049 c700 | 0100 0000 | 410f 0d8b | 4001 0000 

  0x000001dbe5449bf0: ;   {metadata({type array byte})}
  0x000001dbe5449bf0: 41c7 4008 | 2867 0000 | 448b 4c24 | 2845 8948 | 0c41 0f0d | 8b80 0100 | 0049 8bf8 | 4883 c710 
  0x000001dbe5449c10: 48c1 e903 | 4883 c1fe | 4833 c048 | 83f9 087f | 1048 ffc9 | 784f 4889 | 04cf 48ff | c97d f7eb 
  0x000001dbe5449c30: 44c5 fdef | c0e9 0d00 | 0000 c5fe | 7f07 c5fe | 7f47 2048 | 83c7 4048 | 83e9 087d | ed48 83c1 
  0x000001dbe5449c50: 047c 0cc5 | fe7f 0748 | 83c7 2048 | 83e9 0448 | 83c1 047e | 1048 ffc9 | c5f9 d607 | 4883 c708 
  0x000001dbe5449c70: 48ff c97d | f34d 8bc8 | 4c8b 5424 | 484c 8b5c | 2448 4589 | 4310 4d8b | d94d 33da | 49c1 eb14 
  0x000001dbe5449c90: 4d85 db0f | 84cf 1d00 | 0049 c1ea | 0948 b900 | 00b9 ebdb | 0100 0049 | 03ca 8039 | 040f 85d2 
  0x000001dbe5449cb0: 1d00 0045 | 33d2 41bb | 0400 0000 | 4489 5424 | 2c44 895c | 2444 458b | 510c 448b | 4424 4445 
  0x000001dbe5449cd0: 3bc2 0f8f | 181d 0000 | 418b 490c | 448b 5424 | 2c41 ffc2 | 448b 4424 | 2c44 3bc1 | 0f83 f42a 
  0x000001dbe5449cf0: 0000 43c6 | 4401 10ca | 448b 5c24 | 2c41 83c3 | 0344 3bd9 | 0f83 2a2b | 0000 4c8b | 5424 4844 
  0x000001dbe5449d10: 8b5c 2444 | 4589 5a0c | 4c8b 5424 | 2045 8b52 | 1844 8954 | 2450 4c63 | 5424 2c4c | 8954 2430 
  0x000001dbe5449d30: 43c6 4411 | 11fe 43c6 | 4411 12ba | 43c6 4411 | 13be 448b | 5c24 5041 | c1fb 1844 | 895c 2454 
  0x000001dbe5449d50: 448b 5424 | 2c41 83c2 | 0844 8954 | 2458 6690 | 443b d10f | 8fc3 1c00 | 0045 8b51 | 0c8b 4c24 
  0x000001dbe5449d70: 2c83 c105 | 448b 4424 | 4445 3bc2 | 0f1f 4000 | 0f83 fa2a | 0000 8b5c | 2454 4388 | 5c01 1044 
  0x000001dbe5449d90: 8b44 242c | 4183 c007 | 8b5c 2450 | c1eb 1090 | 453b c20f | 8327 2b00 | 004c 8b5c | 2430 4388 
  0x000001dbe5449db0: 5c19 154c | 8b5c 2448 | 448b 4424 | 5845 8943 | 0c4c 8b5c | 2420 458b | 5b50 4489 | 5c24 5444 
  0x000001dbe5449dd0: 8b5c 2450 | 41c1 eb08 | 4c8b 4424 | 3047 885c | 0116 8b4c | 2450 4388 | 4c01 1744 | 8b5c 2454 
  0x000001dbe5449df0: ; implicit exception: dispatches to 0x000001dbe544dd20
  0x000001dbe5449df0: 458b 4314 | 4489 4424 | 4441 c1e8 | 0844 8944 | 2428 448b | 5c24 2c41 | 83c3 0a44 | 895c 2450 
  0x000001dbe5449e10: 450f bed8 | 4489 5c24 | 5c44 8b44 | 2450 6690 | 453b c20f | 8f83 2000 | 0041 8b49 | 0c44 8b44 
  0x000001dbe5449e30: 242c 4183 | c009 448b | 5424 580f | 1f44 0000 | 443b d10f | 83e7 2a00 | 0049 8bf9 | 488b d74c 
  0x000001dbe5449e50: 8b54 2430 | 4903 d244 | 8b5c 2428 | 4488 5a18 | 443b c10f | 831f 2b00 | 0044 8b54 | 2444 4488 
  0x000001dbe5449e70: 5219 4c8b | 5424 4844 | 8b44 2450 | 4589 420c | 448b 5424 | 5445 8b52 | 3441 8b5a | 0c45 8b5a 
  0x000001dbe5449e90: 1044 8b54 | 242c 4403 | d341 83c2 | 0a66 6690 | 443b d10f | 8fa7 3100 | 0045 85db | 0f84 5800 
  0x000001dbe5449eb0: 0000 4585 | c00f 8cc1 | 2f00 0045 | 8b43 0c90 | 443b c30f | 82b3 2f00 | 0041 3bca | 0f82 aa2f 
  0x000001dbe5449ed0: 0000 85db | 0f8c a22f | 0000 85db | 741e 4883 | c21a 4c63 | c34d 8bd3 | 498d 4b10 | c5f8 7749 
  0x000001dbe5449ef0: ba40 800f | e4db 0100 | 0041 ffd2 | 4c8b 5424 | 4845 8b52 | 0c44 8954 | 2450 4c8b | 5424 4845 
  0x000001dbe5449f10: 8b5a 1044 | 8b54 2450 | 4403 d344 | 8954 242c | 4c8b 5424 | 4844 8b4c | 242c 4589 | 4a0c 418b 
  0x000001dbe5449f30: 5b0c 4c8b | 5424 2045 | 0fb7 5218 | 458b c141 | 83c0 0244 | 8944 2450 | 41b8 0010 | 0000 33c9 
  0x000001dbe5449f50: 4183 fa31 | 440f 4dc1 | 4c8b 5424 | 20c4 4238 | f242 1c44 | 8944 2444 | 418b e8c1 | ed08 440f 
  0x000001dbe5449f70: bed5 4489 | 5424 5444 | 8b54 2450 | 0f1f 4000 | 443b d30f | 8f67 1f00 | 0045 8b4b | 0c44 8b54 
  0x000001dbe5449f90: 242c 41ff | c244 8b44 | 242c 660f | 1f44 0000 | 453b c10f | 832f 2a00 | 0043 886c | 0310 453b 
  0x000001dbe5449fb0: d10f 8371 | 2a00 004c | 8b54 2448 | 448b 4424 | 5045 8942 | 0c4c 8b54 | 2420 458b | 5220 4489 
  0x000001dbe5449fd0: 5424 5448 | 636c 242c | 448b 4424 | 4445 8844 | 2b11 41c1 | ea08 4489 | 5424 2844 

  0x000001dbe5449fec: ;   {no_reloc}
  0x000001dbe5449fec: 8b44 242c | 4183 c004 | 4489 4424 | 5845 0fbe | c244 8944 | 2444 448b | 5424 5845 | 3bd1 0f8f 
  0x000001dbe544a00c: 181f 0000 | 458b 4b0c | 448b 5424 | 2c41 83c2 | 0344 8b44 | 2450 453b | c10f 8341 | 2a00 008b 
  0x000001dbe544a02c: 4c24 2841 | 884c 2b12 | 453b d10f | 8373 2a00 | 0044 8b54 | 2454 4588 | 542b 134c | 8b54 2448 
  0x000001dbe544a04c: 8b4c 2458 | 4189 4a0c | 4c8b 5424 | 2045 8b42 | 2444 8944 | 2444 448b | 5424 2c41 | 83c2 0644 
  0x000001dbe544a06c: 8954 2450 | 41c1 e808 | 4489 4424 | 2845 0fbe | d044 8954 | 2454 448b | 5424 5045 | 3bd1 0f8f 
  0x000001dbe544a08c: d41e 0000 | 458b 430c | 448b 5424 | 2c41 83c2 | 0544 8b4c | 2458 453b | c80f 8349 | 2a00 008b 
  0x000001dbe544a0ac: 4c24 2841 | 884c 2b14 | 453b d00f | 8387 2a00 | 0044 8b54 | 2444 4588 | 542b 154c | 8b54 2448 
  0x000001dbe544a0cc: 8b4c 2450 | 4189 4a0c | 4c8b 5424 | 2045 8b52 | 2844 8954 | 2444 448b | 5424 2c41 | 83c2 0844 
  0x000001dbe544a0ec: 8954 2454 | 448b 4c24 | 4441 c1e9 | 0844 894c | 2428 450f | bec9 4489 | 4c24 5845 | 3bd0 0f8f 
  0x000001dbe544a10c: 8c1e 0000 | 418b 4b0c | 448b 5424 | 2c41 83c2 | 0744 8b44 | 2450 443b | c10f 835d | 2a00 0044 
  0x000001dbe544a12c: 8b44 2428 | 4588 442b | 1644 3bd1 | 0f83 a22a | 0000 448b | 4424 4445 | 8844 2b17 | 4c8b 5424 
  0x000001dbe544a14c: 4844 8b44 | 2454 4589 | 420c 4c8b | 5424 2045 | 8b42 2890 | 4585 c00f | 8fa4 0f00 | 0041 b800 
  0x000001dbe544a16c: 0001 0044 | 8984 2494 | 0000 0045 | 8b43 0c8b | 6c24 38c1 | ed08 448b | 5424 5441 | 83c2 0244 
  0x000001dbe544a18c: 8954 2444 | 440f bed5 | 4489 5424 | 5044 8b4c | 2444 6690 | 453b c80f | 8f33 1e00 | 0045 8b43 
  0x000001dbe544a1ac: 0c44 8b54 | 2454 41ff | c28b 4c24 | 5441 3bc8 | 0f1f 4000 | 0f83 5e2a | 0000 4188 | 6c0b 1045 
  0x000001dbe544a1cc: 3bd0 0f83 | 8c2a 0000 | 4c8b 5424 | 4844 8b4c | 2444 4589 | 4a0c 4c8b | 5424 2045 | 8b52 584c 
  0x000001dbe544a1ec: 6344 2454 | 448b 4c24 | 3847 884c | 0311 660f | 1f44 0000 | 4585 d20f | 846c 0500 | 004c 8954 
  0x000001dbe544a20c: 2450 6690 | 4c8b 5424 | 5045 8b5a | 280f 1f80 | 0000 0000 

  0x000001dbe544a220: ; implicit exception: dispatches to 0x000001dbe544dcd0
  0x000001dbe544a220: 458b 530c | 4183 fa31 | 7d1e 41b8 | 0100 0000 | 4533 db41 | 83fa 3145 | 0f4d c344 | 8944 2458 
  0x000001dbe544a240: 41ba 0010 | 0000 eb0b | 4533 d245 | 33db 4489 | 5c24 584c | 8b5c 2448 | 418b 4b10 | 0f1f 4000 
  0x000001dbe544a260: ; implicit exception: dispatches to 0x000001dbe544dce0
  0x000001dbe544a260: 448b 410c | 4c8b 5c24 | 50c4 4228 | f253 1444 | 8954 245c | 4c8b 5424 | 4845 8b5a | 0c44 895c 
  0x000001dbe544a280: 2460 8b6c | 245c c1ed | 0841 83c3 | 0244 895c | 2464 453b | d80f 8f4d | 1a00 0044 | 8b59 0c44 
  0x000001dbe544a2a0: 8b44 2460 | 41ff c044 | 8b54 2460 | 453b d30f | 83d3 2000 | 0042 886c | 1110 660f | 1f44 0000 
  0x000001dbe544a2c0: 453b c30f | 83ff 2000 | 004c 8b54 | 2448 448b | 4424 6445 | 8942 0c4c | 8b54 2450 | 458b 4218 
  0x000001dbe544a2e0: 4489 4424 | 684c 6354 | 2460 4c89 | 5424 2844 | 8b4c 245c | 4688 4c11 | 1141 8be8 | c1ed 0844 
  0x000001dbe544a300: 8b54 2460 | 4183 c204 | 4489 5424 | 5c45 3bd3 | 0f8f 121a | 0000 448b | 590c 448b | 4c24 6041 
  0x000001dbe544a320: 83c1 0344 | 8b44 2464 | 453b c30f | 83df 2000 | 004c 8b44 | 2428 4288 | 6c01 120f | 1f44 0000 
  0x000001dbe544a340: 453b cb0f | 8313 2100 | 004d 8bd0 | 448b 4424 | 6846 8844 | 1113 4c8b | 5424 4844 | 8b4c 245c 
  0x000001dbe544a360: 4589 4a0c | 4c8b 5424 | 5045 8b42 | 1c44 8944 | 2464 448b | 5424 6041 | 83c2 0644 | 8954 2468 
  0x000001dbe544a380: 418b e8c1 | ed08 453b | d30f 8fd9 | 1900 0044 | 8b41 0c44 | 8b54 2460 | 4183 c205 | 448b 4c24 
  0x000001dbe544a3a0: 5c45 3bc8 | 0f83 f220 | 0000 4c8b | 4c24 2842 | 886c 0914 | 453b d00f | 832b 2100 | 004d 8bd1 
  0x000001dbe544a3c0: 448b 5c24 | 6446 885c | 1115 4c8b | 5424 4844 | 8b4c 2468 | 4589 4a0c | 4c8b 5424 | 5045 8b5a 
  0x000001dbe544a3e0: 1445 8b4a | 2445 85c9 | 410f 95c1 

  0x000001dbe544a3ec: ;   {no_reloc}
  0x000001dbe544a3ec: 450f b6c9 | 4489 4c24 | 4466 6666 | 0f1f 8400 | 0000 0000 | 41f7 c300 | 1000 000f | 85b8 1400 
  0x000001dbe544a40c: 004c 8b54 | 2450 458b | 4a20 4585 | c90f 85ab | 1000 0090 | 41f7 c300 | 0002 000f | 858b 1000 
  0x000001dbe544a42c: 004c 8b54 | 2450 453b | 622c 0f85 | 6a10 0000 | 0f1f 4000 | 453b 6230 | 0f85 4a10 | 0000 4c8b 
  0x000001dbe544a44c: 5424 5041 | 8b6a 3485 | ed0f 8571 | 2900 0041 | 8b6a 3890 | 85ed 0f85 | 9029 0000 | 418b 6a3c 
  0x000001dbe544a46c: 85ed 0f85 | b029 0000 | 448b 5c24 | 6041 83c3 | 0844 895c | 2458 453b | d80f 8f1d | 1900 0044 
  0x000001dbe544a48c: 8b51 0c44 | 8b5c 2460 | 4183 c307 | 448b 4424 | 6866 6690 | 453b c20f | 837f 2000 | 004c 8b44 
  0x000001dbe544a4ac: 2428 4688 | 6401 1645 | 3bda 0f83 | b420 0000 | 4d8b d044 | 8b44 2444 | 4688 4411 | 174c 8b54 
  0x000001dbe544a4cc: 2448 448b | 5c24 5845 | 895a 0c4c | 8b54 2450 | 458b 5224 | 4c8b 5c24 | 5045 8b43 | 2844 8944 
  0x000001dbe544a4ec: 2458 4585 | d20f 848e | 0100 0045 | 85c0 660f | 1f44 0000 | 0f84 c220 | 0000 498b 

  0x000001dbe544a508: ;   {oop("ConstantValue"{0x00000000814518d8})}
  0x000001dbe544a508: d049 b8d8 | 1845 8100 | 0000 004c | 8b54 2448 | 498b ea90 

  0x000001dbe544a51c: ;   {optimized virtual_call}
  0x000001dbe544a51c: c5f8 77e8 

  0x000001dbe544a520: ; ImmutableOopMap {rbp=Oop [32]=Oop [72]=Oop [80]=Oop }
                      ;*invokevirtual addConstantUtf8 {reexecute=0 rethrow=0 return_oop=0}
                      ; - org.jetbrains.org.objectweb.asm.FieldWriter::putFieldInfo@191 (line 259)
                      ; - org.jetbrains.org.objectweb.asm.ClassWriter::toByteArray@831 (line 639)
  0x000001dbe544a520: dcb7 6500 | 8944 2458 | 448b 4d10 

  0x000001dbe544a52c: ; implicit exception: dispatches to 0x000001dbe544dcf0
  0x000001dbe544a52c: 458b 510c | 448b 450c | 4489 4424 | 5c8b e8c1 | ed08 4183 | c002 4489 | 4424 6045 | 3bc2 0f8f 
  0x000001dbe544a54c: 9818 0000 | 418b 490c | 448b 5424 | 5c41 ffc2 | 448b 5c24 | 5c44 3bd9 | 0f83 6e20 | 0000 458b 
  0x000001dbe544a56c: c343 886c | 0110 443b | d10f 83a1 | 2000 004c | 8b54 2448 | 448b 4424 | 6045 8942 | 0c45 8bd3 
  0x000001dbe544a58c: 4183 c206 | 4489 5424 | 6449 63eb | 448b 5c24 | 5845 885c | 2911 443b | d10f 8f09 | 1400 0041 
  0x000001dbe544a5ac: 8b59 0c44 | 8b54 245c | 4183 c203 | 448b 5c24 | 6066 6690 | 443b db0f | 839f 2000 | 0045 8864 
  0x000001dbe544a5cc: 2912 448b | 4424 5c41 | 83c0 0544 | 3bc3 660f | 1f44 0000 | 0f83 ce20 | 0000 4588 | 6429 134c 
  0x000001dbe544a5ec: 8b54 2448 | 448b 5c24 | 6445 895a | 0c45 8864 | 2914 41c6 | 4429 1502 | 4c8b 5424 | 5045 8b52 
  0x000001dbe544a60c: 2444 8954 | 2458 448b | 5c24 5c41 | 83c3 0844 | 895c 2460 | 41c1 ea08 | 4489 5424 | 2844 3bdb 
  0x000001dbe544a62c: 0f8f f617 | 0000 458b | 510c 448b | 4424 5c41 | 83c0 078b | 4c24 6441 | 3bca 0f83 | c020 0000 
  0x000001dbe544a64c: 448b 5c24 | 2845 885c | 2916 453b | c20f 83f1 | 2000 0044 | 8b5c 2458 | 4588 5c29 | 174c 8b54 
  0x000001dbe544a66c: 2448 448b | 5c24 6045 | 895a 0c4c | 8b54 2450 | 458b 5228 | 4489 5424 | 584c 8b54 | 2450 458b 
  0x000001dbe544a68c: 5a14 4489 | 5c24 5c45 | 8b52 2044 | 8954 2460 | 0f1f 4000 | 41f7 c300 | 1000 000f | 8591 1200 
  0x000001dbe544a6ac: 0044 8b5c | 2460 4585 | db0f 8561 | 0b00 0044 | 8b5c 245c | 41f7 c300 | 0002 000f | 8518 0900 
  0x000001dbe544a6cc: 004c 8b54 | 2450 458b | 5a28 418b | 5a2c 458b | 5238 4c8b | 4424 5041 | 8b48 3445 | 8b40 3049 
  0x000001dbe544a6ec: 8bd3 4d8b | c848 8bf9 | 498b f24c | 8bc3 488b | 4c24 4848 | 8be9 6690 

  0x000001dbe544a704: ;   {static_call}
  0x000001dbe544a704: c5f8 77e8 

  0x000001dbe544a708: ; ImmutableOopMap {rbp=Oop [32]=Oop [72]=Oop [80]=Oop }
                      ;*invokestatic putAnnotations {reexecute=0 rethrow=0 return_oop=0}
                      ; - org.jetbrains.org.objectweb.asm.FieldWriter::putFieldInfo@246 (line 264)
                      ; - org.jetbrains.org.objectweb.asm.ClassWriter::toByteArray@831 (line 639)
  0x000001dbe544a708: d48c 6b00 | 4c8b 5424 | 5041 8b6a | 3c85 ed0f | 8533 2700 | 0041 8b6a | 1085 ed0f | 847e 1200 
  0x000001dbe544a728: 0044 8b55 

  0x000001dbe544a72c: ;   {metadata('org/jetbrains/org/objectweb/asm/FieldWriter')}
  0x000001dbe544a72c: 0841 81fa | 1082 3602 | 0f85 0635 | 0000 4c8b | d54c 8954 | 2450 4d8b | 9758 0300 

  0x000001dbe544a748: ; ImmutableOopMap {[32]=Oop [72]=Oop [80]=Oop }
                      ;*goto {reexecute=1 rethrow=0 return_oop=0}
                      ; - (reexecute) org.jetbrains.org.objectweb.asm.ClassWriter::toByteArray@842 (line 640)
                      ;   {poll}
  0x000001dbe544a748: 0041 8502 | 4c8b 5424 | 504d 85d2 | 0f85 b6fa | ffff 4c8b | 5424 4845 | 8b5a 1045 | 85db 0f84 
  0x000001dbe544a768: 6827 0000 | 458b 520c | 4489 5424 | 4445 8b43 | 0c8b 6c24 | 3cc1 ed08 | 448b 4c24 | 4441 83c1 
  0x000001dbe544a788: 0244 894c | 2450 440f | becd 4489 | 4c24 3844 | 8b54 2450 | 0f1f 4000 | 453b d00f | 8f6b 1800 
  0x000001dbe544a7a8: 0045 8b53 | 0c44 8b44 | 2444 41ff | c044 8b4c | 2444 660f | 1f44 0000 | 453b ca0f | 83db 2400 
  0x000001dbe544a7c8: 0043 886c | 0b10 453b | c20f 8309 | 2500 004c | 8b54 2448 | 448b 4424 | 5045 8942 | 0c4c 8b54 
  0x000001dbe544a7e8: 2420 458b | 5260 4c63 | 4424 448b | 4c24 3c43 | 884c 0311 | 0f1f 4000 | 4585 d275 | 1545 33d2 
  0x000001dbe544a808: 4533 c044 | 8954 2430 | 4489 4424 | 34e9 9500 | 0000 498b | ea45 33db | 4533 c044 | 895c 2430 
  0x000001dbe544a828: 4489 4424 | 3466 6690 | 448b 5d34 | 4585 db0f | 8f43 1100 | 0044 0fb6 | 5d6d 448b | 5424 3445 
  0x000001dbe544a848: 0bd3 4489 | 5424 3448 | 8bd5 4c8b | 4424 4890 

  0x000001dbe544a858: ;   {optimized virtual_call}
  0x000001dbe544a858: c5f8 77e8 

  0x000001dbe544a85c: ; ImmutableOopMap {rbp=Oop [32]=Oop [72]=Oop }
                      ;*invokevirtual putMethodInfo {reexecute=0 rethrow=0 return_oop=0}
                      ; - org.jetbrains.org.objectweb.asm.ClassWriter::toByteArray@894 (line 649)
  0x000001dbe544a85c: 602d a0f9 | 448b 4510 | 4585 c00f | 8423 1100 | 0045 8b50 

  0x000001dbe544a870: ;   {metadata('org/jetbrains/org/objectweb/asm/MethodWriter')}
  0x000001dbe544a870: 0841 81fa | 004c 3602 | 0f85 2634 | 0000 498b | e84d 8b97 

  0x000001dbe544a884: ; ImmutableOopMap {rbp=Oop [32]=Oop [72]=Oop }
                      ;*goto {reexecute=1 rethrow=0 return_oop=0}
                      ; - (reexecute) org.jetbrains.org.objectweb.asm.ClassWriter::toByteArray@907 (line 650)
  0x000001dbe544a884: 5803 0000 

  0x000001dbe544a888: ;   {poll}
  0x000001dbe544a888: 4185 0248 | 85ed 75a0 | 4c8b 5424 | 4845 8b5a | 1045 85db | 0f1f 4000 | 0f84 1e26 | 0000 458b 
  0x000001dbe544a8a8: 420c 4489 | 4424 5045 | 8b43 0c44 | 8b4c 2450 | 4183 c102 | 4489 4c24 | 4445 3bc8 | 0f8f 8217 
  0x000001dbe544a8c8: 0000 458b | 430c 8b6c | 2450 ffc5 | 448b 5424 | 5045 3bd0 | 0f1f 4000 | 0f83 2a24 | 0000 4788 
  0x000001dbe544a8e8: 6413 1041 | 3be8 0f83 | 3824 0000 | 4c8b 5424 | 4844 8b44 | 2444 4589 | 420c 4c63 | 5424 5044 
  0x000001dbe544a908: 8b4c 2440 | 4788 4c13 | 114c 8b54 | 2420 453b | 6268 660f | 1f44 0000 | 0f84 8902 | 0000 458b 
  0x000001dbe544a928: 5250 4585 | d20f 84d9 | 2900 0049 

  0x000001dbe544a934: ;   {oop("InnerClasses"{0x000000008131eee0})}
  0x000001dbe544a934: 8bd2 49b8 | e0ee 3181 | 0000 0000 

  0x000001dbe544a940: ;   {optimized virtual_call}
  0x000001dbe544a940: c5f8 77e8 

  0x000001dbe544a944: ; ImmutableOopMap {[32]=Oop [72]=Oop }
                      ;*invokevirtual addConstantUtf8 {reexecute=0 rethrow=0 return_oop=0}
                      ; - org.jetbrains.org.objectweb.asm.ClassWriter::toByteArray@934 (line 656)
  0x000001dbe544a944: b8b3 6500 | 8944 2438 | 4c8b 5424 | 4845 8b4a | 1041 8b49 | 0c45 8b52 | 0c44 8954 | 243c 8be8 
  0x000001dbe544a964: c1ed 0841 | 83c2 0244 | 8954 2440 | 440f bed5 | 4489 5424 | 4444 8b5c | 2440 6690 | 443b d90f 
  0x000001dbe544a984: 8fbf 1700 | 0045 8b41 | 0c44 8b5c | 243c 41ff | c344 8b54 | 243c 660f | 1f44 0000 | 453b d00f 
  0x000001dbe544a9a4: 8373 2900 | 0043 886c | 1110 453b | d80f 83a1 | 2900 004c | 8b54 2448 | 448b 5c24 | 4045 895a 
  0x000001dbe544a9c4: 0c4c 8b54 | 2420 418b | 4a68 4863 | 6c24 3c44 | 8b5c 2438 | 4588 5c29 | 1141 ba02 | 0000 0044 
  0x000001dbe544a9e4: 0351 0c44 | 8954 2438 | 458b da41 | c1fb 1844 | 895c 2444 | 448b 5424 | 3c41 83c2 | 0644 8954 
  0x000001dbe544aa04: 2450 453b | d00f 8f31 | 1100 0041 | 8b49 0c44 | 8b5c 243c | 4183 c303 | 448b 4424 | 4044 3bc1 
  0x000001dbe544aa24: 0f83 5629 | 0000 448b | 5424 4445 | 8854 2912 | 448b 4424 | 3c41 83c0 | 058b 5c24 | 38c1 eb10 
  0x000001dbe544aa44: 443b c10f | 836f 2900 | 0041 885c | 2913 4c8b | 5424 4844 | 8b44 2450 | 4589 420c | 4c8b 5424 
  0x000001dbe544aa64: 2045 8b52 | 2c44 8954 | 2440 448b | 5424 3c41 | 83c2 0844 | 8954 2444 | 448b 5c24 | 4041 c1eb 
  0x000001dbe544aa84: 0844 895c | 2428 448b | 5424 3841 | c1ea 0845 | 8854 2914 | 448b 5424 | 3845 8854 | 2915 450f 
  0x000001dbe544aaa4: bedb 4489 | 5c24 3844 | 8b5c 2444 | 443b d90f | 8fcb 1600 | 0041 8b49 | 0c44 8b5c | 243c 4183 
  0x000001dbe544aac4: c307 448b | 4424 5044 | 3bc1 0f83 | 3429 0000 | 498b f948 | 8bd7 4803 | d544 8b54 | 2428 4488 
  0x000001dbe544aae4: 5216 443b | d90f 835d | 2900 0044 | 8b5c 2440 | 4488 5a17 | 4c8b 5424 | 4844 8b5c | 2444 4589 
  0x000001dbe544ab04: 5a0c 4c8b | 5424 2045 | 8b52 6841 | 8b5a 0c44 | 8b44 243c | 4403 c345 | 8b52 1041 | 83c0 0844 
  0x000001dbe544ab24: 3bc1 0f8f | 8c2d 0000 | 4585 d20f | 8469 0000 | 0045 85db | 0f8c 3e29 | 0000 458b | 5a0c 443b 
  0x000001dbe544ab44: db0f 8231 | 2900 0041 | 3bc8 0f82 | 2829 0000 | 85db 0f8c | 2029 0000 | 0f1f 4000 | 85db 742c 
  0x000001dbe544ab64: 4883 c218 | 4d8b da49 | 8d4a 104c | 63c3 6666 | 0f1f 8400 | 0000 0000 | 6666 6690 | c5f8 7749 
  0x000001dbe544ab84: ba40 800f | e4db 0100 | 0041 ffd2 | 4c8b 5424 | 4845 8b5a | 0c44 895c | 2444 448b | 5424 4444 
  0x000001dbe544aba4: 03d3 4c8b | 5c24 4845 | 8953 0c4c | 8b4c 2420 | 418b 6930 | 85ed 660f | 1f44 0000 | 0f85 d624 
  0x000001dbe544abc4: 0000 448b | 8424 9000 | 0000 4523 | 411c 4585 | c00f 85d1 | 2400 0045 | 8b51 5045 | 8b41 3845 
  0x000001dbe544abe4: 85c0 0f85 | f008 0000 | 458b 413c | 4585 c00f | 84a5 0100 | 0045 85d2 | 0f1f 4000 | 0f84 8225 
  0x000001dbe544ac04: 0000 4c89 | 4c24 2049 

  0x000001dbe544ac0c: ;   {oop("SourceFile"{0x0000000080700130})}
  0x000001dbe544ac0c: 8bd2 49b8 | 3001 7080 | 0000 0000 

  0x000001dbe544ac18: ;   {optimized virtual_call}
  0x000001dbe544ac18: c5f8 77e8 

  0x000001dbe544ac1c: ; ImmutableOopMap {[32]=Oop [72]=Oop }
                      ;*invokevirtual addConstantUtf8 {reexecute=0 rethrow=0 return_oop=0}
                      ; - org.jetbrains.org.objectweb.asm.ClassWriter::toByteArray@1112 (line 679)
  0x000001dbe544ac1c: e0b0 6500 | 8944 2038 | 4c8b 5424 | 4845 8b4a | 1045 8b41 | 0c4c 8954 | 2440 458b | 520c 4489 
  0x000001dbe544ac3c: 5424 3c8b | e8c1 ed08 | 4183 c202 | 4489 5424 | 4844 0fbe | dd44 895c | 244c 453b | d00f 8f71 
  0x000001dbe544ac5c: 1400 0045 | 8b41 0c44 | 8b5c 243c | 41ff c38b | 4c24 3c41 | 3bc8 0f83 | 2025 0000 | 448b d143 
  0x000001dbe544ac7c: 886c 1110 | 453b d80f | 834b 2500 | 004c 8b54 | 2440 8b4c | 2448 4189 | 4a0c 448b | 5424 3c41 
  0x000001dbe544ac9c: 83c2 0644 | 8954 244c | 4863 6c24 | 3c44 8b5c | 2438 4588 | 5c29 1145 | 3bd0 0f8f | 490e 0000 
  0x000001dbe544acbc: 458b 590c | 448b 5424 | 3c41 83c2 | 0344 8b44 | 2448 453b | c30f 832d | 2500 0045 | 8864 2912 
  0x000001dbe544acdc: 8b4c 243c | 83c1 0541 | 3bcb 0f83 | 5425 0000 | 4588 6429 | 134c 8b54 | 2440 8b4c | 244c 4189 
  0x000001dbe544acfc: 4a0c 4588 | 6429 1441 | c644 2915 | 024c 8b54 | 2420 458b | 523c 4489 | 5424 3844 | 8b54 243c 
  0x000001dbe544ad1c: 4183 c208 | 4489 5424 | 4844 8b44 | 2438 41c1 | e808 4489 | 4424 2845 | 0fbe c044 | 8944 2450 
  0x000001dbe544ad3c: 0f1f 4000 | 453b d30f | 8fc3 1300 | 0045 8b59 | 0c44 8b54 | 243c 4183 | c207 448b | 4424 4c0f 
  0x000001dbe544ad5c: 1f44 0000 | 453b c30f | 831f 2500 | 008b 4c24 | 2841 884c | 2916 453b | d30f 8351 | 2500 0044 
  0x000001dbe544ad7c: 8b54 2438 | 4588 5429 | 174c 8b5c | 2440 448b | 5424 4845 | 8953 0c4c | 8b4c 2420 | 458b 5150 
  0x000001dbe544ad9c: eb05 4c8b | 5c24 4845 | 8b41 6c45 | 85c0 0f85 | cc0d 0000 | 41b8 0000 | 0200 4585 | 411c 660f 
  0x000001dbe544adbc: 1f44 0000 | 0f85 1f0a | 0000 4c89 | 5c24 2845 | 8b41 7041 | 8b71 7c41 | 8b49 7845 | 8b59 7449 
  0x000001dbe544addc: 8be9 4d8b | cb49 8bd2 | 488b f948 | 8b4c 2428 

  0x000001dbe544adec: ;   {static_call}
  0x000001dbe544adec: c5f8 77e8 

  0x000001dbe544adf0: ; ImmutableOopMap {rbp=Oop [40]=Oop }
                      ;*invokestatic putAnnotations {reexecute=0 rethrow=0 return_oop=0}
                      ; - org.jetbrains.org.objectweb.asm.ClassWriter::toByteArray@1233 (line 693)
  0x000001dbe544adf0: 8c6b ccfe | 4c8b c545 | 8b50 500f | 1f44 0000 

  0x000001dbe544ae00: ; implicit exception: dispatches to 0x000001dbe544dd54
  0x000001dbe544ae00: 418b 6a38 | 85ed 0f85 | c022 0000 | 418b a880 | 0000 0085 | ed0f 85c9 | 2200 0041 | 8b68 4090 
  0x000001dbe544ae20: 85ed 0f85 | d022 0000 | 418b a884 | 0000 0085 | ed0f 85d5 | 2200 0041 | 8ba8 8800 | 0000 6690 
  0x000001dbe544ae40: 85ed 0f85 | d822 0000 | 448b 8c24 | 9400 0000 | 4523 481c | 4585 c90f | 859b 2000 | 0041 8ba8 
  0x000001dbe544ae60: 8c00 0000 | 85ed 0f85 | c822 0000 | 418b a894 | 0000 0085 | ed0f 85cd | 2200 0044 | 8b5c 2434 
  0x000001dbe544ae80: 4585 db0f | 85d3 2200 | 004c 8b54 | 2428 458b | 5210 498b | c2c5 f877 | 4881 c4b0 | 0000 005d 
  0x000001dbe544aea0: ;   {poll_return}
  0x000001dbe544aea0: 493b a750 | 0300 000f | 8788 3100 | 00c3 6690 | 498b e8eb | 3545 8b5b | 2045 85db | 0f1f 4000 
  0x000001dbe544aec0: 0f84 f625 | 0000 498b | d344 8b5c | 2444 498b 

  0x000001dbe544aed0: ;   {oop("RuntimeInvisibleAnnotations"{0x0000000083fa3ce8})}
  0x000001dbe544aed0: eb49 b8e8 | 3cfa 8300 | 0000 0090 

  0x000001dbe544aedc: ;   {optimized virtual_call}
  0x000001dbe544aedc: c5f8 77e8 

  0x000001dbe544aee0: ; ImmutableOopMap {rbp=Oop [32]=Oop [48]=Oop [64]=NarrowOop [72]=NarrowOop }
                      ;*invokevirtual addConstantUtf8 {reexecute=0 rethrow=0 return_oop=0}
                      ; - org.jetbrains.org.objectweb.asm.AnnotationWriter::computeAnnotationsSize@9 (line 334)
                      ; - org.jetbrains.org.objectweb.asm.AnnotationWriter::computeAnnotationsSize@27 (line 380)
                      ; - org.jetbrains.org.objectweb.asm.FieldWriter::computeFieldInfoSize@58 (line 202)
                      ; - org.jetbrains.org.objectweb.asm.ClassWriter::toByteArray@26 (line 505)
  0x000001dbe544aee0: 9c64 ccfe | 41bb 0800 | 0000 448b | 5524 4503 | 5a0c 4d8b | 9758 0300 | 0044 8b45 

  0x000001dbe544aefc: ; ImmutableOopMap {r8=NarrowOop [32]=Oop [48]=Oop [64]=NarrowOop [72]=NarrowOop }
                      ;*goto {reexecute=1 rethrow=0 return_oop=0}
                      ; - (reexecute) org.jetbrains.org.objectweb.asm.AnnotationWriter::computeAnnotationsSize@37 (line 341)
                      ; - org.jetbrains.org.objectweb.asm.AnnotationWriter::computeAnnotationsSize@27 (line 380)
                      ; - org.jetbrains.org.objectweb.asm.FieldWriter::computeFieldInfoSize@58 (line 202)
                      ; - org.jetbrains.org.objectweb.asm.ClassWriter::toByteArray@26 (line 505)
                      ;   {poll}
  0x000001dbe544aefc: 2841 8502 | 4585 c075 | ab44 8b54 | 244c 4503 | d344 8954 | 244c e9e8 | e8ff ff66 | 0f1f 8400 
  0x000001dbe544af1c: 0000 0000 | 4c89 5424 | 50eb 3845 | 8b5a 2045 | 85db 0f84 | 9825 0000 | 498b d34c | 8954 2450 
  0x000001dbe544af3c: ;   {oop("RuntimeVisibleAnnotations"{0x00000000806fd538})}
  0x000001dbe544af3c: 49b8 38d5 | 6f80 0000 | 0000 488b | 6c24 3090 

  0x000001dbe544af4c: ;   {optimized virtual_call}
  0x000001dbe544af4c: c5f8 77e8 

  0x000001dbe544af50: ; ImmutableOopMap {rbp=Oop [32]=Oop [48]=Oop [64]=NarrowOop [68]=NarrowOop [72]=NarrowOop [80]=Oop }
                      ;*invokevirtual addConstantUtf8 {reexecute=0 rethrow=0 return_oop=0}
                      ; - org.jetbrains.org.objectweb.asm.AnnotationWriter::computeAnnotationsSize@9 (line 334)
                      ; - org.jetbrains.org.objectweb.asm.AnnotationWriter::computeAnnotationsSize@12 (line 375)
                      ; - org.jetbrains.org.objectweb.asm.FieldWriter::computeFieldInfoSize@58 (line 202)
                      ; - org.jetbrains.org.objectweb.asm.ClassWriter::toByteArray@26 (line 505)
  0x000001dbe544af50: 2c64 ccfe | 41bb 0800 | 0000 4489 | 5c24 4c4c | 8b54 2450 | 458b 5a24 | 448b 5424 | 4c45 0353 
  0x000001dbe544af70: 0c44 8954 | 244c 4d8b | 9f58 0300 | 004c 8b54 | 2450 458b 

  0x000001dbe544af84: ; ImmutableOopMap {r10=NarrowOop [32]=Oop [48]=Oop [64]=NarrowOop [68]=NarrowOop [72]=NarrowOop }
                      ;*goto {reexecute=1 rethrow=0 return_oop=0}
                      ; - (reexecute) org.jetbrains.org.objectweb.asm.AnnotationWriter::computeAnnotationsSize@37 (line 341)
                      ; - org.jetbrains.org.objectweb.asm.AnnotationWriter::computeAnnotationsSize@12 (line 375)
                      ; - org.jetbrains.org.objectweb.asm.FieldWriter::computeFieldInfoSize@58 (line 202)
                      ; - org.jetbrains.org.objectweb.asm.ClassWriter::toByteArray@26 (line 505)
                      ;   {poll}
  0x000001dbe544af84: 5228 4185 | 0345 85d2 | 7592 e95e | e8ff ff85 | ed0f 8441 | 2500 0089 | 5424 4044 | 8944 243c 
  0x000001dbe544afa4: 895c 2438 | 4c89 5c24 | 3044 894c | 2428 4489 | 5424 2c48 | 894c 2420 

  0x000001dbe544afbc: ;   {oop("Deprecated"{0x0000000083fa3be8})}
  0x000001dbe544afbc: 488b d549 | b8e8 3bfa | 8300 0000 | 0066 6690 

  0x000001dbe544afcc: ;   {optimized virtual_call}
  0x000001dbe544afcc: c5f8 77e8 

  0x000001dbe544afd0: ; ImmutableOopMap {[32]=Oop [48]=Oop }
                      ;*invokevirtual addConstantUtf8 {reexecute=0 rethrow=0 return_oop=0}
                      ; - org.jetbrains.org.objectweb.asm.Attribute::computeAttributesSize@53 (line 260)
                      ; - org.jetbrains.org.objectweb.asm.FieldWriter::computeFieldInfoSize@36 (line 200)
                      ; - org.jetbrains.org.objectweb.asm.ClassWriter::toByteArray@26 (line 505)
  0x000001dbe544afd0: ac63 ccfe | 8b54 2440 | 83c2 064c | 8b5c 2430 | e9c9 e7ff | ff44 8b54 | 2458 4585 | d20f 84f9 
  0x000001dbe544aff0: 2400 0049 

  0x000001dbe544aff4: ;   {oop("Deprecated"{0x0000000083fa3be8})}
  0x000001dbe544aff4: 8bd2 49b8 | e83b fa83 | 0000 0000 | 4c8b 5424 | 4849 8bea 

  0x000001dbe544b008: ;   {optimized virtual_call}
  0x000001dbe544b008: c5f8 77e8 

  0x000001dbe544b00c: ; ImmutableOopMap {rbp=Oop [32]=Oop [72]=Oop [80]=Oop }
                      ;*invokevirtual addConstantUtf8 {reexecute=0 rethrow=0 return_oop=0}
                      ; - org.jetbrains.org.objectweb.asm.Attribute::putAttributes@66 (line 346)
                      ; - org.jetbrains.org.objectweb.asm.FieldWriter::putFieldInfo@222 (line 263)
                      ; - org.jetbrains.org.objectweb.asm.ClassWriter::toByteArray@831 (line 639)
  0x000001dbe544b00c: 7063 ccfe | 8944 2458 | 448b 4d10 | 0f1f 8400 | 0000 0000 

  0x000001dbe544b020: ; implicit exception: dispatches to 0x000001dbe544ddc4
  0x000001dbe544b020: 458b 510c | 448b 450c | 4489 4424 | 5c8b e8c1 | ed08 458b | d841 83c3 | 0244 895c | 2460 6690 
  0x000001dbe544b040: 453b da0f | 8fc6 1100 | 0041 8b59 | 0c44 8b44 | 245c 41ff | c044 8b5c | 245c 660f | 1f44 0000 
  0x000001dbe544b060: 443b db0f | 8393 2400 | 0043 886c | 1910 443b | c30f 83c9 | 2400 004c | 8b54 2448 | 448b 5c24 
  0x000001dbe544b080: 6045 895a | 0c8b 6c24 | 5c83 c506 | 4c63 5424 | 5c4c 8954 | 2428 448b | 4424 5847 | 8844 1111 
  0x000001dbe544b0a0: 3beb 0f8f | c90b 0000 | 458b 410c | 448b 5c24 | 5c41 83c3 | 038b 4c24 | 6041 3bc8 | 0f1f 4000 
  0x000001dbe544b0c0: 0f83 c624 | 0000 4c8b | 5424 2847 | 8864 1112 | 448b 5424 | 5c41 83c2 | 0545 3bd0 | 0f1f 4000 
  0x000001dbe544b0e0: 0f83 f224 | 0000 4c8b | 5424 2847 | 8864 1113 | 4c8b 5424 | 4841 896a | 0c4c 8b54 | 2428 4788 
  0x000001dbe544b100: 6411 1447 | 8864 1115 | e9c0 f5ff | ff41 ba00 | 0001 0045 | 33c0 4489 | 9424 9400 | 0000 4489 
  0x000001dbe544b120: 4424 604c | 8b54 2420 | 458b 5254 

  0x000001dbe544b12c: ; implicit exception: dispatches to 0x000001dbe544ddd4
  0x000001dbe544b12c: 458b 420c | 448b 4c24 | 6045 3bc8 | 0f83 f224 | 0000 4c8b | 5c24 4845 | 8b4b 1041 | 8b49 0c44 
  0x000001dbe544b14c: 8b5c 2460 | 478b 5c9a | 1044 895c | 2434 4c8b | 5424 4845 | 8b52 0c44 | 8954 2450 | 418b ebc1 
  0x000001dbe544b16c: ed08 4183 | c202 4489 | 5424 5444 | 3bd1 660f | 1f44 0000 | 0f8f ca10 | 0000 458b | 410c 448b 
  0x000001dbe544b18c: 5c24 5041 | ffc3 8b4c | 2450 413b | c80f 83d1 | 2400 0044 | 8bd1 4388 | 6c11 1045 | 3bd8 0f83 
  0x000001dbe544b1ac: 0825 0000 | 4c8b 5424 | 4844 8b44 | 2454 4589 | 420c 4d8b | 9758 0300 | 004c 8b5c | 2420 418b 
  0x000001dbe544b1cc: 4b28 448b | 5c24 6041 | ffc3 4489 | 5c24 604c | 635c 2450 | 448b 4424 | 3447 8844 

  0x000001dbe544b1e8: ; ImmutableOopMap {[32]=Oop [72]=Oop }
                      ;*goto {reexecute=1 rethrow=0 return_oop=0}
                      ; - (reexecute) org.jetbrains.org.objectweb.asm.ClassWriter::toByteArray@809 (line 633)
                      ;   {poll}
  0x000001dbe544b1e8: 1911 4185 | 0244 8b5c | 2460 443b | d90f 8c28 | ffff ff4c | 8b54 2448 | 458b 5a10 | 4585 db0f 
  0x000001dbe544b208: 856a efff | ffba f6ff | ffff 6690 

  0x000001dbe544b214: ;   {runtime_call UncommonTrapBlob}
  0x000001dbe544b214: c5f8 77e8 

  0x000001dbe544b218: ; ImmutableOopMap {}
                      ;*arraylength {reexecute=0 rethrow=0 return_oop=0}
                      ; - org.jetbrains.org.objectweb.asm.ByteVector::putShort@12 (line 120)
                      ; - org.jetbrains.org.objectweb.asm.ClassWriter::toByteArray@815 (line 636)
  0x000001dbe544b218: e4b6 ccfe | 448b 5424 | 5845 85d2 | 0f84 d224 | 0000 498b 

  0x000001dbe544b22c: ;   {oop("Signature"{0x00000000807bd448})}
  0x000001dbe544b22c: d249 b848 | d47b 8000 | 0000 004c | 8b54 2448 | 498b ea90 

  0x000001dbe544b240: ;   {optimized virtual_call}
  0x000001dbe544b240: c5f8 77e8 

  0x000001dbe544b244: ; ImmutableOopMap {rbp=Oop [32]=Oop [72]=Oop [80]=Oop [88]=NarrowOop }
                      ;*invokevirtual addConstantUtf8 {reexecute=0 rethrow=0 return_oop=0}
                      ; - org.jetbrains.org.objectweb.asm.Attribute::putAttributes@40 (line 341)
                      ; - org.jetbrains.org.objectweb.asm.FieldWriter::putFieldInfo@222 (line 263)
                      ; - org.jetbrains.org.objectweb.asm.ClassWriter::toByteArray@831 (line 639)
  0x000001dbe544b244: 3861 ccfe | 8944 2464 | 448b 4d10 

  0x000001dbe544b250: ; implicit exception: dispatches to 0x000001dbe544de04
  0x000001dbe544b250: 458b 510c | 448b 5d0c | 4489 5c24 | 688b e8c1 | ed08 4183 | c302 4489 | 5c24 6c45 | 3bda 0f8f 
  0x000001dbe544b270: 1c10 0000 | 418b 590c | 448b 4424 | 6841 ffc0 | 448b 5c24 | 6844 3bdb | 0f83 7e24 | 0000 4388 
  0x000001dbe544b290: 6c19 1044 | 3bc3 0f83 | b424 0000 | 4c8b 5424 | 4844 8b5c | 246c 4589 | 5a0c 448b | 5c24 6841 
  0x000001dbe544b2b0: 83c3 0644 | 895c 2470 | 4863 6c24 | 6844 8b54 | 2464 4588 | 5429 1144 | 3bdb 0f8f | dc09 0000 
  0x000001dbe544b2d0: 458b 590c | 448b 5424 | 6841 83c2 | 0344 8b44 | 246c 453b | c30f 83b1 | 2400 0045 | 8864 2912 
  0x000001dbe544b2f0: 448b 4424 | 6841 83c0 | 0545 3bc3 | 0f1f 4000 | 0f83 d624 | 0000 4588 | 6429 134c | 8b54 2448 
  0x000001dbe544b310: 8b4c 2470 | 4189 4a0c | 4588 6429 | 1441 c644 | 2915 0244 | 8b54 2460 | 41c1 ea08 | 4489 5424 
  0x000001dbe544b330: 2844 8b44 | 2468 4183 | c008 4489 | 4424 6490 | 453b c30f | 8f87 0f00 | 0041 8b49 | 0c44 8b54 
  0x000001dbe544b350: 2468 4183 | c207 448b | 5c24 700f | 1f44 0000 | 443b d90f | 83bf 2400 | 0044 8b5c | 2428 4588 
  0x000001dbe544b370: 5c29 1644 | 3bd1 0f83 | f024 0000 | 448b 5c24 | 6045 885c | 2917 4c8b | 5424 4844 | 8b5c 2464 
  0x000001dbe544b390: 4589 5a0c | e922 f3ff | ff85 ed0f | 1f44 0000 | 0f84 5625 | 0000 897c | 2444 4489 | 4424 4089 
  0x000001dbe544b3b0: 5c24 384c | 895c 2430 | 4489 4c24 | 2c44 8954 | 2428 4889 | 4c24 2048 | 8bd5 896c 

  0x000001dbe544b3cc: ;   {oop("Signature"{0x00000000807bd448})}
  0x000001dbe544b3cc: 243c 49b8 | 48d4 7b80 | 0000 0000 | 498b eb90 

  0x000001dbe544b3dc: ;   {optimized virtual_call}
  0x000001dbe544b3dc: c5f8 77e8 

  0x000001dbe544b3e0: ; ImmutableOopMap {rbp=Oop [32]=Oop [48]=Oop [60]=NarrowOop }
                      ;*invokevirtual addConstantUtf8 {reexecute=0 rethrow=0 return_oop=0}
                      ; - org.jetbrains.org.objectweb.asm.Attribute::computeAttributesSize@36 (line 254)
                      ; - org.jetbrains.org.objectweb.asm.FieldWriter::computeFieldInfoSize@36 (line 200)
                      ; - org.jetbrains.org.objectweb.asm.ClassWriter::toByteArray@26 (line 505)
  0x000001dbe544b3e0: 9c5f ccfe | ba08 0000 | 0048 8b4c | 2420 448b | 5424 2844 | 8b4c 242c | 4c8b dd8b | 5c24 388b 
  0x000001dbe544b400: 6c24 3c44 | 8b44 2440 | 8b7c 2444 | e979 e3ff | ff4d 8bd0 | 4c89 5424 | 28eb 3945 | 8b43 2090 
  0x000001dbe544b420: 4585 c00f | 84e3 2400 | 004d 8bd3 | 4c89 5424 | 2844 8b5c | 2440 41ff | c344 895c | 2440 498b 
  0x000001dbe544b440: ;   {oop("RuntimeInvisibleAnnotations"{0x0000000083fa3ce8})}
  0x000001dbe544b440: d049 b8e8 | 3cfa 8300 | 0000 0090 

  0x000001dbe544b44c: ;   {optimized virtual_call}
  0x000001dbe544b44c: c5f8 77e8 

  0x000001dbe544b450: ; ImmutableOopMap {rbp=Oop [40]=Oop }
                      ;*invokevirtual addConstantUtf8 {reexecute=0 rethrow=0 return_oop=0}
                      ; - org.jetbrains.org.objectweb.asm.AnnotationWriter::computeAnnotationsSize@9 (line 334)
                      ; - org.jetbrains.org.objectweb.asm.ClassWriter::toByteArray@332 (line 562)
  0x000001dbe544b450: 2c5f ccfe | 4c8b 5424 | 2845 8b5a | 2444 8b54 | 2424 4503 | 530c 4489 | 5424 244d | 8b97 5803 
  0x000001dbe544b470: 0000 4c8b | 5c24 2845 

  0x000001dbe544b478: ; ImmutableOopMap {r8=NarrowOop rbp=Oop }
                      ;*goto {reexecute=1 rethrow=0 return_oop=0}
                      ; - (reexecute) org.jetbrains.org.objectweb.asm.AnnotationWriter::computeAnnotationsSize@37 (line 341)
                      ; - org.jetbrains.org.objectweb.asm.ClassWriter::toByteArray@332 (line 562)
                      ;   {poll}
  0x000001dbe544b478: 8b43 2841 | 8502 6690 | 4585 c075 | 8c44 8b54 | 2420 4403 | 5424 24e9 | dae5 ffff | 448b 5424 
  0x000001dbe544b498: 4441 ffc2 | 4489 5424 | 44e9 a4ef | ffff 448b | 5c24 4441 | ffc3 4489 | 5c24 44e9 | 84ef ffff 
  0x000001dbe544b4b8: 448b 5424 | 4441 ffc2 | 4489 5424 | 44e9 63ef | ffff 448b | 4c24 4441 | ffc1 4489 | 4c24 44e9 
  0x000001dbe544b4d8: 43ef ffff | 0f1f 4000 | 4585 d20f | 8433 2400 | 0049 8bd2 

  0x000001dbe544b4ec: ;   {oop("Signature"{0x00000000807bd448})}
  0x000001dbe544b4ec: 49b8 48d4 | 7b80 0000 | 0000 498b | e94c 8b54 | 2448 4c89 | 5424 3890 

  0x000001dbe544b504: ;   {optimized virtual_call}
  0x000001dbe544b504: c5f8 77e8 

  0x000001dbe544b508: ; ImmutableOopMap {rbp=Oop [32]=Oop [56]=Oop [72]=Oop }
                      ;*invokevirtual addConstantUtf8 {reexecute=0 rethrow=0 return_oop=0}
                      ; - org.jetbrains.org.objectweb.asm.ClassWriter::toByteArray@1078 (line 673)
  0x000001dbe544b508: 745e ccfe | 8944 2438 | 4c8b 5424 | 4845 8b42 | 100f 1f80 | 0000 0000 

  0x000001dbe544b520: ; implicit exception: dispatches to 0x000001dbe544de24
  0x000001dbe544b520: 418b 480c | 458b 520c | 4489 5424 | 3c44 8bd0 | 41c1 ea08 | 418b ea44 | 8b54 243c | 458b da41 
  0x000001dbe544b540: 83c3 0244 | 895c 2440 | 440f bedd | 4489 5c24 | 4444 8b54 | 2440 443b | d10f 8fb1 | 0d00 0045 
  0x000001dbe544b560: 8b48 0c44 | 8b54 243c | 458b da41 | ffc3 458b | d344 8b5c | 243c 453b | d90f 83ad | 2300 0043 
  0x000001dbe544b580: 886c 1810 | 453b d10f | 83db 2300 | 004c 8b54 | 2448 8b4c | 2440 4189 | 4a0c 458b | d341 83c2 
  0x000001dbe544b5a0: 0644 8954 | 2444 4d63 | d349 8bea | 8b4c 2438 | 4388 4c10 | 1144 8b5c | 2444 660f | 1f44 0000 
  0x000001dbe544b5c0: 453b d90f | 8fcb 0a00 | 0045 8b58 | 0c44 8b54 | 243c 4183 | c203 458b | ca8b 4c24 | 4066 6690 
  0x000001dbe544b5e0: 413b cb0f | 83a7 2300 | 0045 8864 | 2812 8b4c | 243c 83c1 | 0541 3bcb | 0f83 ce23 | 0000 4c8b 
  0x000001dbe544b600: d547 8864 | 1013 4c8b | 5424 4844 | 8b4c 2444 | 4589 4a0c | 4c8b d547 | 8864 1014 | 41c6 4428 
  0x000001dbe544b620: 1502 4c8b | 5424 2045 | 8b52 3844 | 8954 2438 | 448b 4c24 | 3c41 83c1 | 0844 894c | 2440 41c1 
  0x000001dbe544b640: ea08 4489 | 5424 2845 | 0fbe ca44 | 894c 2450 | 448b 4c24 | 4045 3bcb | 0f8f ee0c | 0000 458b 
  0x000001dbe544b660: 500c 448b | 4c24 3c41 | 83c1 0745 | 8bd9 448b | 4c24 4445 | 3bca 0f83 | 9823 0000 | 8b5c 2428 
  0x000001dbe544b680: 4188 5c28 | 1645 8bcb | 453b ca0f | 83bf 2300 | 0044 8b4c | 2438 4588 | 4c28 174c | 8b54 2448 
  0x000001dbe544b6a0: 448b 5c24 | 4045 895a | 0c4c 8b54 | 2420 458b | 5250 4c8b | 4c24 20e9 | 30f5 ffff | 8b59 5090 
  0x000001dbe544b6c0: 85db 0f84 | b023 0000 | 8944 243c | 4489 4424 | 3844 894c | 2424 488b | e948 8bd3 | 41ff c344 
  0x000001dbe544b6e0: 895c 2440 | 4183 c208 | 4489 5424 

  0x000001dbe544b6ec: ;   {oop("Signature"{0x00000000807bd448})}
  0x000001dbe544b6ec: 2049 b848 | d47b 8000 | 0000 0090 

  0x000001dbe544b6f8: ;   {optimized virtual_call}
  0x000001dbe544b6f8: c5f8 77e8 

  0x000001dbe544b6fc: ; ImmutableOopMap {rbp=Oop }
                      ;*invokevirtual addConstantUtf8 {reexecute=0 rethrow=0 return_oop=0}
                      ; - org.jetbrains.org.objectweb.asm.ClassWriter::toByteArray@201 (line 536)
  0x000001dbe544b6fc: 805c ccfe | 488b cde9 | c3e2 ffff | 0f1f 8400 | 0000 0000 | 4d8b d84c | 895c 2428 | eb4a 458b 
  0x000001dbe544b71c: 5a20 6690 | 4585 db0f | 845f 2300 | 004c 8954 | 2428 448b | 4424 4041 | ffc0 4489 | 4424 4049 
  0x000001dbe544b73c: ;   {oop("RuntimeVisibleAnnotations"{0x00000000806fd538})}
  0x000001dbe544b73c: 8bd3 49b8 | 38d5 6f80 | 0000 0000 

  0x000001dbe544b748: ;   {optimized virtual_call}
  0x000001dbe544b748: c5f8 77e8 

  0x000001dbe544b74c: ; ImmutableOopMap {rbp=Oop [40]=Oop }
                      ;*invokevirtual addConstantUtf8 {reexecute=0 rethrow=0 return_oop=0}
                      ; - org.jetbrains.org.objectweb.asm.AnnotationWriter::computeAnnotationsSize@9 (line 334)
                      ; - org.jetbrains.org.objectweb.asm.ClassWriter::toByteArray@309 (line 556)
  0x000001dbe544b74c: 305c ccfe | 41ba 0800 | 0000 41bb | 0010 0000 | 4489 9c24 | 9000 0000 | 4c8b 5c24 | 2845 8b5b 
  0x000001dbe544b76c: 2445 0353 | 0c4d 8b9f | 5803 0000 | 4c8b 4424 | 2845 8b40 

  0x000001dbe544b780: ; ImmutableOopMap {r8=NarrowOop rbp=Oop }
                      ;*goto {reexecute=1 rethrow=0 return_oop=0}
                      ; - (reexecute) org.jetbrains.org.objectweb.asm.AnnotationWriter::computeAnnotationsSize@37 (line 341)
                      ; - org.jetbrains.org.objectweb.asm.ClassWriter::toByteArray@309 (line 556)
                      ;   {poll}
  0x000001dbe544b780: 2841 8503 | 4585 c075 | 8744 8b5c | 2420 4503 | da44 895c | 2420 e9bc | e2ff ff44 | 8b5d 5090 
  0x000001dbe544b7a0: 4585 db0f | 84ef 2200 | 0049 8bd3 | 448b 5c24 | 4041 ffc3 | 4489 5c24 | 4044 8b54 | 2420 4183 
  0x000001dbe544b7c0: c206 4489 

  0x000001dbe544b7c4: ;   {oop("Deprecated"{0x0000000083fa3be8})}
  0x000001dbe544b7c4: 5424 2049 | b8e8 3bfa | 8300 0000 | 0066 6690 

  0x000001dbe544b7d4: ;   {optimized virtual_call}
  0x000001dbe544b7d4: c5f8 77e8 

  0x000001dbe544b7d8: ; ImmutableOopMap {rbp=Oop }
                      ;*invokevirtual addConstantUtf8 {reexecute=0 rethrow=0 return_oop=0}
                      ; - org.jetbrains.org.objectweb.asm.ClassWriter::toByteArray@287 (line 551)
  0x000001dbe544b7d8: a45b ccfe | 0f1f 4000 | e954 e2ff | ff45 85d2 | 0f84 ba22 | 0000 498b | eb4c 894c | 2420 498b 
  0x000001dbe544b7f8: ;   {oop("Deprecated"{0x0000000083fa3be8})}
  0x000001dbe544b7f8: d249 b8e8 | 3bfa 8300 | 0000 0090 

  0x000001dbe544b804: ;   {optimized virtual_call}
  0x000001dbe544b804: c5f8 77e8 

  0x000001dbe544b808: ; ImmutableOopMap {rbp=Oop [32]=Oop }
                      ;*invokevirtual addConstantUtf8 {reexecute=0 rethrow=0 return_oop=0}
                      ; - org.jetbrains.org.objectweb.asm.ClassWriter::toByteArray@1200 (line 691)
  0x000001dbe544b808: 745b ccfe | 8944 2438 | 4c8b c545 | 8b48 1041 | 8b49 0c41 | 8b78 0c8b | d0c1 ea08 | 448b df41 
  0x000001dbe544b828: 83c3 020f | beda 443b | d90f 8f65 | 0f00 0045 | 8b51 0c8b | cfff c190 | 413b fa0f | 836f 2200 
  0x000001dbe544b848: 0041 8854 | 3910 413b | ca0f 839d | 2200 0045 | 8958 0c8b | d783 c206 | 4863 df8b | 4c24 3841 
  0x000001dbe544b868: 884c 1911 | 413b d20f | 8f4b 0900 | 0045 8b51 | 0c8b cf83 | c103 6690 | 453b da0f | 8393 2200 
  0x000001dbe544b888: 0045 8864 | 1912 448b | df41 83c3 | 0545 3bda | 0f83 b622 | 0000 4588 | 6419 1341 | 8950 0c45 
  0x000001dbe544b8a8: 8864 1914 | 4588 6419 | 154c 8b4c | 2420 458b | 5150 4c89 | 4424 2890 | e906 f5ff | ff44 8b54 
  0x000001dbe544b8c8: 2458 4585 | d20f 843a | ebff ffba | 45ff ffff | 488b 6c24 | 2044 8b5c | 243c 4489 | 5c24 2044 
  0x000001dbe544b8e8: 8b54 2440 | 4489 5424 | 244c 8b54 | 2448 4c89 | 5424 3044 | 894c 2440 

  0x000001dbe544b900: ;   {runtime_call UncommonTrapBlob}
  0x000001dbe544b900: c5f8 77e8 

  0x000001dbe544b904: ; ImmutableOopMap {rbp=Oop [48]=Oop [80]=Oop }
                      ;*ifeq {reexecute=1 rethrow=0 return_oop=0}
                      ; - (reexecute) org.jetbrains.org.objectweb.asm.FieldWriter::putFieldInfo@82 (line 230)
                      ; - org.jetbrains.org.objectweb.asm.ClassWriter::toByteArray@831 (line 639)
  0x000001dbe544b904: f8af ccfe | 8bc6 448b | ef41 8bf8 | 8bf5 4d8b | c345 8bda 

  0x000001dbe544b918: ; implicit exception: dispatches to 0x000001dbe544de44
  0x000001dbe544b918: 8b6d 0c0f | 1f44 0000 | 83fd 310f | 8c67 2200 | 0045 8bd3 | 4d8b d88b | ee44 8bc7 | 418b fd8b 
  0x000001dbe544b938: f0e9 3ede | ffff 448b | 5424 5841 | 8b6a 0c83 | fd31 0f8d | 5ded ffff | ba45 ffff | ff44 8b5c 
  0x000001dbe544b958: 243c 4489 | 5c24 2844 | 8b54 2440 | 4489 5424 | 2c4c 8b54 | 2448 4c89 | 5424 384c | 8954 2440 
  0x000001dbe544b978: ;   {runtime_call UncommonTrapBlob}
  0x000001dbe544b978: c5f8 77e8 

  0x000001dbe544b97c: ; ImmutableOopMap {[32]=Oop [56]=Oop [64]=Oop [80]=Oop [88]=NarrowOop }
                      ;*if_icmpge {reexecute=1 rethrow=0 return_oop=0}
                      ; - (reexecute) org.jetbrains.org.objectweb.asm.Attribute::putAttributes@14 (line 336)
                      ; - org.jetbrains.org.objectweb.asm.FieldWriter::putFieldInfo@222 (line 263)
                      ; - org.jetbrains.org.objectweb.asm.ClassWriter::toByteArray@831 (line 639)
  0x000001dbe544b97c: 80af ccfe | 41bb 0100 | 0000 4489 | 5c24 30e9 | adee ffff | 33ed e9ea | eeff ff45 | 33db e951 
  0x000001dbe544b99c: dfff ff45 | 33db e9b7 | deff ff45 | 33d2 4c89 | 5424 50e9 | 8eed ffff | 488b 5424 | 4841 b804 
  0x000001dbe544b9bc: 0000 0090 

  0x000001dbe544b9c0: ;   {optimized virtual_call}
  0x000001dbe544b9c0: c5f8 77e8 

  0x000001dbe544b9c4: ; ImmutableOopMap {[32]=Oop [72]=Oop [80]=Oop }
                      ;*invokespecial enlarge {reexecute=0 rethrow=0 return_oop=0}
                      ; - org.jetbrains.org.objectweb.asm.ByteVector::putInt@18 (line 183)
                      ; - org.jetbrains.org.objectweb.asm.FieldWriter::putFieldInfo@198 (line 260)
                      ; - org.jetbrains.org.objectweb.asm.ClassWriter::toByteArray@831 (line 639)
  0x000001dbe544b9c4: b859 ccfe | 4c8b 5424 | 4845 8b5a | 1045 8bcb | 4585 db0f | 85ce ebff | ffba f6ff | ffff 8b6c 
  0x000001dbe544b9e4: 2460 6690 

  0x000001dbe544b9e8: ;   {runtime_call UncommonTrapBlob}
  0x000001dbe544b9e8: c5f8 77e8 

  0x000001dbe544b9ec: ; ImmutableOopMap {}
                      ;*bastore {reexecute=0 rethrow=0 return_oop=0}
                      ; - org.jetbrains.org.objectweb.asm.ByteVector::putInt@36 (line 186)
                      ; - org.jetbrains.org.objectweb.asm.FieldWriter::putFieldInfo@198 (line 260)
                      ; - org.jetbrains.org.objectweb.asm.ClassWriter::toByteArray@831 (line 639)
  0x000001dbe544b9ec: 10af ccfe | 488b 5424 | 4841 b804 | 0000 0048 | 8b6c 2420 

  0x000001dbe544ba00: ;   {optimized virtual_call}
  0x000001dbe544ba00: c5f8 77e8 

  0x000001dbe544ba04: ; ImmutableOopMap {rbp=Oop [32]=Oop [72]=Oop }
                      ;*invokespecial enlarge {reexecute=0 rethrow=0 return_oop=0}
                      ; - org.jetbrains.org.objectweb.asm.ByteVector::putInt@18 (line 183)
                      ; - org.jetbrains.org.objectweb.asm.ClassWriter::toByteArray@701 (line 628)
  0x000001dbe544ba04: 7859 ccfe | 4c8b 5424 | 4845 8b5a | 1045 8bcb | 4585 db0f | 85bb e2ff | ffba f6ff | ffff 6690 
  0x000001dbe544ba24: ;   {runtime_call UncommonTrapBlob}
  0x000001dbe544ba24: c5f8 77e8 

  0x000001dbe544ba28: ; ImmutableOopMap {}
                      ;*bastore {reexecute=0 rethrow=0 return_oop=0}
                      ; - org.jetbrains.org.objectweb.asm.ByteVector::putInt@36 (line 186)
                      ; - org.jetbrains.org.objectweb.asm.ClassWriter::toByteArray@701 (line 628)
  0x000001dbe544ba28: d4ae ccfe | 488b 5424 | 4841 b804 | 0000 0048 | 8b6c 2420 

  0x000001dbe544ba3c: ;   {optimized virtual_call}
  0x000001dbe544ba3c: c5f8 77e8 

  0x000001dbe544ba40: ; ImmutableOopMap {rbp=Oop [32]=Oop [72]=Oop }
                      ;*invokespecial enlarge {reexecute=0 rethrow=0 return_oop=0}
                      ; - org.jetbrains.org.objectweb.asm.ByteVector::putInt@18 (line 183)
                      ; - org.jetbrains.org.objectweb.asm.ClassWriter::toByteArray@708 (line 628)
  0x000001dbe544ba40: 3c59 ccfe | 4c8b 5424 | 4845 8b5a | 1045 8bcb | 4585 db0f | 8510 e3ff | ffba f6ff | ffff 6690 
  0x000001dbe544ba60: ;   {runtime_call UncommonTrapBlob}
  0x000001dbe544ba60: c5f8 77e8 

  0x000001dbe544ba64: ; ImmutableOopMap {}
                      ;*bastore {reexecute=0 rethrow=0 return_oop=0}
                      ; - org.jetbrains.org.objectweb.asm.ByteVector::putInt@36 (line 186)
                      ; - org.jetbrains.org.objectweb.asm.ClassWriter::toByteArray@708 (line 628)
  0x000001dbe544ba64: 98ae ccfe | 4533 db41 | b804 0000 | 0044 895c | 242c 4489 | 4424 440f | 1f44 0000 | e941 e2ff 
  0x000001dbe544ba84: ff4d 8b57 | 404d 8b5f | 50f0 8344 | 24c0 0080 | 3900 7438 | 4488 210f | 1f44 0000 | 4d85 d274 
  0x000001dbe544baa4: 0f4b 894c | 13f8 4983 | c2f8 4d89 | 5740 eb1c | 498b d766 | 0f1f 8400 | 0000 0000 | c5f8 7749 
  0x000001dbe544bac4: baa0 cf33 | b8fe 7f00 | 0041 ffd2 | 4c8b 5424 | 4845 8b5a | 1045 85db | 0f1f 4000 | 0f84 de20 
  0x000001dbe544bae4: 0000 458b | 520c 4489 | 5424 2c41 | 83c2 0444 | 8954 2444 | 4d8b cb0f | 1f44 0000 | e9c1 e1ff 
  0x000001dbe544bb04: ff48 8b54 | 2440 41b8 | 0400 0000 

  0x000001dbe544bb10: ;   {optimized virtual_call}
  0x000001dbe544bb10: c5f8 77e8 

  0x000001dbe544bb14: ; ImmutableOopMap {[32]=Oop [64]=Oop }
                      ;*invokespecial enlarge {reexecute=0 rethrow=0 return_oop=0}
                      ; - org.jetbrains.org.objectweb.asm.ByteVector::putInt@18 (line 183)
                      ; - org.jetbrains.org.objectweb.asm.ClassWriter::toByteArray@1119 (line 680)
  0x000001dbe544bb14: 6858 ccfe | 4c8b 5424 | 4045 8b5a | 1045 8bcb | 4585 db0f | 858f f1ff | ffba f6ff | ffff 8b6c 
  0x000001dbe544bb34: 2448 6690 

  0x000001dbe544bb38: ;   {runtime_call UncommonTrapBlob}
  0x000001dbe544bb38: c5f8 77e8 

  0x000001dbe544bb3c: ; ImmutableOopMap {}
                      ;*bastore {reexecute=0 rethrow=0 return_oop=0}
                      ; - org.jetbrains.org.objectweb.asm.ByteVector::putInt@36 (line 186)
                      ; - org.jetbrains.org.objectweb.asm.ClassWriter::toByteArray@1119 (line 680)
  0x000001dbe544bb3c: c0ad ccfe | 488b 5424 | 4841 b804 | 0000 0090 

  0x000001dbe544bb4c: ;   {optimized virtual_call}
  0x000001dbe544bb4c: c5f8 77e8 

  0x000001dbe544bb50: ; ImmutableOopMap {[32]=Oop [72]=Oop }
                      ;*invokespecial enlarge {reexecute=0 rethrow=0 return_oop=0}
                      ; - org.jetbrains.org.objectweb.asm.ByteVector::putInt@18 (line 183)
                      ; - org.jetbrains.org.objectweb.asm.ClassWriter::toByteArray@949 (line 657)
  0x000001dbe544bb50: 2c58 ccfe | 4c8b 5424 | 4845 8b5a | 1045 8bcb | 4585 db0f | 85a6 eeff | ffba f6ff | ffff 8b6c 
  0x000001dbe544bb70: 2440 6690 

  0x000001dbe544bb74: ;   {runtime_call UncommonTrapBlob}
  0x000001dbe544bb74: c5f8 77e8 

  0x000001dbe544bb78: ; ImmutableOopMap {}
                      ;*bastore {reexecute=0 rethrow=0 return_oop=0}
                      ; - org.jetbrains.org.objectweb.asm.ByteVector::putInt@36 (line 186)
                      ; - org.jetbrains.org.objectweb.asm.ClassWriter::toByteArray@949 (line 657)
  0x000001dbe544bb78: 84ad ccfe | 0f1f 4000 | 4585 d20f | 844b 2000 | 004c 895c | 2420 498b | e945 8b58 | 0c44 895c 
  0x000001dbe544bb98: 2428 498b 

  0x000001dbe544bb9c: ;   {oop("SourceDebugExtension"{0x0000000081452358})}
  0x000001dbe544bb9c: d249 b858 | 2345 8100 | 0000 0090 

  0x000001dbe544bba8: ;   {optimized virtual_call}
  0x000001dbe544bba8: c5f8 77e8 

  0x000001dbe544bbac: ; ImmutableOopMap {rbp=Oop [32]=Oop }
                      ;*invokevirtual addConstantUtf8 {reexecute=0 rethrow=0 return_oop=0}
                      ; - org.jetbrains.org.objectweb.asm.ClassWriter::toByteArray@1155 (line 686)
  0x000001dbe544bbac: d057 ccfe | 488b 5424 | 2044 8bc0 

  0x000001dbe544bbb8: ;   {optimized virtual_call}
  0x000001dbe544bbb8: c5f8 77e8 

  0x000001dbe544bbbc: ; ImmutableOopMap {rbp=Oop [32]=Oop }
                      ;*invokevirtual putShort {reexecute=0 rethrow=0 return_oop=1}
                      ; - org.jetbrains.org.objectweb.asm.ClassWriter::toByteArray@1158 (line 686)
  0x000001dbe544bbbc: c057 ccfe | 4885 c00f | 842b 2000 | 0048 8bd0 | 448b 4424 | 2866 6690 

  0x000001dbe544bbd4: ;   {optimized virtual_call}
  0x000001dbe544bbd4: c5f8 77e8 

  0x000001dbe544bbd8: ; ImmutableOopMap {rbp=Oop [32]=Oop }
                      ;*invokevirtual putInt {reexecute=0 rethrow=0 return_oop=1}
                      ; - org.jetbrains.org.objectweb.asm.ClassWriter::toByteArray@1163 (line 687)
  0x000001dbe544bbd8: a457 ccfe | 4c8b c545 | 8b58 6c41 | 8b6b 1048 | 85c0 0f84 | 1820 0000 | 4c89 4424 | 384c 8bc5 
  0x000001dbe544bbf8: 488b d045 | 33c9 8b7c | 2428 488b | 6c24 3890 

  0x000001dbe544bc08: ;   {optimized virtual_call}
  0x000001dbe544bc08: c5f8 77e8 

  0x000001dbe544bc0c: ; ImmutableOopMap {rbp=Oop [32]=Oop }
                      ;*invokevirtual putByteArray {reexecute=0 rethrow=0 return_oop=1}
                      ; - org.jetbrains.org.objectweb.asm.ClassWriter::toByteArray@1176 (line 688)
  0x000001dbe544bc0c: 7057 ccfe | 4c8b cd45 | 8b51 504c | 8b5c 2420 | 0f1f 4000 | e98b f1ff | ff44 8b5d | 5045 85db 
  0x000001dbe544bc2c: 0f84 b21f | 0000 448b | 4c24 2045 | 034a 0c44 | 8b44 2440 | 41ff c044 | 8944 2440 | 458b c141 
  0x000001dbe544bc4c: 83c0 0644 | 8944 2420 

  0x000001dbe544bc54: ;   {oop("SourceDebugExtension"{0x0000000081452358})}
  0x000001dbe544bc54: 498b d349 | b858 2345 | 8100 0000 | 0066 6690 

  0x000001dbe544bc64: ;   {optimized virtual_call}
  0x000001dbe544bc64: c5f8 77e8 

  0x000001dbe544bc68: ; ImmutableOopMap {rbp=Oop }
                      ;*invokevirtual addConstantUtf8 {reexecute=0 rethrow=0 return_oop=0}
                      ; - org.jetbrains.org.objectweb.asm.ClassWriter::toByteArray@259 (line 546)
  0x000001dbe544bc68: 1457 ccfe | e9b8 ddff | ff48 8b54 | 2448 41b8 | 0400 0000 

  0x000001dbe544bc7c: ;   {optimized virtual_call}
  0x000001dbe544bc7c: c5f8 77e8 

  0x000001dbe544bc80: ; ImmutableOopMap {[32]=Oop [72]=Oop [80]=Oop }
                      ;*invokespecial enlarge {reexecute=0 rethrow=0 return_oop=0}
                      ; - org.jetbrains.org.objectweb.asm.ByteVector::putInt@18 (line 183)
                      ; - org.jetbrains.org.objectweb.asm.Attribute::putAttributes@73 (line 346)
                      ; - org.jetbrains.org.objectweb.asm.FieldWriter::putFieldInfo@222 (line 263)
                      ; - org.jetbrains.org.objectweb.asm.ClassWriter::toByteArray@831 (line 639)
  0x000001dbe544bc80: fc56 ccfe | 4c8b 5424 | 4845 8b5a | 1045 8bcb | 4585 db0f | 850f f4ff | ffba f6ff | ffff 8b6c 
  0x000001dbe544bca0: 2460 6690 

  0x000001dbe544bca4: ;   {runtime_call UncommonTrapBlob}
  0x000001dbe544bca4: c5f8 77e8 

  0x000001dbe544bca8: ; ImmutableOopMap {}
                      ;*bastore {reexecute=0 rethrow=0 return_oop=0}
                      ; - org.jetbrains.org.objectweb.asm.ByteVector::putInt@36 (line 186)
                      ; - org.jetbrains.org.objectweb.asm.Attribute::putAttributes@73 (line 346)
                      ; - org.jetbrains.org.objectweb.asm.FieldWriter::putFieldInfo@222 (line 263)
                      ; - org.jetbrains.org.objectweb.asm.ClassWriter::toByteArray@831 (line 639)
  0x000001dbe544bca8: 54ac ccfe | 488b 5424 | 4841 b804 | 0000 0090 

  0x000001dbe544bcb8: ;   {optimized virtual_call}
  0x000001dbe544bcb8: c5f8 77e8 

  0x000001dbe544bcbc: ; ImmutableOopMap {[32]=Oop [72]=Oop [80]=Oop [88]=NarrowOop }
                      ;*invokespecial enlarge {reexecute=0 rethrow=0 return_oop=0}
                      ; - org.jetbrains.org.objectweb.asm.ByteVector::putInt@18 (line 183)
                      ; - org.jetbrains.org.objectweb.asm.Attribute::putAttributes@47 (line 342)
                      ; - org.jetbrains.org.objectweb.asm.FieldWriter::putFieldInfo@222 (line 263)
                      ; - org.jetbrains.org.objectweb.asm.ClassWriter::toByteArray@831 (line 639)
  0x000001dbe544bcbc: c056 ccfe | 4c8b 5424 | 4845 8b52 | 1045 8bca | 4585 d20f | 85fb f5ff | ffba f6ff | ffff 8b6c 
  0x000001dbe544bcdc: 246c 6690 

  0x000001dbe544bce0: ;   {runtime_call UncommonTrapBlob}
  0x000001dbe544bce0: c5f8 77e8 

  0x000001dbe544bce4: ; ImmutableOopMap {}
                      ;*bastore {reexecute=0 rethrow=0 return_oop=0}
                      ; - org.jetbrains.org.objectweb.asm.ByteVector::putInt@36 (line 186)
                      ; - org.jetbrains.org.objectweb.asm.Attribute::putAttributes@47 (line 342)
                      ; - org.jetbrains.org.objectweb.asm.FieldWriter::putFieldInfo@222 (line 263)
                      ; - org.jetbrains.org.objectweb.asm.ClassWriter::toByteArray@831 (line 639)
  0x000001dbe544bce4: 18ac ccfe | 488b 5424 | 4841 b802 | 0000 0090 

  0x000001dbe544bcf4: ;   {optimized virtual_call}
  0x000001dbe544bcf4: c5f8 77e8 

  0x000001dbe544bcf8: ; ImmutableOopMap {[32]=Oop [72]=Oop [80]=Oop }
                      ;*invokespecial enlarge {reexecute=0 rethrow=0 return_oop=0}
                      ; - org.jetbrains.org.objectweb.asm.ByteVector::putShort@18 (line 121)
                      ; - org.jetbrains.org.objectweb.asm.FieldWriter::putFieldInfo@39 (line 223)
                      ; - org.jetbrains.org.objectweb.asm.ClassWriter::toByteArray@831 (line 639)
  0x000001dbe544bcf8: 8456 ccfe | 4c8b 5424 | 4845 8b52 | 1041 8bca | 4585 d20f | 858a e5ff | ff44 8bd5 | 410f beea 
  0x000001dbe544bd18: baf6 ffff | ff66 6690 

  0x000001dbe544bd20: ;   {runtime_call UncommonTrapBlob}
  0x000001dbe544bd20: c5f8 77e8 

  0x000001dbe544bd24: ; ImmutableOopMap {}
                      ;*bastore {reexecute=0 rethrow=0 return_oop=0}
                      ; - org.jetbrains.org.objectweb.asm.ByteVector::putShort@36 (line 124)
                      ; - org.jetbrains.org.objectweb.asm.FieldWriter::putFieldInfo@39 (line 223)
                      ; - org.jetbrains.org.objectweb.asm.ClassWriter::toByteArray@831 (line 639)
  0x000001dbe544bd24: d8ab ccfe | 488b 5424 | 4841 b802 | 0000 0090 

  0x000001dbe544bd34: ;   {optimized virtual_call}
  0x000001dbe544bd34: c5f8 77e8 

  0x000001dbe544bd38: ; ImmutableOopMap {[32]=Oop [72]=Oop [80]=Oop }
                      ;*invokespecial enlarge {reexecute=0 rethrow=0 return_oop=0}
                      ; - org.jetbrains.org.objectweb.asm.ByteVector::putShort@18 (line 121)
                      ; - org.jetbrains.org.objectweb.asm.FieldWriter::putFieldInfo@46 (line 223)
                      ; - org.jetbrains.org.objectweb.asm.ClassWriter::toByteArray@831 (line 639)
  0x000001dbe544bd38: 4456 ccfe | 4c8b 5424 | 4845 8b52 | 1041 8bca | 4585 d20f | 85c5 e5ff | ff44 8bd5 | 410f beea 
  0x000001dbe544bd58: baf6 ffff | ff66 6690 

  0x000001dbe544bd60: ;   {runtime_call UncommonTrapBlob}
  0x000001dbe544bd60: c5f8 77e8 

  0x000001dbe544bd64: ; ImmutableOopMap {}
                      ;*bastore {reexecute=0 rethrow=0 return_oop=0}
                      ; - org.jetbrains.org.objectweb.asm.ByteVector::putShort@36 (line 124)
                      ; - org.jetbrains.org.objectweb.asm.FieldWriter::putFieldInfo@46 (line 223)
                      ; - org.jetbrains.org.objectweb.asm.ClassWriter::toByteArray@831 (line 639)
  0x000001dbe544bd64: 98ab ccfe | 488b 5424 | 4841 b802 | 0000 0090 

  0x000001dbe544bd74: ;   {optimized virtual_call}
  0x000001dbe544bd74: c5f8 77e8 

  0x000001dbe544bd78: ; ImmutableOopMap {[32]=Oop [72]=Oop [80]=Oop }
                      ;*invokespecial enlarge {reexecute=0 rethrow=0 return_oop=0}
                      ; - org.jetbrains.org.objectweb.asm.ByteVector::putShort@18 (line 121)
                      ; - org.jetbrains.org.objectweb.asm.FieldWriter::putFieldInfo@53 (line 223)
                      ; - org.jetbrains.org.objectweb.asm.ClassWriter::toByteArray@831 (line 639)
  0x000001dbe544bd78: 0456 ccfe | 4c8b 5424 | 4845 8b52 | 1041 8bca | 4585 d20f | 85fe e5ff | ff44 8bd5 | 410f beea 
  0x000001dbe544bd98: baf6 ffff | ff66 6690 

  0x000001dbe544bda0: ;   {runtime_call UncommonTrapBlob}
  0x000001dbe544bda0: c5f8 77e8 

  0x000001dbe544bda4: ; ImmutableOopMap {}
                      ;*bastore {reexecute=0 rethrow=0 return_oop=0}
                      ; - org.jetbrains.org.objectweb.asm.ByteVector::putShort@36 (line 124)
                      ; - org.jetbrains.org.objectweb.asm.FieldWriter::putFieldInfo@53 (line 223)
                      ; - org.jetbrains.org.objectweb.asm.ClassWriter::toByteArray@831 (line 639)
  0x000001dbe544bda4: 58ab ccfe | 488b 5424 | 4841 b802 | 0000 0048 | 8b6c 2420 

  0x000001dbe544bdb8: ;   {optimized virtual_call}
  0x000001dbe544bdb8: c5f8 77e8 

  0x000001dbe544bdbc: ; ImmutableOopMap {rbp=Oop [32]=Oop [72]=Oop [80]=Oop }
                      ;*invokespecial enlarge {reexecute=0 rethrow=0 return_oop=0}
                      ; - org.jetbrains.org.objectweb.asm.ByteVector::putShort@18 (line 121)
                      ; - org.jetbrains.org.objectweb.asm.FieldWriter::putFieldInfo@173 (line 254)
                      ; - org.jetbrains.org.objectweb.asm.ClassWriter::toByteArray@831 (line 639)
  0x000001dbe544bdbc: c055 ccfe | 4c8b 5424 | 4845 8b52 | 1041 8bca | 4585 d20f | 85b6 e6ff | ffba f6ff | ffff 8b6c 
  0x000001dbe544bddc: 2468 6690 

  0x000001dbe544bde0: ;   {runtime_call UncommonTrapBlob}
  0x000001dbe544bde0: c5f8 77e8 

  0x000001dbe544bde4: ; ImmutableOopMap {}
                      ;*bastore {reexecute=0 rethrow=0 return_oop=0}
                      ; - org.jetbrains.org.objectweb.asm.ByteVector::putShort@36 (line 124)
                      ; - org.jetbrains.org.objectweb.asm.FieldWriter::putFieldInfo@173 (line 254)
                      ; - org.jetbrains.org.objectweb.asm.ClassWriter::toByteArray@831 (line 639)
  0x000001dbe544bde4: 18ab ccfe | 488b 5424 | 4841 b802 | 0000 0090 

  0x000001dbe544bdf4: ;   {optimized virtual_call}
  0x000001dbe544bdf4: c5f8 77e8 

  0x000001dbe544bdf8: ; ImmutableOopMap {[32]=Oop [72]=Oop [80]=Oop }
                      ;*invokespecial enlarge {reexecute=0 rethrow=0 return_oop=0}
                      ; - org.jetbrains.org.objectweb.asm.ByteVector::putShort@18 (line 121)
                      ; - org.jetbrains.org.objectweb.asm.FieldWriter::putFieldInfo@194 (line 259)
                      ; - org.jetbrains.org.objectweb.asm.ClassWriter::toByteArray@831 (line 639)
  0x000001dbe544bdf8: 8455 ccfe | 4c8b 5424 | 4845 8b52 | 1045 8bca | 4585 d20f | 853f e7ff | ff44 8bd5 | 410f beea 
  0x000001dbe544be18: baf6 ffff | ff66 6690 

  0x000001dbe544be20: ;   {runtime_call UncommonTrapBlob}
  0x000001dbe544be20: c5f8 77e8 

  0x000001dbe544be24: ; ImmutableOopMap {}
                      ;*bastore {reexecute=0 rethrow=0 return_oop=0}
                      ; - org.jetbrains.org.objectweb.asm.ByteVector::putShort@36 (line 124)
                      ; - org.jetbrains.org.objectweb.asm.FieldWriter::putFieldInfo@194 (line 259)
                      ; - org.jetbrains.org.objectweb.asm.ClassWriter::toByteArray@831 (line 639)
  0x000001dbe544be24: d8aa ccfe | 488b 5424 | 4841 b802 | 0000 0090 

  0x000001dbe544be34: ;   {optimized virtual_call}
  0x000001dbe544be34: c5f8 77e8 

  0x000001dbe544be38: ; ImmutableOopMap {[32]=Oop [72]=Oop [80]=Oop }
                      ;*invokespecial enlarge {reexecute=0 rethrow=0 return_oop=0}
                      ; - org.jetbrains.org.objectweb.asm.ByteVector::putShort@18 (line 121)
                      ; - org.jetbrains.org.objectweb.asm.FieldWriter::putFieldInfo@205 (line 261)
                      ; - org.jetbrains.org.objectweb.asm.ClassWriter::toByteArray@831 (line 639)
  0x000001dbe544be38: 4455 ccfe | 4c8b 5424 | 4845 8b5a | 1045 8bcb | 4585 db0f | 85e1 e7ff | ff44 8b54 | 2428 410f 
  0x000001dbe544be58: beea baf6 | ffff ff90 

  0x000001dbe544be60: ;   {runtime_call UncommonTrapBlob}
  0x000001dbe544be60: c5f8 77e8 

  0x000001dbe544be64: ; ImmutableOopMap {}
                      ;*bastore {reexecute=0 rethrow=0 return_oop=0}
                      ; - org.jetbrains.org.objectweb.asm.ByteVector::putShort@36 (line 124)
                      ; - org.jetbrains.org.objectweb.asm.FieldWriter::putFieldInfo@205 (line 261)
                      ; - org.jetbrains.org.objectweb.asm.ClassWriter::toByteArray@831 (line 639)
  0x000001dbe544be64: 98aa ccfe 

  0x000001dbe544be68: ;   {metadata('org/jetbrains/org/objectweb/asm/ByteVector')}
  0x000001dbe544be68: 48ba c092 | 3682 db01 | 0000 498b | e866 6690 

  0x000001dbe544be78: ;   {runtime_call _new_instance_Java}
  0x000001dbe544be78: c5f8 77e8 

  0x000001dbe544be7c: ; ImmutableOopMap {rbp=Oop [32]=Oop }
                      ;*new {reexecute=0 rethrow=0 return_oop=1}
                      ; - org.jetbrains.org.objectweb.asm.ClassWriter::toByteArray@686 (line 627)
  0x000001dbe544be7c: 8030 d7fe | e9ed dcff 

  0x000001dbe544be84: ;   {metadata({type array byte})}
  0x000001dbe544be84: ff48 ba28 | 6700 80db | 0100 0044 | 8b44 2428 | 488b 6c24 | 2066 6690 

  0x000001dbe544be9c: ;   {runtime_call _new_array_Java}
  0x000001dbe544be9c: c5f8 77e8 

  0x000001dbe544bea0: ; ImmutableOopMap {rbp=Oop [32]=Oop [72]=Oop }
                      ;*newarray {reexecute=0 rethrow=0 return_oop=1}
                      ; - org.jetbrains.org.objectweb.asm.ByteVector::<init>@6 (line 55)
                      ; - org.jetbrains.org.objectweb.asm.ClassWriter::toByteArray@691 (line 627)
  0x000001dbe544bea0: 5c33 d7fe | 4c8b c0e9 | c9dd ffff | 448b 5424 | 5449 8bea | 488b 5424 | 4841 b802 | 0000 0090 
  0x000001dbe544bec0: ;   {optimized virtual_call}
  0x000001dbe544bec0: c5f8 77e8 

  0x000001dbe544bec4: ; ImmutableOopMap {rbp=Oop [32]=Oop [72]=Oop [84]=NarrowOop }
                      ;*invokespecial enlarge {reexecute=0 rethrow=0 return_oop=0}
                      ; - org.jetbrains.org.objectweb.asm.ByteVector::putShort@18 (line 121)
                      ; - org.jetbrains.org.objectweb.asm.SymbolTable::putConstantPool@5 (line 372)
                      ; - org.jetbrains.org.objectweb.asm.ClassWriter::toByteArray@718 (line 629)
  0x000001dbe544bec4: b854 ccfe | 4c8b 5424 | 4845 8b5a | 1045 8bcb | 4585 db0f | 854c dfff | ffba f6ff | ffff 8b6c 
  0x000001dbe544bee4: 2458 6690 

  0x000001dbe544bee8: ;   {runtime_call UncommonTrapBlob}
  0x000001dbe544bee8: c5f8 77e8 

  0x000001dbe544beec: ; ImmutableOopMap {}
                      ;*bastore {reexecute=0 rethrow=0 return_oop=0}
                      ; - org.jetbrains.org.objectweb.asm.ByteVector::putShort@36 (line 124)
                      ; - org.jetbrains.org.objectweb.asm.SymbolTable::putConstantPool@5 (line 372)
                      ; - org.jetbrains.org.objectweb.asm.ClassWriter::toByteArray@718 (line 629)
  0x000001dbe544beec: 10aa ccfe | 488b 5424 | 4841 b802 | 0000 0090 

  0x000001dbe544befc: ;   {optimized virtual_call}
  0x000001dbe544befc: c5f8 77e8 

  0x000001dbe544bf00: ; ImmutableOopMap {[32]=Oop [72]=Oop }
                      ;*invokespecial enlarge {reexecute=0 rethrow=0 return_oop=0}
                      ; - org.jetbrains.org.objectweb.asm.ByteVector::putShort@18 (line 121)
                      ; - org.jetbrains.org.objectweb.asm.ClassWriter::toByteArray@753 (line 631)
  0x000001dbe544bf00: 7c54 ccfe | 4c8b 5424 | 4845 8b5a | 1045 85db | 0f85 73e0 | ffff baf6 | ffff ff8b | 6c24 2c90 
  0x000001dbe544bf20: ;   {runtime_call UncommonTrapBlob}
  0x000001dbe544bf20: c5f8 77e8 

  0x000001dbe544bf24: ; ImmutableOopMap {}
                      ;*bastore {reexecute=0 rethrow=0 return_oop=0}
                      ; - org.jetbrains.org.objectweb.asm.ByteVector::putShort@36 (line 124)
                      ; - org.jetbrains.org.objectweb.asm.ClassWriter::toByteArray@753 (line 631)
  0x000001dbe544bf24: d8a9 ccfe | 488b 5424 | 4841 b802 | 0000 0090 

  0x000001dbe544bf34: ;   {optimized virtual_call}
  0x000001dbe544bf34: c5f8 77e8 

  0x000001dbe544bf38: ; ImmutableOopMap {[32]=Oop [72]=Oop }
                      ;*invokespecial enlarge {reexecute=0 rethrow=0 return_oop=0}
                      ; - org.jetbrains.org.objectweb.asm.ByteVector::putShort@18 (line 121)
                      ; - org.jetbrains.org.objectweb.asm.ClassWriter::toByteArray@760 (line 631)
  0x000001dbe544bf38: 4454 ccfe | 4c8b 5424 | 4845 8b52 | 1045 8bda | 4585 d20f | 85bf e0ff | ffba f6ff | ffff 8b6c 
  0x000001dbe544bf58: 2450 6690 

  0x000001dbe544bf5c: ;   {runtime_call UncommonTrapBlob}
  0x000001dbe544bf5c: c5f8 77e8 

  0x000001dbe544bf60: ; ImmutableOopMap {}
                      ;*bastore {reexecute=0 rethrow=0 return_oop=0}
                      ; - org.jetbrains.org.objectweb.asm.ByteVector::putShort@36 (line 124)
                      ; - org.jetbrains.org.objectweb.asm.ClassWriter::toByteArray@760 (line 631)
  0x000001dbe544bf60: 9ca9 ccfe | 488b 5424 | 4841 b802 | 0000 0090 

  0x000001dbe544bf70: ;   {optimized virtual_call}
  0x000001dbe544bf70: c5f8 77e8 

  0x000001dbe544bf74: ; ImmutableOopMap {[32]=Oop [72]=Oop }
                      ;*invokespecial enlarge {reexecute=0 rethrow=0 return_oop=0}
                      ; - org.jetbrains.org.objectweb.asm.ByteVector::putShort@18 (line 121)
                      ; - org.jetbrains.org.objectweb.asm.ClassWriter::toByteArray@767 (line 631)
  0x000001dbe544bf74: 0854 ccfe | 4c8b 5424 | 4845 8b5a | 1045 85db | 0f85 06e1 | ffff baf6 | ffff ff8b | 6c24 5890 
  0x000001dbe544bf94: ;   {runtime_call UncommonTrapBlob}
  0x000001dbe544bf94: c5f8 77e8 

  0x000001dbe544bf98: ; ImmutableOopMap {}
                      ;*bastore {reexecute=0 rethrow=0 return_oop=0}
                      ; - org.jetbrains.org.objectweb.asm.ByteVector::putShort@36 (line 124)
                      ; - org.jetbrains.org.objectweb.asm.ClassWriter::toByteArray@767 (line 631)
  0x000001dbe544bf98: 64a9 ccfe | 488b 5424 | 4841 b802 | 0000 0090 

  0x000001dbe544bfa8: ;   {optimized virtual_call}
  0x000001dbe544bfa8: c5f8 77e8 

  0x000001dbe544bfac: ; ImmutableOopMap {[32]=Oop [72]=Oop }
                      ;*invokespecial enlarge {reexecute=0 rethrow=0 return_oop=0}
                      ; - org.jetbrains.org.objectweb.asm.ByteVector::putShort@18 (line 121)
                      ; - org.jetbrains.org.objectweb.asm.ClassWriter::toByteArray@777 (line 632)
  0x000001dbe544bfac: d053 ccfe | 4c8b 5424 | 4845 8b52 | 1045 8bda | 0f1f 4000 | 4585 d20f | 8547 e1ff | ffba f6ff 
  0x000001dbe544bfcc: ffff 8b6c | 2450 6690 

  0x000001dbe544bfd4: ;   {runtime_call UncommonTrapBlob}
  0x000001dbe544bfd4: c5f8 77e8 

  0x000001dbe544bfd8: ; ImmutableOopMap {}
                      ;*bastore {reexecute=0 rethrow=0 return_oop=0}
                      ; - org.jetbrains.org.objectweb.asm.ByteVector::putShort@36 (line 124)
                      ; - org.jetbrains.org.objectweb.asm.ClassWriter::toByteArray@777 (line 632)
  0x000001dbe544bfd8: 24a9 ccfe | 488b 5424 | 4841 b802 | 0000 0090 

  0x000001dbe544bfe8: ;   {optimized virtual_call}
  0x000001dbe544bfe8: c5f8 77e8 

  0x000001dbe544bfec: ; ImmutableOopMap {[32]=Oop [72]=Oop }
                      ;*invokespecial enlarge {reexecute=0 rethrow=0 return_oop=0}
                      ; - org.jetbrains.org.objectweb.asm.ByteVector::putShort@18 (line 121)
                      ; - org.jetbrains.org.objectweb.asm.ClassWriter::toByteArray@815 (line 636)
  0x000001dbe544bfec: 9053 ccfe | 4c8b 5424 | 4845 8b5a | 1045 85db | 0f1f 4000 | 0f85 a3e1 | ffff baf6 | ffff ff90 
  0x000001dbe544c00c: ;   {runtime_call UncommonTrapBlob}
  0x000001dbe544c00c: c5f8 77e8 

  0x000001dbe544c010: ; ImmutableOopMap {}
                      ;*bastore {reexecute=0 rethrow=0 return_oop=0}
                      ; - org.jetbrains.org.objectweb.asm.ByteVector::putShort@36 (line 124)
                      ; - org.jetbrains.org.objectweb.asm.ClassWriter::toByteArray@815 (line 636)
  0x000001dbe544c010: eca8 ccfe | 488b 5424 | 4841 b802 | 0000 0090 

  0x000001dbe544c020: ;   {optimized virtual_call}
  0x000001dbe544c020: c5f8 77e8 

  0x000001dbe544c024: ; ImmutableOopMap {[32]=Oop [72]=Oop }
                      ;*invokespecial enlarge {reexecute=0 rethrow=0 return_oop=0}
                      ; - org.jetbrains.org.objectweb.asm.ByteVector::putShort@18 (line 121)
                      ; - org.jetbrains.org.objectweb.asm.ClassWriter::toByteArray@849 (line 642)
  0x000001dbe544c024: 5853 ccfe | 4c8b 5424 | 4845 8b52 | 1045 8bda | 4585 d20f | 856c e7ff | ffba f6ff | ffff 6690 
  0x000001dbe544c044: ;   {runtime_call UncommonTrapBlob}
  0x000001dbe544c044: c5f8 77e8 

  0x000001dbe544c048: ; ImmutableOopMap {}
                      ;*bastore {reexecute=0 rethrow=0 return_oop=0}
                      ; - org.jetbrains.org.objectweb.asm.ByteVector::putShort@36 (line 124)
                      ; - org.jetbrains.org.objectweb.asm.ClassWriter::toByteArray@849 (line 642)
  0x000001dbe544c048: b4a8 ccfe | 488b 5424 | 4841 b802 | 0000 0048 | 8b6c 2420 | 4889 5424 | 3866 6690 

  0x000001dbe544c064: ;   {optimized virtual_call}
  0x000001dbe544c064: c5f8 77e8 

  0x000001dbe544c068: ; ImmutableOopMap {rbp=Oop [32]=Oop [56]=Oop [72]=Oop }
                      ;*invokespecial enlarge {reexecute=0 rethrow=0 return_oop=0}
                      ; - org.jetbrains.org.objectweb.asm.ByteVector::putShort@18 (line 121)
                      ; - org.jetbrains.org.objectweb.asm.ClassWriter::toByteArray@914 (line 653)
  0x000001dbe544c068: 1453 ccfe | 4c8b 5424 | 3845 8b52 | 1045 8bda | 4585 d20f | 1f44 0000 | 0f85 44e8 | ffff baf6 
  0x000001dbe544c088: ffff ff90 

  0x000001dbe544c08c: ;   {runtime_call UncommonTrapBlob}
  0x000001dbe544c08c: c5f8 77e8 

  0x000001dbe544c090: ; ImmutableOopMap {}
                      ;*bastore {reexecute=0 rethrow=0 return_oop=0}
                      ; - org.jetbrains.org.objectweb.asm.ByteVector::putShort@36 (line 124)
                      ; - org.jetbrains.org.objectweb.asm.ClassWriter::toByteArray@914 (line 653)
  0x000001dbe544c090: 6ca8 ccfe | 488b 5424 | 4841 b804 | 0000 0090 

  0x000001dbe544c0a0: ;   {optimized virtual_call}
  0x000001dbe544c0a0: c5f8 77e8 

  0x000001dbe544c0a4: ; ImmutableOopMap {[32]=Oop [72]=Oop }
                      ;*invokespecial enlarge {reexecute=0 rethrow=0 return_oop=0}
                      ; - org.jetbrains.org.objectweb.asm.ByteVector::putInt@18 (line 183)
                      ; - org.jetbrains.org.objectweb.asm.ClassWriter::toByteArray@1085 (line 674)
  0x000001dbe544c0a4: d852 ccfe | 4c8b 5424 | 4845 8b5a | 1045 8bc3 | 4585 db0f | 850c f5ff | ffba f6ff | ffff 8b6c 
  0x000001dbe544c0c4: 2440 6690 

  0x000001dbe544c0c8: ;   {runtime_call UncommonTrapBlob}
  0x000001dbe544c0c8: c5f8 77e8 

  0x000001dbe544c0cc: ; ImmutableOopMap {}
                      ;*bastore {reexecute=0 rethrow=0 return_oop=0}
                      ; - org.jetbrains.org.objectweb.asm.ByteVector::putInt@36 (line 186)
                      ; - org.jetbrains.org.objectweb.asm.ClassWriter::toByteArray@1085 (line 674)
  0x000001dbe544c0cc: 30a8 ccfe | 488b 5424 | 4041 b802 | 0000 0090 

  0x000001dbe544c0dc: ;   {optimized virtual_call}
  0x000001dbe544c0dc: c5f8 77e8 

  0x000001dbe544c0e0: ; ImmutableOopMap {[32]=Oop [64]=Oop }
                      ;*invokespecial enlarge {reexecute=0 rethrow=0 return_oop=0}
                      ; - org.jetbrains.org.objectweb.asm.ByteVector::putShort@18 (line 121)
                      ; - org.jetbrains.org.objectweb.asm.ClassWriter::toByteArray@1115 (line 679)
  0x000001dbe544c0e0: 9c52 ccfe | 4c8b 5424 | 4045 8b52 | 1045 8bca | 4585 d20f | 8566 ebff | ffba f6ff | ffff 8b6c 
  0x000001dbe544c100: 243c 6690 

  0x000001dbe544c104: ;   {runtime_call UncommonTrapBlob}
  0x000001dbe544c104: c5f8 77e8 

  0x000001dbe544c108: ; ImmutableOopMap {}
                      ;*bastore {reexecute=0 rethrow=0 return_oop=0}
                      ; - org.jetbrains.org.objectweb.asm.ByteVector::putShort@36 (line 124)
                      ; - org.jetbrains.org.objectweb.asm.ClassWriter::toByteArray@1115 (line 679)
  0x000001dbe544c108: f4a7 ccfe | 488b 5424 | 4041 b802 | 0000 0090 

  0x000001dbe544c118: ;   {optimized virtual_call}
  0x000001dbe544c118: c5f8 77e8 

  0x000001dbe544c11c: ; ImmutableOopMap {[32]=Oop [64]=Oop }
                      ;*invokespecial enlarge {reexecute=0 rethrow=0 return_oop=0}
                      ; - org.jetbrains.org.objectweb.asm.ByteVector::putShort@18 (line 121)
                      ; - org.jetbrains.org.objectweb.asm.ClassWriter::toByteArray@1126 (line 681)
  0x000001dbe544c11c: 6052 ccfe | 4c8b 5424 | 4045 8b5a | 1045 8bcb | 4585 db0f | 8514 ecff | ffba f6ff | ffff 8b6c 
  0x000001dbe544c13c: 244c 6690 

  0x000001dbe544c140: ;   {runtime_call UncommonTrapBlob}
  0x000001dbe544c140: c5f8 77e8 

  0x000001dbe544c144: ; ImmutableOopMap {}
                      ;*bastore {reexecute=0 rethrow=0 return_oop=0}
                      ; - org.jetbrains.org.objectweb.asm.ByteVector::putShort@36 (line 124)
                      ; - org.jetbrains.org.objectweb.asm.ClassWriter::toByteArray@1126 (line 681)
  0x000001dbe544c144: b8a7 ccfe | 488b 5424 | 4841 b802 | 0000 0090 

  0x000001dbe544c154: ;   {optimized virtual_call}
  0x000001dbe544c154: c5f8 77e8 

  0x000001dbe544c158: ; ImmutableOopMap {[32]=Oop [72]=Oop }
                      ;*invokespecial enlarge {reexecute=0 rethrow=0 return_oop=0}
                      ; - org.jetbrains.org.objectweb.asm.ByteVector::putShort@18 (line 121)
                      ; - org.jetbrains.org.objectweb.asm.ClassWriter::toByteArray@937 (line 656)
  0x000001dbe544c158: 2452 ccfe | 4c8b 5424 | 4845 8b5a | 1045 8bcb | 4585 db0f | 8518 e8ff | ffba f6ff | ffff 8b6c 
  0x000001dbe544c178: 243c 6690 

  0x000001dbe544c17c: ;   {runtime_call UncommonTrapBlob}
  0x000001dbe544c17c: c5f8 77e8 

  0x000001dbe544c180: ; ImmutableOopMap {}
                      ;*bastore {reexecute=0 rethrow=0 return_oop=0}
                      ; - org.jetbrains.org.objectweb.asm.ByteVector::putShort@36 (line 124)
                      ; - org.jetbrains.org.objectweb.asm.ClassWriter::toByteArray@937 (line 656)
  0x000001dbe544c180: 7ca7 ccfe | 488b 5424 | 4841 b802 | 0000 0090 

  0x000001dbe544c190: ;   {optimized virtual_call}
  0x000001dbe544c190: c5f8 77e8 

  0x000001dbe544c194: ; ImmutableOopMap {[32]=Oop [72]=Oop }
                      ;*invokespecial enlarge {reexecute=0 rethrow=0 return_oop=0}
                      ; - org.jetbrains.org.objectweb.asm.ByteVector::putShort@18 (line 121)
                      ; - org.jetbrains.org.objectweb.asm.ClassWriter::toByteArray@956 (line 658)
  0x000001dbe544c194: e851 ccfe | 4c8b 5424 | 4845 8b52 | 1045 8bca | 4585 d20f | 850c e9ff | ffba f6ff | ffff 8b6c 
  0x000001dbe544c1b4: 2450 6690 

  0x000001dbe544c1b8: ;   {runtime_call UncommonTrapBlob}
  0x000001dbe544c1b8: c5f8 77e8 

  0x000001dbe544c1bc: ; ImmutableOopMap {}
                      ;*bastore {reexecute=0 rethrow=0 return_oop=0}
                      ; - org.jetbrains.org.objectweb.asm.ByteVector::putShort@36 (line 124)
                      ; - org.jetbrains.org.objectweb.asm.ClassWriter::toByteArray@956 (line 658)
  0x000001dbe544c1bc: 40a7 ccfe | 4889 5c24 | 4089 5424 | 3844 895c | 242c 897c | 2428 498b | e849 8bd0 | 41b8 0400 
  0x000001dbe544c1dc: 0000 6690 

  0x000001dbe544c1e0: ;   {optimized virtual_call}
  0x000001dbe544c1e0: c5f8 77e8 

  0x000001dbe544c1e4: ; ImmutableOopMap {rbp=Oop [32]=Oop }
                      ;*invokespecial enlarge {reexecute=0 rethrow=0 return_oop=0}
                      ; - org.jetbrains.org.objectweb.asm.ByteVector::putInt@18 (line 183)
                      ; - org.jetbrains.org.objectweb.asm.ClassWriter::toByteArray@1207 (line 691)
  0x000001dbe544c1e4: 9851 ccfe | 4c8b c545 | 8b48 1045 | 85c9 0f84 | 201a 0000 | 8b7c 2428 | 448b 5c24 | 2c8b 5424 
  0x000001dbe544c204: 3848 8b5c | 2440 e966 | f6ff ff48 | 8b54 2448 | 41b8 0200 | 0000 6690 

  0x000001dbe544c21c: ;   {optimized virtual_call}
  0x000001dbe544c21c: c5f8 77e8 

  0x000001dbe544c220: ; ImmutableOopMap {[32]=Oop [72]=Oop [80]=Oop }
                      ;*invokespecial enlarge {reexecute=0 rethrow=0 return_oop=0}
                      ; - org.jetbrains.org.objectweb.asm.ByteVector::putShort@18 (line 121)
                      ; - org.jetbrains.org.objectweb.asm.Attribute::putAttributes@69 (line 346)
                      ; - org.jetbrains.org.objectweb.asm.FieldWriter::putFieldInfo@222 (line 263)
                      ; - org.jetbrains.org.objectweb.asm.ClassWriter::toByteArray@831 (line 639)
  0x000001dbe544c220: 5c51 ccfe | 4c8b 5424 | 4845 8b52 | 1045 8bca | 4585 d20f | 8510 eeff | ff44 8bd5 | 410f beea 
  0x000001dbe544c240: baf6 ffff | ff66 6690 

  0x000001dbe544c248: ;   {runtime_call UncommonTrapBlob}
  0x000001dbe544c248: c5f8 77e8 

  0x000001dbe544c24c: ; ImmutableOopMap {}
                      ;*bastore {reexecute=0 rethrow=0 return_oop=0}
                      ; - org.jetbrains.org.objectweb.asm.ByteVector::putShort@36 (line 124)
                      ; - org.jetbrains.org.objectweb.asm.Attribute::putAttributes@69 (line 346)
                      ; - org.jetbrains.org.objectweb.asm.FieldWriter::putFieldInfo@222 (line 263)
                      ; - org.jetbrains.org.objectweb.asm.ClassWriter::toByteArray@831 (line 639)
  0x000001dbe544c24c: b0a6 ccfe | 488b 5424 | 4841 b802 | 0000 0090 

  0x000001dbe544c25c: ;   {optimized virtual_call}
  0x000001dbe544c25c: c5f8 77e8 

  0x000001dbe544c260: ; ImmutableOopMap {[32]=Oop [72]=Oop }
                      ;*invokespecial enlarge {reexecute=0 rethrow=0 return_oop=0}
                      ; - org.jetbrains.org.objectweb.asm.ByteVector::putShort@18 (line 121)
                      ; - org.jetbrains.org.objectweb.asm.ClassWriter::toByteArray@802 (line 634)
  0x000001dbe544c260: 1c51 ccfe | 4c8b 5424 | 4845 8b5a | 1045 8bcb | 4585 db0f | 850d efff | ff44 8bdd | 410f beeb 
  0x000001dbe544c280: baf6 ffff | ff66 6690 

  0x000001dbe544c288: ;   {runtime_call UncommonTrapBlob}
  0x000001dbe544c288: c5f8 77e8 

  0x000001dbe544c28c: ; ImmutableOopMap {}
                      ;*bastore {reexecute=0 rethrow=0 return_oop=0}
                      ; - org.jetbrains.org.objectweb.asm.ByteVector::putShort@36 (line 124)
                      ; - org.jetbrains.org.objectweb.asm.ClassWriter::toByteArray@802 (line 634)
  0x000001dbe544c28c: 70a6 ccfe | 488b 5424 | 4841 b802 | 0000 0090 

  0x000001dbe544c29c: ;   {optimized virtual_call}
  0x000001dbe544c29c: c5f8 77e8 

  0x000001dbe544c2a0: ; ImmutableOopMap {[32]=Oop [72]=Oop [80]=Oop [88]=NarrowOop }
                      ;*invokespecial enlarge {reexecute=0 rethrow=0 return_oop=0}
                      ; - org.jetbrains.org.objectweb.asm.ByteVector::putShort@18 (line 121)
                      ; - org.jetbrains.org.objectweb.asm.Attribute::putAttributes@43 (line 341)
                      ; - org.jetbrains.org.objectweb.asm.FieldWriter::putFieldInfo@222 (line 263)
                      ; - org.jetbrains.org.objectweb.asm.ClassWriter::toByteArray@831 (line 639)
  0x000001dbe544c2a0: dc50 ccfe | 4c8b 5424 | 4845 8b5a | 1045 8bcb | 4585 db0f | 85bb efff | ff44 8bd5 | 410f beea 
  0x000001dbe544c2c0: baf6 ffff | ff66 6690 

  0x000001dbe544c2c8: ;   {runtime_call UncommonTrapBlob}
  0x000001dbe544c2c8: c5f8 77e8 

  0x000001dbe544c2cc: ; ImmutableOopMap {}
                      ;*bastore {reexecute=0 rethrow=0 return_oop=0}
                      ; - org.jetbrains.org.objectweb.asm.ByteVector::putShort@36 (line 124)
                      ; - org.jetbrains.org.objectweb.asm.Attribute::putAttributes@43 (line 341)
                      ; - org.jetbrains.org.objectweb.asm.FieldWriter::putFieldInfo@222 (line 263)
                      ; - org.jetbrains.org.objectweb.asm.ClassWriter::toByteArray@831 (line 639)
  0x000001dbe544c2cc: 30a6 ccfe | 488b 5424 | 4841 b802 | 0000 0090 

  0x000001dbe544c2dc: ;   {optimized virtual_call}
  0x000001dbe544c2dc: c5f8 77e8 

  0x000001dbe544c2e0: ; ImmutableOopMap {[32]=Oop [72]=Oop [80]=Oop [88]=NarrowOop }
                      ;*invokespecial enlarge {reexecute=0 rethrow=0 return_oop=0}
                      ; - org.jetbrains.org.objectweb.asm.ByteVector::putShort@18 (line 121)
                      ; - org.jetbrains.org.objectweb.asm.Attribute::putAttributes@51 (line 343)
                      ; - org.jetbrains.org.objectweb.asm.FieldWriter::putFieldInfo@222 (line 263)
                      ; - org.jetbrains.org.objectweb.asm.ClassWriter::toByteArray@831 (line 639)
  0x000001dbe544c2e0: 9c50 ccfe | 4c8b 5424 | 4845 8b5a | 1045 8bcb | 4585 db0f | 8550 f0ff | ff44 8b54 | 2428 410f 
  0x000001dbe544c300: beea baf6 | ffff ff90 

  0x000001dbe544c308: ;   {runtime_call UncommonTrapBlob}
  0x000001dbe544c308: c5f8 77e8 

  0x000001dbe544c30c: ; ImmutableOopMap {}
                      ;*bastore {reexecute=0 rethrow=0 return_oop=0}
                      ; - org.jetbrains.org.objectweb.asm.ByteVector::putShort@36 (line 124)
                      ; - org.jetbrains.org.objectweb.asm.Attribute::putAttributes@51 (line 343)
                      ; - org.jetbrains.org.objectweb.asm.FieldWriter::putFieldInfo@222 (line 263)
                      ; - org.jetbrains.org.objectweb.asm.ClassWriter::toByteArray@831 (line 639)
  0x000001dbe544c30c: f0a5 ccfe | 488b 5424 | 4841 b802 | 0000 0090 

  0x000001dbe544c31c: ;   {optimized virtual_call}
  0x000001dbe544c31c: c5f8 77e8 

  0x000001dbe544c320: ; ImmutableOopMap {[32]=Oop [72]=Oop }
                      ;*invokespecial enlarge {reexecute=0 rethrow=0 return_oop=0}
                      ; - org.jetbrains.org.objectweb.asm.ByteVector::putShort@18 (line 121)
                      ; - org.jetbrains.org.objectweb.asm.ClassWriter::toByteArray@1081 (line 673)
  0x000001dbe544c320: 5c50 ccfe | 4c8b 5424 | 4845 8b52 | 1045 8bc2 | 4585 d20f | 8526 f2ff | ffba f6ff | ffff 8b6c 
  0x000001dbe544c340: 243c 6690 

  0x000001dbe544c344: ;   {runtime_call UncommonTrapBlob}
  0x000001dbe544c344: c5f8 77e8 

  0x000001dbe544c348: ; ImmutableOopMap {}
                      ;*bastore {reexecute=0 rethrow=0 return_oop=0}
                      ; - org.jetbrains.org.objectweb.asm.ByteVector::putShort@36 (line 124)
                      ; - org.jetbrains.org.objectweb.asm.ClassWriter::toByteArray@1081 (line 673)
  0x000001dbe544c348: b4a5 ccfe | 488b 5424 | 4841 b802 | 0000 0090 

  0x000001dbe544c358: ;   {optimized virtual_call}
  0x000001dbe544c358: c5f8 77e8 

  0x000001dbe544c35c: ; ImmutableOopMap {[32]=Oop [72]=Oop }
                      ;*invokespecial enlarge {reexecute=0 rethrow=0 return_oop=0}
                      ; - org.jetbrains.org.objectweb.asm.ByteVector::putShort@18 (line 121)
                      ; - org.jetbrains.org.objectweb.asm.ClassWriter::toByteArray@1092 (line 675)
  0x000001dbe544c35c: 2050 ccfe | 4c8b 5424 | 4845 8b52 | 1045 8bc2 | 4585 d20f | 85e9 f2ff | ffba f6ff | ffff 8b6c 
  0x000001dbe544c37c: 2444 6690 

  0x000001dbe544c380: ;   {runtime_call UncommonTrapBlob}
  0x000001dbe544c380: c5f8 77e8 

  0x000001dbe544c384: ; ImmutableOopMap {}
                      ;*bastore {reexecute=0 rethrow=0 return_oop=0}
                      ; - org.jetbrains.org.objectweb.asm.ByteVector::putShort@36 (line 124)
                      ; - org.jetbrains.org.objectweb.asm.ClassWriter::toByteArray@1092 (line 675)
  0x000001dbe544c384: 78a5 ccfe | 448b dd41 | 0fbe ebba | e4ff ffff | 448b 5c24 | 3c44 895c | 2428 448b | 5424 4044 
  0x000001dbe544c3a4: 8954 242c | 4c8b 5424 | 484c 8954 | 2438 4c89 | 5424 4044 | 8944 2464 | 894c 246c 

  0x000001dbe544c3c0: ;   {runtime_call UncommonTrapBlob}
  0x000001dbe544c3c0: c5f8 77e8 

  0x000001dbe544c3c4: ; ImmutableOopMap {[32]=Oop [56]=Oop [64]=Oop [80]=Oop [108]=NarrowOop }
                      ;*bastore {reexecute=0 rethrow=0 return_oop=0}
                      ; - org.jetbrains.org.objectweb.asm.ByteVector::putShort@36 (line 124)
                      ; - org.jetbrains.org.objectweb.asm.FieldWriter::putFieldInfo@39 (line 223)
                      ; - org.jetbrains.org.objectweb.asm.ClassWriter::toByteArray@831 (line 639)
  0x000001dbe544c3c4: 38a5 ccfe | 0fbe 6c24 | 5cba e4ff | ffff 448b | 5c24 3c44 | 895c 2428 | 448b 5424 | 4044 8954 
  0x000001dbe544c3e4: 242c 4c8b | 5424 484c | 8954 2438 | 4c89 5424 | 4044 8b54 | 2464 4489 | 5424 5c89 | 4c24 6044 
  0x000001dbe544c404: 8944 2464 

  0x000001dbe544c408: ;   {runtime_call UncommonTrapBlob}
  0x000001dbe544c408: c5f8 77e8 

  0x000001dbe544c40c: ; ImmutableOopMap {[32]=Oop [56]=Oop [64]=Oop [80]=Oop [96]=NarrowOop }
                      ;*bastore {reexecute=0 rethrow=0 return_oop=0}
                      ; - org.jetbrains.org.objectweb.asm.ByteVector::putShort@44 (line 125)
                      ; - org.jetbrains.org.objectweb.asm.FieldWriter::putFieldInfo@39 (line 223)
                      ; - org.jetbrains.org.objectweb.asm.ClassWriter::toByteArray@831 (line 639)
  0x000001dbe544c40c: f0a4 ccfe | 448b dd41 | 0fbe ebba | e4ff ffff | 448b 5c24 | 3c44 895c | 2428 448b | 5424 4044 
  0x000001dbe544c42c: 8954 242c | 4c8b 5424 | 484c 8954 | 2438 4c89 | 5424 4044 | 8b5c 2468 | 4489 5c24 | 5c44 894c 
  0x000001dbe544c44c: 2460 894c | 246c 6690 

  0x000001dbe544c454: ;   {runtime_call UncommonTrapBlob}
  0x000001dbe544c454: c5f8 77e8 

  0x000001dbe544c458: ; ImmutableOopMap {[32]=Oop [56]=Oop [64]=Oop [80]=Oop [108]=NarrowOop }
                      ;*bastore {reexecute=0 rethrow=0 return_oop=0}
                      ; - org.jetbrains.org.objectweb.asm.ByteVector::putShort@36 (line 124)
                      ; - org.jetbrains.org.objectweb.asm.FieldWriter::putFieldInfo@46 (line 223)
                      ; - org.jetbrains.org.objectweb.asm.ClassWriter::toByteArray@831 (line 639)
  0x000001dbe544c458: a4a4 ccfe | 0fbe 6c24 | 68ba e4ff | ffff 448b | 5c24 3c44 | 895c 2428 | 448b 5424 | 4044 8954 
  0x000001dbe544c478: 242c 4c8b | 5424 484c | 8954 2438 | 4c89 5424 | 4089 4c24 | 6044 894c | 2464 6690 

  0x000001dbe544c494: ;   {runtime_call UncommonTrapBlob}
  0x000001dbe544c494: c5f8 77e8 

  0x000001dbe544c498: ; ImmutableOopMap {[32]=Oop [56]=Oop [64]=Oop [80]=Oop [96]=NarrowOop }
                      ;*bastore {reexecute=0 rethrow=0 return_oop=0}
                      ; - org.jetbrains.org.objectweb.asm.ByteVector::putShort@44 (line 125)
                      ; - org.jetbrains.org.objectweb.asm.FieldWriter::putFieldInfo@46 (line 223)
                      ; - org.jetbrains.org.objectweb.asm.ClassWriter::toByteArray@831 (line 639)
  0x000001dbe544c498: 64a4 ccfe | 448b c541 | 0fbe e8ba | e4ff ffff | 448b 4424 | 3c44 8944 | 2428 448b | 5c24 4044 
  0x000001dbe544c4b8: 895c 242c | 4c8b 5c24 | 484c 895c | 2438 4c89 | 5c24 4044 | 8b5c 2464 | 4489 5c24 | 6044 8954 
  0x000001dbe544c4d8: 2464 894c | 246c 6690 

  0x000001dbe544c4e0: ;   {runtime_call UncommonTrapBlob}
  0x000001dbe544c4e0: c5f8 77e8 

  0x000001dbe544c4e4: ; ImmutableOopMap {[32]=Oop [56]=Oop [64]=Oop [80]=Oop [108]=NarrowOop }
                      ;*bastore {reexecute=0 rethrow=0 return_oop=0}
                      ; - org.jetbrains.org.objectweb.asm.ByteVector::putShort@36 (line 124)
                      ; - org.jetbrains.org.objectweb.asm.FieldWriter::putFieldInfo@53 (line 223)
                      ; - org.jetbrains.org.objectweb.asm.ClassWriter::toByteArray@831 (line 639)
  0x000001dbe544c4e4: 18a4 ccfe | 0fbe 6c24 | 64ba e4ff | ffff 448b | 4424 3c44 | 8944 2428 | 448b 5c24 | 4044 895c 
  0x000001dbe544c504: 242c 4c8b | 5c24 484c | 895c 2438 | 4c89 5c24 | 4089 4c24 | 6044 8954 | 2464 6690 

  0x000001dbe544c520: ;   {runtime_call UncommonTrapBlob}
  0x000001dbe544c520: c5f8 77e8 

  0x000001dbe544c524: ; ImmutableOopMap {[32]=Oop [56]=Oop [64]=Oop [80]=Oop [96]=NarrowOop }
                      ;*bastore {reexecute=0 rethrow=0 return_oop=0}
                      ; - org.jetbrains.org.objectweb.asm.ByteVector::putShort@44 (line 125)
                      ; - org.jetbrains.org.objectweb.asm.FieldWriter::putFieldInfo@53 (line 223)
                      ; - org.jetbrains.org.objectweb.asm.ClassWriter::toByteArray@831 (line 639)
  0x000001dbe544c524: d8a3 ccfe | bae4 ffff | ff48 8b6c | 2420 448b | 4424 3c44 | 8944 2420 | 448b 5424 | 4044 8954 
  0x000001dbe544c544: 2424 4c8b | 5424 484c | 8954 2430 | 4c89 5424 | 3844 8b44 | 2444 4489 | 4424 4044 | 895c 2444 
  0x000001dbe544c564: 894c 245c 

  0x000001dbe544c568: ;   {runtime_call UncommonTrapBlob}
  0x000001dbe544c568: c5f8 77e8 

  0x000001dbe544c56c: ; ImmutableOopMap {rbp=Oop [48]=Oop [56]=Oop [80]=Oop [92]=NarrowOop }
                      ;*bastore {reexecute=0 rethrow=0 return_oop=0}
                      ; - org.jetbrains.org.objectweb.asm.ByteVector::putShort@36 (line 124)
                      ; - org.jetbrains.org.objectweb.asm.FieldWriter::putFieldInfo@173 (line 254)
                      ; - org.jetbrains.org.objectweb.asm.ClassWriter::toByteArray@831 (line 639)
  0x000001dbe544c56c: 90a3 ccfe | bae4 ffff | ff48 8b6c | 2420 448b | 4424 3c44 | 8944 2420 | 448b 5424 | 4044 8954 
  0x000001dbe544c58c: 2424 4c8b | 5424 484c | 8954 2430 | 4c89 5424 | 3844 8b54 | 2458 4489 | 5424 4089 | 4c24 5844 
  0x000001dbe544c5ac: 895c 245c 

  0x000001dbe544c5b0: ;   {runtime_call UncommonTrapBlob}
  0x000001dbe544c5b0: c5f8 77e8 

  0x000001dbe544c5b4: ; ImmutableOopMap {rbp=Oop [48]=Oop [56]=Oop [80]=Oop [88]=NarrowOop }
                      ;*bastore {reexecute=0 rethrow=0 return_oop=0}
                      ; - org.jetbrains.org.objectweb.asm.ByteVector::putShort@44 (line 125)
                      ; - org.jetbrains.org.objectweb.asm.FieldWriter::putFieldInfo@173 (line 254)
                      ; - org.jetbrains.org.objectweb.asm.ClassWriter::toByteArray@831 (line 639)
  0x000001dbe544c5b4: 48a3 ccfe | baf6 ffff | ff66 6690 

  0x000001dbe544c5c0: ;   {runtime_call UncommonTrapBlob}
  0x000001dbe544c5c0: c5f8 77e8 

  0x000001dbe544c5c4: ; ImmutableOopMap {}
                      ;*invokevirtual addConstantUtf8 {reexecute=0 rethrow=0 return_oop=0}
                      ; - org.jetbrains.org.objectweb.asm.FieldWriter::computeFieldInfoSize@16 (line 197)
                      ; - org.jetbrains.org.objectweb.asm.ClassWriter::toByteArray@26 (line 505)
  0x000001dbe544c5c4: 38a3 ccfe | baf6 ffff | ff66 6690 

  0x000001dbe544c5d0: ;   {runtime_call UncommonTrapBlob}
  0x000001dbe544c5d0: c5f8 77e8 

  0x000001dbe544c5d4: ; ImmutableOopMap {}
                      ;*invokevirtual addConstantUtf8 {reexecute=0 rethrow=0 return_oop=0}
                      ; - org.jetbrains.org.objectweb.asm.FieldWriter::putFieldInfo@191 (line 259)
                      ; - org.jetbrains.org.objectweb.asm.ClassWriter::toByteArray@831 (line 639)
  0x000001dbe544c5d4: 28a3 ccfe | 448b c541 | 0fbe e8ba | e4ff ffff | 448b 4424 | 3c44 8944 | 2428 448b | 5c24 4044 
  0x000001dbe544c5f4: 895c 242c | 4c8b 5c24 | 484c 895c | 2438 4c89 | 5c24 4044 | 8954 2460 | 4489 4c24 | 6866 6690 
  0x000001dbe544c614: ;   {runtime_call UncommonTrapBlob}
  0x000001dbe544c614: c5f8 77e8 

  0x000001dbe544c618: ; ImmutableOopMap {[32]=Oop [56]=Oop [64]=Oop [80]=Oop [104]=NarrowOop }
                      ;*bastore {reexecute=0 rethrow=0 return_oop=0}
                      ; - org.jetbrains.org.objectweb.asm.ByteVector::putShort@36 (line 124)
                      ; - org.jetbrains.org.objectweb.asm.FieldWriter::putFieldInfo@194 (line 259)
                      ; - org.jetbrains.org.objectweb.asm.ClassWriter::toByteArray@831 (line 639)
  0x000001dbe544c618: e4a2 ccfe | 0fbe 6c24 | 58ba e4ff | ffff 448b | 4424 3c44 | 8944 2428 | 448b 5c24 | 4044 895c 
  0x000001dbe544c638: 242c 4c8b | 5c24 484c | 895c 2438 | 4c89 5c24 | 4044 8b5c | 2460 4489 | 5c24 5844 | 894c 245c 
  0x000001dbe544c658: 4489 5424 | 6066 6690 

  0x000001dbe544c660: ;   {runtime_call UncommonTrapBlob}
  0x000001dbe544c660: c5f8 77e8 

  0x000001dbe544c664: ; ImmutableOopMap {[32]=Oop [56]=Oop [64]=Oop [80]=Oop [92]=NarrowOop }
                      ;*bastore {reexecute=0 rethrow=0 return_oop=0}
                      ; - org.jetbrains.org.objectweb.asm.ByteVector::putShort@44 (line 125)
                      ; - org.jetbrains.org.objectweb.asm.FieldWriter::putFieldInfo@194 (line 259)
                      ; - org.jetbrains.org.objectweb.asm.ClassWriter::toByteArray@831 (line 639)
  0x000001dbe544c664: 98a2 ccfe | bae4 ffff | ff48 8b6c | 2420 448b | 4424 3c44 | 8944 2420 | 448b 5c24 | 4044 895c 
  0x000001dbe544c684: 2424 4c8b | 5c24 484c | 895c 2430 | 4c89 5c24 | 384c 8b5c | 2450 4c89 | 5c24 4844 | 8954 2450 
  0x000001dbe544c6a4: 4489 4c24 | 5866 6690 

  0x000001dbe544c6ac: ;   {runtime_call UncommonTrapBlob}
  0x000001dbe544c6ac: c5f8 77e8 

  0x000001dbe544c6b0: ; ImmutableOopMap {rbp=Oop [48]=Oop [56]=Oop [72]=Oop [88]=NarrowOop }
                      ;*bastore {reexecute=0 rethrow=0 return_oop=0}
                      ; - org.jetbrains.org.objectweb.asm.ByteVector::putInt@36 (line 186)
                      ; - org.jetbrains.org.objectweb.asm.FieldWriter::putFieldInfo@198 (line 260)
                      ; - org.jetbrains.org.objectweb.asm.ClassWriter::toByteArray@831 (line 639)
  0x000001dbe544c6b0: 4ca2 ccfe | 448b 5c24 | 5c41 83c3 | 04ba e4ff | ffff 488b | 6c24 208b | 4c24 3c89 | 4c24 2044 
  0x000001dbe544c6d0: 8b44 2440 | 4489 4424 | 244c 8b44 | 2448 4c89 | 4424 304c | 8944 2438 | 4c8b 4424 | 504c 8944 
  0x000001dbe544c6f0: 2448 4489 | 5c24 5044 | 894c 2458 | 4489 5424 | 5c66 6690 

  0x000001dbe544c704: ;   {runtime_call UncommonTrapBlob}
  0x000001dbe544c704: c5f8 77e8 

  0x000001dbe544c708: ; ImmutableOopMap {rbp=Oop [48]=Oop [56]=Oop [72]=Oop [88]=NarrowOop }
                      ;*bastore {reexecute=0 rethrow=0 return_oop=0}
                      ; - org.jetbrains.org.objectweb.asm.ByteVector::putInt@47 (line 187)
                      ; - org.jetbrains.org.objectweb.asm.FieldWriter::putFieldInfo@198 (line 260)
                      ; - org.jetbrains.org.objectweb.asm.ClassWriter::toByteArray@831 (line 639)
  0x000001dbe544c708: f4a1 ccfe | 448b 5c24 | 2841 0fbe | ebba e4ff | ffff 448b | 5c24 3c44 | 895c 2428 | 448b 5424 
  0x000001dbe544c728: 4044 8954 | 242c 4c8b | 5424 484c | 8954 2438 | 4c89 5424 | 4044 8944 | 245c 4489 | 4c24 6890 
  0x000001dbe544c748: ;   {runtime_call UncommonTrapBlob}
  0x000001dbe544c748: c5f8 77e8 

  0x000001dbe544c74c: ; ImmutableOopMap {[32]=Oop [56]=Oop [64]=Oop [80]=Oop [104]=NarrowOop }
                      ;*bastore {reexecute=0 rethrow=0 return_oop=0}
                      ; - org.jetbrains.org.objectweb.asm.ByteVector::putShort@36 (line 124)
                      ; - org.jetbrains.org.objectweb.asm.FieldWriter::putFieldInfo@205 (line 261)
                      ; - org.jetbrains.org.objectweb.asm.ClassWriter::toByteArray@831 (line 639)
  0x000001dbe544c74c: b0a1 ccfe | 0fbe 6c24 | 58ba e4ff | ffff 448b | 5c24 3c44 | 895c 2428 | 448b 5424 | 4044 8954 
  0x000001dbe544c76c: 242c 4c8b | 5424 484c | 8954 2438 | 4c89 5424 | 4044 8b54 | 2460 4489 | 5424 5844 | 894c 245c 
  0x000001dbe544c78c: 4489 4424 | 6066 6690 

  0x000001dbe544c794: ;   {runtime_call UncommonTrapBlob}
  0x000001dbe544c794: c5f8 77e8 

  0x000001dbe544c798: ; ImmutableOopMap {[32]=Oop [56]=Oop [64]=Oop [80]=Oop [92]=NarrowOop }
                      ;*bastore {reexecute=0 rethrow=0 return_oop=0}
                      ; - org.jetbrains.org.objectweb.asm.ByteVector::putShort@44 (line 125)
                      ; - org.jetbrains.org.objectweb.asm.FieldWriter::putFieldInfo@205 (line 261)
                      ; - org.jetbrains.org.objectweb.asm.ClassWriter::toByteArray@831 (line 639)
  0x000001dbe544c798: 64a1 ccfe | 895c 2440 | 4489 5c24 | 3c89 5424 | 2c89 7c24 | 2849 8bd0 | 41b8 0200 | 0000 6690 
  0x000001dbe544c7b8: ;   {optimized virtual_call}
  0x000001dbe544c7b8: c5f8 77e8 

  0x000001dbe544c7bc: ; ImmutableOopMap {rbp=Oop [32]=Oop }
                      ;*invokespecial enlarge {reexecute=0 rethrow=0 return_oop=0}
                      ; - org.jetbrains.org.objectweb.asm.ByteVector::putShort@18 (line 121)
                      ; - org.jetbrains.org.objectweb.asm.ClassWriter::toByteArray@1203 (line 691)
  0x000001dbe544c7bc: c04b ccfe | 4c8b c545 | 8b48 1045 | 85c9 0f84 | 5c14 0000 | 8b7c 2428 | 8b54 242c | 448b 5c24 
  0x000001dbe544c7dc: 3c8b 5c24 | 40e9 51f0 | ffff bae4 | ffff ff48 | 8b6c 2420 | 448b 4424 | 3844 8944 | 2420 448b 
  0x000001dbe544c7fc: 5c24 3c44 | 895c 2424 | 448b 4424 | 4044 8944 | 2428 4c8b | 5c24 484c | 895c 2438 | 4489 5424 
  0x000001dbe544c81c: 4044 894c | 2448 6690 

  0x000001dbe544c824: ;   {runtime_call UncommonTrapBlob}
  0x000001dbe544c824: c5f8 77e8 

  0x000001dbe544c828: ; ImmutableOopMap {rbp=Oop [56]=Oop [72]=NarrowOop }
                      ;*bastore {reexecute=0 rethrow=0 return_oop=0}
                      ; - org.jetbrains.org.objectweb.asm.ByteVector::putInt@36 (line 186)
                      ; - org.jetbrains.org.objectweb.asm.ClassWriter::toByteArray@701 (line 628)
  0x000001dbe544c828: d4a0 ccfe | 4963 cbe9 | 5cd3 ffff | 4183 c002 | bae4 ffff | ff48 8b6c | 2420 448b | 5c24 3844 
  0x000001dbe544c848: 895c 2420 | 8b4c 243c | 894c 2424 | 448b 5c24 | 4044 895c | 2428 4c8b | 5c24 484c | 895c 2438 
  0x000001dbe544c868: 4489 4424 | 2c44 894c | 2444 4489 | 5424 4890 

  0x000001dbe544c878: ;   {runtime_call UncommonTrapBlob}
  0x000001dbe544c878: c5f8 77e8 

  0x000001dbe544c87c: ; ImmutableOopMap {rbp=Oop [56]=Oop [68]=NarrowOop }
                      ;*bastore {reexecute=0 rethrow=0 return_oop=0}
                      ; - org.jetbrains.org.objectweb.asm.ByteVector::putInt@47 (line 187)
                      ; - org.jetbrains.org.objectweb.asm.ClassWriter::toByteArray@701 (line 628)
  0x000001dbe544c87c: 80a0 ccfe | bae4 ffff | ff48 8b6c | 2420 448b | 5424 3844 | 8954 2420 | 448b 5c24 | 3c44 895c 
  0x000001dbe544c89c: 2424 448b | 5424 4044 | 8954 2428 | 4c8b 5424 | 484c 8954 | 2438 448b | 5c24 5044 | 895c 242c 
  0x000001dbe544c8bc: 894c 2440 | 4489 4c24 | 4c66 6690 

  0x000001dbe544c8c8: ;   {runtime_call UncommonTrapBlob}
  0x000001dbe544c8c8: c5f8 77e8 

  0x000001dbe544c8cc: ; ImmutableOopMap {rbp=Oop [56]=Oop [76]=NarrowOop }
                      ;*bastore {reexecute=0 rethrow=0 return_oop=0}
                      ; - org.jetbrains.org.objectweb.asm.ByteVector::putInt@36 (line 186)
                      ; - org.jetbrains.org.objectweb.asm.ClassWriter::toByteArray@708 (line 628)
  0x000001dbe544c8cc: 30a0 ccfe | 440f bedb | 448b 5424 | 2c41 83c2 | 06ba e4ff | ffff 488b | 6c24 208b | 5c24 3889 
  0x000001dbe544c8ec: 5c24 2044 | 8b44 243c | 4489 4424 | 248b 5c24 | 4089 5c24 | 284c 8b44 | 2448 4c89 | 4424 3844 
  0x000001dbe544c90c: 8b44 2450 | 4489 4424 | 2c44 8954 | 2440 4489 | 4c24 4889 | 4c24 4c44 | 895c 2450 

  0x000001dbe544c928: ;   {runtime_call UncommonTrapBlob}
  0x000001dbe544c928: c5f8 77e8 

  0x000001dbe544c92c: ; ImmutableOopMap {rbp=Oop [56]=Oop [72]=NarrowOop }
                      ;*bastore {reexecute=0 rethrow=0 return_oop=0}
                      ; - org.jetbrains.org.objectweb.asm.ByteVector::putInt@47 (line 187)
                      ; - org.jetbrains.org.objectweb.asm.ClassWriter::toByteArray@708 (line 628)
  0x000001dbe544c92c: d09f ccfe | bae4 ffff | ff48 8b6c | 2420 448b | 5c24 3844 | 895c 2420 | 448b 5424 | 3c44 8954 
  0x000001dbe544c94c: 2424 448b | 5c24 4044 | 895c 2428 | 4c8b 5424 | 484c 8954 | 2438 448b | 5424 5444 | 8954 242c 
  0x000001dbe544c96c: 448b 5c24 | 4444 895c | 2440 4489 | 4424 4444 | 894c 244c 

  0x000001dbe544c980: ;   {runtime_call UncommonTrapBlob}
  0x000001dbe544c980: c5f8 77e8 

  0x000001dbe544c984: ; ImmutableOopMap {rbp=Oop [44]=NarrowOop [56]=Oop [76]=NarrowOop }
                      ;*bastore {reexecute=0 rethrow=0 return_oop=0}
                      ; - org.jetbrains.org.objectweb.asm.ByteVector::putShort@36 (line 124)
                      ; - org.jetbrains.org.objectweb.asm.SymbolTable::putConstantPool@5 (line 372)
                      ; - org.jetbrains.org.objectweb.asm.ClassWriter::toByteArray@718 (line 629)
  0x000001dbe544c984: 789f ccfe | 0fbe 6c24 | 44ba e4ff | ffff 448b | 5424 3844 | 8954 2428 | 448b 5c24 | 3c44 895c 
  0x000001dbe544c9a4: 242c 448b | 5424 4044 | 8954 2430 | 4c8b 5424 | 484c 8954 | 2440 448b | 5424 5044 | 8954 2448 
  0x000001dbe544c9c4: 4489 4c24 | 4c44 8944 | 2450 6690 

  0x000001dbe544c9d0: ;   {runtime_call UncommonTrapBlob}
  0x000001dbe544c9d0: c5f8 77e8 

  0x000001dbe544c9d4: ; ImmutableOopMap {[32]=Oop [64]=Oop [76]=NarrowOop [84]=NarrowOop }
                      ;*bastore {reexecute=0 rethrow=0 return_oop=0}
                      ; - org.jetbrains.org.objectweb.asm.ByteVector::putShort@44 (line 125)
                      ; - org.jetbrains.org.objectweb.asm.SymbolTable::putConstantPool@5 (line 372)
                      ; - org.jetbrains.org.objectweb.asm.ClassWriter::toByteArray@718 (line 629)
  0x000001dbe544c9d4: 289f ccfe | bae4 ffff | ff48 8b6c | 2420 448b | 4424 3844 | 8944 2420 | 448b 4c24 | 3c44 894c 
  0x000001dbe544c9f4: 2424 448b | 4424 4044 | 8944 2428 | 4c8b 4424 | 484c 8944 | 2438 448b | 4424 4444 | 8944 2440 
  0x000001dbe544ca14: 4489 5424 | 4444 895c | 244c 6690 

  0x000001dbe544ca20: ;   {runtime_call UncommonTrapBlob}
  0x000001dbe544ca20: c5f8 77e8 

  0x000001dbe544ca24: ; ImmutableOopMap {rbp=Oop [56]=Oop [76]=NarrowOop }
                      ;*bastore {reexecute=0 rethrow=0 return_oop=0}
                      ; - org.jetbrains.org.objectweb.asm.ByteVector::putShort@36 (line 124)
                      ; - org.jetbrains.org.objectweb.asm.ClassWriter::toByteArray@753 (line 631)
  0x000001dbe544ca24: d89e ccfe | 0fbe 6c24 | 44ba e4ff | ffff 448b | 4c24 3844 | 894c 2428 | 448b 4424 | 3c44 8944 
  0x000001dbe544ca44: 242c 448b | 4c24 4044 | 894c 2430 | 4c8b 4424 | 484c 8944 | 2440 4489 | 5c24 4844 | 8954 244c 
  0x000001dbe544ca64: ;   {runtime_call UncommonTrapBlob}
  0x000001dbe544ca64: c5f8 77e8 

  0x000001dbe544ca68: ; ImmutableOopMap {[32]=Oop [64]=Oop [72]=NarrowOop }
                      ;*bastore {reexecute=0 rethrow=0 return_oop=0}
                      ; - org.jetbrains.org.objectweb.asm.ByteVector::putShort@44 (line 125)
                      ; - org.jetbrains.org.objectweb.asm.ClassWriter::toByteArray@753 (line 631)
  0x000001dbe544ca68: 949e ccfe | bae4 ffff | ff48 8b6c | 2420 448b | 4424 3844 | 8944 2420 | 448b 4c24 | 3c44 894c 
  0x000001dbe544ca88: 2424 448b | 4424 4044 | 8944 2428 | 4c8b 4424 | 484c 8944 | 2438 4489 | 5424 4044 | 895c 244c 
  0x000001dbe544caa8: ;   {runtime_call UncommonTrapBlob}
  0x000001dbe544caa8: c5f8 77e8 

  0x000001dbe544caac: ; ImmutableOopMap {rbp=Oop [56]=Oop [76]=NarrowOop }
                      ;*bastore {reexecute=0 rethrow=0 return_oop=0}
                      ; - org.jetbrains.org.objectweb.asm.ByteVector::putShort@36 (line 124)
                      ; - org.jetbrains.org.objectweb.asm.ClassWriter::toByteArray@760 (line 631)
  0x000001dbe544caac: 509e ccfe | 0fbe 6c24 | 54ba e4ff | ffff 448b | 4c24 3844 | 894c 2428 | 448b 4424 | 3c44 8944 
  0x000001dbe544cacc: 242c 448b | 4c24 4044 | 894c 2430 | 4c8b 4424 | 484c 8944 | 2440 4489 | 5c24 4844 | 8954 244c 
  0x000001dbe544caec: ;   {runtime_call UncommonTrapBlob}
  0x000001dbe544caec: c5f8 77e8 

  0x000001dbe544caf0: ; ImmutableOopMap {[32]=Oop [64]=Oop [72]=NarrowOop }
                      ;*bastore {reexecute=0 rethrow=0 return_oop=0}
                      ; - org.jetbrains.org.objectweb.asm.ByteVector::putShort@44 (line 125)
                      ; - org.jetbrains.org.objectweb.asm.ClassWriter::toByteArray@760 (line 631)
  0x000001dbe544caf0: 0c9e ccfe | bae4 ffff | ff48 8b6c | 2420 448b | 4424 3844 | 8944 2420 | 448b 4c24 | 3c44 894c 
  0x000001dbe544cb10: 2424 448b | 4424 4044 | 8944 2428 | 4c8b 4424 | 484c 8944 | 2438 448b | 4c24 4444 | 894c 242c 
  0x000001dbe544cb30: 4489 5424 | 4044 895c | 2448 6690 

  0x000001dbe544cb3c: ;   {runtime_call UncommonTrapBlob}
  0x000001dbe544cb3c: c5f8 77e8 

  0x000001dbe544cb40: ; ImmutableOopMap {rbp=Oop [56]=Oop [72]=NarrowOop }
                      ;*bastore {reexecute=0 rethrow=0 return_oop=0}
                      ; - org.jetbrains.org.objectweb.asm.ByteVector::putShort@36 (line 124)
                      ; - org.jetbrains.org.objectweb.asm.ClassWriter::toByteArray@767 (line 631)
  0x000001dbe544cb40: bc9d ccfe | 0fbe 6c24 | 44ba e4ff | ffff 448b | 4c24 3844 | 894c 2428 | 448b 4424 | 3c44 8944 
  0x000001dbe544cb60: 242c 448b | 4c24 4044 | 894c 2430 | 4c8b 4424 | 484c 8944 | 2440 4489 | 5c24 4844 | 8954 244c 
  0x000001dbe544cb80: ;   {runtime_call UncommonTrapBlob}
  0x000001dbe544cb80: c5f8 77e8 

  0x000001dbe544cb84: ; ImmutableOopMap {[32]=Oop [64]=Oop [72]=NarrowOop }
                      ;*bastore {reexecute=0 rethrow=0 return_oop=0}
                      ; - org.jetbrains.org.objectweb.asm.ByteVector::putShort@44 (line 125)
                      ; - org.jetbrains.org.objectweb.asm.ClassWriter::toByteArray@767 (line 631)
  0x000001dbe544cb84: 789d ccfe | bae4 ffff | ff48 8b6c | 2420 448b | 4424 3844 | 8944 2420 | 448b 4c24 | 3c44 894c 
  0x000001dbe544cba4: 2424 448b | 4424 4044 | 8944 2428 | 4c8b 4424 | 484c 8944 | 2438 448b | 4c24 4444 | 894c 242c 
  0x000001dbe544cbc4: 4489 5424 | 4044 895c | 2448 448b | 5c24 5044 | 895c 244c 

  0x000001dbe544cbd8: ;   {runtime_call UncommonTrapBlob}
  0x000001dbe544cbd8: c5f8 77e8 

  0x000001dbe544cbdc: ; ImmutableOopMap {rbp=Oop [56]=Oop [72]=NarrowOop }
                      ;*bastore {reexecute=0 rethrow=0 return_oop=0}
                      ; - org.jetbrains.org.objectweb.asm.ByteVector::putShort@36 (line 124)
                      ; - org.jetbrains.org.objectweb.asm.ClassWriter::toByteArray@777 (line 632)
  0x000001dbe544cbdc: 209d ccfe | 0fbe 6c24 | 44ba e4ff | ffff 448b | 4c24 3844 | 894c 2428 | 448b 4424 | 3c44 8944 
  0x000001dbe544cbfc: 242c 448b | 4c24 4044 | 894c 2430 | 4c8b 4424 | 484c 8944 | 2440 4489 | 5c24 4844 | 8954 244c 
  0x000001dbe544cc1c: ;   {runtime_call UncommonTrapBlob}
  0x000001dbe544cc1c: c5f8 77e8 

  0x000001dbe544cc20: ; ImmutableOopMap {[32]=Oop [64]=Oop [72]=NarrowOop }
                      ;*bastore {reexecute=0 rethrow=0 return_oop=0}
                      ; - org.jetbrains.org.objectweb.asm.ByteVector::putShort@44 (line 125)
                      ; - org.jetbrains.org.objectweb.asm.ClassWriter::toByteArray@777 (line 632)
  0x000001dbe544cc20: dc9c ccfe | bae4 ffff | ff48 8b6c | 2420 448b | 4424 3c44 | 8944 2420 | 448b 4c24 | 4044 894c 
  0x000001dbe544cc40: 2424 4c8b | 4424 484c | 8944 2430 | 4489 5424 | 3c44 895c | 2444 6690 

  0x000001dbe544cc58: ;   {runtime_call UncommonTrapBlob}
  0x000001dbe544cc58: c5f8 77e8 

  0x000001dbe544cc5c: ; ImmutableOopMap {rbp=Oop [48]=Oop [68]=NarrowOop }
                      ;*bastore {reexecute=0 rethrow=0 return_oop=0}
                      ; - org.jetbrains.org.objectweb.asm.ByteVector::putShort@36 (line 124)
                      ; - org.jetbrains.org.objectweb.asm.ClassWriter::toByteArray@815 (line 636)
  0x000001dbe544cc5c: a09c ccfe | 0fbe 6c24 | 38ba e4ff | ffff 448b | 4c24 3c44 | 894c 2428 | 448b 4424 | 4044 8944 
  0x000001dbe544cc7c: 242c 4c8b | 4424 484c | 8944 2438 | 448b 4c24 | 4444 894c | 2440 4489 | 5c24 4444 | 8954 2448 
  0x000001dbe544cc9c: ;   {runtime_call UncommonTrapBlob}
  0x000001dbe544cc9c: c5f8 77e8 

  0x000001dbe544cca0: ; ImmutableOopMap {[32]=Oop [56]=Oop [68]=NarrowOop }
                      ;*bastore {reexecute=0 rethrow=0 return_oop=0}
                      ; - org.jetbrains.org.objectweb.asm.ByteVector::putShort@44 (line 125)
                      ; - org.jetbrains.org.objectweb.asm.ClassWriter::toByteArray@815 (line 636)
  0x000001dbe544cca0: 5c9c ccfe | bae4 ffff | ff48 8b6c | 2420 448b | 4c24 4044 | 894c 2420 | 4c8b 5424 | 484c 8954 
  0x000001dbe544ccc0: 2430 448b | 5424 3c44 | 8954 2424 | 4489 4424 | 3c44 895c | 2448 6690 

  0x000001dbe544ccd8: ;   {runtime_call UncommonTrapBlob}
  0x000001dbe544ccd8: c5f8 77e8 

  0x000001dbe544ccdc: ; ImmutableOopMap {rbp=Oop [48]=Oop [72]=NarrowOop }
                      ;*bastore {reexecute=0 rethrow=0 return_oop=0}
                      ; - org.jetbrains.org.objectweb.asm.ByteVector::putShort@36 (line 124)
                      ; - org.jetbrains.org.objectweb.asm.ClassWriter::toByteArray@849 (line 642)
  0x000001dbe544ccdc: 209c ccfe | 0fbe 6c24 | 3cba e4ff | ffff 448b | 4c24 4044 | 894c 2428 | 4c8b 5424 | 484c 8954 
  0x000001dbe544ccfc: 2438 4489 | 5c24 4044 | 8944 2444 

  0x000001dbe544cd08: ;   {runtime_call UncommonTrapBlob}
  0x000001dbe544cd08: c5f8 77e8 

  0x000001dbe544cd0c: ; ImmutableOopMap {[32]=Oop [56]=Oop [64]=NarrowOop [72]=Oop }
                      ;*bastore {reexecute=0 rethrow=0 return_oop=0}
                      ; - org.jetbrains.org.objectweb.asm.ByteVector::putShort@44 (line 125)
                      ; - org.jetbrains.org.objectweb.asm.ClassWriter::toByteArray@849 (line 642)
  0x000001dbe544cd0c: f09b ccfe | bae4 ffff | ff4c 8b54 | 2448 4c89 | 5424 3844 | 895c 2448 

  0x000001dbe544cd24: ;   {runtime_call UncommonTrapBlob}
  0x000001dbe544cd24: c5f8 77e8 

  0x000001dbe544cd28: ; ImmutableOopMap {[32]=Oop [56]=Oop [72]=NarrowOop }
                      ;*bastore {reexecute=0 rethrow=0 return_oop=0}
                      ; - org.jetbrains.org.objectweb.asm.ByteVector::putShort@36 (line 124)
                      ; - org.jetbrains.org.objectweb.asm.ClassWriter::toByteArray@914 (line 653)
  0x000001dbe544cd28: d49b ccfe | bae4 ffff | ff4c 8b54 | 2448 4c89 | 5424 3844 | 895c 2448 

  0x000001dbe544cd40: ;   {runtime_call UncommonTrapBlob}
  0x000001dbe544cd40: c5f8 77e8 

  0x000001dbe544cd44: ; ImmutableOopMap {[32]=Oop [56]=Oop [72]=NarrowOop }
                      ;*bastore {reexecute=0 rethrow=0 return_oop=0}
                      ; - org.jetbrains.org.objectweb.asm.ByteVector::putShort@44 (line 125)
                      ; - org.jetbrains.org.objectweb.asm.ClassWriter::toByteArray@914 (line 653)
  0x000001dbe544cd44: b89b ccfe | ba45 ffff | ff48 8b6c | 2420 448b | 5c24 3844 | 895c 2420 | 448b 4424 | 2c44 8944 
  0x000001dbe544cd64: 2424 448b | 5c24 3c44 | 895c 2438 

  0x000001dbe544cd70: ;   {runtime_call UncommonTrapBlob}
  0x000001dbe544cd70: c5f8 77e8 

  0x000001dbe544cd74: ; ImmutableOopMap {rbp=Oop [48]=Oop [64]=NarrowOop [72]=NarrowOop }
                      ;*ifnull {reexecute=1 rethrow=0 return_oop=0}
                      ; - (reexecute) org.jetbrains.org.objectweb.asm.AnnotationWriter::computeAnnotationsSize@34 (line 383)
                      ; - org.jetbrains.org.objectweb.asm.FieldWriter::computeFieldInfoSize@58 (line 202)
                      ; - org.jetbrains.org.objectweb.asm.ClassWriter::toByteArray@26 (line 505)
  0x000001dbe544cd74: 889b ccfe | ba45 ffff | ff48 8b6c | 2420 448b | 5c24 3844 | 895c 2420 | 448b 4424 | 2c44 8944 
  0x000001dbe544cd94: 2424 448b | 5c24 3c44 | 895c 2438 | 4489 5424 | 4466 6690 

  0x000001dbe544cda8: ;   {runtime_call UncommonTrapBlob}
  0x000001dbe544cda8: c5f8 77e8 

  0x000001dbe544cdac: ; ImmutableOopMap {rbp=Oop [48]=Oop [68]=NarrowOop }
                      ;*ifnull {reexecute=1 rethrow=0 return_oop=0}
                      ; - (reexecute) org.jetbrains.org.objectweb.asm.AnnotationWriter::computeAnnotationsSize@49 (line 388)
                      ; - org.jetbrains.org.objectweb.asm.FieldWriter::computeFieldInfoSize@58 (line 202)
                      ; - org.jetbrains.org.objectweb.asm.ClassWriter::toByteArray@26 (line 505)
  0x000001dbe544cdac: 509b ccfe | ba45 ffff | ff44 8b4c | 2438 4489 | 4c24 2844 | 895c 2440 

  0x000001dbe544cdc4: ;   {runtime_call UncommonTrapBlob}
  0x000001dbe544cdc4: c5f8 77e8 

  0x000001dbe544cdc8: ; ImmutableOopMap {rbp=NarrowOop [32]=Oop [48]=Oop }
                      ;*ifnull {reexecute=1 rethrow=0 return_oop=0}
                      ; - (reexecute) org.jetbrains.org.objectweb.asm.FieldWriter::computeFieldInfoSize@67 (line 207)
                      ; - org.jetbrains.org.objectweb.asm.ClassWriter::toByteArray@26 (line 505)
  0x000001dbe544cdc8: 349b ccfe | ba45 ffff | ff44 8b5c | 243c 4489 | 5c24 2844 | 8b54 2440 | 4489 5424 | 2c4c 8b54 
  0x000001dbe544cde8: 2448 4c89 | 5424 3890 

  0x000001dbe544cdf0: ;   {runtime_call UncommonTrapBlob}
  0x000001dbe544cdf0: c5f8 77e8 

  0x000001dbe544cdf4: ; ImmutableOopMap {rbp=NarrowOop [32]=Oop [56]=Oop [80]=Oop }
                      ;*ifnull {reexecute=1 rethrow=0 return_oop=0}
                      ; - (reexecute) org.jetbrains.org.objectweb.asm.FieldWriter::putFieldInfo@135 (line 245)
                      ; - org.jetbrains.org.objectweb.asm.ClassWriter::toByteArray@831 (line 639)
  0x000001dbe544cdf4: 089b ccfe | ba45 ffff | ff44 8b5c | 243c 4489 | 5c24 2844 | 8b54 2440 | 4489 5424 | 2c4c 8b54 
  0x000001dbe544ce14: 2448 4c89 | 5424 3890 

  0x000001dbe544ce1c: ;   {runtime_call UncommonTrapBlob}
  0x000001dbe544ce1c: c5f8 77e8 

  0x000001dbe544ce20: ; ImmutableOopMap {rbp=NarrowOop [32]=Oop [56]=Oop [80]=Oop }
                      ;*ifnull {reexecute=1 rethrow=0 return_oop=0}
                      ; - (reexecute) org.jetbrains.org.objectweb.asm.FieldWriter::putFieldInfo@145 (line 248)
                      ; - org.jetbrains.org.objectweb.asm.ClassWriter::toByteArray@831 (line 639)
  0x000001dbe544ce20: dc9a ccfe | ba45 ffff | ff44 8b5c | 243c 4489 | 5c24 2844 | 8b54 2440 | 4489 5424 | 2c4c 8b54 
  0x000001dbe544ce40: 2448 4c89 | 5424 3890 

  0x000001dbe544ce48: ;   {runtime_call UncommonTrapBlob}
  0x000001dbe544ce48: c5f8 77e8 

  0x000001dbe544ce4c: ; ImmutableOopMap {rbp=NarrowOop [32]=Oop [56]=Oop [80]=Oop }
                      ;*ifnull {reexecute=1 rethrow=0 return_oop=0}
                      ; - (reexecute) org.jetbrains.org.objectweb.asm.FieldWriter::putFieldInfo@155 (line 251)
                      ; - org.jetbrains.org.objectweb.asm.ClassWriter::toByteArray@831 (line 639)
  0x000001dbe544ce4c: b09a ccfe | ba45 ffff | ff44 8b54 | 243c 4489 | 5424 2844 | 8b5c 2440 | 4489 5c24 | 2c4c 8b54 
  0x000001dbe544ce6c: 2448 4c89 | 5424 3890 

  0x000001dbe544ce74: ;   {runtime_call UncommonTrapBlob}
  0x000001dbe544ce74: c5f8 77e8 

  0x000001dbe544ce78: ; ImmutableOopMap {rbp=NarrowOop [32]=Oop [56]=Oop [80]=Oop }
                      ;*ifnull {reexecute=1 rethrow=0 return_oop=0}
                      ; - (reexecute) org.jetbrains.org.objectweb.asm.FieldWriter::putFieldInfo@253 (line 271)
                      ; - org.jetbrains.org.objectweb.asm.ClassWriter::toByteArray@831 (line 639)
  0x000001dbe544ce78: 849a ccfe | bacc ffff | ff48 8b6c | 2420 448b | 4424 3844 | 8944 2420 | 448b 5424 | 3c44 8954 
  0x000001dbe544ce98: 2424 448b | 4424 4044 | 8944 2428 | 4c8b 5424 | 484c 8954 | 2438 4489 | 5c24 4044 | 894c 2444 
  0x000001dbe544ceb8: 895c 244c 

  0x000001dbe544cebc: ;   {runtime_call UncommonTrapBlob}
  0x000001dbe544cebc: c5f8 77e8 

  0x000001dbe544cec0: ; ImmutableOopMap {rbp=Oop [56]=Oop [64]=NarrowOop [68]=NarrowOop }
                      ;*invokestatic arraycopy {reexecute=0 rethrow=0 return_oop=0}
                      ; - org.jetbrains.org.objectweb.asm.ByteVector::putByteArray@34 (line 352)
                      ; - org.jetbrains.org.objectweb.asm.SymbolTable::putConstantPool@23 (line 372)
                      ; - org.jetbrains.org.objectweb.asm.ClassWriter::toByteArray@718 (line 629)
  0x000001dbe544cec0: 3c9a ccfe | baf6 ffff | ff66 6690 

  0x000001dbe544cecc: ;   {runtime_call UncommonTrapBlob}
  0x000001dbe544cecc: c5f8 77e8 

  0x000001dbe544ced0: ; ImmutableOopMap {}
                      ;*arraylength {reexecute=0 rethrow=0 return_oop=0}
                      ; - org.jetbrains.org.objectweb.asm.ByteVector::putShort@12 (line 120)
                      ; - org.jetbrains.org.objectweb.asm.ClassWriter::toByteArray@914 (line 653)
  0x000001dbe544ced0: 2c9a ccfe | baf6 ffff | ff66 6690 

  0x000001dbe544cedc: ;   {runtime_call UncommonTrapBlob}
  0x000001dbe544cedc: c5f8 77e8 

  0x000001dbe544cee0: ; ImmutableOopMap {}
                      ;*arraylength {reexecute=0 rethrow=0 return_oop=0}
                      ; - org.jetbrains.org.objectweb.asm.ByteVector::putShort@12 (line 120)
                      ; - org.jetbrains.org.objectweb.asm.ClassWriter::toByteArray@849 (line 642)
  0x000001dbe544cee0: 1c9a ccfe | ba45 ffff | ff44 8954 | 2428 6690 

  0x000001dbe544cef0: ;   {runtime_call UncommonTrapBlob}
  0x000001dbe544cef0: c5f8 77e8 

  0x000001dbe544cef4: ; ImmutableOopMap {[32]=Oop }
                      ;*ifne {reexecute=1 rethrow=0 return_oop=0}
                      ; - (reexecute) org.jetbrains.org.objectweb.asm.ClassWriter::toByteArray@541 (line 602)
  0x000001dbe544cef4: 089a ccfe | ba45 ffff | ff49 8be8 | 4c8b 5424 | 284c 8954 | 2420 448b | 5c24 3044 | 895c 2428 
  0x000001dbe544cf14: 4489 4c24 | 3066 6690 

  0x000001dbe544cf1c: ;   {runtime_call UncommonTrapBlob}
  0x000001dbe544cf1c: c5f8 77e8 

  0x000001dbe544cf20: ; ImmutableOopMap {rbp=Oop [32]=Oop }
                      ;*ifne {reexecute=1 rethrow=0 return_oop=0}
                      ; - (reexecute) org.jetbrains.org.objectweb.asm.ClassWriter::toByteArray@1423 (line 724)
  0x000001dbe544cf20: dc99 ccfe | ba45 ffff | ff48 894c | 2420 4489 | 5424 2844 | 8944 242c | 8944 2430 | 4489 5c24 
  0x000001dbe544cf40: 3466 6690 

  0x000001dbe544cf44: ;   {runtime_call UncommonTrapBlob}
  0x000001dbe544cf44: c5f8 77e8 

  0x000001dbe544cf48: ; ImmutableOopMap {[32]=Oop }
                      ;*ifeq {reexecute=1 rethrow=0 return_oop=0}
                      ; - (reexecute) org.jetbrains.org.objectweb.asm.ClassWriter::toByteArray@121 (line 523)
  0x000001dbe544cf48: b499 ccfe | ba45 ffff | ff48 894c | 2420 4489 | 5424 2844 | 8944 242c | 8944 2430 | 4489 5c24 
  0x000001dbe544cf68: 3466 6690 

  0x000001dbe544cf6c: ;   {runtime_call UncommonTrapBlob}
  0x000001dbe544cf6c: c5f8 77e8 

  0x000001dbe544cf70: ; ImmutableOopMap {[32]=Oop }
                      ;*ifeq {reexecute=1 rethrow=0 return_oop=0}
                      ; - (reexecute) org.jetbrains.org.objectweb.asm.ClassWriter::toByteArray@149 (line 528)
  0x000001dbe544cf70: 8c99 ccfe | ba45 ffff | ff4c 895c | 2420 4489 | 5424 2890 

  0x000001dbe544cf84: ;   {runtime_call UncommonTrapBlob}
  0x000001dbe544cf84: c5f8 77e8 

  0x000001dbe544cf88: ; ImmutableOopMap {rbp=NarrowOop [32]=Oop }
                      ;*ifnull {reexecute=1 rethrow=0 return_oop=0}
                      ; - (reexecute) org.jetbrains.org.objectweb.asm.ClassWriter::toByteArray@341 (line 565)
  0x000001dbe544cf88: 7499 ccfe | ba45 ffff | ff4c 895c | 2420 4489 | 5424 2890 

  0x000001dbe544cf9c: ;   {runtime_call UncommonTrapBlob}
  0x000001dbe544cf9c: c5f8 77e8 

  0x000001dbe544cfa0: ; ImmutableOopMap {rbp=NarrowOop [32]=Oop }
                      ;*ifnull {reexecute=1 rethrow=0 return_oop=0}
                      ; - (reexecute) org.jetbrains.org.objectweb.asm.ClassWriter::toByteArray@364 (line 571)
  0x000001dbe544cfa0: 5c99 ccfe | ba45 ffff | ff44 8954 | 2428 448b | 4424 3844 | 8944 242c | 4489 5c24 | 3866 6690 
  0x000001dbe544cfc0: ;   {runtime_call UncommonTrapBlob}
  0x000001dbe544cfc0: c5f8 77e8 

  0x000001dbe544cfc4: ; ImmutableOopMap {rbp=NarrowOop [32]=Oop [56]=NarrowOop }
                      ;*ifnull {reexecute=1 rethrow=0 return_oop=0}
                      ; - (reexecute) org.jetbrains.org.objectweb.asm.SymbolTable::computeBootstrapMethodsSize@4 (line 382)
                      ; - org.jetbrains.org.objectweb.asm.ClassWriter::toByteArray@387 (line 577)
  0x000001dbe544cfc4: 3899 ccfe | ba45 ffff | ff44 8954 | 2428 6690 

  0x000001dbe544cfd4: ;   {runtime_call UncommonTrapBlob}
  0x000001dbe544cfd4: c5f8 77e8 

  0x000001dbe544cfd8: ; ImmutableOopMap {rbp=NarrowOop [32]=Oop }
                      ;*ifnull {reexecute=1 rethrow=0 return_oop=0}
                      ; - (reexecute) org.jetbrains.org.objectweb.asm.ClassWriter::toByteArray@410 (line 581)
  0x000001dbe544cfd8: 2499 ccfe | ba45 ffff | ff44 8954 | 2428 6690 

  0x000001dbe544cfe8: ;   {runtime_call UncommonTrapBlob}
  0x000001dbe544cfe8: c5f8 77e8 

  0x000001dbe544cfec: ; ImmutableOopMap {[32]=Oop }
                      ;*ifeq {reexecute=1 rethrow=0 return_oop=0}
                      ; - (reexecute) org.jetbrains.org.objectweb.asm.ClassWriter::toByteArray@439 (line 585)
  0x000001dbe544cfec: 1099 ccfe | ba45 ffff | ff44 8954 | 2428 6690 

  0x000001dbe544cffc: ;   {runtime_call UncommonTrapBlob}
  0x000001dbe544cffc: c5f8 77e8 

  0x000001dbe544d000: ; ImmutableOopMap {rbp=NarrowOop [32]=Oop }
                      ;*ifnull {reexecute=1 rethrow=0 return_oop=0}
                      ; - (reexecute) org.jetbrains.org.objectweb.asm.ClassWriter::toByteArray@463 (line 590)
  0x000001dbe544d000: fc98 ccfe | ba45 ffff | ff44 8954 | 2428 6690 

  0x000001dbe544d010: ;   {runtime_call UncommonTrapBlob}
  0x000001dbe544d010: c5f8 77e8 

  0x000001dbe544d014: ; ImmutableOopMap {rbp=NarrowOop [32]=Oop }
                      ;*ifnull {reexecute=1 rethrow=0 return_oop=0}
                      ; - (reexecute) org.jetbrains.org.objectweb.asm.ClassWriter::toByteArray@497 (line 595)
  0x000001dbe544d014: e898 ccfe | ba45 ffff | ff44 8954 | 2428 6690 

  0x000001dbe544d024: ;   {runtime_call UncommonTrapBlob}
  0x000001dbe544d024: c5f8 77e8 

  0x000001dbe544d028: ; ImmutableOopMap {rbp=NarrowOop [32]=Oop }
                      ;*ifnull {reexecute=1 rethrow=0 return_oop=0}
                      ; - (reexecute) org.jetbrains.org.objectweb.asm.ClassWriter::toByteArray@548 (line 602)
  0x000001dbe544d028: d498 ccfe | ba45 ffff | ff44 8954 | 2428 6690 

  0x000001dbe544d038: ;   {runtime_call UncommonTrapBlob}
  0x000001dbe544d038: c5f8 77e8 

  0x000001dbe544d03c: ; ImmutableOopMap {rbp=NarrowOop [32]=Oop }
                      ;*ifnull {reexecute=1 rethrow=0 return_oop=0}
                      ; - (reexecute) org.jetbrains.org.objectweb.asm.ClassWriter::toByteArray@614 (line 613)
  0x000001dbe544d03c: c098 ccfe | ba45 ffff | ff66 6690 

  0x000001dbe544d048: ;   {runtime_call UncommonTrapBlob}
  0x000001dbe544d048: c5f8 77e8 

  0x000001dbe544d04c: ; ImmutableOopMap {[32]=Oop }
                      ;*if_icmple {reexecute=1 rethrow=0 return_oop=0}
                      ; - (reexecute) org.jetbrains.org.objectweb.asm.ClassWriter::toByteArray@666 (line 621)
  0x000001dbe544d04c: b098 ccfe | ba45 ffff | ff48 8b6c | 2420 448b | 4c24 3844 | 894c 2420 | 448b 4424 | 3c44 8944 
  0x000001dbe544d06c: 2424 448b | 4c24 4044 | 894c 2428 | 4c8b 4424 | 484c 8944 | 2438 4489 | 5c24 2c89 | 5c24 4044 
  0x000001dbe544d08c: 8954 2444 | 894c 2448 

  0x000001dbe544d094: ;   {runtime_call UncommonTrapBlob}
  0x000001dbe544d094: c5f8 77e8 

  0x000001dbe544d098: ; ImmutableOopMap {rbp=Oop [44]=NarrowOop [56]=Oop }
                      ;*if_icmple {reexecute=1 rethrow=0 return_oop=0}
                      ; - (reexecute) org.jetbrains.org.objectweb.asm.ByteVector::putByteArray@11 (line 348)
                      ; - org.jetbrains.org.objectweb.asm.SymbolTable::putConstantPool@23 (line 372)
                      ; - org.jetbrains.org.objectweb.asm.ClassWriter::toByteArray@718 (line 629)
  0x000001dbe544d098: 6498 ccfe | ba45 ffff | ff66 6690 

  0x000001dbe544d0a4: ;   {runtime_call UncommonTrapBlob}
  0x000001dbe544d0a4: c5f8 77e8 

  0x000001dbe544d0a8: ; ImmutableOopMap {[32]=Oop [72]=Oop }
                      ;*ifeq {reexecute=1 rethrow=0 return_oop=0}
                      ; - (reexecute) org.jetbrains.org.objectweb.asm.ClassWriter::toByteArray@982 (line 661)
  0x000001dbe544d0a8: 5498 ccfe | ba45 ffff | ff49 8be9 | 448b 5424 | 3044 8954 | 2428 4489 | 4424 3090 

  0x000001dbe544d0c4: ;   {runtime_call UncommonTrapBlob}
  0x000001dbe544d0c4: c5f8 77e8 

  0x000001dbe544d0c8: ; ImmutableOopMap {rbp=Oop [72]=Oop }
                      ;*ifeq {reexecute=1 rethrow=0 return_oop=0}
                      ; - (reexecute) org.jetbrains.org.objectweb.asm.ClassWriter::toByteArray@1027 (line 668)
  0x000001dbe544d0c8: 3498 ccfe | ba45 ffff | ff4c 8944 | 2420 4489 | 5424 4090 

  0x000001dbe544d0dc: ;   {runtime_call UncommonTrapBlob}
  0x000001dbe544d0dc: c5f8 77e8 

  0x000001dbe544d0e0: ; ImmutableOopMap {rbp=NarrowOop [32]=Oop [40]=Oop [64]=NarrowOop }
                      ;*ifnull {reexecute=1 rethrow=0 return_oop=0}
                      ; - (reexecute) org.jetbrains.org.objectweb.asm.SymbolTable::putBootstrapMethods@4 (line 397)
                      ; - org.jetbrains.org.objectweb.asm.ClassWriter::toByteArray@1242 (line 700)
  0x000001dbe544d0e0: 1c98 ccfe | ba45 ffff | ff4c 8944 | 2420 6690 

  0x000001dbe544d0f0: ;   {runtime_call UncommonTrapBlob}
  0x000001dbe544d0f0: c5f8 77e8 

  0x000001dbe544d0f4: ; ImmutableOopMap {rbp=NarrowOop [32]=Oop [40]=Oop }
                      ;*ifnull {reexecute=1 rethrow=0 return_oop=0}
                      ; - (reexecute) org.jetbrains.org.objectweb.asm.ClassWriter::toByteArray@1249 (line 701)
  0x000001dbe544d0f4: 0898 ccfe | ba45 ffff | ff4c 8944 | 2420 6690 

  0x000001dbe544d104: ;   {runtime_call UncommonTrapBlob}
  0x000001dbe544d104: c5f8 77e8 

  0x000001dbe544d108: ; ImmutableOopMap {[32]=Oop [40]=Oop }
                      ;*ifeq {reexecute=1 rethrow=0 return_oop=0}
                      ; - (reexecute) org.jetbrains.org.objectweb.asm.ClassWriter::toByteArray@1265 (line 704)
  0x000001dbe544d108: f497 ccfe | ba45 ffff | ff4c 8944 | 2420 6690 

  0x000001dbe544d118: ;   {runtime_call UncommonTrapBlob}
  0x000001dbe544d118: c5f8 77e8 

  0x000001dbe544d11c: ; ImmutableOopMap {rbp=NarrowOop [32]=Oop [40]=Oop }
                      ;*ifnull {reexecute=1 rethrow=0 return_oop=0}
                      ; - (reexecute) org.jetbrains.org.objectweb.asm.ClassWriter::toByteArray@1299 (line 710)
  0x000001dbe544d11c: e097 ccfe | ba45 ffff | ff4c 8944 | 2420 6690 

  0x000001dbe544d12c: ;   {runtime_call UncommonTrapBlob}
  0x000001dbe544d12c: c5f8 77e8 

  0x000001dbe544d130: ; ImmutableOopMap {rbp=NarrowOop [32]=Oop [40]=Oop }
                      ;*ifnull {reexecute=1 rethrow=0 return_oop=0}
                      ; - (reexecute) org.jetbrains.org.objectweb.asm.ClassWriter::toByteArray@1359 (line 717)
  0x000001dbe544d130: cc97 ccfe | ba45 ffff | ff4c 8944 | 2420 6690 

  0x000001dbe544d140: ;   {runtime_call UncommonTrapBlob}
  0x000001dbe544d140: c5f8 77e8 

  0x000001dbe544d144: ; ImmutableOopMap {rbp=NarrowOop [32]=Oop [40]=Oop }
                      ;*ifnull {reexecute=1 rethrow=0 return_oop=0}
                      ; - (reexecute) org.jetbrains.org.objectweb.asm.ClassWriter::toByteArray@1430 (line 724)
  0x000001dbe544d144: b897 ccfe | ba45 ffff | ff4c 8944 | 2420 6690 

  0x000001dbe544d154: ;   {runtime_call UncommonTrapBlob}
  0x000001dbe544d154: c5f8 77e8 

  0x000001dbe544d158: ; ImmutableOopMap {rbp=NarrowOop [32]=Oop [40]=Oop }
                      ;*ifnull {reexecute=1 rethrow=0 return_oop=0}
                      ; - (reexecute) org.jetbrains.org.objectweb.asm.ClassWriter::toByteArray@1496 (line 735)
  0x000001dbe544d158: a497 ccfe | ba45 ffff | ff49 8be8 | 4c8b 5424 | 284c 8954 | 2420 6690 

  0x000001dbe544d170: ;   {runtime_call UncommonTrapBlob}
  0x000001dbe544d170: c5f8 77e8 

  0x000001dbe544d174: ; ImmutableOopMap {rbp=Oop [32]=Oop }
                      ;*ifeq {reexecute=1 rethrow=0 return_oop=0}
                      ; - (reexecute) org.jetbrains.org.objectweb.asm.ClassWriter::toByteArray@1514 (line 740)
  0x000001dbe544d174: 8897 ccfe | baf6 ffff | ff66 6690 

  0x000001dbe544d180: ;   {runtime_call UncommonTrapBlob}
  0x000001dbe544d180: c5f8 77e8 

  0x000001dbe544d184: ; ImmutableOopMap {}
                      ;*invokevirtual addConstantUtf8 {reexecute=0 rethrow=0 return_oop=0}
                      ; - org.jetbrains.org.objectweb.asm.ClassWriter::toByteArray@225 (line 541)
  0x000001dbe544d184: 7897 ccfe | baf6 ffff | ff66 6690 

  0x000001dbe544d190: ;   {runtime_call UncommonTrapBlob}
  0x000001dbe544d190: c5f8 77e8 

  0x000001dbe544d194: ; ImmutableOopMap {}
                      ;*invokevirtual addConstantUtf8 {reexecute=0 rethrow=0 return_oop=0}
                      ; - org.jetbrains.org.objectweb.asm.ClassWriter::toByteArray@1112 (line 679)
  0x000001dbe544d194: 6897 ccfe | bae4 ffff | ff48 8b6c | 2420 4c8b | 5424 404c | 8954 2420 | 448b 5424 | 3044 8954 
  0x000001dbe544d1b4: 2428 448b | 4424 3444 | 8944 242c | 4489 5c24 | 4044 894c | 2448 6690 

  0x000001dbe544d1cc: ;   {runtime_call UncommonTrapBlob}
  0x000001dbe544d1cc: c5f8 77e8 

  0x000001dbe544d1d0: ; ImmutableOopMap {rbp=Oop [32]=Oop [72]=NarrowOop }
                      ;*bastore {reexecute=0 rethrow=0 return_oop=0}
                      ; - org.jetbrains.org.objectweb.asm.ByteVector::putShort@36 (line 124)
                      ; - org.jetbrains.org.objectweb.asm.ClassWriter::toByteArray@1115 (line 679)
  0x000001dbe544d1d0: 2c97 ccfe | 0fbe 6c24 | 38ba e4ff | ffff 4c8b | 5424 404c | 8954 2438 | 448b 4424 | 4844 8944 
  0x000001dbe544d1f0: 2440 4489 | 4c24 4444 | 895c 2448 

  0x000001dbe544d1fc: ;   {runtime_call UncommonTrapBlob}
  0x000001dbe544d1fc: c5f8 77e8 

  0x000001dbe544d200: ; ImmutableOopMap {[32]=Oop [56]=Oop [68]=NarrowOop }
                      ;*bastore {reexecute=0 rethrow=0 return_oop=0}
                      ; - org.jetbrains.org.objectweb.asm.ByteVector::putShort@44 (line 125)
                      ; - org.jetbrains.org.objectweb.asm.ClassWriter::toByteArray@1115 (line 679)
  0x000001dbe544d200: fc96 ccfe | bae4 ffff | ff48 8b6c | 2420 4c8b | 5c24 404c | 895c 2420 | 448b 5c24 | 3044 895c 
  0x000001dbe544d220: 2428 448b | 4424 3444 | 8944 242c | 4489 5424 | 3844 894c | 2440 6690 

  0x000001dbe544d238: ;   {runtime_call UncommonTrapBlob}
  0x000001dbe544d238: c5f8 77e8 

  0x000001dbe544d23c: ; ImmutableOopMap {rbp=Oop [32]=Oop [64]=NarrowOop }
                      ;*bastore {reexecute=0 rethrow=0 return_oop=0}
                      ; - org.jetbrains.org.objectweb.asm.ByteVector::putInt@36 (line 186)
                      ; - org.jetbrains.org.objectweb.asm.ClassWriter::toByteArray@1119 (line 680)
  0x000001dbe544d23c: c096 ccfe | 448b 4424 | 3c41 83c0 | 04ba e4ff | ffff 488b | 6c24 204c | 8b5c 2440 | 4c89 5c24 
  0x000001dbe544d25c: 2044 8b5c | 2430 4489 | 5c24 288b | 4c24 3489 | 4c24 2c44 | 8944 2438 | 4489 4c24 | 4044 8954 
  0x000001dbe544d27c: 2444 6690 

  0x000001dbe544d280: ;   {runtime_call UncommonTrapBlob}
  0x000001dbe544d280: c5f8 77e8 

  0x000001dbe544d284: ; ImmutableOopMap {rbp=Oop [32]=Oop [64]=NarrowOop }
                      ;*bastore {reexecute=0 rethrow=0 return_oop=0}
                      ; - org.jetbrains.org.objectweb.asm.ByteVector::putInt@47 (line 187)
                      ; - org.jetbrains.org.objectweb.asm.ClassWriter::toByteArray@1119 (line 680)
  0x000001dbe544d284: 7896 ccfe | bae4 ffff | ff48 8b6c | 2420 4c8b | 5c24 404c | 895c 2420 | 448b 5c24 | 3044 895c 
  0x000001dbe544d2a4: 2428 448b | 4424 3444 | 8944 242c | 4489 5424 | 3c44 894c | 2444 448b | 5424 4c44 | 8954 2448 
  0x000001dbe544d2c4: ;   {runtime_call UncommonTrapBlob}
  0x000001dbe544d2c4: c5f8 77e8 

  0x000001dbe544d2c8: ; ImmutableOopMap {rbp=Oop [32]=Oop [68]=NarrowOop }
                      ;*bastore {reexecute=0 rethrow=0 return_oop=0}
                      ; - org.jetbrains.org.objectweb.asm.ByteVector::putShort@36 (line 124)
                      ; - org.jetbrains.org.objectweb.asm.ClassWriter::toByteArray@1126 (line 681)
  0x000001dbe544d2c8: 3496 ccfe | 0fbe 6c24 | 38ba e4ff | ffff 4c8b | 5c24 404c | 895c 2438 | 448b 4424 | 4844 8944 
  0x000001dbe544d2e8: 2440 4489 | 4c24 4444 | 8954 2448 

  0x000001dbe544d2f4: ;   {runtime_call UncommonTrapBlob}
  0x000001dbe544d2f4: c5f8 77e8 

  0x000001dbe544d2f8: ; ImmutableOopMap {[32]=Oop [56]=Oop [68]=NarrowOop }
                      ;*bastore {reexecute=0 rethrow=0 return_oop=0}
                      ; - org.jetbrains.org.objectweb.asm.ByteVector::putShort@44 (line 125)
                      ; - org.jetbrains.org.objectweb.asm.ClassWriter::toByteArray@1126 (line 681)
  0x000001dbe544d2f8: 0496 ccfe | baf6 ffff | ff66 6690 

  0x000001dbe544d304: ;   {runtime_call UncommonTrapBlob}
  0x000001dbe544d304: c5f8 77e8 

  0x000001dbe544d308: ; ImmutableOopMap {}
                      ;*invokevirtual addConstantUtf8 {reexecute=0 rethrow=0 return_oop=0}
                      ; - org.jetbrains.org.objectweb.asm.ClassWriter::toByteArray@113 (line 521)
  0x000001dbe544d308: f495 ccfe | baf6 ffff | ff66 6690 

  0x000001dbe544d314: ;   {runtime_call UncommonTrapBlob}
  0x000001dbe544d314: c5f8 77e8 

  0x000001dbe544d318: ; ImmutableOopMap {}
                      ;*invokevirtual addConstantUtf8 {reexecute=0 rethrow=0 return_oop=0}
                      ; - org.jetbrains.org.objectweb.asm.ClassWriter::toByteArray@934 (line 656)
  0x000001dbe544d318: e495 ccfe | bae4 ffff | ff48 8b6c | 2420 4c8b | 5424 484c | 8954 2420 | 448b 4424 | 3044 8944 
  0x000001dbe544d338: 2428 448b | 5424 3444 | 8954 242c | 4489 5c24 | 4044 894c | 244c 6690 

  0x000001dbe544d350: ;   {runtime_call UncommonTrapBlob}
  0x000001dbe544d350: c5f8 77e8 

  0x000001dbe544d354: ; ImmutableOopMap {rbp=Oop [32]=Oop [76]=NarrowOop }
                      ;*bastore {reexecute=0 rethrow=0 return_oop=0}
                      ; - org.jetbrains.org.objectweb.asm.ByteVector::putShort@36 (line 124)
                      ; - org.jetbrains.org.objectweb.asm.ClassWriter::toByteArray@937 (line 656)
  0x000001dbe544d354: a895 ccfe | 0fbe 6c24 | 38ba e4ff | ffff 4c8b | 5424 484c | 8954 2438 | 4489 4c24 | 4444 895c 
  0x000001dbe544d374: 2448 6690 

  0x000001dbe544d378: ;   {runtime_call UncommonTrapBlob}
  0x000001dbe544d378: c5f8 77e8 

  0x000001dbe544d37c: ; ImmutableOopMap {[32]=Oop [56]=Oop [68]=NarrowOop }
                      ;*bastore {reexecute=0 rethrow=0 return_oop=0}
                      ; - org.jetbrains.org.objectweb.asm.ByteVector::putShort@44 (line 125)
                      ; - org.jetbrains.org.objectweb.asm.ClassWriter::toByteArray@937 (line 656)
  0x000001dbe544d37c: 8095 ccfe | bae4 ffff | ff48 8b6c | 2420 4c8b | 5424 484c | 8954 2420 | 448b 4424 | 3044 8944 
  0x000001dbe544d39c: 2428 448b | 5424 3444 | 8954 242c | 4489 5c24 | 3c44 894c | 244c 6690 

  0x000001dbe544d3b4: ;   {runtime_call UncommonTrapBlob}
  0x000001dbe544d3b4: c5f8 77e8 

  0x000001dbe544d3b8: ; ImmutableOopMap {rbp=Oop [32]=Oop [76]=NarrowOop }
                      ;*bastore {reexecute=0 rethrow=0 return_oop=0}
                      ; - org.jetbrains.org.objectweb.asm.ByteVector::putInt@36 (line 186)
                      ; - org.jetbrains.org.objectweb.asm.ClassWriter::toByteArray@949 (line 657)
  0x000001dbe544d3b8: 4495 ccfe | 440f bed3 | 8b4c 243c | 83c1 04ba | e4ff ffff | 488b 6c24 | 204c 8b44 | 2448 4c89 
  0x000001dbe544d3d8: 4424 208b | 5c24 3089 | 5c24 2844 | 8b44 2434 | 4489 4424 | 2c89 4c24 | 3c44 894c | 2444 4489 
  0x000001dbe544d3f8: 5c24 4844 | 8954 244c 

  0x000001dbe544d400: ;   {runtime_call UncommonTrapBlob}
  0x000001dbe544d400: c5f8 77e8 

  0x000001dbe544d404: ; ImmutableOopMap {rbp=Oop [32]=Oop [68]=NarrowOop }
                      ;*bastore {reexecute=0 rethrow=0 return_oop=0}
                      ; - org.jetbrains.org.objectweb.asm.ByteVector::putInt@47 (line 187)
                      ; - org.jetbrains.org.objectweb.asm.ClassWriter::toByteArray@949 (line 657)
  0x000001dbe544d404: f894 ccfe | bae4 ffff | ff48 8b6c | 2420 4c8b | 5424 484c | 8954 2420 | 448b 4424 | 3044 8944 
  0x000001dbe544d424: 2428 448b | 5424 3444 | 8954 242c | 448b 5424 | 4044 8954 | 243c 4489 | 5c24 4044 | 894c 2448 
  0x000001dbe544d444: ;   {runtime_call UncommonTrapBlob}
  0x000001dbe544d444: c5f8 77e8 

  0x000001dbe544d448: ; ImmutableOopMap {rbp=Oop [32]=Oop [72]=NarrowOop }
                      ;*bastore {reexecute=0 rethrow=0 return_oop=0}
                      ; - org.jetbrains.org.objectweb.asm.ByteVector::putShort@36 (line 124)
                      ; - org.jetbrains.org.objectweb.asm.ClassWriter::toByteArray@956 (line 658)
  0x000001dbe544d448: b494 ccfe | 0fbe 6c24 | 40ba e4ff | ffff 4c8b | 5424 484c | 8954 2438 | 448b 5424 | 4444 8954 
  0x000001dbe544d468: 2440 4489 | 4c24 4444 | 895c 2448 

  0x000001dbe544d474: ;   {runtime_call UncommonTrapBlob}
  0x000001dbe544d474: c5f8 77e8 

  0x000001dbe544d478: ; ImmutableOopMap {[32]=Oop [56]=Oop [68]=NarrowOop }
                      ;*bastore {reexecute=0 rethrow=0 return_oop=0}
                      ; - org.jetbrains.org.objectweb.asm.ByteVector::putShort@44 (line 125)
                      ; - org.jetbrains.org.objectweb.asm.ClassWriter::toByteArray@956 (line 658)
  0x000001dbe544d478: 8494 ccfe | bacc ffff | ff48 8b6c | 2420 4c8b | 5c24 484c | 895c 2420 | 448b 4424 | 3044 8944 
  0x000001dbe544d498: 2428 448b | 5c24 3444 | 895c 242c | 4489 5424 | 3c44 894c | 2440 895c | 2448 6690 

  0x000001dbe544d4b4: ;   {runtime_call UncommonTrapBlob}
  0x000001dbe544d4b4: c5f8 77e8 

  0x000001dbe544d4b8: ; ImmutableOopMap {rbp=Oop [32]=Oop [60]=NarrowOop [64]=NarrowOop }
                      ;*invokestatic arraycopy {reexecute=0 rethrow=0 return_oop=0}
                      ; - org.jetbrains.org.objectweb.asm.ByteVector::putByteArray@34 (line 352)
                      ; - org.jetbrains.org.objectweb.asm.ClassWriter::toByteArray@974 (line 659)
  0x000001dbe544d4b8: 4494 ccfe | baf6 ffff | ff66 6690 

  0x000001dbe544d4c4: ;   {runtime_call UncommonTrapBlob}
  0x000001dbe544d4c4: c5f8 77e8 

  0x000001dbe544d4c8: ; ImmutableOopMap {}
                      ;*invokevirtual addConstantUtf8 {reexecute=0 rethrow=0 return_oop=0}
                      ; - org.jetbrains.org.objectweb.asm.AnnotationWriter::computeAnnotationsSize@9 (line 334)
                      ; - org.jetbrains.org.objectweb.asm.AnnotationWriter::computeAnnotationsSize@27 (line 380)
                      ; - org.jetbrains.org.objectweb.asm.FieldWriter::computeFieldInfoSize@58 (line 202)
                      ; - org.jetbrains.org.objectweb.asm.ClassWriter::toByteArray@26 (line 505)
  0x000001dbe544d4c8: 3494 ccfe | baf6 ffff | ff66 6690 

  0x000001dbe544d4d4: ;   {runtime_call UncommonTrapBlob}
  0x000001dbe544d4d4: c5f8 77e8 

  0x000001dbe544d4d8: ; ImmutableOopMap {}
                      ;*invokevirtual addConstantUtf8 {reexecute=0 rethrow=0 return_oop=0}
                      ; - org.jetbrains.org.objectweb.asm.AnnotationWriter::computeAnnotationsSize@9 (line 334)
                      ; - org.jetbrains.org.objectweb.asm.AnnotationWriter::computeAnnotationsSize@12 (line 375)
                      ; - org.jetbrains.org.objectweb.asm.FieldWriter::computeFieldInfoSize@58 (line 202)
                      ; - org.jetbrains.org.objectweb.asm.ClassWriter::toByteArray@26 (line 505)
  0x000001dbe544d4d8: 2494 ccfe | baf6 ffff | ff66 6690 

  0x000001dbe544d4e4: ;   {runtime_call UncommonTrapBlob}
  0x000001dbe544d4e4: c5f8 77e8 

  0x000001dbe544d4e8: ; ImmutableOopMap {}
                      ;*invokevirtual addConstantUtf8 {reexecute=0 rethrow=0 return_oop=0}
                      ; - org.jetbrains.org.objectweb.asm.Attribute::computeAttributesSize@53 (line 260)
                      ; - org.jetbrains.org.objectweb.asm.FieldWriter::computeFieldInfoSize@36 (line 200)
                      ; - org.jetbrains.org.objectweb.asm.ClassWriter::toByteArray@26 (line 505)
  0x000001dbe544d4e8: 1494 ccfe | baf6 ffff | ff66 6690 

  0x000001dbe544d4f4: ;   {runtime_call UncommonTrapBlob}
  0x000001dbe544d4f4: c5f8 77e8 

  0x000001dbe544d4f8: ; ImmutableOopMap {}
                      ;*invokevirtual addConstantUtf8 {reexecute=0 rethrow=0 return_oop=0}
                      ; - org.jetbrains.org.objectweb.asm.Attribute::putAttributes@66 (line 346)
                      ; - org.jetbrains.org.objectweb.asm.FieldWriter::putFieldInfo@222 (line 263)
                      ; - org.jetbrains.org.objectweb.asm.ClassWriter::toByteArray@831 (line 639)
  0x000001dbe544d4f8: 0494 ccfe | 448b dd41 | 0fbe ebba | e4ff ffff | 448b 5424 | 3c44 8954 | 2428 448b | 5c24 4044 
  0x000001dbe544d518: 895c 242c | 4c8b 5424 | 484c 8954 | 2438 4c89 | 5424 4044 | 8944 2460 | 4489 4c24 | 6866 6690 
  0x000001dbe544d538: ;   {runtime_call UncommonTrapBlob}
  0x000001dbe544d538: c5f8 77e8 

  0x000001dbe544d53c: ; ImmutableOopMap {[32]=Oop [56]=Oop [64]=Oop [80]=Oop [104]=NarrowOop }
                      ;*bastore {reexecute=0 rethrow=0 return_oop=0}
                      ; - org.jetbrains.org.objectweb.asm.ByteVector::putShort@36 (line 124)
                      ; - org.jetbrains.org.objectweb.asm.Attribute::putAttributes@69 (line 346)
                      ; - org.jetbrains.org.objectweb.asm.FieldWriter::putFieldInfo@222 (line 263)
                      ; - org.jetbrains.org.objectweb.asm.ClassWriter::toByteArray@831 (line 639)
  0x000001dbe544d53c: c093 ccfe | 0fbe 6c24 | 58ba e4ff | ffff 448b | 5424 3c44 | 8954 2428 | 448b 5c24 | 4044 895c 
  0x000001dbe544d55c: 242c 4c8b | 5424 484c | 8954 2438 | 4c89 5424 | 4044 8b54 | 2460 4489 | 5424 5844 | 894c 245c 
  0x000001dbe544d57c: 4489 4424 | 6066 6690 

  0x000001dbe544d584: ;   {runtime_call UncommonTrapBlob}
  0x000001dbe544d584: c5f8 77e8 

  0x000001dbe544d588: ; ImmutableOopMap {[32]=Oop [56]=Oop [64]=Oop [80]=Oop [92]=NarrowOop }
                      ;*bastore {reexecute=0 rethrow=0 return_oop=0}
                      ; - org.jetbrains.org.objectweb.asm.ByteVector::putShort@44 (line 125)
                      ; - org.jetbrains.org.objectweb.asm.Attribute::putAttributes@69 (line 346)
                      ; - org.jetbrains.org.objectweb.asm.FieldWriter::putFieldInfo@222 (line 263)
                      ; - org.jetbrains.org.objectweb.asm.ClassWriter::toByteArray@831 (line 639)
  0x000001dbe544d588: 7493 ccfe | bae4 ffff | ff48 8b6c | 2420 448b | 5424 3c44 | 8954 2420 | 448b 4424 | 4044 8944 
  0x000001dbe544d5a8: 2424 4c8b | 5424 484c | 8954 2430 | 4c89 5424 | 384c 8b54 | 2450 4c89 | 5424 4844 | 895c 2450 
  0x000001dbe544d5c8: 4489 4c24 | 5866 6690 

  0x000001dbe544d5d0: ;   {runtime_call UncommonTrapBlob}
  0x000001dbe544d5d0: c5f8 77e8 

  0x000001dbe544d5d4: ; ImmutableOopMap {rbp=Oop [48]=Oop [56]=Oop [72]=Oop [88]=NarrowOop }
                      ;*bastore {reexecute=0 rethrow=0 return_oop=0}
                      ; - org.jetbrains.org.objectweb.asm.ByteVector::putInt@36 (line 186)
                      ; - org.jetbrains.org.objectweb.asm.Attribute::putAttributes@73 (line 346)
                      ; - org.jetbrains.org.objectweb.asm.FieldWriter::putFieldInfo@222 (line 263)
                      ; - org.jetbrains.org.objectweb.asm.ClassWriter::toByteArray@831 (line 639)
  0x000001dbe544d5d4: 2893 ccfe | 448b 4424 | 5c41 83c0 | 04ba e4ff | ffff 488b | 6c24 2044 | 8b54 243c | 4489 5424 
  0x000001dbe544d5f4: 208b 4c24 | 4089 4c24 | 244c 8b54 | 2448 4c89 | 5424 304c | 8954 2438 | 4c8b 5424 | 504c 8954 
  0x000001dbe544d614: 2448 4489 | 4424 5044 | 894c 2458 | 4489 5c24 | 5c66 6690 

  0x000001dbe544d628: ;   {runtime_call UncommonTrapBlob}
  0x000001dbe544d628: c5f8 77e8 

  0x000001dbe544d62c: ; ImmutableOopMap {rbp=Oop [48]=Oop [56]=Oop [72]=Oop [88]=NarrowOop }
                      ;*bastore {reexecute=0 rethrow=0 return_oop=0}
                      ; - org.jetbrains.org.objectweb.asm.ByteVector::putInt@47 (line 187)
                      ; - org.jetbrains.org.objectweb.asm.Attribute::putAttributes@73 (line 346)
                      ; - org.jetbrains.org.objectweb.asm.FieldWriter::putFieldInfo@222 (line 263)
                      ; - org.jetbrains.org.objectweb.asm.ClassWriter::toByteArray@831 (line 639)
  0x000001dbe544d62c: d092 ccfe | bae4 ffff | ff48 8b6c | 2420 448b | 5c24 3844 | 895c 2420 | 448b 4424 | 3c44 8944 
  0x000001dbe544d64c: 2424 448b | 5c24 4044 | 895c 2428 | 4c8b 5c24 | 484c 895c | 2438 4489 | 5424 4090 

  0x000001dbe544d668: ;   {runtime_call UncommonTrapBlob}
  0x000001dbe544d668: c5f8 77e8 

  0x000001dbe544d66c: ; ImmutableOopMap {rbp=Oop [56]=Oop [64]=NarrowOop [72]=Oop }
                      ;*iaload {reexecute=0 rethrow=0 return_oop=0}
                      ; - org.jetbrains.org.objectweb.asm.ClassWriter::toByteArray@801 (line 634)
  0x000001dbe544d66c: 9092 ccfe | 448b d541 | 0fbe eaba | e4ff ffff | 448b 4424 | 3844 8944 | 2428 448b | 5424 3c44 
  0x000001dbe544d68c: 8954 242c | 448b 4424 | 4044 8944 | 2430 4c8b | 5424 484c | 8954 2440 | 4489 5c24 | 4c44 894c 
  0x000001dbe544d6ac: 2458 6690 

  0x000001dbe544d6b0: ;   {runtime_call UncommonTrapBlob}
  0x000001dbe544d6b0: c5f8 77e8 

  0x000001dbe544d6b4: ; ImmutableOopMap {[32]=Oop [64]=Oop [88]=NarrowOop }
                      ;*bastore {reexecute=0 rethrow=0 return_oop=0}
                      ; - org.jetbrains.org.objectweb.asm.ByteVector::putShort@36 (line 124)
                      ; - org.jetbrains.org.objectweb.asm.ClassWriter::toByteArray@802 (line 634)
  0x000001dbe544d6b4: 4892 ccfe | 0fbe 6c24 | 34ba e4ff | ffff 448b | 5424 3844 | 8954 2428 | 448b 4424 | 3c44 8944 
  0x000001dbe544d6d4: 242c 448b | 5424 4044 | 8954 2430 | 4c8b 5424 | 484c 8954 | 2440 4489 | 4c24 4c44 | 895c 2450 
  0x000001dbe544d6f4: ;   {runtime_call UncommonTrapBlob}
  0x000001dbe544d6f4: c5f8 77e8 

  0x000001dbe544d6f8: ; ImmutableOopMap {[32]=Oop [64]=Oop [76]=NarrowOop }
                      ;*bastore {reexecute=0 rethrow=0 return_oop=0}
                      ; - org.jetbrains.org.objectweb.asm.ByteVector::putShort@44 (line 125)
                      ; - org.jetbrains.org.objectweb.asm.ClassWriter::toByteArray@802 (line 634)
  0x000001dbe544d6f8: 0492 ccfe | baf6 ffff | ff66 6690 

  0x000001dbe544d704: ;   {runtime_call UncommonTrapBlob}
  0x000001dbe544d704: c5f8 77e8 

  0x000001dbe544d708: ; ImmutableOopMap {}
                      ;*invokevirtual addConstantUtf8 {reexecute=0 rethrow=0 return_oop=0}
                      ; - org.jetbrains.org.objectweb.asm.Attribute::putAttributes@40 (line 341)
                      ; - org.jetbrains.org.objectweb.asm.FieldWriter::putFieldInfo@222 (line 263)
                      ; - org.jetbrains.org.objectweb.asm.ClassWriter::toByteArray@831 (line 639)
  0x000001dbe544d708: f491 ccfe | 448b dd41 | 0fbe ebba | e4ff ffff | 448b 5424 | 3c44 8954 | 2428 448b | 5c24 4044 
  0x000001dbe544d728: 895c 242c | 4c8b 5424 | 484c 8954 | 2438 4c89 | 5424 4044 | 8944 246c | 4489 4c24 | 7c66 6690 
  0x000001dbe544d748: ;   {runtime_call UncommonTrapBlob}
  0x000001dbe544d748: c5f8 77e8 

  0x000001dbe544d74c: ; ImmutableOopMap {[32]=Oop [56]=Oop [64]=Oop [80]=Oop [88]=NarrowOop [124]=NarrowOop }
                      ;*bastore {reexecute=0 rethrow=0 return_oop=0}
                      ; - org.jetbrains.org.objectweb.asm.ByteVector::putShort@36 (line 124)
                      ; - org.jetbrains.org.objectweb.asm.Attribute::putAttributes@43 (line 341)
                      ; - org.jetbrains.org.objectweb.asm.FieldWriter::putFieldInfo@222 (line 263)
                      ; - org.jetbrains.org.objectweb.asm.ClassWriter::toByteArray@831 (line 639)
  0x000001dbe544d74c: b091 ccfe | 0fbe 6c24 | 64ba e4ff | ffff 448b | 5424 3c44 | 8954 2428 | 448b 5c24 | 4044 895c 
  0x000001dbe544d76c: 242c 4c8b | 5424 484c | 8954 2438 | 4c89 5424 | 4044 8b54 | 246c 4489 | 5424 6444 | 894c 2468 
  0x000001dbe544d78c: 4489 4424 | 6c66 6690 

  0x000001dbe544d794: ;   {runtime_call UncommonTrapBlob}
  0x000001dbe544d794: c5f8 77e8 

  0x000001dbe544d798: ; ImmutableOopMap {[32]=Oop [56]=Oop [64]=Oop [80]=Oop [88]=NarrowOop [104]=NarrowOop }
                      ;*bastore {reexecute=0 rethrow=0 return_oop=0}
                      ; - org.jetbrains.org.objectweb.asm.ByteVector::putShort@44 (line 125)
                      ; - org.jetbrains.org.objectweb.asm.Attribute::putAttributes@43 (line 341)
                      ; - org.jetbrains.org.objectweb.asm.FieldWriter::putFieldInfo@222 (line 263)
                      ; - org.jetbrains.org.objectweb.asm.ClassWriter::toByteArray@831 (line 639)
  0x000001dbe544d798: 6491 ccfe | bae4 ffff | ff48 8b6c | 2420 448b | 5c24 3c44 | 895c 2420 | 448b 4424 | 4044 8944 
  0x000001dbe544d7b8: 2424 4c8b | 5c24 484c | 895c 2430 | 4c89 5c24 | 3844 8954 | 2464 4489 | 4c24 7090 

  0x000001dbe544d7d4: ;   {runtime_call UncommonTrapBlob}
  0x000001dbe544d7d4: c5f8 77e8 

  0x000001dbe544d7d8: ; ImmutableOopMap {rbp=Oop [48]=Oop [56]=Oop [80]=Oop [88]=NarrowOop [112]=NarrowOop }
                      ;*bastore {reexecute=0 rethrow=0 return_oop=0}
                      ; - org.jetbrains.org.objectweb.asm.ByteVector::putInt@36 (line 186)
                      ; - org.jetbrains.org.objectweb.asm.Attribute::putAttributes@47 (line 342)
                      ; - org.jetbrains.org.objectweb.asm.FieldWriter::putFieldInfo@222 (line 263)
                      ; - org.jetbrains.org.objectweb.asm.ClassWriter::toByteArray@831 (line 639)
  0x000001dbe544d7d8: 2491 ccfe | 448b 4424 | 6841 83c0 | 04ba e4ff | ffff 488b | 6c24 2044 | 8b5c 243c | 4489 5c24 
  0x000001dbe544d7f8: 208b 4c24 | 4089 4c24 | 244c 8b5c | 2448 4c89 | 5c24 304c | 895c 2438 | 4489 4424 | 6444 894c 
  0x000001dbe544d818: 246c 4489 | 5424 7090 

  0x000001dbe544d820: ;   {runtime_call UncommonTrapBlob}
  0x000001dbe544d820: c5f8 77e8 

  0x000001dbe544d824: ; ImmutableOopMap {rbp=Oop [48]=Oop [56]=Oop [80]=Oop [88]=NarrowOop [108]=NarrowOop }
                      ;*bastore {reexecute=0 rethrow=0 return_oop=0}
                      ; - org.jetbrains.org.objectweb.asm.ByteVector::putInt@47 (line 187)
                      ; - org.jetbrains.org.objectweb.asm.Attribute::putAttributes@47 (line 342)
                      ; - org.jetbrains.org.objectweb.asm.FieldWriter::putFieldInfo@222 (line 263)
                      ; - org.jetbrains.org.objectweb.asm.ClassWriter::toByteArray@831 (line 639)
  0x000001dbe544d824: d890 ccfe | 448b 4424 | 2841 0fbe | e8ba e4ff | ffff 448b | 5c24 3c44 | 895c 2428 | 448b 4424 
  0x000001dbe544d844: 4044 8944 | 242c 4c8b | 5c24 484c | 895c 2438 | 4c89 5c24 | 4044 8954 | 2464 4489 | 4c24 7890 
  0x000001dbe544d864: ;   {runtime_call UncommonTrapBlob}
  0x000001dbe544d864: c5f8 77e8 

  0x000001dbe544d868: ; ImmutableOopMap {[32]=Oop [56]=Oop [64]=Oop [80]=Oop [88]=NarrowOop [120]=NarrowOop }
                      ;*bastore {reexecute=0 rethrow=0 return_oop=0}
                      ; - org.jetbrains.org.objectweb.asm.ByteVector::putShort@36 (line 124)
                      ; - org.jetbrains.org.objectweb.asm.Attribute::putAttributes@51 (line 343)
                      ; - org.jetbrains.org.objectweb.asm.FieldWriter::putFieldInfo@222 (line 263)
                      ; - org.jetbrains.org.objectweb.asm.ClassWriter::toByteArray@831 (line 639)
  0x000001dbe544d868: 9490 ccfe | 0fbe 6c24 | 60ba e4ff | ffff 448b | 5c24 3c44 | 895c 2428 | 448b 4424 | 4044 8944 
  0x000001dbe544d888: 242c 4c8b | 5c24 484c | 895c 2438 | 4c89 5c24 | 4044 8b5c | 2464 4489 | 5c24 6044 | 894c 2464 
  0x000001dbe544d8a8: 4489 5424 | 7066 6690 

  0x000001dbe544d8b0: ;   {runtime_call UncommonTrapBlob}
  0x000001dbe544d8b0: c5f8 77e8 

  0x000001dbe544d8b4: ; ImmutableOopMap {[32]=Oop [56]=Oop [64]=Oop [80]=Oop [88]=NarrowOop [100]=NarrowOop }
                      ;*bastore {reexecute=0 rethrow=0 return_oop=0}
                      ; - org.jetbrains.org.objectweb.asm.ByteVector::putShort@44 (line 125)
                      ; - org.jetbrains.org.objectweb.asm.Attribute::putAttributes@51 (line 343)
                      ; - org.jetbrains.org.objectweb.asm.FieldWriter::putFieldInfo@222 (line 263)
                      ; - org.jetbrains.org.objectweb.asm.ClassWriter::toByteArray@831 (line 639)
  0x000001dbe544d8b4: 4890 ccfe | ba45 ffff | ff48 8b6c | 2420 4c8b | 5c24 484c | 895c 2420 | 448b 4c24 | 3044 894c 
  0x000001dbe544d8d4: 2428 448b | 5c24 3444 | 895c 242c | 4489 5424 | 3889 5c24 | 3c44 8944 | 2440 894c | 2444 6690 
  0x000001dbe544d8f4: ;   {runtime_call UncommonTrapBlob}
  0x000001dbe544d8f4: c5f8 77e8 

  0x000001dbe544d8f8: ; ImmutableOopMap {rbp=Oop [32]=Oop [56]=NarrowOop }
                      ;*if_icmple {reexecute=1 rethrow=0 return_oop=0}
                      ; - (reexecute) org.jetbrains.org.objectweb.asm.ByteVector::putByteArray@11 (line 348)
                      ; - org.jetbrains.org.objectweb.asm.ClassWriter::toByteArray@974 (line 659)
  0x000001dbe544d8f8: 0490 ccfe | baf6 ffff | ff66 6690 

  0x000001dbe544d904: ;   {runtime_call UncommonTrapBlob}
  0x000001dbe544d904: c5f8 77e8 

  0x000001dbe544d908: ; ImmutableOopMap {}
                      ;*invokevirtual addConstantUtf8 {reexecute=0 rethrow=0 return_oop=0}
                      ; - org.jetbrains.org.objectweb.asm.Attribute::computeAttributesSize@36 (line 254)
                      ; - org.jetbrains.org.objectweb.asm.FieldWriter::computeFieldInfoSize@36 (line 200)
                      ; - org.jetbrains.org.objectweb.asm.ClassWriter::toByteArray@26 (line 505)
  0x000001dbe544d908: f48f ccfe | baf6 ffff | ff66 6690 

  0x000001dbe544d914: ;   {runtime_call UncommonTrapBlob}
  0x000001dbe544d914: c5f8 77e8 

  0x000001dbe544d918: ; ImmutableOopMap {}
                      ;*invokevirtual addConstantUtf8 {reexecute=0 rethrow=0 return_oop=0}
                      ; - org.jetbrains.org.objectweb.asm.AnnotationWriter::computeAnnotationsSize@9 (line 334)
                      ; - org.jetbrains.org.objectweb.asm.ClassWriter::toByteArray@332 (line 562)
  0x000001dbe544d918: e48f ccfe | baf6 ffff | ff66 6690 

  0x000001dbe544d924: ;   {runtime_call UncommonTrapBlob}
  0x000001dbe544d924: c5f8 77e8 

  0x000001dbe544d928: ; ImmutableOopMap {}
                      ;*invokevirtual addConstantUtf8 {reexecute=0 rethrow=0 return_oop=0}
                      ; - org.jetbrains.org.objectweb.asm.ClassWriter::toByteArray@1078 (line 673)
  0x000001dbe544d928: d48f ccfe | bae4 ffff | ff48 8b6c | 2420 4c8b | 5c24 484c | 895c 2420 | 448b 5c24 | 3044 895c 
  0x000001dbe544d948: 2428 448b | 4c24 3444 | 894c 242c | 4489 5424 | 4044 8944 | 244c 6690 

  0x000001dbe544d960: ;   {runtime_call UncommonTrapBlob}
  0x000001dbe544d960: c5f8 77e8 

  0x000001dbe544d964: ; ImmutableOopMap {rbp=Oop [32]=Oop [76]=NarrowOop }
                      ;*bastore {reexecute=0 rethrow=0 return_oop=0}
                      ; - org.jetbrains.org.objectweb.asm.ByteVector::putShort@36 (line 124)
                      ; - org.jetbrains.org.objectweb.asm.ClassWriter::toByteArray@1081 (line 673)
  0x000001dbe544d964: 988f ccfe | 0fbe 6c24 | 38ba e4ff | ffff 4c8b | 5c24 484c | 895c 2438 | 4489 4424 | 4444 8954 
  0x000001dbe544d984: 2448 6690 

  0x000001dbe544d988: ;   {runtime_call UncommonTrapBlob}
  0x000001dbe544d988: c5f8 77e8 

  0x000001dbe544d98c: ; ImmutableOopMap {[32]=Oop [56]=Oop [68]=NarrowOop }
                      ;*bastore {reexecute=0 rethrow=0 return_oop=0}
                      ; - org.jetbrains.org.objectweb.asm.ByteVector::putShort@44 (line 125)
                      ; - org.jetbrains.org.objectweb.asm.ClassWriter::toByteArray@1081 (line 673)
  0x000001dbe544d98c: 708f ccfe | bae4 ffff | ff48 8b6c | 2420 4c8b | 5424 484c | 8954 2420 | 448b 5424 | 3044 8954 
  0x000001dbe544d9ac: 2428 448b | 5c24 3444 | 895c 242c | 4489 4c24 | 3844 8944 | 2444 6690 

  0x000001dbe544d9c4: ;   {runtime_call UncommonTrapBlob}
  0x000001dbe544d9c4: c5f8 77e8 

  0x000001dbe544d9c8: ; ImmutableOopMap {rbp=Oop [32]=Oop [68]=NarrowOop }
                      ;*bastore {reexecute=0 rethrow=0 return_oop=0}
                      ; - org.jetbrains.org.objectweb.asm.ByteVector::putInt@36 (line 186)
                      ; - org.jetbrains.org.objectweb.asm.ClassWriter::toByteArray@1085 (line 674)
  0x000001dbe544d9c8: 348f ccfe | 448b 5c24 | 3c41 83c3 | 04ba e4ff | ffff 488b | 6c24 204c | 8b54 2448 | 4c89 5424 
  0x000001dbe544d9e8: 2044 8b54 | 2430 4489 | 5424 288b | 4c24 3489 | 4c24 2c44 | 895c 2438 | 4489 4424 | 4044 894c 
  0x000001dbe544da08: 2444 6690 

  0x000001dbe544da0c: ;   {runtime_call UncommonTrapBlob}
  0x000001dbe544da0c: c5f8 77e8 

  0x000001dbe544da10: ; ImmutableOopMap {rbp=Oop [32]=Oop [64]=NarrowOop }
                      ;*bastore {reexecute=0 rethrow=0 return_oop=0}
                      ; - org.jetbrains.org.objectweb.asm.ByteVector::putInt@47 (line 187)
                      ; - org.jetbrains.org.objectweb.asm.ClassWriter::toByteArray@1085 (line 674)
  0x000001dbe544da10: ec8e ccfe | bae4 ffff | ff48 8b6c | 2420 4c8b | 5424 484c | 8954 2420 | 448b 5424 | 3044 8954 
  0x000001dbe544da30: 2428 448b | 4c24 3444 | 894c 242c | 4489 5c24 | 3c44 8944 | 2448 6690 

  0x000001dbe544da48: ;   {runtime_call UncommonTrapBlob}
  0x000001dbe544da48: c5f8 77e8 

  0x000001dbe544da4c: ; ImmutableOopMap {rbp=Oop [32]=Oop [72]=NarrowOop }
                      ;*bastore {reexecute=0 rethrow=0 return_oop=0}
                      ; - org.jetbrains.org.objectweb.asm.ByteVector::putShort@36 (line 124)
                      ; - org.jetbrains.org.objectweb.asm.ClassWriter::toByteArray@1092 (line 675)
  0x000001dbe544da4c: b08e ccfe | 0fbe 6c24 | 38ba e4ff | ffff 4c8b | 5424 484c | 8954 2438 | 4489 4424 | 4444 894c 
  0x000001dbe544da6c: 2448 6690 

  0x000001dbe544da70: ;   {runtime_call UncommonTrapBlob}
  0x000001dbe544da70: c5f8 77e8 

  0x000001dbe544da74: ; ImmutableOopMap {[32]=Oop [56]=Oop [68]=NarrowOop }
                      ;*bastore {reexecute=0 rethrow=0 return_oop=0}
                      ; - org.jetbrains.org.objectweb.asm.ByteVector::putShort@44 (line 125)
                      ; - org.jetbrains.org.objectweb.asm.ClassWriter::toByteArray@1092 (line 675)
  0x000001dbe544da74: 888e ccfe | baf6 ffff | ff66 6690 

  0x000001dbe544da80: ;   {runtime_call UncommonTrapBlob}
  0x000001dbe544da80: c5f8 77e8 

  0x000001dbe544da84: ; ImmutableOopMap {}
                      ;*invokevirtual addConstantUtf8 {reexecute=0 rethrow=0 return_oop=0}
                      ; - org.jetbrains.org.objectweb.asm.ClassWriter::toByteArray@201 (line 536)
  0x000001dbe544da84: 788e ccfe | baf6 ffff | ff66 6690 

  0x000001dbe544da90: ;   {runtime_call UncommonTrapBlob}
  0x000001dbe544da90: c5f8 77e8 

  0x000001dbe544da94: ; ImmutableOopMap {}
                      ;*invokevirtual addConstantUtf8 {reexecute=0 rethrow=0 return_oop=0}
                      ; - org.jetbrains.org.objectweb.asm.AnnotationWriter::computeAnnotationsSize@9 (line 334)
                      ; - org.jetbrains.org.objectweb.asm.ClassWriter::toByteArray@309 (line 556)
  0x000001dbe544da94: 688e ccfe | baf6 ffff | ff66 6690 

  0x000001dbe544daa0: ;   {runtime_call UncommonTrapBlob}
  0x000001dbe544daa0: c5f8 77e8 

  0x000001dbe544daa4: ; ImmutableOopMap {}
                      ;*invokevirtual addConstantUtf8 {reexecute=0 rethrow=0 return_oop=0}
                      ; - org.jetbrains.org.objectweb.asm.ClassWriter::toByteArray@287 (line 551)
  0x000001dbe544daa4: 588e ccfe | baf6 ffff | ff66 6690 

  0x000001dbe544dab0: ;   {runtime_call UncommonTrapBlob}
  0x000001dbe544dab0: c5f8 77e8 

  0x000001dbe544dab4: ; ImmutableOopMap {}
                      ;*invokevirtual addConstantUtf8 {reexecute=0 rethrow=0 return_oop=0}
                      ; - org.jetbrains.org.objectweb.asm.ClassWriter::toByteArray@1200 (line 691)
  0x000001dbe544dab4: 488e ccfe | bae4 ffff | ff48 8b6c | 2420 448b | 5424 3044 | 8954 2428 | 448b 5424 | 3444 8954 
  0x000001dbe544dad4: 242c 4c89 | 4424 3089 | 4c24 3c44 | 894c 2444 | 897c 2448 | 895c 244c 

  0x000001dbe544daec: ;   {runtime_call UncommonTrapBlob}
  0x000001dbe544daec: c5f8 77e8 

  0x000001dbe544daf0: ; ImmutableOopMap {rbp=Oop [48]=Oop [68]=NarrowOop }
                      ;*bastore {reexecute=0 rethrow=0 return_oop=0}
                      ; - org.jetbrains.org.objectweb.asm.ByteVector::putShort@36 (line 124)
                      ; - org.jetbrains.org.objectweb.asm.ClassWriter::toByteArray@1203 (line 691)
  0x000001dbe544daf0: 0c8e ccfe | 0fbe 6c24 | 38ba e4ff | ffff 4c89 | 4424 3844 | 895c 2440 | 4489 4c24 | 4489 4c24 
  0x000001dbe544db10: 4866 6690 

  0x000001dbe544db14: ;   {runtime_call UncommonTrapBlob}
  0x000001dbe544db14: c5f8 77e8 

  0x000001dbe544db18: ; ImmutableOopMap {[32]=Oop [56]=Oop [68]=NarrowOop }
                      ;*bastore {reexecute=0 rethrow=0 return_oop=0}
                      ; - org.jetbrains.org.objectweb.asm.ByteVector::putShort@44 (line 125)
                      ; - org.jetbrains.org.objectweb.asm.ClassWriter::toByteArray@1203 (line 691)
  0x000001dbe544db18: e48d ccfe | bae4 ffff | ff48 8b6c | 2420 448b | 5424 3044 | 8954 2428 | 8b5c 2434 | 895c 242c 
  0x000001dbe544db38: 4c89 4424 | 3089 4c24 | 3844 894c | 2440 4489 | 5c24 4490 

  0x000001dbe544db4c: ;   {runtime_call UncommonTrapBlob}
  0x000001dbe544db4c: c5f8 77e8 

  0x000001dbe544db50: ; ImmutableOopMap {rbp=Oop [48]=Oop [64]=NarrowOop }
                      ;*bastore {reexecute=0 rethrow=0 return_oop=0}
                      ; - org.jetbrains.org.objectweb.asm.ByteVector::putInt@36 (line 186)
                      ; - org.jetbrains.org.objectweb.asm.ClassWriter::toByteArray@1207 (line 691)
  0x000001dbe544db50: ac8d ccfe | 83c7 04ba | e4ff ffff | 488b 6c24 | 2044 8b54 | 2430 4489 | 5424 2844 | 8b5c 2434 
  0x000001dbe544db70: 4489 5c24 | 2c4c 8944 | 2430 897c | 2438 4489 | 4c24 4089 | 4c24 4490 

  0x000001dbe544db88: ;   {runtime_call UncommonTrapBlob}
  0x000001dbe544db88: c5f8 77e8 

  0x000001dbe544db8c: ; ImmutableOopMap {rbp=Oop [48]=Oop [64]=NarrowOop }
                      ;*bastore {reexecute=0 rethrow=0 return_oop=0}
                      ; - org.jetbrains.org.objectweb.asm.ByteVector::putInt@47 (line 187)
                      ; - org.jetbrains.org.objectweb.asm.ClassWriter::toByteArray@1207 (line 691)
  0x000001dbe544db8c: 708d ccfe | ba45 ffff | ff48 894c | 2420 895c | 2428 4489 | 5c24 2c4c | 8944 2438 | 897c 2440 
  0x000001dbe544dbac: 8974 2444 | 4489 6c24 | 4889 4424 | 4c66 6690 

  0x000001dbe544dbbc: ;   {runtime_call UncommonTrapBlob}
  0x000001dbe544dbbc: c5f8 77e8 

  0x000001dbe544dbc0: ; ImmutableOopMap {[32]=Oop [56]=Oop [68]=NarrowOop }
                      ;*if_icmpge {reexecute=1 rethrow=0 return_oop=0}
                      ; - (reexecute) org.jetbrains.org.objectweb.asm.Attribute::computeAttributesSize@16 (line 247)
                      ; - org.jetbrains.org.objectweb.asm.FieldWriter::computeFieldInfoSize@36 (line 200)
                      ; - org.jetbrains.org.objectweb.asm.ClassWriter::toByteArray@26 (line 505)
  0x000001dbe544dbc0: 3c8d ccfe | baf6 ffff | ff66 6690 

  0x000001dbe544dbcc: ;   {runtime_call UncommonTrapBlob}
  0x000001dbe544dbcc: c5f8 77e8 

  0x000001dbe544dbd0: ; ImmutableOopMap {}
                      ;*arraylength {reexecute=0 rethrow=0 return_oop=0}
                      ; - org.jetbrains.org.objectweb.asm.ByteVector::putInt@12 (line 182)
                      ; - org.jetbrains.org.objectweb.asm.ClassWriter::toByteArray@701 (line 628)
  0x000001dbe544dbd0: 2c8d ccfe | baf6 ffff | ff66 6690 

  0x000001dbe544dbdc: ;   {runtime_call UncommonTrapBlob}
  0x000001dbe544dbdc: c5f8 77e8 

  0x000001dbe544dbe0: ; ImmutableOopMap {}
                      ;*invokevirtual addConstantUtf8 {reexecute=0 rethrow=0 return_oop=0}
                      ; - org.jetbrains.org.objectweb.asm.ClassWriter::toByteArray@1155 (line 686)
  0x000001dbe544dbe0: 1c8d ccfe | baf6 ffff | ff66 6690 

  0x000001dbe544dbec: ;   {runtime_call UncommonTrapBlob}
  0x000001dbe544dbec: c5f8 77e8 

  0x000001dbe544dbf0: ; ImmutableOopMap {}
                      ;*invokevirtual addConstantUtf8 {reexecute=0 rethrow=0 return_oop=0}
                      ; - org.jetbrains.org.objectweb.asm.ClassWriter::toByteArray@259 (line 546)
  0x000001dbe544dbf0: 0c8d ccfe | baf6 ffff | ff8b 6c24 | 2866 6690 

  0x000001dbe544dc00: ;   {runtime_call UncommonTrapBlob}
  0x000001dbe544dc00: c5f8 77e8 

  0x000001dbe544dc04: ; ImmutableOopMap {}
                      ;*invokevirtual putInt {reexecute=0 rethrow=0 return_oop=0}
                      ; - org.jetbrains.org.objectweb.asm.ClassWriter::toByteArray@1163 (line 687)
  0x000001dbe544dc04: f88c ccfe | baf6 ffff | ff66 6690 

  0x000001dbe544dc10: ;   {runtime_call UncommonTrapBlob}
  0x000001dbe544dc10: c5f8 77e8 

  0x000001dbe544dc14: ; ImmutableOopMap {rbp=NarrowOop }
                      ;*invokevirtual putByteArray {reexecute=0 rethrow=0 return_oop=0}
                      ; - org.jetbrains.org.objectweb.asm.ClassWriter::toByteArray@1176 (line 688)
  0x000001dbe544dc14: e88c ccfe | baf6 ffff | ff8b 6c24 | 2c66 6690 

  0x000001dbe544dc24: ;   {runtime_call UncommonTrapBlob}
  0x000001dbe544dc24: c5f8 77e8 

  0x000001dbe544dc28: ; ImmutableOopMap {}
                      ;*bastore {reexecute=0 rethrow=0 return_oop=0}
                      ; - org.jetbrains.org.objectweb.asm.ByteVector::putInt@36 (line 186)
                      ; - org.jetbrains.org.objectweb.asm.ClassWriter::toByteArray@1207 (line 691)
  0x000001dbe544dc28: d48c ccfe | baf6 ffff | ff8b 6c24 | 2866 6690 

  0x000001dbe544dc38: ;   {runtime_call UncommonTrapBlob}
  0x000001dbe544dc38: c5f8 77e8 

  0x000001dbe544dc3c: ; ImmutableOopMap {}
                      ;*bastore {reexecute=0 rethrow=0 return_oop=0}
                      ; - org.jetbrains.org.objectweb.asm.ByteVector::putShort@36 (line 124)
                      ; - org.jetbrains.org.objectweb.asm.ClassWriter::toByteArray@1203 (line 691)
  0x000001dbe544dc3c: c08c ccfe | bade ffff | ff66 6690 

  0x000001dbe544dc48: ;   {runtime_call UncommonTrapBlob}
  0x000001dbe544dc48: c5f8 77e8 

  0x000001dbe544dc4c: ; ImmutableOopMap {rbp=NarrowOop [32]=Oop [72]=Oop }
                      ;*checkcast {reexecute=0 rethrow=0 return_oop=0}
                      ; - org.jetbrains.org.objectweb.asm.ClassWriter::toByteArray@838 (line 640)
  0x000001dbe544dc4c: b08c ccfe | bade ffff | ff48 8b6c | 2420 4489 | 5424 2048 | 8944 24f8 | 8b44 2428 | 8944 2424 
  0x000001dbe544dc6c: 488b 4424 | f848 8944 | 24f8 8b44 | 242c 8944 | 2428 488b | 4424 f844 | 8944 242c 

  0x000001dbe544dc88: ;   {runtime_call UncommonTrapBlob}
  0x000001dbe544dc88: c5f8 77e8 

  0x000001dbe544dc8c: ; ImmutableOopMap {rbp=Oop [44]=NarrowOop }
                      ;*checkcast {reexecute=0 rethrow=0 return_oop=0}
                      ; - org.jetbrains.org.objectweb.asm.ClassWriter::toByteArray@72 (line 513)
  0x000001dbe544dc8c: 708c ccfe | bade ffff | ff44 8954 | 2428 6690 

  0x000001dbe544dc9c: ;   {runtime_call UncommonTrapBlob}
  0x000001dbe544dc9c: c5f8 77e8 

  0x000001dbe544dca0: ; ImmutableOopMap {rbp=NarrowOop [32]=Oop }
                      ;*checkcast {reexecute=0 rethrow=0 return_oop=0}
                      ; - org.jetbrains.org.objectweb.asm.ClassWriter::toByteArray@35 (line 506)
  0x000001dbe544dca0: 5c8c ccfe | bade ffff | ff48 8b6c | 2420 448b | 5c24 3044 | 895c 2424 | 448b 5424 | 3444 8954 
  0x000001dbe544dcc0: 2430 4489 | 4424 3490 

  0x000001dbe544dcc8: ;   {runtime_call UncommonTrapBlob}
  0x000001dbe544dcc8: c5f8 77e8 

  0x000001dbe544dccc: ; ImmutableOopMap {rbp=Oop [52]=NarrowOop [72]=Oop }
                      ;*checkcast {reexecute=0 rethrow=0 return_oop=0}
                      ; - org.jetbrains.org.objectweb.asm.ClassWriter::toByteArray@902 (line 650)
  0x000001dbe544dccc: 308c ccfe | baf6 ffff | ff66 6690 

  0x000001dbe544dcd8: ;   {runtime_call UncommonTrapBlob}
  0x000001dbe544dcd8: c5f8 77e8 

  0x000001dbe544dcdc: ; ImmutableOopMap {}
                      ;*invokevirtual getMajorVersion {reexecute=0 rethrow=0 return_oop=0}
                      ; - org.jetbrains.org.objectweb.asm.FieldWriter::putFieldInfo@4 (line 220)
                      ; - org.jetbrains.org.objectweb.asm.ClassWriter::toByteArray@831 (line 639)
  0x000001dbe544dcdc: 208c ccfe | baf6 ffff | ff66 6690 

  0x000001dbe544dce8: ;   {runtime_call UncommonTrapBlob}
  0x000001dbe544dce8: c5f8 77e8 

  0x000001dbe544dcec: ; ImmutableOopMap {}
                      ;*arraylength {reexecute=0 rethrow=0 return_oop=0}
                      ; - org.jetbrains.org.objectweb.asm.ByteVector::putShort@12 (line 120)
                      ; - org.jetbrains.org.objectweb.asm.FieldWriter::putFieldInfo@39 (line 223)
                      ; - org.jetbrains.org.objectweb.asm.ClassWriter::toByteArray@831 (line 639)
  0x000001dbe544dcec: 108c ccfe | baf6 ffff | ff66 6690 

  0x000001dbe544dcf8: ;   {runtime_call UncommonTrapBlob}
  0x000001dbe544dcf8: c5f8 77e8 

  0x000001dbe544dcfc: ; ImmutableOopMap {}
                      ;*arraylength {reexecute=0 rethrow=0 return_oop=0}
                      ; - org.jetbrains.org.objectweb.asm.ByteVector::putShort@12 (line 120)
                      ; - org.jetbrains.org.objectweb.asm.FieldWriter::putFieldInfo@194 (line 259)
                      ; - org.jetbrains.org.objectweb.asm.ClassWriter::toByteArray@831 (line 639)
  0x000001dbe544dcfc: 008c ccfe | baf6 ffff | ff66 6690 

  0x000001dbe544dd08: ;   {runtime_call UncommonTrapBlob}
  0x000001dbe544dd08: c5f8 77e8 

  0x000001dbe544dd0c: ; ImmutableOopMap {}
                      ;*invokevirtual computeBootstrapMethodsSize {reexecute=0 rethrow=0 return_oop=0}
                      ; - org.jetbrains.org.objectweb.asm.ClassWriter::toByteArray@387 (line 577)
  0x000001dbe544dd0c: f08b ccfe | baf6 ffff | ff66 6690 

  0x000001dbe544dd18: ;   {runtime_call UncommonTrapBlob}
  0x000001dbe544dd18: c5f8 77e8 

  0x000001dbe544dd1c: ; ImmutableOopMap {}
                      ;*getfield length {reexecute=1 rethrow=0 return_oop=0}
                      ; - (reexecute) org.jetbrains.org.objectweb.asm.SymbolTable::getConstantPoolLength@4 (line 362)
                      ; - org.jetbrains.org.objectweb.asm.ClassWriter::toByteArray@648 (line 619)
  0x000001dbe544dd1c: e08b ccfe | baf6 ffff | ff48 8b6c | 2448 6690 

  0x000001dbe544dd2c: ;   {runtime_call UncommonTrapBlob}
  0x000001dbe544dd2c: c5f8 77e8 

  0x000001dbe544dd30: ; ImmutableOopMap {rbp=Oop }
                      ;*invokevirtual putConstantPool {reexecute=0 rethrow=0 return_oop=0}
                      ; - org.jetbrains.org.objectweb.asm.ClassWriter::toByteArray@718 (line 629)
  0x000001dbe544dd30: cc8b ccfe | baf6 ffff | ff66 6690 

  0x000001dbe544dd3c: ;   {runtime_call UncommonTrapBlob}
  0x000001dbe544dd3c: c5f8 77e8 

  0x000001dbe544dd40: ; ImmutableOopMap {}
                      ;*getfield data {reexecute=1 rethrow=0 return_oop=0}
                      ; - (reexecute) org.jetbrains.org.objectweb.asm.SymbolTable::putConstantPool@12 (line 372)
                      ; - org.jetbrains.org.objectweb.asm.ClassWriter::toByteArray@718 (line 629)
  0x000001dbe544dd40: bc8b ccfe | baf6 ffff | ff66 6690 

  0x000001dbe544dd4c: ;   {runtime_call UncommonTrapBlob}
  0x000001dbe544dd4c: c5f8 77e8 

  0x000001dbe544dd50: ; ImmutableOopMap {}
                      ;*arraylength {reexecute=0 rethrow=0 return_oop=0}
                      ; - org.jetbrains.org.objectweb.asm.ByteVector::putShort@12 (line 120)
                      ; - org.jetbrains.org.objectweb.asm.ClassWriter::toByteArray@753 (line 631)
  0x000001dbe544dd50: ac8b ccfe | baf6 ffff | ff66 6690 

  0x000001dbe544dd5c: ;   {runtime_call UncommonTrapBlob}
  0x000001dbe544dd5c: c5f8 77e8 

  0x000001dbe544dd60: ; ImmutableOopMap {[40]=Oop }
                      ;*invokevirtual putBootstrapMethods {reexecute=0 rethrow=0 return_oop=0}
                      ; - org.jetbrains.org.objectweb.asm.ClassWriter::toByteArray@1242 (line 700)
  0x000001dbe544dd60: 9c8b ccfe | baf6 ffff | ff66 6690 

  0x000001dbe544dd6c: ;   {runtime_call UncommonTrapBlob}
  0x000001dbe544dd6c: c5f8 77e8 

  0x000001dbe544dd70: ; ImmutableOopMap {}
                      ;*getfield length {reexecute=1 rethrow=0 return_oop=0}
                      ; - (reexecute) org.jetbrains.org.objectweb.asm.AnnotationWriter::computeAnnotationsSize@27 (line 340)
                      ; - org.jetbrains.org.objectweb.asm.AnnotationWriter::computeAnnotationsSize@27 (line 380)
                      ; - org.jetbrains.org.objectweb.asm.FieldWriter::computeFieldInfoSize@58 (line 202)
                      ; - org.jetbrains.org.objectweb.asm.ClassWriter::toByteArray@26 (line 505)
  0x000001dbe544dd70: 8c8b ccfe | baf6 ffff | ff66 6690 

  0x000001dbe544dd7c: ;   {runtime_call UncommonTrapBlob}
  0x000001dbe544dd7c: c5f8 77e8 

  0x000001dbe544dd80: ; ImmutableOopMap {}
                      ;*arraylength {reexecute=0 rethrow=0 return_oop=0}
                      ; - org.jetbrains.org.objectweb.asm.ByteVector::putShort@12 (line 120)
                      ; - org.jetbrains.org.objectweb.asm.ClassWriter::toByteArray@1115 (line 679)
  0x000001dbe544dd80: 7c8b ccfe | baf6 ffff | ff66 6690 

  0x000001dbe544dd8c: ;   {runtime_call UncommonTrapBlob}
  0x000001dbe544dd8c: c5f8 77e8 

  0x000001dbe544dd90: ; ImmutableOopMap {}
                      ;*getfield length {reexecute=1 rethrow=0 return_oop=0}
                      ; - (reexecute) org.jetbrains.org.objectweb.asm.AnnotationWriter::computeAnnotationsSize@27 (line 340)
                      ; - org.jetbrains.org.objectweb.asm.AnnotationWriter::computeAnnotationsSize@12 (line 375)
                      ; - org.jetbrains.org.objectweb.asm.FieldWriter::computeFieldInfoSize@58 (line 202)
                      ; - org.jetbrains.org.objectweb.asm.ClassWriter::toByteArray@26 (line 505)
  0x000001dbe544dd90: 6c8b ccfe | baf6 ffff | ff66 6690 

  0x000001dbe544dd9c: ;   {runtime_call UncommonTrapBlob}
  0x000001dbe544dd9c: c5f8 77e8 

  0x000001dbe544dda0: ; ImmutableOopMap {}
                      ;*arraylength {reexecute=0 rethrow=0 return_oop=0}
                      ; - org.jetbrains.org.objectweb.asm.ByteVector::putShort@12 (line 120)
                      ; - org.jetbrains.org.objectweb.asm.ClassWriter::toByteArray@937 (line 656)
  0x000001dbe544dda0: 5c8b ccfe | baf6 ffff | ff66 6690 

  0x000001dbe544ddac: ;   {runtime_call UncommonTrapBlob}
  0x000001dbe544ddac: c5f8 77e8 

  0x000001dbe544ddb0: ; ImmutableOopMap {}
                      ;*getfield length {reexecute=1 rethrow=0 return_oop=0}
                      ; - (reexecute) org.jetbrains.org.objectweb.asm.ClassWriter::toByteArray@944 (line 656)
  0x000001dbe544ddb0: 4c8b ccfe | baf6 ffff | ff66 6690 

  0x000001dbe544ddbc: ;   {runtime_call UncommonTrapBlob}
  0x000001dbe544ddbc: c5f8 77e8 

  0x000001dbe544ddc0: ; ImmutableOopMap {}
                      ;*getfield data {reexecute=1 rethrow=0 return_oop=0}
                      ; - (reexecute) org.jetbrains.org.objectweb.asm.ClassWriter::toByteArray@963 (line 658)
  0x000001dbe544ddc0: 3c8b ccfe | baf6 ffff | ff66 6690 

  0x000001dbe544ddcc: ;   {runtime_call UncommonTrapBlob}
  0x000001dbe544ddcc: c5f8 77e8 

  0x000001dbe544ddd0: ; ImmutableOopMap {}
                      ;*arraylength {reexecute=0 rethrow=0 return_oop=0}
                      ; - org.jetbrains.org.objectweb.asm.ByteVector::putShort@12 (line 120)
                      ; - org.jetbrains.org.objectweb.asm.Attribute::putAttributes@69 (line 346)
                      ; - org.jetbrains.org.objectweb.asm.FieldWriter::putFieldInfo@222 (line 263)
                      ; - org.jetbrains.org.objectweb.asm.ClassWriter::toByteArray@831 (line 639)
  0x000001dbe544ddd0: 2c8b ccfe | baf6 ffff | ff66 6690 

  0x000001dbe544dddc: ;   {runtime_call UncommonTrapBlob}
  0x000001dbe544dddc: c5f8 77e8 

  0x000001dbe544dde0: ; ImmutableOopMap {}
                      ;*iaload {reexecute=0 rethrow=0 return_oop=0}
                      ; - org.jetbrains.org.objectweb.asm.ClassWriter::toByteArray@801 (line 634)
  0x000001dbe544dde0: 1c8b ccfe | baf6 ffff | ff66 6690 

  0x000001dbe544ddec: ;   {runtime_call UncommonTrapBlob}
  0x000001dbe544ddec: c5f8 77e8 

  0x000001dbe544ddf0: ; ImmutableOopMap {}
                      ;*arraylength {reexecute=0 rethrow=0 return_oop=0}
                      ; - org.jetbrains.org.objectweb.asm.ByteVector::putShort@12 (line 120)
                      ; - org.jetbrains.org.objectweb.asm.ClassWriter::toByteArray@802 (line 634)
  0x000001dbe544ddf0: 0c8b ccfe | baf6 ffff | ff66 6690 

  0x000001dbe544ddfc: ;   {runtime_call UncommonTrapBlob}
  0x000001dbe544ddfc: c5f8 77e8 

  0x000001dbe544de00: ; ImmutableOopMap {}
                      ;*getfield length {reexecute=1 rethrow=0 return_oop=0}
                      ; - (reexecute) org.jetbrains.org.objectweb.asm.AnnotationWriter::computeAnnotationsSize@27 (line 340)
                      ; - org.jetbrains.org.objectweb.asm.ClassWriter::toByteArray@332 (line 562)
  0x000001dbe544de00: fc8a ccfe | baf6 ffff | ff66 6690 

  0x000001dbe544de0c: ;   {runtime_call UncommonTrapBlob}
  0x000001dbe544de0c: c5f8 77e8 

  0x000001dbe544de10: ; ImmutableOopMap {}
                      ;*arraylength {reexecute=0 rethrow=0 return_oop=0}
                      ; - org.jetbrains.org.objectweb.asm.ByteVector::putShort@12 (line 120)
                      ; - org.jetbrains.org.objectweb.asm.Attribute::putAttributes@43 (line 341)
                      ; - org.jetbrains.org.objectweb.asm.FieldWriter::putFieldInfo@222 (line 263)
                      ; - org.jetbrains.org.objectweb.asm.ClassWriter::toByteArray@831 (line 639)
  0x000001dbe544de10: ec8a ccfe | baf6 ffff | ff66 6690 

  0x000001dbe544de1c: ;   {runtime_call UncommonTrapBlob}
  0x000001dbe544de1c: c5f8 77e8 

  0x000001dbe544de20: ; ImmutableOopMap {}
                      ;*getfield length {reexecute=1 rethrow=0 return_oop=0}
                      ; - (reexecute) org.jetbrains.org.objectweb.asm.AnnotationWriter::computeAnnotationsSize@27 (line 340)
                      ; - org.jetbrains.org.objectweb.asm.ClassWriter::toByteArray@309 (line 556)
  0x000001dbe544de20: dc8a ccfe | baf6 ffff | ff66 6690 

  0x000001dbe544de2c: ;   {runtime_call UncommonTrapBlob}
  0x000001dbe544de2c: c5f8 77e8 

  0x000001dbe544de30: ; ImmutableOopMap {}
                      ;*arraylength {reexecute=0 rethrow=0 return_oop=0}
                      ; - org.jetbrains.org.objectweb.asm.ByteVector::putShort@12 (line 120)
                      ; - org.jetbrains.org.objectweb.asm.ClassWriter::toByteArray@1081 (line 673)
  0x000001dbe544de30: cc8a ccfe | baf6 ffff | ff66 6690 

  0x000001dbe544de3c: ;   {runtime_call UncommonTrapBlob}
  0x000001dbe544de3c: c5f8 77e8 

  0x000001dbe544de40: ; ImmutableOopMap {}
                      ;*arraylength {reexecute=0 rethrow=0 return_oop=0}
                      ; - org.jetbrains.org.objectweb.asm.ByteVector::putShort@12 (line 120)
                      ; - org.jetbrains.org.objectweb.asm.ClassWriter::toByteArray@1203 (line 691)
  0x000001dbe544de40: bc8a ccfe | baf6 ffff | ff66 6690 

  0x000001dbe544de4c: ;   {runtime_call UncommonTrapBlob}
  0x000001dbe544de4c: c5f8 77e8 

  0x000001dbe544de50: ; ImmutableOopMap {}
                      ;*invokevirtual getMajorVersion {reexecute=0 rethrow=0 return_oop=0}
                      ; - org.jetbrains.org.objectweb.asm.Attribute::computeAttributesSize@11 (line 247)
                      ; - org.jetbrains.org.objectweb.asm.FieldWriter::computeFieldInfoSize@36 (line 200)
                      ; - org.jetbrains.org.objectweb.asm.ClassWriter::toByteArray@26 (line 505)
  0x000001dbe544de50: ac8a ccfe | baf6 ffff | ff66 6690 

  0x000001dbe544de5c: ;   {runtime_call UncommonTrapBlob}
  0x000001dbe544de5c: c5f8 77e8 

  0x000001dbe544de60: ; ImmutableOopMap {}
                      ;*invokevirtual getMajorVersion {reexecute=0 rethrow=0 return_oop=0}
                      ; - org.jetbrains.org.objectweb.asm.Attribute::putAttributes@9 (line 336)
                      ; - org.jetbrains.org.objectweb.asm.FieldWriter::putFieldInfo@222 (line 263)
                      ; - org.jetbrains.org.objectweb.asm.ClassWriter::toByteArray@831 (line 639)
  0x000001dbe544de60: 9c8a ccfe | baf6 ffff | ff66 6690 

  0x000001dbe544de6c: ;   {runtime_call UncommonTrapBlob}
  0x000001dbe544de6c: c5f8 77e8 

  0x000001dbe544de70: ; ImmutableOopMap {}
                      ;*getfield data {reexecute=1 rethrow=0 return_oop=0}
                      ; - (reexecute) org.jetbrains.org.objectweb.asm.ClassWriter::toByteArray@1170 (line 687)
  0x000001dbe544de70: 8c8a ccfe | 488b d0e9 | a901 0000 | 488b d090 | e9a0 0100 | 0048 8bd0 | e998 0100 | 00e9 8601 
  0x000001dbe544de90: 0000 e981 | 0100 0048 | 8bd0 e986 | 0100 0090 | e973 0100 | 0048 8bd0 | e978 0100 | 0048 8bd0 
  0x000001dbe544deb0: e970 0100 | 0048 8bd0 | e968 0100 | 0048 8bd0 | e960 0100 | 0048 8bd0 | e958 0100 | 0048 8bd0 
  0x000001dbe544ded0: e950 0100 | 0048 8bd0 | e948 0100 | 0048 8bd0 | e940 0100 | 0048 8bd0 | e938 0100 | 0048 8bd0 
  0x000001dbe544def0: e930 0100 | 0048 8bd0 | e928 0100 | 0048 8bd0 | e920 0100 | 0048 8bd0 | e918 0100 | 0048 8bd0 
  0x000001dbe544df10: e910 0100 | 0048 8bd0 | e908 0100 | 0048 8bd0 | e900 0100 | 00e9 ee00 | 0000 e9e9 | 0000 00e9 
  0x000001dbe544df30: e400 0000 | e9df 0000 | 00e9 da00 | 0000 6690 | e9d3 0000 | 00e9 ce00 | 0000 e9c9 | 0000 0048 
  0x000001dbe544df50: 8bd0 e9ce | 0000 0048 | 8bd0 e9c6 | 0000 0048 | 8bd0 e9be | 0000 0048 | 8bd0 e9b6 | 0000 0048 
  0x000001dbe544df70: 8bd0 e9ae | 0000 0048 | 8bd0 e9a6 | 0000 0048 | 8bd0 e99e | 0000 0048 | 8bd0 e996 | 0000 0048 
  0x000001dbe544df90: 8bd0 e98e | 0000 00e9 | 7c00 0000 | 488b d090 | e980 0000 | 0048 8bd0 | e978 0000 | 0048 8bd0 
  0x000001dbe544dfb0: e970 0000 | 0048 8bd0 | e968 0000 | 0048 8bd0 | e960 0000 | 0048 8bd0 | e958 0000 | 00e9 3f00 
  0x000001dbe544dfd0: 0000 e941 | 0000 00e9 | 3c00 0000 | 0f1f 4000 | e92c 0000 | 00e9 2700 | 0000 e922 | 0000 0048 
  0x000001dbe544dff0: 8bd0 e92e | 0000 0048 | 8bd0 e926 | 0000 0048 | 8bd0 e91e | 0000 0048 | 8bd0 eb19 | 488b d0eb 
  0x000001dbe544e010: 1448 8bd0 | eb0f eb00 | 488b d0eb | 0848 8bd0 | eb03 488b | d0c5 f877 | 4881 c4b0 | 0000 005d 
  0x000001dbe544e030: ;   {runtime_call _rethrow_Java}
  0x000001dbe544e030: e9cb 3ad7 

  0x000001dbe544e034: ;   {internal_word}
  0x000001dbe544e034: fe49 baa0 | ae44 e5db | 0100 004d | 8997 6803 

  0x000001dbe544e044: ;   {runtime_call SafepointBlob}
  0x000001dbe544e044: 0000 e9b5 | 99cc fef4 | f4f4 f4f4 | f4f4 f4f4 | f4f4 f4f4 | f4f4 f4f4 | f4f4 f4f4 
[Stub Code]
  0x000001dbe544e060: ;   {no_reloc}
  0x000001dbe544e060: 48bb 0000 | 0000 0000 

  0x000001dbe544e068: ;   {runtime_call}
  0x000001dbe544e068: 0000 e9fb 

  0x000001dbe544e06c: ;   {static_stub}
  0x000001dbe544e06c: ffff ff48 | bb00 0000 | 0000 0000 

  0x000001dbe544e078: ;   {runtime_call}
  0x000001dbe544e078: 00e9 fbff 

  0x000001dbe544e07c: ;   {static_stub}
  0x000001dbe544e07c: ffff 48bb | 0000 0000 | 0000 0000 

  0x000001dbe544e088: ;   {runtime_call}
  0x000001dbe544e088: e9fb ffff 

  0x000001dbe544e08c: ;   {static_stub}
  0x000001dbe544e08c: ff48 bb00 | 0000 0000 

  0x000001dbe544e094: ;   {runtime_call}
  0x000001dbe544e094: 0000 00e9 | fbff ffff 

  0x000001dbe544e09c: ;   {static_stub}
  0x000001dbe544e09c: 48bb 0000 | 0000 0000 

  0x000001dbe544e0a4: ;   {runtime_call}
  0x000001dbe544e0a4: 0000 e9fb 

  0x000001dbe544e0a8: ;   {static_stub}
  0x000001dbe544e0a8: ffff ff48 | bb00 0000 | 0000 0000 

  0x000001dbe544e0b4: ;   {runtime_call}
  0x000001dbe544e0b4: 00e9 fbff 

  0x000001dbe544e0b8: ;   {static_stub}
  0x000001dbe544e0b8: ffff 48bb | 0000 0000 | 0000 0000 

  0x000001dbe544e0c4: ;   {runtime_call}
  0x000001dbe544e0c4: e9fb ffff 

  0x000001dbe544e0c8: ;   {static_stub}
  0x000001dbe544e0c8: ff48 bb00 | 0000 0000 

  0x000001dbe544e0d0: ;   {runtime_call}
  0x000001dbe544e0d0: 0000 00e9 | fbff ffff 

  0x000001dbe544e0d8: ;   {static_stub}
  0x000001dbe544e0d8: 48bb 0000 | 0000 0000 

  0x000001dbe544e0e0: ;   {runtime_call}
  0x000001dbe544e0e0: 0000 e9fb 

  0x000001dbe544e0e4: ;   {static_stub}
  0x000001dbe544e0e4: ffff ff48 | bb00 0000 | 0000 0000 

  0x000001dbe544e0f0: ;   {runtime_call}
  0x000001dbe544e0f0: 00e9 fbff 

  0x000001dbe544e0f4: ;   {static_stub}
  0x000001dbe544e0f4: ffff 48bb | 0000 0000 | 0000 0000 

  0x000001dbe544e100: ;   {runtime_call}
  0x000001dbe544e100: e9fb ffff 

  0x000001dbe544e104: ;   {static_stub}
  0x000001dbe544e104: ff48 bb00 | 0000 0000 

  0x000001dbe544e10c: ;   {runtime_call}
  0x000001dbe544e10c: 0000 00e9 | fbff ffff 

  0x000001dbe544e114: ;   {static_stub}
  0x000001dbe544e114: 48bb 0000 | 0000 0000 

  0x000001dbe544e11c: ;   {runtime_call}
  0x000001dbe544e11c: 0000 e9fb 

  0x000001dbe544e120: ;   {static_stub}
  0x000001dbe544e120: ffff ff48 | bb00 0000 | 0000 0000 

  0x000001dbe544e12c: ;   {runtime_call}
  0x000001dbe544e12c: 00e9 fbff 

  0x000001dbe544e130: ;   {static_stub}
  0x000001dbe544e130: ffff 48bb | 0000 0000 | 0000 0000 

  0x000001dbe544e13c: ;   {runtime_call}
  0x000001dbe544e13c: e9fb ffff 

  0x000001dbe544e140: ;   {static_stub}
  0x000001dbe544e140: ff48 bb00 | 0000 0000 

  0x000001dbe544e148: ;   {runtime_call}
  0x000001dbe544e148: 0000 00e9 | fbff ffff 

  0x000001dbe544e150: ;   {static_stub}
  0x000001dbe544e150: 48bb 0000 | 0000 0000 

  0x000001dbe544e158: ;   {runtime_call}
  0x000001dbe544e158: 0000 e9fb 

  0x000001dbe544e15c: ;   {static_stub}
  0x000001dbe544e15c: ffff ff48 | bb00 0000 | 0000 0000 

  0x000001dbe544e168: ;   {runtime_call}
  0x000001dbe544e168: 00e9 fbff 

  0x000001dbe544e16c: ;   {static_stub}
  0x000001dbe544e16c: ffff 48bb | 0000 0000 | 0000 0000 

  0x000001dbe544e178: ;   {runtime_call}
  0x000001dbe544e178: e9fb ffff 

  0x000001dbe544e17c: ;   {static_stub}
  0x000001dbe544e17c: ff48 bb00 | 0000 0000 

  0x000001dbe544e184: ;   {runtime_call}
  0x000001dbe544e184: 0000 00e9 | fbff ffff 

  0x000001dbe544e18c: ;   {static_stub}
  0x000001dbe544e18c: 48bb 0000 | 0000 0000 

  0x000001dbe544e194: ;   {runtime_call}
  0x000001dbe544e194: 0000 e9fb 

  0x000001dbe544e198: ;   {static_stub}
  0x000001dbe544e198: ffff ff48 | bb00 0000 | 0000 0000 

  0x000001dbe544e1a4: ;   {runtime_call}
  0x000001dbe544e1a4: 00e9 fbff 

  0x000001dbe544e1a8: ;   {static_stub}
  0x000001dbe544e1a8: ffff 48bb | 0000 0000 | 0000 0000 

  0x000001dbe544e1b4: ;   {runtime_call}
  0x000001dbe544e1b4: e9fb ffff 

  0x000001dbe544e1b8: ;   {static_stub}
  0x000001dbe544e1b8: ff48 bb00 | 0000 0000 

  0x000001dbe544e1c0: ;   {runtime_call}
  0x000001dbe544e1c0: 0000 00e9 | fbff ffff 

  0x000001dbe544e1c8: ;   {static_stub}
  0x000001dbe544e1c8: 48bb 0000 | 0000 0000 

  0x000001dbe544e1d0: ;   {runtime_call}
  0x000001dbe544e1d0: 0000 e9fb 

  0x000001dbe544e1d4: ;   {static_stub}
  0x000001dbe544e1d4: ffff ff48 | bb00 0000 | 0000 0000 

  0x000001dbe544e1e0: ;   {runtime_call}
  0x000001dbe544e1e0: 00e9 fbff 

  0x000001dbe544e1e4: ;   {static_stub}
  0x000001dbe544e1e4: ffff 48bb | 0000 0000 | 0000 0000 

  0x000001dbe544e1f0: ;   {runtime_call}
  0x000001dbe544e1f0: e9fb ffff 

  0x000001dbe544e1f4: ;   {static_stub}
  0x000001dbe544e1f4: ff48 bb00 | 0000 0000 

  0x000001dbe544e1fc: ;   {runtime_call}
  0x000001dbe544e1fc: 0000 00e9 | fbff ffff 

  0x000001dbe544e204: ;   {static_stub}
  0x000001dbe544e204: 48bb 0000 | 0000 0000 

  0x000001dbe544e20c: ;   {runtime_call}
  0x000001dbe544e20c: 0000 e9fb 

  0x000001dbe544e210: ;   {static_stub}
  0x000001dbe544e210: ffff ff48 | bb00 0000 | 0000 0000 

  0x000001dbe544e21c: ;   {runtime_call}
  0x000001dbe544e21c: 00e9 fbff 

  0x000001dbe544e220: ;   {static_stub}
  0x000001dbe544e220: ffff 48bb | 0000 0000 | 0000 0000 

  0x000001dbe544e22c: ;   {runtime_call}
  0x000001dbe544e22c: e9fb ffff 

  0x000001dbe544e230: ;   {static_stub}
  0x000001dbe544e230: ff48 bb00 | 0000 0000 

  0x000001dbe544e238: ;   {runtime_call}
  0x000001dbe544e238: 0000 00e9 | fbff ffff 

  0x000001dbe544e240: ;   {static_stub}
  0x000001dbe544e240: 48bb 0000 | 0000 0000 

  0x000001dbe544e248: ;   {runtime_call}
  0x000001dbe544e248: 0000 e9fb 

  0x000001dbe544e24c: ;   {static_stub}
  0x000001dbe544e24c: ffff ff48 | bb00 0000 | 0000 0000 

  0x000001dbe544e258: ;   {runtime_call}
  0x000001dbe544e258: 00e9 fbff 

  0x000001dbe544e25c: ;   {static_stub}
  0x000001dbe544e25c: ffff 48bb | 0000 0000 | 0000 0000 

  0x000001dbe544e268: ;   {runtime_call}
  0x000001dbe544e268: e9fb ffff 

  0x000001dbe544e26c: ;   {static_stub}
  0x000001dbe544e26c: ff48 bb00 | 0000 0000 

  0x000001dbe544e274: ;   {runtime_call}
  0x000001dbe544e274: 0000 00e9 | fbff ffff 

  0x000001dbe544e27c: ;   {static_stub}
  0x000001dbe544e27c: 48bb 0000 | 0000 0000 

  0x000001dbe544e284: ;   {runtime_call}
  0x000001dbe544e284: 0000 e9fb 

  0x000001dbe544e288: ;   {static_stub}
  0x000001dbe544e288: ffff ff48 | bb00 0000 | 0000 0000 

  0x000001dbe544e294: ;   {runtime_call}
  0x000001dbe544e294: 00e9 fbff 

  0x000001dbe544e298: ;   {static_stub}
  0x000001dbe544e298: ffff 48bb | 0000 0000 | 0000 0000 

  0x000001dbe544e2a4: ;   {runtime_call}
  0x000001dbe544e2a4: e9fb ffff 

  0x000001dbe544e2a8: ;   {static_stub}
  0x000001dbe544e2a8: ff48 bb00 | 0000 0000 

  0x000001dbe544e2b0: ;   {runtime_call}
  0x000001dbe544e2b0: 0000 00e9 | fbff ffff 

  0x000001dbe544e2b8: ;   {static_stub}
  0x000001dbe544e2b8: 48bb 0000 | 0000 0000 

  0x000001dbe544e2c0: ;   {runtime_call}
  0x000001dbe544e2c0: 0000 e9fb 

  0x000001dbe544e2c4: ;   {static_stub}
  0x000001dbe544e2c4: ffff ff48 | bb00 0000 | 0000 0000 

  0x000001dbe544e2d0: ;   {runtime_call}
  0x000001dbe544e2d0: 00e9 fbff 

  0x000001dbe544e2d4: ;   {static_stub}
  0x000001dbe544e2d4: ffff 48bb | 0000 0000 | 0000 0000 

  0x000001dbe544e2e0: ;   {runtime_call}
  0x000001dbe544e2e0: e9fb ffff 

  0x000001dbe544e2e4: ;   {static_stub}
  0x000001dbe544e2e4: ff48 bb00 | 0000 0000 

  0x000001dbe544e2ec: ;   {runtime_call}
  0x000001dbe544e2ec: 0000 00e9 | fbff ffff 

  0x000001dbe544e2f4: ;   {static_stub}
  0x000001dbe544e2f4: 48bb 0000 | 0000 0000 

  0x000001dbe544e2fc: ;   {runtime_call}
  0x000001dbe544e2fc: 0000 e9fb 

  0x000001dbe544e300: ;   {static_stub}
  0x000001dbe544e300: ffff ff48 | bb00 0000 | 0000 0000 

  0x000001dbe544e30c: ;   {runtime_call}
  0x000001dbe544e30c: 00e9 fbff 

  0x000001dbe544e310: ;   {static_stub}
  0x000001dbe544e310: ffff 48bb | 0000 0000 | 0000 0000 

  0x000001dbe544e31c: ;   {runtime_call}
  0x000001dbe544e31c: e9fb ffff 

  0x000001dbe544e320: ;   {static_stub}
  0x000001dbe544e320: ff48 bb00 | 0000 0000 

  0x000001dbe544e328: ;   {runtime_call}
  0x000001dbe544e328: 0000 00e9 | fbff ffff 

  0x000001dbe544e330: ;   {static_stub}
  0x000001dbe544e330: 48bb 0000 | 0000 0000 

  0x000001dbe544e338: ;   {runtime_call}
  0x000001dbe544e338: 0000 e9fb 

  0x000001dbe544e33c: ;   {static_stub}
  0x000001dbe544e33c: ffff ff48 | bb00 0000 | 0000 0000 

  0x000001dbe544e348: ;   {runtime_call}
  0x000001dbe544e348: 00e9 fbff 

  0x000001dbe544e34c: ;   {static_stub}
  0x000001dbe544e34c: ffff 48bb | 0000 0000 | 0000 0000 

  0x000001dbe544e358: ;   {runtime_call}
  0x000001dbe544e358: e9fb ffff 

  0x000001dbe544e35c: ;   {static_stub}
  0x000001dbe544e35c: ff48 bb00 | 0000 0000 

  0x000001dbe544e364: ;   {runtime_call}
  0x000001dbe544e364: 0000 00e9 | fbff ffff 

  0x000001dbe544e36c: ;   {static_stub}
  0x000001dbe544e36c: 48bb 0000 | 0000 0000 

  0x000001dbe544e374: ;   {runtime_call}
  0x000001dbe544e374: 0000 e9fb 

  0x000001dbe544e378: ;   {static_stub}
  0x000001dbe544e378: ffff ff48 | bb00 0000 | 0000 0000 

  0x000001dbe544e384: ;   {runtime_call}
  0x000001dbe544e384: 00e9 fbff 

  0x000001dbe544e388: ;   {static_stub}
  0x000001dbe544e388: ffff 48bb | 0000 0000 | 0000 0000 

  0x000001dbe544e394: ;   {runtime_call}
  0x000001dbe544e394: e9fb ffff 

  0x000001dbe544e398: ;   {static_stub}
  0x000001dbe544e398: ff48 bb00 | 0000 0000 

  0x000001dbe544e3a0: ;   {runtime_call}
  0x000001dbe544e3a0: 0000 00e9 | fbff ffff 

  0x000001dbe544e3a8: ;   {static_stub}
  0x000001dbe544e3a8: 48bb 0000 | 0000 0000 

  0x000001dbe544e3b0: ;   {runtime_call}
  0x000001dbe544e3b0: 0000 e9fb 

  0x000001dbe544e3b4: ;   {static_stub}
  0x000001dbe544e3b4: ffff ff48 | bb00 0000 | 0000 0000 

  0x000001dbe544e3c0: ;   {runtime_call}
  0x000001dbe544e3c0: 00e9 fbff 

  0x000001dbe544e3c4: ;   {static_stub}
  0x000001dbe544e3c4: ffff 48bb | 0000 0000 | 0000 0000 

  0x000001dbe544e3d0: ;   {runtime_call}
  0x000001dbe544e3d0: e9fb ffff 

  0x000001dbe544e3d4: ;   {static_stub}
  0x000001dbe544e3d4: ff48 bb00 | 0000 0000 

  0x000001dbe544e3dc: ;   {runtime_call}
  0x000001dbe544e3dc: 0000 00e9 | fbff ffff 

  0x000001dbe544e3e4: ;   {static_stub}
  0x000001dbe544e3e4: 48bb 0000 | 0000 0000 

  0x000001dbe544e3ec: ;   {runtime_call}
  0x000001dbe544e3ec: 0000 e9fb 

  0x000001dbe544e3f0: ;   {runtime_call ExceptionBlob}
  0x000001dbe544e3f0: ffff ffe9 | 8856 d6fe 
[Deopt Handler Code]
  0x000001dbe544e3f8: e800 0000 | 0048 832c 

  0x000001dbe544e400: ;   {runtime_call DeoptimizationBlob}
  0x000001dbe544e400: 2405 e999 | 88cc fef4 
[/MachCode]


---------------  P R O C E S S  ---------------

Threads class SMR info:
_java_thread_list=0x000001dbc6ef7dd0, length=99, elements={
0x000001dbd500f7b0, 0x000001dbf2c350d0, 0x000001dbf2c35ba0, 0x000001dbf2c469e0,
0x000001dbf2c493c0, 0x000001dbf2c49c90, 0x000001dbf2c4c570, 0x000001dbf2c590b0,
0x000001dbf2c599c0, 0x000001dbf2c5b2e0, 0x000001dbf2c1f870, 0x000001dbf7171120,
0x000001dbf8bf88e0, 0x000001dbf8d87910, 0x000001dbf844b230, 0x000001dbf7fd3cd0,
0x000001dbf8df0200, 0x000001dbf8df2a80, 0x000001dbf8def2d0, 0x000001dbf8df0c20,
0x000001dbf8df1640, 0x000001dbf8def7e0, 0x000001dbf8defcf0, 0x000001dbf8df2570,
0x000001dbf8df1b50, 0x000001dbf8df1130, 0x000001dbf8df2060, 0x000001dbf8df0710,
0x000001dbf9165520, 0x000001dbf9163bd0, 0x000001dbf91640e0, 0x000001dbf91645f0,
0x000001dbf91636c0, 0x000001dbf9166e70, 0x000001dbf9164b00, 0x000001dbf9165010,
0x000001dbf9165a30, 0x000001dbf9165f40, 0x000001dbf9166450, 0x000001dbf9166960,
0x000001dbfb669aa0, 0x000001dbfb66a4c0, 0x000001dbfb66a9d0, 0x000001dbfb66be10,
0x000001dbfb668150, 0x000001dbfb66c320, 0x000001dbfb666800, 0x000001dbfb667c40,
0x000001dbfb669fb0, 0x000001dbfb668b70, 0x000001dbfb668660, 0x000001dbfb6658d0,
0x000001dbfb66c830, 0x000001dbfb669080, 0x000001dbfb6662f0, 0x000001dbfb66aee0,
0x000001dbfb66b3f0, 0x000001dbfb667220, 0x000001dbfc7a1c30, 0x000001dbfc7a6d30,
0x000001dbfc7a8b90, 0x000001dbfc7a7750, 0x000001dbfc7a90a0, 0x000001dbfc7a95b0,
0x000001dbfc7a3580, 0x000001dbfc7a2140, 0x000001dbfc7a8680, 0x000001dbfc7a3a90,
0x000001dbfc7a2650, 0x000001dbfc7a7240, 0x000001dbfc7a4ed0, 0x000001dbfc7a53e0,
0x000001dbfc7a3fa0, 0x000001dbfc7a6310, 0x000001dbfc7a7c60, 0x000001dbfc7c35d0,
0x000001dbfc7c3ae0, 0x000001dbfc7c2bb0, 0x000001dbfc7c7290, 0x000001dbfc7c86d0,
0x000001dbfc7c81c0, 0x000001dbfc7c3ff0, 0x000001dbfc7c2190, 0x000001dbfc7c6870,
0x000001dbfc7c26a0, 0x000001dbfc7c4f20, 0x000001dbfc7c5430, 0x000001dbfc7c5940,
0x000001dbfaa7cda0, 0x000001dbfaa80f70, 0x000001dbfaa7c380, 0x000001dbfaa7fb30,
0x000001dbfaa7d7c0, 0x000001dbfb5e7500, 0x000001dbc5b760f0, 0x000001dbc5fcd510,
0x000001dbc5b76b10, 0x000001dbc5fcd000, 0x000001dbfe0dbab0
}

Java Threads: ( => current thread )
  0x000001dbd500f7b0 JavaThread "main" [_thread_blocked, id=8700, stack(0x0000005da1f00000,0x0000005da2000000)]
  0x000001dbf2c350d0 JavaThread "Reference Handler" daemon [_thread_blocked, id=6716, stack(0x0000005da2600000,0x0000005da2700000)]
  0x000001dbf2c35ba0 JavaThread "Finalizer" daemon [_thread_blocked, id=572, stack(0x0000005da2700000,0x0000005da2800000)]
  0x000001dbf2c469e0 JavaThread "Signal Dispatcher" daemon [_thread_blocked, id=1992, stack(0x0000005da2800000,0x0000005da2900000)]
  0x000001dbf2c493c0 JavaThread "Attach Listener" daemon [_thread_blocked, id=10264, stack(0x0000005da2900000,0x0000005da2a00000)]
  0x000001dbf2c49c90 JavaThread "Service Thread" daemon [_thread_blocked, id=10336, stack(0x0000005da2a00000,0x0000005da2b00000)]
  0x000001dbf2c4c570 JavaThread "Monitor Deflation Thread" daemon [_thread_blocked, id=4448, stack(0x0000005da2b00000,0x0000005da2c00000)]
  0x000001dbf2c590b0 JavaThread "C2 CompilerThread0" daemon [_thread_in_native, id=13948, stack(0x0000005da2c00000,0x0000005da2d00000)]
  0x000001dbf2c599c0 JavaThread "C1 CompilerThread0" daemon [_thread_blocked, id=11968, stack(0x0000005da2d00000,0x0000005da2e00000)]
  0x000001dbf2c5b2e0 JavaThread "Sweeper thread" daemon [_thread_blocked, id=12024, stack(0x0000005da2e00000,0x0000005da2f00000)]
  0x000001dbf2c1f870 JavaThread "Common-Cleaner" daemon [_thread_blocked, id=12164, stack(0x0000005da2f00000,0x0000005da3000000)]
  0x000001dbf7171120 JavaThread "Notification Thread" daemon [_thread_blocked, id=9332, stack(0x0000005da3000000,0x0000005da3100000)]
  0x000001dbf8bf88e0 JavaThread "Daemon health stats" [_thread_blocked, id=11156, stack(0x0000005da3600000,0x0000005da3700000)]
  0x000001dbf8d87910 JavaThread "Incoming local TCP Connector on port 50541" [_thread_in_native, id=3952, stack(0x0000005da3700000,0x0000005da3800000)]
  0x000001dbf844b230 JavaThread "Daemon periodic checks" [_thread_blocked, id=9904, stack(0x0000005da3800000,0x0000005da3900000)]
  0x000001dbf7fd3cd0 JavaThread "Daemon" [_thread_blocked, id=11744, stack(0x0000005da3900000,0x0000005da3a00000)]
  0x000001dbf8df0200 JavaThread "Handler for socket connection from /127.0.0.1:50541 to /127.0.0.1:50542" [_thread_in_native, id=6580, stack(0x0000005da3a00000,0x0000005da3b00000)]
  0x000001dbf8df2a80 JavaThread "Cancel handler" [_thread_blocked, id=11712, stack(0x0000005da3b00000,0x0000005da3c00000)]
  0x000001dbf8def2d0 JavaThread "Daemon worker" [_thread_blocked, id=11504, stack(0x0000005da3c00000,0x0000005da3d00000)]
  0x000001dbf8df0c20 JavaThread "Asynchronous log dispatcher for DefaultDaemonConnection: socket connection from /127.0.0.1:50541 to /127.0.0.1:50542" [_thread_blocked, id=11532, stack(0x0000005da3d00000,0x0000005da3e00000)]
  0x000001dbf8df1640 JavaThread "Stdin handler" [_thread_blocked, id=5784, stack(0x0000005da3e00000,0x0000005da3f00000)]
  0x000001dbf8def7e0 JavaThread "Daemon client event forwarder" [_thread_blocked, id=1980, stack(0x0000005da3f00000,0x0000005da4000000)]
  0x000001dbf8defcf0 JavaThread "Cache worker for journal cache (C:\Users\PC\.gradle\caches\journal-1)" [_thread_blocked, id=6264, stack(0x0000005da4000000,0x0000005da4100000)]
  0x000001dbf8df2570 JavaThread "File lock request listener" [_thread_in_native, id=4436, stack(0x0000005da4100000,0x0000005da4200000)]
  0x000001dbf8df1b50 JavaThread "Cache worker for file hash cache (C:\Users\PC\.gradle\caches\9.3.1\fileHashes)" [_thread_blocked, id=11412, stack(0x0000005da4200000,0x0000005da4300000)]
  0x000001dbf8df1130 JavaThread "Cache worker for file hash cache (D:\AwsFrontend\sample\.gradle\9.3.1\fileHashes)" [_thread_blocked, id=9792, stack(0x0000005da4300000,0x0000005da4400000)]
  0x000001dbf8df2060 JavaThread "Cache worker for Build Output Cleanup Cache (D:\AwsFrontend\sample\.gradle\buildOutputCleanup)" [_thread_blocked, id=11328, stack(0x0000005da4400000,0x0000005da4500000)]
  0x000001dbf8df0710 JavaThread "File watcher server" daemon [_thread_in_native, id=7304, stack(0x0000005da4500000,0x0000005da4600000)]
  0x000001dbf9165520 JavaThread "File watcher consumer" daemon [_thread_blocked, id=7332, stack(0x0000005da4600000,0x0000005da4700000)]
  0x000001dbf9163bd0 JavaThread "Cache worker for checksums cache (D:\AwsFrontend\sample\.gradle\9.3.1\checksums)" [_thread_blocked, id=12968, stack(0x0000005da4700000,0x0000005da4800000)]
  0x000001dbf91640e0 JavaThread "Cache worker for file content cache (C:\Users\PC\.gradle\caches\9.3.1\fileContent)" [_thread_blocked, id=7320, stack(0x0000005da4800000,0x0000005da4900000)]
  0x000001dbf91645f0 JavaThread "Cache worker for cache directory md-supplier (C:\Users\PC\.gradle\caches\9.3.1\md-supplier)" [_thread_blocked, id=7380, stack(0x0000005da4900000,0x0000005da4a00000)]
  0x000001dbf91636c0 JavaThread "Cache worker for cache directory md-rule (C:\Users\PC\.gradle\caches\9.3.1\md-rule)" [_thread_blocked, id=7384, stack(0x0000005da4a00000,0x0000005da4b00000)]
  0x000001dbf9166e70 JavaThread "jar transforms" [_thread_blocked, id=7436, stack(0x0000005da4b00000,0x0000005da4c00000)]
  0x000001dbf9164b00 JavaThread "jar transforms Thread 2" [_thread_blocked, id=7492, stack(0x0000005da4c00000,0x0000005da4d00000)]
  0x000001dbf9165010 JavaThread "jar transforms Thread 3" [_thread_blocked, id=13580, stack(0x0000005da4f00000,0x0000005da5000000)]
  0x000001dbf9165a30 JavaThread "Unconstrained build operations" [_thread_blocked, id=2960, stack(0x0000005da5000000,0x0000005da5100000)]
  0x000001dbf9165f40 JavaThread "Unconstrained build operations Thread 2" [_thread_blocked, id=15040, stack(0x0000005da5100000,0x0000005da5200000)]
  0x000001dbf9166450 JavaThread "Unconstrained build operations Thread 3" [_thread_blocked, id=14352, stack(0x0000005da5200000,0x0000005da5300000)]
  0x000001dbf9166960 JavaThread "Unconstrained build operations Thread 4" [_thread_blocked, id=772, stack(0x0000005da5300000,0x0000005da5400000)]
  0x000001dbfb669aa0 JavaThread "Unconstrained build operations Thread 5" [_thread_blocked, id=13272, stack(0x0000005da5400000,0x0000005da5500000)]
  0x000001dbfb66a4c0 JavaThread "Unconstrained build operations Thread 6" [_thread_blocked, id=980, stack(0x0000005da5500000,0x0000005da5600000)]
  0x000001dbfb66a9d0 JavaThread "jar transforms Thread 4" [_thread_blocked, id=10332, stack(0x0000005da5600000,0x0000005da5700000)]
  0x000001dbfb66be10 JavaThread "Unconstrained build operations Thread 7" [_thread_blocked, id=10304, stack(0x0000005da5700000,0x0000005da5800000)]
  0x000001dbfb668150 JavaThread "Unconstrained build operations Thread 8" [_thread_blocked, id=688, stack(0x0000005da5800000,0x0000005da5900000)]
  0x000001dbfb66c320 JavaThread "Unconstrained build operations Thread 9" [_thread_blocked, id=3524, stack(0x0000005da5900000,0x0000005da5a00000)]
  0x000001dbfb666800 JavaThread "Unconstrained build operations Thread 10" [_thread_blocked, id=3704, stack(0x0000005da3400000,0x0000005da3500000)]
  0x000001dbfb667c40 JavaThread "Unconstrained build operations Thread 11" [_thread_blocked, id=4900, stack(0x0000005da5b00000,0x0000005da5c00000)]
  0x000001dbfb669fb0 JavaThread "Unconstrained build operations Thread 12" [_thread_blocked, id=2276, stack(0x0000005da5c00000,0x0000005da5d00000)]
  0x000001dbfb668b70 JavaThread "Unconstrained build operations Thread 13" [_thread_blocked, id=6140, stack(0x0000005da5d00000,0x0000005da5e00000)]
  0x000001dbfb668660 JavaThread "Unconstrained build operations Thread 14" [_thread_blocked, id=6132, stack(0x0000005da5e00000,0x0000005da5f00000)]
  0x000001dbfb6658d0 JavaThread "Unconstrained build operations Thread 15" [_thread_blocked, id=4388, stack(0x0000005da5f00000,0x0000005da6000000)]
  0x000001dbfb66c830 JavaThread "Unconstrained build operations Thread 16" [_thread_blocked, id=11908, stack(0x0000005da6100000,0x0000005da6200000)]
  0x000001dbfb669080 JavaThread "Unconstrained build operations Thread 17" [_thread_blocked, id=2596, stack(0x0000005da6200000,0x0000005da6300000)]
  0x000001dbfb6662f0 JavaThread "Unconstrained build operations Thread 18" [_thread_blocked, id=5704, stack(0x0000005da6300000,0x0000005da6400000)]
  0x000001dbfb66aee0 JavaThread "build event listener" [_thread_blocked, id=3256, stack(0x0000005da6000000,0x0000005da6100000)]
  0x000001dbfb66b3f0 JavaThread "Memory manager" [_thread_blocked, id=3284, stack(0x0000005da6500000,0x0000005da6600000)]
  0x000001dbfb667220 JavaThread "build event listener" [_thread_blocked, id=3312, stack(0x0000005da6600000,0x0000005da6700000)]
  0x000001dbfc7a1c30 JavaThread "included builds" [_thread_blocked, id=15024, stack(0x0000005da6700000,0x0000005da6800000)]
  0x000001dbfc7a6d30 JavaThread "Execution worker" [_thread_in_Java, id=11756, stack(0x0000005da6800000,0x0000005da6900000)]
  0x000001dbfc7a8b90 JavaThread "Execution worker Thread 2" [_thread_blocked, id=11584, stack(0x0000005da6900000,0x0000005da6a00000)]
  0x000001dbfc7a7750 JavaThread "Execution worker Thread 3" [_thread_blocked, id=10172, stack(0x0000005da6a00000,0x0000005da6b00000)]
  0x000001dbfc7a90a0 JavaThread "Cache worker for execution history cache (D:\AwsFrontend\sample\.gradle\9.3.1\executionHistory)" [_thread_blocked, id=3276, stack(0x0000005da6b00000,0x0000005da6c00000)]
  0x000001dbfc7a95b0 JavaThread "Unconstrained build operations Thread 19" [_thread_blocked, id=13504, stack(0x0000005da6c00000,0x0000005da6d00000)]
  0x000001dbfc7a3580 JavaThread "Unconstrained build operations Thread 20" [_thread_blocked, id=11820, stack(0x0000005da6d00000,0x0000005da6e00000)]
  0x000001dbfc7a2140 JavaThread "Unconstrained build operations Thread 21" [_thread_blocked, id=3604, stack(0x0000005da6e00000,0x0000005da6f00000)]
  0x000001dbfc7a8680 JavaThread "Unconstrained build operations Thread 22" [_thread_blocked, id=2484, stack(0x0000005da6f00000,0x0000005da7000000)]
  0x000001dbfc7a3a90 JavaThread "Unconstrained build operations Thread 23" [_thread_blocked, id=11208, stack(0x0000005da7000000,0x0000005da7100000)]
  0x000001dbfc7a2650 JavaThread "Unconstrained build operations Thread 24" [_thread_blocked, id=11144, stack(0x0000005da7100000,0x0000005da7200000)]
  0x000001dbfc7a7240 JavaThread "Unconstrained build operations Thread 25" [_thread_blocked, id=4012, stack(0x0000005da6400000,0x0000005da6500000)]
=>0x000001dbfc7a4ed0 JavaThread "Unconstrained build operations Thread 26" [_thread_in_Java, id=9172, stack(0x0000005da7300000,0x0000005da7400000)]
  0x000001dbfc7a53e0 JavaThread "Unconstrained build operations Thread 27" [_thread_in_Java, id=15152, stack(0x0000005da7400000,0x0000005da7500000)]
  0x000001dbfc7a3fa0 JavaThread "WorkerExecutor Queue Thread 2" [_thread_blocked, id=7812, stack(0x0000005da7600000,0x0000005da7700000)]
  0x000001dbfc7a6310 JavaThread "WorkerExecutor Queue Thread 3" [_thread_blocked, id=12000, stack(0x0000005da7700000,0x0000005da7800000)]
  0x000001dbfc7a7c60 JavaThread "WorkerExecutor Queue Thread 4" [_thread_blocked, id=6284, stack(0x0000005da7800000,0x0000005da7900000)]
  0x000001dbfc7c35d0 JavaThread "Unconstrained build operations Thread 28" [_thread_blocked, id=6876, stack(0x0000005da7900000,0x0000005da7a00000)]
  0x000001dbfc7c3ae0 JavaThread "Unconstrained build operations Thread 29" [_thread_blocked, id=10288, stack(0x0000005da7a00000,0x0000005da7b00000)]
  0x000001dbfc7c2bb0 JavaThread "Unconstrained build operations Thread 30" [_thread_in_Java, id=12728, stack(0x0000005da7b00000,0x0000005da7c00000)]
  0x000001dbfc7c7290 JavaThread "Unconstrained build operations Thread 31" [_thread_blocked, id=3288, stack(0x0000005da7e00000,0x0000005da7f00000)]
  0x000001dbfc7c86d0 JavaThread "Unconstrained build operations Thread 32" [_thread_blocked, id=13712, stack(0x0000005da7f00000,0x0000005da8000000)]
  0x000001dbfc7c81c0 JavaThread "Unconstrained build operations Thread 33" [_thread_blocked, id=9940, stack(0x0000005da8000000,0x0000005da8100000)]
  0x000001dbfc7c3ff0 JavaThread "Unconstrained build operations Thread 34" [_thread_blocked, id=3884, stack(0x0000005da8100000,0x0000005da8200000)]
  0x000001dbfc7c2190 JavaThread "Unconstrained build operations Thread 35" [_thread_blocked, id=6388, stack(0x0000005da8200000,0x0000005da8300000)]
  0x000001dbfc7c6870 JavaThread "Unconstrained build operations Thread 36" [_thread_blocked, id=4936, stack(0x0000005da8300000,0x0000005da8400000)]
  0x000001dbfc7c26a0 JavaThread "Unconstrained build operations Thread 37" [_thread_blocked, id=12100, stack(0x0000005da8400000,0x0000005da8500000)]
  0x000001dbfc7c4f20 JavaThread "Unconstrained build operations Thread 38" [_thread_blocked, id=13480, stack(0x0000005da8500000,0x0000005da8600000)]
  0x000001dbfc7c5430 JavaThread "Unconstrained build operations Thread 39" [_thread_blocked, id=13536, stack(0x0000005da8600000,0x0000005da8700000)]
  0x000001dbfc7c5940 JavaThread "Unconstrained build operations Thread 40" [_thread_blocked, id=13548, stack(0x0000005da8700000,0x0000005da8800000)]
  0x000001dbfaa7cda0 JavaThread "pool-3-thread-1" [_thread_blocked, id=14288, stack(0x0000005da8800000,0x0000005da8900000)]
  0x000001dbfaa80f70 JavaThread "stderr" [_thread_in_native, id=13472, stack(0x0000005da8900000,0x0000005da8a00000)]
  0x000001dbfaa7c380 JavaThread "stdout" [_thread_in_native, id=11056, stack(0x0000005da8a00000,0x0000005da8b00000)]
  0x000001dbfaa7fb30 JavaThread "stderr" [_thread_in_native, id=15140, stack(0x0000005da8b00000,0x0000005da8c00000)]
  0x000001dbfaa7d7c0 JavaThread "stdout" [_thread_in_native, id=3340, stack(0x0000005da8c00000,0x0000005da8d00000)]
  0x000001dbfb5e7500 JavaThread "C2 CompilerThread1" daemon [_thread_in_native, id=4152, stack(0x0000005da7d00000,0x0000005da7e00000)]
  0x000001dbc5b760f0 JavaThread "WorkerExecutor Queue Thread 6" [_thread_blocked, id=10696, stack(0x0000005da1c00000,0x0000005da1d00000)]
  0x000001dbc5fcd510 JavaThread "ForkJoinPool-1-worker-1" daemon [_thread_blocked, id=14364, stack(0x0000005da1d00000,0x0000005da1e00000)]
  0x000001dbc5b76b10 JavaThread "ForkJoinPool-1-worker-2" daemon [_thread_blocked, id=10420, stack(0x0000005da1e00000,0x0000005da1f00000)]
  0x000001dbc5fcd000 JavaThread "ForkJoinPool-1-worker-3" daemon [_thread_blocked, id=1488, stack(0x0000005da8d00000,0x0000005da8e00000)]
  0x000001dbfe0dbab0 JavaThread "ForkJoinPool-1-worker-4" daemon [_thread_blocked, id=9436, stack(0x0000005da8e00000,0x0000005da8f00000)]

Other Threads:
  0x000001dbf2c2dc60 VMThread "VM Thread" [stack: 0x0000005da2500000,0x0000005da2600000] [id=9664]
  0x000001dbd50103c0 WatcherThread [stack: 0x0000005da3100000,0x0000005da3200000] [id=14436]
  0x000001dbd506c670 GCTaskThread "GC Thread#0" [stack: 0x0000005da2000000,0x0000005da2100000] [id=6700]
  0x000001dbf728db10 GCTaskThread "GC Thread#1" [stack: 0x0000005da3200000,0x0000005da3300000] [id=6092]
  0x000001dbf71f94a0 GCTaskThread "GC Thread#2" [stack: 0x0000005da3300000,0x0000005da3400000] [id=11076]
  0x000001dbf74d47e0 GCTaskThread "GC Thread#3" [stack: 0x0000005da3500000,0x0000005da3600000] [id=2284]
  0x000001dbd507db20 ConcurrentGCThread "G1 Main Marker" [stack: 0x0000005da2100000,0x0000005da2200000] [id=6604]
  0x000001dbd507e2f0 ConcurrentGCThread "G1 Conc#0" [stack: 0x0000005da2200000,0x0000005da2300000] [id=7476]
  0x000001dbd50c3960 ConcurrentGCThread "G1 Refine#0" [stack: 0x0000005da2300000,0x0000005da2400000] [id=2396]
  0x000001dbf7fd5ed0 ConcurrentGCThread "G1 Refine#1" [stack: 0x0000005da4d00000,0x0000005da4e00000] [id=11984]
  0x000001dbf7fd61d0 ConcurrentGCThread "G1 Refine#2" [stack: 0x0000005da4e00000,0x0000005da4f00000] [id=7416]
  0x000001dbf2af24b0 ConcurrentGCThread "G1 Service" [stack: 0x0000005da2400000,0x0000005da2500000] [id=11064]

Threads with active compile tasks:
C2 CompilerThread0  98364 31100       4       com.android.tools.r8.graph.n2$d::a (134 bytes)
C2 CompilerThread1  98364 30922       4       org.jetbrains.kotlin.incremental.impl.SelectiveClassVisitor::visitMethod (66 bytes)

VM state: not at safepoint (normal execution)

VM Mutex/Monitor currently owned by a thread: None

Heap address: 0x0000000080000000, size: 2048 MB, Compressed Oops mode: 32-bit

CDS archive(s) mapped at: [0x000001db80000000-0x000001db80bb0000-0x000001db80bb0000), size 12255232, SharedBaseAddress: 0x000001db80000000, ArchiveRelocationMode: 1.
Compressed class space mapped at: 0x000001db81000000-0x000001dbc1000000, reserved size: 1073741824
Narrow klass base: 0x000001db80000000, Narrow klass shift: 0, Narrow klass range: 0x100000000

GC Precious Log:
 CPUs: 4 total, 4 available
 Memory: 8072M
 Large Page Support: Disabled
 NUMA Support: Disabled
 Compressed Oops: Enabled (32-bit)
 Heap Region Size: 1M
 Heap Min Capacity: 8M
 Heap Initial Capacity: 128M
 Heap Max Capacity: 2G
 Pre-touch: Disabled
 Parallel Workers: 4
 Concurrent Workers: 1
 Concurrent Refinement Workers: 4
 Periodic GC: Disabled

Heap:
 garbage-first heap   total 992256K, used 763536K [0x0000000080000000, 0x0000000100000000)
  region size 1024K, 144 young (147456K), 2 survivors (2048K)
 Metaspace       used 147211K, committed 148480K, reserved 1179648K
  class space    used 19412K, committed 20032K, reserved 1048576K

Heap Regions: E=young(eden), S=young(survivor), O=old, HS=humongous(starts), HC=humongous(continues), CS=collection set, F=free, OA=open archive, CA=closed archive, TAMS=top-at-mark-start (previous, next)
|   0|0x0000000080000000, 0x0000000080100000, 0x0000000080100000|100%|HS|  |TAMS 0x0000000080100000, 0x0000000080100000| Complete 
|   1|0x0000000080100000, 0x0000000080200000, 0x0000000080200000|100%|HC|  |TAMS 0x0000000080200000, 0x0000000080200000| Complete 
|   2|0x0000000080200000, 0x0000000080300000, 0x0000000080300000|100%|HC|  |TAMS 0x0000000080300000, 0x0000000080300000| Complete 
|   3|0x0000000080300000, 0x0000000080400000, 0x0000000080400000|100%|HC|  |TAMS 0x0000000080400000, 0x0000000080400000| Complete 
|   4|0x0000000080400000, 0x0000000080500000, 0x0000000080500000|100%| O|  |TAMS 0x0000000080500000, 0x0000000080500000| Untracked 
|   5|0x0000000080500000, 0x0000000080600000, 0x0000000080600000|100%| O|  |TAMS 0x0000000080600000, 0x0000000080600000| Untracked 
|   6|0x0000000080600000, 0x0000000080700000, 0x0000000080700000|100%| O|  |TAMS 0x0000000080700000, 0x0000000080700000| Untracked 
|   7|0x0000000080700000, 0x0000000080800000, 0x0000000080800000|100%| O|  |TAMS 0x0000000080800000, 0x0000000080800000| Untracked 
|   8|0x0000000080800000, 0x0000000080900000, 0x0000000080900000|100%|HS|  |TAMS 0x0000000080900000, 0x0000000080900000| Complete 
|   9|0x0000000080900000, 0x0000000080a00000, 0x0000000080a00000|100%| O|  |TAMS 0x0000000080a00000, 0x0000000080a00000| Untracked 
|  10|0x0000000080a00000, 0x0000000080b00000, 0x0000000080b00000|100%| O|  |TAMS 0x0000000080b00000, 0x0000000080b00000| Untracked 
|  11|0x0000000080b00000, 0x0000000080c00000, 0x0000000080c00000|100%| O|  |TAMS 0x0000000080c00000, 0x0000000080c00000| Untracked 
|  12|0x0000000080c00000, 0x0000000080d00000, 0x0000000080d00000|100%| O|  |TAMS 0x0000000080d00000, 0x0000000080d00000| Untracked 
|  13|0x0000000080d00000, 0x0000000080e00000, 0x0000000080e00000|100%| O|  |TAMS 0x0000000080e00000, 0x0000000080e00000| Untracked 
|  14|0x0000000080e00000, 0x0000000080f00000, 0x0000000080f00000|100%| O|  |TAMS 0x0000000080f00000, 0x0000000080f00000| Untracked 
|  15|0x0000000080f00000, 0x0000000081000000, 0x0000000081000000|100%| O|  |TAMS 0x0000000081000000, 0x0000000081000000| Untracked 
|  16|0x0000000081000000, 0x0000000081100000, 0x0000000081100000|100%| O|  |TAMS 0x0000000081100000, 0x0000000081100000| Untracked 
|  17|0x0000000081100000, 0x0000000081200000, 0x0000000081200000|100%| O|  |TAMS 0x0000000081200000, 0x0000000081200000| Untracked 
|  18|0x0000000081200000, 0x0000000081300000, 0x0000000081300000|100%| O|  |TAMS 0x0000000081300000, 0x0000000081300000| Untracked 
|  19|0x0000000081300000, 0x0000000081400000, 0x0000000081400000|100%| O|  |TAMS 0x0000000081400000, 0x0000000081400000| Untracked 
|  20|0x0000000081400000, 0x0000000081500000, 0x0000000081500000|100%| O|  |TAMS 0x0000000081500000, 0x0000000081500000| Untracked 
|  21|0x0000000081500000, 0x0000000081600000, 0x0000000081600000|100%| O|  |TAMS 0x0000000081600000, 0x0000000081600000| Untracked 
|  22|0x0000000081600000, 0x0000000081700000, 0x0000000081700000|100%| O|  |TAMS 0x0000000081700000, 0x0000000081700000| Untracked 
|  23|0x0000000081700000, 0x0000000081800000, 0x0000000081800000|100%| O|  |TAMS 0x0000000081800000, 0x0000000081800000| Untracked 
|  24|0x0000000081800000, 0x0000000081900000, 0x0000000081900000|100%| O|  |TAMS 0x0000000081900000, 0x0000000081900000| Untracked 
|  25|0x0000000081900000, 0x0000000081a00000, 0x0000000081a00000|100%| O|  |TAMS 0x0000000081a00000, 0x0000000081a00000| Untracked 
|  26|0x0000000081a00000, 0x0000000081b00000, 0x0000000081b00000|100%| O|  |TAMS 0x0000000081b00000, 0x0000000081b00000| Untracked 
|  27|0x0000000081b00000, 0x0000000081c00000, 0x0000000081c00000|100%| O|  |TAMS 0x0000000081c00000, 0x0000000081c00000| Untracked 
|  28|0x0000000081c00000, 0x0000000081d00000, 0x0000000081d00000|100%| O|  |TAMS 0x0000000081d00000, 0x0000000081d00000| Untracked 
|  29|0x0000000081d00000, 0x0000000081e00000, 0x0000000081e00000|100%|HS|  |TAMS 0x0000000081e00000, 0x0000000081e00000| Complete 
|  30|0x0000000081e00000, 0x0000000081f00000, 0x0000000081f00000|100%|HC|  |TAMS 0x0000000081f00000, 0x0000000081f00000| Complete 
|  31|0x0000000081f00000, 0x0000000082000000, 0x0000000082000000|100%| O|  |TAMS 0x0000000082000000, 0x0000000082000000| Untracked 
|  32|0x0000000082000000, 0x0000000082100000, 0x0000000082100000|100%| O|  |TAMS 0x0000000082100000, 0x0000000082100000| Untracked 
|  33|0x0000000082100000, 0x0000000082200000, 0x0000000082200000|100%| O|  |TAMS 0x0000000082200000, 0x0000000082200000| Untracked 
|  34|0x0000000082200000, 0x0000000082300000, 0x0000000082300000|100%| O|  |TAMS 0x0000000082300000, 0x0000000082300000| Untracked 
|  35|0x0000000082300000, 0x0000000082400000, 0x0000000082400000|100%| O|  |TAMS 0x0000000082400000, 0x0000000082400000| Untracked 
|  36|0x0000000082400000, 0x0000000082500000, 0x0000000082500000|100%| O|  |TAMS 0x0000000082500000, 0x0000000082500000| Untracked 
|  37|0x0000000082500000, 0x0000000082600000, 0x0000000082600000|100%| O|  |TAMS 0x0000000082600000, 0x0000000082600000| Untracked 
|  38|0x0000000082600000, 0x0000000082700000, 0x0000000082700000|100%| O|  |TAMS 0x0000000082700000, 0x0000000082700000| Untracked 
|  39|0x0000000082700000, 0x0000000082800000, 0x0000000082800000|100%| O|  |TAMS 0x0000000082800000, 0x0000000082800000| Untracked 
|  40|0x0000000082800000, 0x0000000082900000, 0x0000000082900000|100%| O|  |TAMS 0x0000000082900000, 0x0000000082900000| Untracked 
|  41|0x0000000082900000, 0x0000000082a00000, 0x0000000082a00000|100%| O|  |TAMS 0x0000000082a00000, 0x0000000082a00000| Untracked 
|  42|0x0000000082a00000, 0x0000000082b00000, 0x0000000082b00000|100%| O|  |TAMS 0x0000000082b00000, 0x0000000082b00000| Untracked 
|  43|0x0000000082b00000, 0x0000000082c00000, 0x0000000082c00000|100%| O|  |TAMS 0x0000000082b00000, 0x0000000082c00000| Untracked 
|  44|0x0000000082c00000, 0x0000000082d00000, 0x0000000082d00000|100%| O|  |TAMS 0x0000000082d00000, 0x0000000082d00000| Untracked 
|  45|0x0000000082d00000, 0x0000000082e00000, 0x0000000082e00000|100%| O|  |TAMS 0x0000000082e00000, 0x0000000082e00000| Untracked 
|  46|0x0000000082e00000, 0x0000000082f00000, 0x0000000082f00000|100%| O|  |TAMS 0x0000000082f00000, 0x0000000082f00000| Untracked 
|  47|0x0000000082f00000, 0x0000000083000000, 0x0000000083000000|100%| O|  |TAMS 0x0000000083000000, 0x0000000083000000| Untracked 
|  48|0x0000000083000000, 0x0000000083100000, 0x0000000083100000|100%| O|  |TAMS 0x0000000083100000, 0x0000000083100000| Untracked 
|  49|0x0000000083100000, 0x0000000083200000, 0x0000000083200000|100%| O|  |TAMS 0x0000000083200000, 0x0000000083200000| Untracked 
|  50|0x0000000083200000, 0x0000000083300000, 0x0000000083300000|100%|HS|  |TAMS 0x0000000083300000, 0x0000000083300000| Complete 
|  51|0x0000000083300000, 0x0000000083400000, 0x0000000083400000|100%|HS|  |TAMS 0x0000000083400000, 0x0000000083400000| Complete 
|  52|0x0000000083400000, 0x0000000083500000, 0x0000000083500000|100%|HS|  |TAMS 0x0000000083500000, 0x0000000083500000| Complete 
|  53|0x0000000083500000, 0x0000000083600000, 0x0000000083600000|100%|HC|  |TAMS 0x0000000083600000, 0x0000000083600000| Complete 
|  54|0x0000000083600000, 0x0000000083700000, 0x0000000083700000|100%|HS|  |TAMS 0x0000000083700000, 0x0000000083700000| Complete 
|  55|0x0000000083700000, 0x0000000083800000, 0x0000000083800000|100%|HC|  |TAMS 0x0000000083800000, 0x0000000083800000| Complete 
|  56|0x0000000083800000, 0x0000000083900000, 0x0000000083900000|100%|HS|  |TAMS 0x0000000083900000, 0x0000000083900000| Complete 
|  57|0x0000000083900000, 0x0000000083a00000, 0x0000000083a00000|100%|HS|  |TAMS 0x0000000083a00000, 0x0000000083a00000| Complete 
|  58|0x0000000083a00000, 0x0000000083b00000, 0x0000000083b00000|100%| O|  |TAMS 0x0000000083b00000, 0x0000000083b00000| Untracked 
|  59|0x0000000083b00000, 0x0000000083c00000, 0x0000000083c00000|100%|HS|  |TAMS 0x0000000083c00000, 0x0000000083c00000| Complete 
|  60|0x0000000083c00000, 0x0000000083d00000, 0x0000000083d00000|100%|HS|  |TAMS 0x0000000083d00000, 0x0000000083d00000| Complete 
|  61|0x0000000083d00000, 0x0000000083e00000, 0x0000000083e00000|100%| O|  |TAMS 0x0000000083e00000, 0x0000000083e00000| Untracked 
|  62|0x0000000083e00000, 0x0000000083f00000, 0x0000000083f00000|100%| O|  |TAMS 0x0000000083f00000, 0x0000000083f00000| Untracked 
|  63|0x0000000083f00000, 0x0000000084000000, 0x0000000084000000|100%| O|  |TAMS 0x0000000084000000, 0x0000000084000000| Untracked 
|  64|0x0000000084000000, 0x0000000084100000, 0x0000000084100000|100%| O|  |TAMS 0x0000000084100000, 0x0000000084100000| Untracked 
|  65|0x0000000084100000, 0x0000000084200000, 0x0000000084200000|100%| O|  |TAMS 0x0000000084200000, 0x0000000084200000| Untracked 
|  66|0x0000000084200000, 0x0000000084300000, 0x0000000084300000|100%| O|  |TAMS 0x0000000084300000, 0x0000000084300000| Untracked 
|  67|0x0000000084300000, 0x0000000084400000, 0x0000000084400000|100%| O|  |TAMS 0x0000000084400000, 0x0000000084400000| Untracked 
|  68|0x0000000084400000, 0x0000000084500000, 0x0000000084500000|100%| O|  |TAMS 0x0000000084500000, 0x0000000084500000| Untracked 
|  69|0x0000000084500000, 0x0000000084600000, 0x0000000084600000|100%|HS|  |TAMS 0x0000000084600000, 0x0000000084600000| Complete 
|  70|0x0000000084600000, 0x0000000084700000, 0x0000000084700000|100%| O|  |TAMS 0x0000000084700000, 0x0000000084700000| Untracked 
|  71|0x0000000084700000, 0x0000000084800000, 0x0000000084800000|100%| O|  |TAMS 0x0000000084800000, 0x0000000084800000| Untracked 
|  72|0x0000000084800000, 0x0000000084900000, 0x0000000084900000|100%| O|  |TAMS 0x0000000084900000, 0x0000000084900000| Untracked 
|  73|0x0000000084900000, 0x0000000084a00000, 0x0000000084a00000|100%| O|  |TAMS 0x0000000084a00000, 0x0000000084a00000| Untracked 
|  74|0x0000000084a00000, 0x0000000084b00000, 0x0000000084b00000|100%| O|  |TAMS 0x0000000084b00000, 0x0000000084b00000| Untracked 
|  75|0x0000000084b00000, 0x0000000084c00000, 0x0000000084c00000|100%| O|  |TAMS 0x0000000084c00000, 0x0000000084c00000| Untracked 
|  76|0x0000000084c00000, 0x0000000084d00000, 0x0000000084d00000|100%| O|  |TAMS 0x0000000084d00000, 0x0000000084d00000| Untracked 
|  77|0x0000000084d00000, 0x0000000084e00000, 0x0000000084e00000|100%| O|  |TAMS 0x0000000084e00000, 0x0000000084e00000| Untracked 
|  78|0x0000000084e00000, 0x0000000084f00000, 0x0000000084f00000|100%| O|  |TAMS 0x0000000084f00000, 0x0000000084f00000| Untracked 
|  79|0x0000000084f00000, 0x0000000085000000, 0x0000000085000000|100%| O|  |TAMS 0x0000000085000000, 0x0000000085000000| Untracked 
|  80|0x0000000085000000, 0x0000000085100000, 0x0000000085100000|100%| O|  |TAMS 0x0000000085100000, 0x0000000085100000| Untracked 
|  81|0x0000000085100000, 0x0000000085200000, 0x0000000085200000|100%| O|  |TAMS 0x0000000085200000, 0x0000000085200000| Untracked 
|  82|0x0000000085200000, 0x0000000085300000, 0x0000000085300000|100%| O|  |TAMS 0x0000000085300000, 0x0000000085300000| Untracked 
|  83|0x0000000085300000, 0x0000000085400000, 0x0000000085400000|100%| O|  |TAMS 0x0000000085400000, 0x0000000085400000| Untracked 
|  84|0x0000000085400000, 0x0000000085500000, 0x0000000085500000|100%| O|  |TAMS 0x0000000085500000, 0x0000000085500000| Untracked 
|  85|0x0000000085500000, 0x0000000085600000, 0x0000000085600000|100%| O|  |TAMS 0x0000000085600000, 0x0000000085600000| Untracked 
|  86|0x0000000085600000, 0x0000000085700000, 0x0000000085700000|100%| O|  |TAMS 0x0000000085700000, 0x0000000085700000| Untracked 
|  87|0x0000000085700000, 0x0000000085800000, 0x0000000085800000|100%| O|  |TAMS 0x0000000085800000, 0x0000000085800000| Untracked 
|  88|0x0000000085800000, 0x0000000085900000, 0x0000000085900000|100%| O|  |TAMS 0x0000000085900000, 0x0000000085900000| Untracked 
|  89|0x0000000085900000, 0x0000000085a00000, 0x0000000085a00000|100%| O|  |TAMS 0x0000000085a00000, 0x0000000085a00000| Untracked 
|  90|0x0000000085a00000, 0x0000000085b00000, 0x0000000085b00000|100%| O|  |TAMS 0x0000000085b00000, 0x0000000085b00000| Untracked 
|  91|0x0000000085b00000, 0x0000000085c00000, 0x0000000085c00000|100%| O|  |TAMS 0x0000000085c00000, 0x0000000085c00000| Untracked 
|  92|0x0000000085c00000, 0x0000000085d00000, 0x0000000085d00000|100%| O|  |TAMS 0x0000000085d00000, 0x0000000085d00000| Untracked 
|  93|0x0000000085d00000, 0x0000000085e00000, 0x0000000085e00000|100%| O|  |TAMS 0x0000000085e00000, 0x0000000085e00000| Untracked 
|  94|0x0000000085e00000, 0x0000000085f00000, 0x0000000085f00000|100%| O|  |TAMS 0x0000000085f00000, 0x0000000085f00000| Untracked 
|  95|0x0000000085f00000, 0x0000000086000000, 0x0000000086000000|100%| O|  |TAMS 0x0000000086000000, 0x0000000086000000| Untracked 
|  96|0x0000000086000000, 0x0000000086100000, 0x0000000086100000|100%| O|  |TAMS 0x0000000086100000, 0x0000000086100000| Untracked 
|  97|0x0000000086100000, 0x0000000086200000, 0x0000000086200000|100%| O|  |TAMS 0x0000000086200000, 0x0000000086200000| Untracked 
|  98|0x0000000086200000, 0x0000000086300000, 0x0000000086300000|100%| O|  |TAMS 0x0000000086300000, 0x0000000086300000| Untracked 
|  99|0x0000000086300000, 0x0000000086400000, 0x0000000086400000|100%| O|  |TAMS 0x0000000086400000, 0x0000000086400000| Untracked 
| 100|0x0000000086400000, 0x0000000086500000, 0x0000000086500000|100%| O|  |TAMS 0x0000000086400000, 0x0000000086500000| Untracked 
| 101|0x0000000086500000, 0x0000000086600000, 0x0000000086600000|100%| O|  |TAMS 0x0000000086600000, 0x0000000086600000| Untracked 
| 102|0x0000000086600000, 0x0000000086700000, 0x0000000086700000|100%| O|  |TAMS 0x0000000086700000, 0x0000000086700000| Untracked 
| 103|0x0000000086700000, 0x0000000086800000, 0x0000000086800000|100%| O|  |TAMS 0x0000000086800000, 0x0000000086800000| Untracked 
| 104|0x0000000086800000, 0x0000000086900000, 0x0000000086900000|100%| O|  |TAMS 0x0000000086900000, 0x0000000086900000| Untracked 
| 105|0x0000000086900000, 0x0000000086a00000, 0x0000000086a00000|100%| O|  |TAMS 0x0000000086a00000, 0x0000000086a00000| Untracked 
| 106|0x0000000086a00000, 0x0000000086b00000, 0x0000000086b00000|100%| O|  |TAMS 0x0000000086b00000, 0x0000000086b00000| Untracked 
| 107|0x0000000086b00000, 0x0000000086c00000, 0x0000000086c00000|100%| O|  |TAMS 0x0000000086c00000, 0x0000000086c00000| Untracked 
| 108|0x0000000086c00000, 0x0000000086d00000, 0x0000000086d00000|100%| O|  |TAMS 0x0000000086d00000, 0x0000000086d00000| Untracked 
| 109|0x0000000086d00000, 0x0000000086e00000, 0x0000000086e00000|100%| O|  |TAMS 0x0000000086e00000, 0x0000000086e00000| Untracked 
| 110|0x0000000086e00000, 0x0000000086f00000, 0x0000000086f00000|100%| O|  |TAMS 0x0000000086f00000, 0x0000000086f00000| Untracked 
| 111|0x0000000086f00000, 0x0000000087000000, 0x0000000087000000|100%| O|  |TAMS 0x0000000087000000, 0x0000000087000000| Untracked 
| 112|0x0000000087000000, 0x0000000087100000, 0x0000000087100000|100%| O|  |TAMS 0x0000000087100000, 0x0000000087100000| Untracked 
| 113|0x0000000087100000, 0x0000000087200000, 0x0000000087200000|100%| O|  |TAMS 0x0000000087200000, 0x0000000087200000| Untracked 
| 114|0x0000000087200000, 0x0000000087300000, 0x0000000087300000|100%| O|  |TAMS 0x0000000087300000, 0x0000000087300000| Untracked 
| 115|0x0000000087300000, 0x0000000087400000, 0x0000000087400000|100%| O|  |TAMS 0x0000000087300000, 0x0000000087400000| Untracked 
| 116|0x0000000087400000, 0x0000000087500000, 0x0000000087500000|100%| O|  |TAMS 0x0000000087400000, 0x0000000087500000| Untracked 
| 117|0x0000000087500000, 0x0000000087600000, 0x0000000087600000|100%| O|  |TAMS 0x0000000087500000, 0x0000000087600000| Untracked 
| 118|0x0000000087600000, 0x0000000087700000, 0x0000000087700000|100%| O|  |TAMS 0x0000000087600000, 0x0000000087700000| Untracked 
| 119|0x0000000087700000, 0x0000000087800000, 0x0000000087800000|100%| O|  |TAMS 0x0000000087700000, 0x0000000087800000| Untracked 
| 120|0x0000000087800000, 0x0000000087900000, 0x0000000087900000|100%| O|  |TAMS 0x0000000087800000, 0x0000000087900000| Untracked 
| 121|0x0000000087900000, 0x0000000087a00000, 0x0000000087a00000|100%| O|  |TAMS 0x0000000087900000, 0x0000000087a00000| Untracked 
| 122|0x0000000087a00000, 0x0000000087b00000, 0x0000000087b00000|100%|HS|  |TAMS 0x0000000087b00000, 0x0000000087b00000| Complete 
| 123|0x0000000087b00000, 0x0000000087c00000, 0x0000000087c00000|100%|HC|  |TAMS 0x0000000087c00000, 0x0000000087c00000| Complete 
| 124|0x0000000087c00000, 0x0000000087d00000, 0x0000000087d00000|100%| O|  |TAMS 0x0000000087d00000, 0x0000000087d00000| Untracked 
| 125|0x0000000087d00000, 0x0000000087e00000, 0x0000000087e00000|100%| O|  |TAMS 0x0000000087e00000, 0x0000000087e00000| Untracked 
| 126|0x0000000087e00000, 0x0000000087f00000, 0x0000000087f00000|100%| O|  |TAMS 0x0000000087f00000, 0x0000000087f00000| Untracked 
| 127|0x0000000087f00000, 0x0000000088000000, 0x0000000088000000|100%| O|  |TAMS 0x0000000088000000, 0x0000000088000000| Untracked 
| 128|0x0000000088000000, 0x0000000088100000, 0x0000000088100000|100%| O|  |TAMS 0x0000000088100000, 0x0000000088100000| Untracked 
| 129|0x0000000088100000, 0x0000000088200000, 0x0000000088200000|100%| O|  |TAMS 0x0000000088200000, 0x0000000088200000| Untracked 
| 130|0x0000000088200000, 0x0000000088300000, 0x0000000088300000|100%| O|  |TAMS 0x0000000088200000, 0x0000000088300000| Untracked 
| 131|0x0000000088300000, 0x0000000088400000, 0x0000000088400000|100%| O|  |TAMS 0x0000000088300000, 0x0000000088400000| Untracked 
| 132|0x0000000088400000, 0x0000000088500000, 0x0000000088500000|100%| O|  |TAMS 0x0000000088400000, 0x0000000088500000| Untracked 
| 133|0x0000000088500000, 0x0000000088600000, 0x0000000088600000|100%| O|  |TAMS 0x0000000088600000, 0x0000000088600000| Untracked 
| 134|0x0000000088600000, 0x0000000088700000, 0x0000000088700000|100%| O|  |TAMS 0x0000000088700000, 0x0000000088700000| Untracked 
| 135|0x0000000088700000, 0x0000000088800000, 0x0000000088800000|100%| O|  |TAMS 0x0000000088793200, 0x0000000088800000| Untracked 
| 136|0x0000000088800000, 0x0000000088900000, 0x0000000088900000|100%|HS|  |TAMS 0x0000000088800000, 0x0000000088900000| Complete 
| 137|0x0000000088900000, 0x0000000088a00000, 0x0000000088a00000|100%|HC|  |TAMS 0x0000000088900000, 0x0000000088a00000| Complete 
| 138|0x0000000088a00000, 0x0000000088b00000, 0x0000000088b00000|100%| O|  |TAMS 0x0000000088a00000, 0x0000000088b00000| Untracked 
| 139|0x0000000088b00000, 0x0000000088c00000, 0x0000000088c00000|100%| O|  |TAMS 0x0000000088b00000, 0x0000000088c00000| Untracked 
| 140|0x0000000088c00000, 0x0000000088d00000, 0x0000000088d00000|100%| O|  |TAMS 0x0000000088c00000, 0x0000000088d00000| Untracked 
| 141|0x0000000088d00000, 0x0000000088e00000, 0x0000000088e00000|100%| O|  |TAMS 0x0000000088d00000, 0x0000000088e00000| Untracked 
| 142|0x0000000088e00000, 0x0000000088f00000, 0x0000000088f00000|100%| O|  |TAMS 0x0000000088e00000, 0x0000000088f00000| Untracked 
| 143|0x0000000088f00000, 0x0000000089000000, 0x0000000089000000|100%| O|  |TAMS 0x0000000088f00000, 0x0000000089000000| Untracked 
| 144|0x0000000089000000, 0x0000000089100000, 0x0000000089100000|100%| O|  |TAMS 0x0000000089000000, 0x0000000089100000| Untracked 
| 145|0x0000000089100000, 0x0000000089200000, 0x0000000089200000|100%| O|  |TAMS 0x0000000089100000, 0x0000000089200000| Untracked 
| 146|0x0000000089200000, 0x0000000089300000, 0x0000000089300000|100%| O|  |TAMS 0x0000000089200000, 0x0000000089300000| Untracked 
| 147|0x0000000089300000, 0x0000000089400000, 0x0000000089400000|100%| O|  |TAMS 0x0000000089300000, 0x0000000089400000| Untracked 
| 148|0x0000000089400000, 0x0000000089500000, 0x0000000089500000|100%| O|  |TAMS 0x0000000089400000, 0x0000000089500000| Untracked 
| 149|0x0000000089500000, 0x0000000089600000, 0x0000000089600000|100%| O|  |TAMS 0x0000000089500000, 0x0000000089600000| Untracked 
| 150|0x0000000089600000, 0x0000000089700000, 0x0000000089700000|100%| O|  |TAMS 0x0000000089600000, 0x0000000089700000| Untracked 
| 151|0x0000000089700000, 0x0000000089800000, 0x0000000089800000|100%| O|  |TAMS 0x0000000089700000, 0x0000000089800000| Untracked 
| 152|0x0000000089800000, 0x0000000089900000, 0x0000000089900000|100%| O|  |TAMS 0x0000000089800000, 0x0000000089900000| Untracked 
| 153|0x0000000089900000, 0x0000000089a00000, 0x0000000089a00000|100%| O|  |TAMS 0x0000000089900000, 0x0000000089a00000| Untracked 
| 154|0x0000000089a00000, 0x0000000089b00000, 0x0000000089b00000|100%| O|  |TAMS 0x0000000089a00000, 0x0000000089b00000| Untracked 
| 155|0x0000000089b00000, 0x0000000089c00000, 0x0000000089c00000|100%| O|  |TAMS 0x0000000089b00000, 0x0000000089c00000| Untracked 
| 156|0x0000000089c00000, 0x0000000089d00000, 0x0000000089d00000|100%| O|  |TAMS 0x0000000089c00000, 0x0000000089d00000| Untracked 
| 157|0x0000000089d00000, 0x0000000089e00000, 0x0000000089e00000|100%| O|  |TAMS 0x0000000089d00000, 0x0000000089e00000| Untracked 
| 158|0x0000000089e00000, 0x0000000089f00000, 0x0000000089f00000|100%| O|  |TAMS 0x0000000089e00000, 0x0000000089f00000| Untracked 
| 159|0x0000000089f00000, 0x000000008a000000, 0x000000008a000000|100%| O|  |TAMS 0x0000000089f00000, 0x000000008a000000| Untracked 
| 160|0x000000008a000000, 0x000000008a100000, 0x000000008a100000|100%| O|  |TAMS 0x000000008a000000, 0x000000008a100000| Untracked 
| 161|0x000000008a100000, 0x000000008a200000, 0x000000008a200000|100%| O|  |TAMS 0x000000008a100000, 0x000000008a200000| Untracked 
| 162|0x000000008a200000, 0x000000008a300000, 0x000000008a300000|100%| O|  |TAMS 0x000000008a200000, 0x000000008a300000| Untracked 
| 163|0x000000008a300000, 0x000000008a400000, 0x000000008a400000|100%| O|  |TAMS 0x000000008a300000, 0x000000008a400000| Untracked 
| 164|0x000000008a400000, 0x000000008a500000, 0x000000008a500000|100%| O|  |TAMS 0x000000008a400000, 0x000000008a500000| Untracked 
| 165|0x000000008a500000, 0x000000008a600000, 0x000000008a600000|100%| O|  |TAMS 0x000000008a500000, 0x000000008a600000| Untracked 
| 166|0x000000008a600000, 0x000000008a700000, 0x000000008a700000|100%| O|  |TAMS 0x000000008a600000, 0x000000008a700000| Untracked 
| 167|0x000000008a700000, 0x000000008a800000, 0x000000008a800000|100%| O|  |TAMS 0x000000008a700000, 0x000000008a800000| Untracked 
| 168|0x000000008a800000, 0x000000008a900000, 0x000000008a900000|100%| O|  |TAMS 0x000000008a800000, 0x000000008a900000| Untracked 
| 169|0x000000008a900000, 0x000000008aa00000, 0x000000008aa00000|100%| O|  |TAMS 0x000000008a900000, 0x000000008aa00000| Untracked 
| 170|0x000000008aa00000, 0x000000008ab00000, 0x000000008ab00000|100%| O|  |TAMS 0x000000008aa00000, 0x000000008ab00000| Untracked 
| 171|0x000000008ab00000, 0x000000008ac00000, 0x000000008ac00000|100%| O|  |TAMS 0x000000008ab00000, 0x000000008ac00000| Untracked 
| 172|0x000000008ac00000, 0x000000008ad00000, 0x000000008ad00000|100%| O|  |TAMS 0x000000008ac00000, 0x000000008ad00000| Untracked 
| 173|0x000000008ad00000, 0x000000008ae00000, 0x000000008ae00000|100%| O|  |TAMS 0x000000008ad00000, 0x000000008ae00000| Untracked 
| 174|0x000000008ae00000, 0x000000008af00000, 0x000000008af00000|100%| O|  |TAMS 0x000000008ae00000, 0x000000008af00000| Untracked 
| 175|0x000000008af00000, 0x000000008b000000, 0x000000008b000000|100%| O|  |TAMS 0x000000008af00000, 0x000000008b000000| Untracked 
| 176|0x000000008b000000, 0x000000008b100000, 0x000000008b100000|100%| O|  |TAMS 0x000000008b000000, 0x000000008b100000| Untracked 
| 177|0x000000008b100000, 0x000000008b200000, 0x000000008b200000|100%| O|  |TAMS 0x000000008b100000, 0x000000008b200000| Untracked 
| 178|0x000000008b200000, 0x000000008b300000, 0x000000008b300000|100%| O|  |TAMS 0x000000008b200000, 0x000000008b300000| Untracked 
| 179|0x000000008b300000, 0x000000008b400000, 0x000000008b400000|100%| O|  |TAMS 0x000000008b300000, 0x000000008b400000| Untracked 
| 180|0x000000008b400000, 0x000000008b500000, 0x000000008b500000|100%| O|  |TAMS 0x000000008b400000, 0x000000008b500000| Untracked 
| 181|0x000000008b500000, 0x000000008b600000, 0x000000008b600000|100%| O|  |TAMS 0x000000008b500000, 0x000000008b600000| Untracked 
| 182|0x000000008b600000, 0x000000008b700000, 0x000000008b700000|100%| O|  |TAMS 0x000000008b600000, 0x000000008b700000| Untracked 
| 183|0x000000008b700000, 0x000000008b800000, 0x000000008b800000|100%| O|  |TAMS 0x000000008b700000, 0x000000008b800000| Untracked 
| 184|0x000000008b800000, 0x000000008b900000, 0x000000008b900000|100%| O|  |TAMS 0x000000008b800000, 0x000000008b900000| Untracked 
| 185|0x000000008b900000, 0x000000008ba00000, 0x000000008ba00000|100%| O|  |TAMS 0x000000008b900000, 0x000000008ba00000| Untracked 
| 186|0x000000008ba00000, 0x000000008bb00000, 0x000000008bb00000|100%| O|  |TAMS 0x000000008ba00000, 0x000000008bb00000| Untracked 
| 187|0x000000008bb00000, 0x000000008bc00000, 0x000000008bc00000|100%| O|  |TAMS 0x000000008bb00000, 0x000000008bc00000| Untracked 
| 188|0x000000008bc00000, 0x000000008bd00000, 0x000000008bd00000|100%| O|  |TAMS 0x000000008bc00000, 0x000000008bd00000| Untracked 
| 189|0x000000008bd00000, 0x000000008be00000, 0x000000008be00000|100%| O|  |TAMS 0x000000008bd00000, 0x000000008be00000| Untracked 
| 190|0x000000008be00000, 0x000000008bf00000, 0x000000008bf00000|100%| O|  |TAMS 0x000000008be00000, 0x000000008bf00000| Untracked 
| 191|0x000000008bf00000, 0x000000008c000000, 0x000000008c000000|100%| O|  |TAMS 0x000000008bf00000, 0x000000008c000000| Untracked 
| 192|0x000000008c000000, 0x000000008c100000, 0x000000008c100000|100%| O|  |TAMS 0x000000008c000000, 0x000000008c100000| Untracked 
| 193|0x000000008c100000, 0x000000008c200000, 0x000000008c200000|100%| O|  |TAMS 0x000000008c100000, 0x000000008c200000| Untracked 
| 194|0x000000008c200000, 0x000000008c300000, 0x000000008c300000|100%| O|  |TAMS 0x000000008c200000, 0x000000008c300000| Untracked 
| 195|0x000000008c300000, 0x000000008c400000, 0x000000008c400000|100%| O|  |TAMS 0x000000008c300000, 0x000000008c400000| Untracked 
| 196|0x000000008c400000, 0x000000008c500000, 0x000000008c500000|100%| O|  |TAMS 0x000000008c400000, 0x000000008c500000| Untracked 
| 197|0x000000008c500000, 0x000000008c600000, 0x000000008c600000|100%| O|  |TAMS 0x000000008c500000, 0x000000008c600000| Untracked 
| 198|0x000000008c600000, 0x000000008c700000, 0x000000008c700000|100%| O|  |TAMS 0x000000008c600000, 0x000000008c700000| Untracked 
| 199|0x000000008c700000, 0x000000008c800000, 0x000000008c800000|100%| O|  |TAMS 0x000000008c700000, 0x000000008c800000| Untracked 
| 200|0x000000008c800000, 0x000000008c900000, 0x000000008c900000|100%| O|  |TAMS 0x000000008c800000, 0x000000008c900000| Untracked 
| 201|0x000000008c900000, 0x000000008ca00000, 0x000000008ca00000|100%| O|  |TAMS 0x000000008c900000, 0x000000008ca00000| Untracked 
| 202|0x000000008ca00000, 0x000000008cb00000, 0x000000008cb00000|100%| O|  |TAMS 0x000000008ca00000, 0x000000008cb00000| Untracked 
| 203|0x000000008cb00000, 0x000000008cc00000, 0x000000008cc00000|100%| O|  |TAMS 0x000000008cb00000, 0x000000008cc00000| Untracked 
| 204|0x000000008cc00000, 0x000000008cd00000, 0x000000008cd00000|100%| O|  |TAMS 0x000000008cc00000, 0x000000008cd00000| Untracked 
| 205|0x000000008cd00000, 0x000000008ce00000, 0x000000008ce00000|100%| O|  |TAMS 0x000000008cd00000, 0x000000008ce00000| Untracked 
| 206|0x000000008ce00000, 0x000000008cf00000, 0x000000008cf00000|100%| O|  |TAMS 0x000000008ce00000, 0x000000008cf00000| Untracked 
| 207|0x000000008cf00000, 0x000000008d000000, 0x000000008d000000|100%| O|  |TAMS 0x000000008cf00000, 0x000000008d000000| Untracked 
| 208|0x000000008d000000, 0x000000008d100000, 0x000000008d100000|100%| O|  |TAMS 0x000000008d000000, 0x000000008d100000| Untracked 
| 209|0x000000008d100000, 0x000000008d200000, 0x000000008d200000|100%| O|  |TAMS 0x000000008d100000, 0x000000008d200000| Untracked 
| 210|0x000000008d200000, 0x000000008d300000, 0x000000008d300000|100%| O|  |TAMS 0x000000008d200000, 0x000000008d300000| Untracked 
| 211|0x000000008d300000, 0x000000008d400000, 0x000000008d400000|100%| O|  |TAMS 0x000000008d300000, 0x000000008d400000| Untracked 
| 212|0x000000008d400000, 0x000000008d500000, 0x000000008d500000|100%| O|  |TAMS 0x000000008d400000, 0x000000008d500000| Untracked 
| 213|0x000000008d500000, 0x000000008d600000, 0x000000008d600000|100%| O|  |TAMS 0x000000008d500000, 0x000000008d600000| Untracked 
| 214|0x000000008d600000, 0x000000008d700000, 0x000000008d700000|100%| O|  |TAMS 0x000000008d600000, 0x000000008d700000| Untracked 
| 215|0x000000008d700000, 0x000000008d800000, 0x000000008d800000|100%| O|  |TAMS 0x000000008d700000, 0x000000008d800000| Untracked 
| 216|0x000000008d800000, 0x000000008d900000, 0x000000008d900000|100%| O|  |TAMS 0x000000008d800000, 0x000000008d900000| Untracked 
| 217|0x000000008d900000, 0x000000008da00000, 0x000000008da00000|100%| O|  |TAMS 0x000000008d900000, 0x000000008da00000| Untracked 
| 218|0x000000008da00000, 0x000000008db00000, 0x000000008db00000|100%| O|  |TAMS 0x000000008da00000, 0x000000008db00000| Untracked 
| 219|0x000000008db00000, 0x000000008dc00000, 0x000000008dc00000|100%| O|  |TAMS 0x000000008db00000, 0x000000008dc00000| Untracked 
| 220|0x000000008dc00000, 0x000000008dd00000, 0x000000008dd00000|100%| O|  |TAMS 0x000000008dc00000, 0x000000008dd00000| Untracked 
| 221|0x000000008dd00000, 0x000000008de00000, 0x000000008de00000|100%| O|  |TAMS 0x000000008dd00000, 0x000000008de00000| Untracked 
| 222|0x000000008de00000, 0x000000008df00000, 0x000000008df00000|100%| O|  |TAMS 0x000000008de00000, 0x000000008df00000| Untracked 
| 223|0x000000008df00000, 0x000000008e000000, 0x000000008e000000|100%| O|  |TAMS 0x000000008df00000, 0x000000008e000000| Untracked 
| 224|0x000000008e000000, 0x000000008e100000, 0x000000008e100000|100%| O|  |TAMS 0x000000008e000000, 0x000000008e100000| Untracked 
| 225|0x000000008e100000, 0x000000008e200000, 0x000000008e200000|100%| O|  |TAMS 0x000000008e100000, 0x000000008e200000| Untracked 
| 226|0x000000008e200000, 0x000000008e300000, 0x000000008e300000|100%| O|  |TAMS 0x000000008e200000, 0x000000008e300000| Untracked 
| 227|0x000000008e300000, 0x000000008e400000, 0x000000008e400000|100%| O|  |TAMS 0x000000008e300000, 0x000000008e400000| Untracked 
| 228|0x000000008e400000, 0x000000008e500000, 0x000000008e500000|100%| O|  |TAMS 0x000000008e400000, 0x000000008e500000| Untracked 
| 229|0x000000008e500000, 0x000000008e600000, 0x000000008e600000|100%| O|  |TAMS 0x000000008e500000, 0x000000008e600000| Untracked 
| 230|0x000000008e600000, 0x000000008e700000, 0x000000008e700000|100%| O|  |TAMS 0x000000008e600000, 0x000000008e700000| Untracked 
| 231|0x000000008e700000, 0x000000008e800000, 0x000000008e800000|100%| O|  |TAMS 0x000000008e700000, 0x000000008e800000| Untracked 
| 232|0x000000008e800000, 0x000000008e900000, 0x000000008e900000|100%| O|  |TAMS 0x000000008e800000, 0x000000008e900000| Untracked 
| 233|0x000000008e900000, 0x000000008ea00000, 0x000000008ea00000|100%| O|  |TAMS 0x000000008e900000, 0x000000008ea00000| Untracked 
| 234|0x000000008ea00000, 0x000000008eb00000, 0x000000008eb00000|100%| O|  |TAMS 0x000000008ea00000, 0x000000008eb00000| Untracked 
| 235|0x000000008eb00000, 0x000000008ec00000, 0x000000008ec00000|100%| O|  |TAMS 0x000000008eb00000, 0x000000008ec00000| Untracked 
| 236|0x000000008ec00000, 0x000000008ed00000, 0x000000008ed00000|100%| O|  |TAMS 0x000000008ec00000, 0x000000008ed00000| Untracked 
| 237|0x000000008ed00000, 0x000000008ee00000, 0x000000008ee00000|100%| O|  |TAMS 0x000000008ed00000, 0x000000008ee00000| Untracked 
| 238|0x000000008ee00000, 0x000000008ef00000, 0x000000008ef00000|100%| O|  |TAMS 0x000000008ee00000, 0x000000008ef00000| Untracked 
| 239|0x000000008ef00000, 0x000000008f000000, 0x000000008f000000|100%| O|  |TAMS 0x000000008ef00000, 0x000000008f000000| Untracked 
| 240|0x000000008f000000, 0x000000008f100000, 0x000000008f100000|100%| O|  |TAMS 0x000000008f000000, 0x000000008f100000| Untracked 
| 241|0x000000008f100000, 0x000000008f200000, 0x000000008f200000|100%| O|  |TAMS 0x000000008f100000, 0x000000008f200000| Untracked 
| 242|0x000000008f200000, 0x000000008f300000, 0x000000008f300000|100%| O|  |TAMS 0x000000008f200000, 0x000000008f300000| Untracked 
| 243|0x000000008f300000, 0x000000008f400000, 0x000000008f400000|100%| O|  |TAMS 0x000000008f300000, 0x000000008f400000| Untracked 
| 244|0x000000008f400000, 0x000000008f500000, 0x000000008f500000|100%| O|  |TAMS 0x000000008f400000, 0x000000008f500000| Untracked 
| 245|0x000000008f500000, 0x000000008f600000, 0x000000008f600000|100%| O|  |TAMS 0x000000008f500000, 0x000000008f600000| Untracked 
| 246|0x000000008f600000, 0x000000008f700000, 0x000000008f700000|100%| O|  |TAMS 0x000000008f600000, 0x000000008f700000| Untracked 
| 247|0x000000008f700000, 0x000000008f800000, 0x000000008f800000|100%| O|  |TAMS 0x000000008f700000, 0x000000008f800000| Untracked 
| 248|0x000000008f800000, 0x000000008f900000, 0x000000008f900000|100%| O|  |TAMS 0x000000008f800000, 0x000000008f900000| Untracked 
| 249|0x000000008f900000, 0x000000008fa00000, 0x000000008fa00000|100%| O|  |TAMS 0x000000008f900000, 0x000000008fa00000| Untracked 
| 250|0x000000008fa00000, 0x000000008fb00000, 0x000000008fb00000|100%| O|  |TAMS 0x000000008fa00000, 0x000000008fb00000| Untracked 
| 251|0x000000008fb00000, 0x000000008fc00000, 0x000000008fc00000|100%| O|  |TAMS 0x000000008fb00000, 0x000000008fc00000| Untracked 
| 252|0x000000008fc00000, 0x000000008fd00000, 0x000000008fd00000|100%| O|  |TAMS 0x000000008fc00000, 0x000000008fd00000| Untracked 
| 253|0x000000008fd00000, 0x000000008fe00000, 0x000000008fe00000|100%| O|  |TAMS 0x000000008fd00000, 0x000000008fe00000| Untracked 
| 254|0x000000008fe00000, 0x000000008ff00000, 0x000000008ff00000|100%| O|  |TAMS 0x000000008fe00000, 0x000000008ff00000| Untracked 
| 255|0x000000008ff00000, 0x0000000090000000, 0x0000000090000000|100%| O|  |TAMS 0x000000008ff00000, 0x0000000090000000| Untracked 
| 256|0x0000000090000000, 0x0000000090100000, 0x0000000090100000|100%| O|  |TAMS 0x0000000090000000, 0x0000000090100000| Untracked 
| 257|0x0000000090100000, 0x0000000090200000, 0x0000000090200000|100%| O|  |TAMS 0x0000000090100000, 0x0000000090200000| Untracked 
| 258|0x0000000090200000, 0x0000000090300000, 0x0000000090300000|100%| O|  |TAMS 0x0000000090200000, 0x0000000090300000| Untracked 
| 259|0x0000000090300000, 0x0000000090400000, 0x0000000090400000|100%| O|  |TAMS 0x0000000090300000, 0x0000000090400000| Untracked 
| 260|0x0000000090400000, 0x0000000090500000, 0x0000000090500000|100%| O|  |TAMS 0x0000000090400000, 0x0000000090500000| Untracked 
| 261|0x0000000090500000, 0x0000000090600000, 0x0000000090600000|100%| O|  |TAMS 0x0000000090500000, 0x0000000090600000| Untracked 
| 262|0x0000000090600000, 0x0000000090700000, 0x0000000090700000|100%| O|  |TAMS 0x0000000090600000, 0x0000000090700000| Untracked 
| 263|0x0000000090700000, 0x0000000090800000, 0x0000000090800000|100%| O|  |TAMS 0x0000000090700000, 0x0000000090800000| Untracked 
| 264|0x0000000090800000, 0x0000000090900000, 0x0000000090900000|100%| O|  |TAMS 0x0000000090800000, 0x0000000090900000| Untracked 
| 265|0x0000000090900000, 0x0000000090a00000, 0x0000000090a00000|100%| O|  |TAMS 0x0000000090900000, 0x0000000090a00000| Untracked 
| 266|0x0000000090a00000, 0x0000000090b00000, 0x0000000090b00000|100%| O|  |TAMS 0x0000000090a00000, 0x0000000090b00000| Untracked 
| 267|0x0000000090b00000, 0x0000000090c00000, 0x0000000090c00000|100%| O|  |TAMS 0x0000000090b00000, 0x0000000090c00000| Untracked 
| 268|0x0000000090c00000, 0x0000000090d00000, 0x0000000090d00000|100%| O|  |TAMS 0x0000000090c00000, 0x0000000090d00000| Untracked 
| 269|0x0000000090d00000, 0x0000000090e00000, 0x0000000090e00000|100%| O|  |TAMS 0x0000000090d00000, 0x0000000090e00000| Untracked 
| 270|0x0000000090e00000, 0x0000000090f00000, 0x0000000090f00000|100%| O|  |TAMS 0x0000000090e00000, 0x0000000090f00000| Untracked 
| 271|0x0000000090f00000, 0x0000000091000000, 0x0000000091000000|100%| O|  |TAMS 0x0000000090f00000, 0x0000000091000000| Untracked 
| 272|0x0000000091000000, 0x0000000091100000, 0x0000000091100000|100%| O|  |TAMS 0x0000000091000000, 0x0000000091100000| Untracked 
| 273|0x0000000091100000, 0x0000000091200000, 0x0000000091200000|100%| O|  |TAMS 0x0000000091100000, 0x0000000091200000| Untracked 
| 274|0x0000000091200000, 0x0000000091300000, 0x0000000091300000|100%| O|  |TAMS 0x0000000091200000, 0x0000000091300000| Untracked 
| 275|0x0000000091300000, 0x0000000091400000, 0x0000000091400000|100%| O|  |TAMS 0x0000000091300000, 0x0000000091400000| Untracked 
| 276|0x0000000091400000, 0x0000000091500000, 0x0000000091500000|100%| O|  |TAMS 0x0000000091400000, 0x0000000091500000| Untracked 
| 277|0x0000000091500000, 0x0000000091600000, 0x0000000091600000|100%| O|  |TAMS 0x0000000091500000, 0x0000000091600000| Untracked 
| 278|0x0000000091600000, 0x0000000091700000, 0x0000000091700000|100%| O|  |TAMS 0x0000000091600000, 0x0000000091700000| Untracked 
| 279|0x0000000091700000, 0x0000000091800000, 0x0000000091800000|100%| O|  |TAMS 0x0000000091700000, 0x0000000091800000| Untracked 
| 280|0x0000000091800000, 0x0000000091900000, 0x0000000091900000|100%| O|  |TAMS 0x0000000091800000, 0x0000000091900000| Untracked 
| 281|0x0000000091900000, 0x0000000091a00000, 0x0000000091a00000|100%| O|  |TAMS 0x0000000091900000, 0x0000000091a00000| Untracked 
| 282|0x0000000091a00000, 0x0000000091b00000, 0x0000000091b00000|100%| O|  |TAMS 0x0000000091a00000, 0x0000000091b00000| Untracked 
| 283|0x0000000091b00000, 0x0000000091c00000, 0x0000000091c00000|100%| O|  |TAMS 0x0000000091b00000, 0x0000000091c00000| Untracked 
| 284|0x0000000091c00000, 0x0000000091d00000, 0x0000000091d00000|100%| O|  |TAMS 0x0000000091c00000, 0x0000000091d00000| Untracked 
| 285|0x0000000091d00000, 0x0000000091e00000, 0x0000000091e00000|100%| O|  |TAMS 0x0000000091d00000, 0x0000000091e00000| Untracked 
| 286|0x0000000091e00000, 0x0000000091f00000, 0x0000000091f00000|100%| O|  |TAMS 0x0000000091e00000, 0x0000000091f00000| Untracked 
| 287|0x0000000091f00000, 0x0000000092000000, 0x0000000092000000|100%| O|  |TAMS 0x0000000091f00000, 0x0000000092000000| Untracked 
| 288|0x0000000092000000, 0x0000000092100000, 0x0000000092100000|100%| O|  |TAMS 0x0000000092000000, 0x0000000092100000| Untracked 
| 289|0x0000000092100000, 0x0000000092200000, 0x0000000092200000|100%| O|  |TAMS 0x0000000092100000, 0x0000000092200000| Untracked 
| 290|0x0000000092200000, 0x0000000092300000, 0x0000000092300000|100%| O|  |TAMS 0x0000000092200000, 0x0000000092300000| Untracked 
| 291|0x0000000092300000, 0x0000000092400000, 0x0000000092400000|100%| O|  |TAMS 0x0000000092300000, 0x0000000092400000| Untracked 
| 292|0x0000000092400000, 0x0000000092500000, 0x0000000092500000|100%| O|  |TAMS 0x0000000092400000, 0x0000000092500000| Untracked 
| 293|0x0000000092500000, 0x0000000092600000, 0x0000000092600000|100%| O|  |TAMS 0x0000000092500000, 0x0000000092600000| Untracked 
| 294|0x0000000092600000, 0x0000000092700000, 0x0000000092700000|100%| O|  |TAMS 0x0000000092600000, 0x0000000092700000| Untracked 
| 295|0x0000000092700000, 0x0000000092800000, 0x0000000092800000|100%| O|  |TAMS 0x0000000092700000, 0x0000000092800000| Untracked 
| 296|0x0000000092800000, 0x0000000092900000, 0x0000000092900000|100%| O|  |TAMS 0x0000000092800000, 0x0000000092900000| Untracked 
| 297|0x0000000092900000, 0x0000000092a00000, 0x0000000092a00000|100%| O|  |TAMS 0x0000000092900000, 0x0000000092a00000| Untracked 
| 298|0x0000000092a00000, 0x0000000092b00000, 0x0000000092b00000|100%| O|  |TAMS 0x0000000092a00000, 0x0000000092b00000| Untracked 
| 299|0x0000000092b00000, 0x0000000092c00000, 0x0000000092c00000|100%| O|  |TAMS 0x0000000092b00000, 0x0000000092c00000| Untracked 
| 300|0x0000000092c00000, 0x0000000092d00000, 0x0000000092d00000|100%| O|  |TAMS 0x0000000092c00000, 0x0000000092d00000| Untracked 
| 301|0x0000000092d00000, 0x0000000092e00000, 0x0000000092e00000|100%| O|  |TAMS 0x0000000092d00000, 0x0000000092e00000| Untracked 
| 302|0x0000000092e00000, 0x0000000092f00000, 0x0000000092f00000|100%| O|  |TAMS 0x0000000092e00000, 0x0000000092f00000| Untracked 
| 303|0x0000000092f00000, 0x0000000093000000, 0x0000000093000000|100%| O|  |TAMS 0x0000000092f00000, 0x0000000093000000| Untracked 
| 304|0x0000000093000000, 0x0000000093100000, 0x0000000093100000|100%| O|  |TAMS 0x0000000093000000, 0x0000000093100000| Untracked 
| 305|0x0000000093100000, 0x0000000093200000, 0x0000000093200000|100%| O|  |TAMS 0x0000000093100000, 0x0000000093200000| Untracked 
| 306|0x0000000093200000, 0x0000000093300000, 0x0000000093300000|100%| O|  |TAMS 0x0000000093200000, 0x0000000093300000| Untracked 
| 307|0x0000000093300000, 0x0000000093400000, 0x0000000093400000|100%| O|  |TAMS 0x0000000093300000, 0x0000000093400000| Untracked 
| 308|0x0000000093400000, 0x0000000093500000, 0x0000000093500000|100%| O|  |TAMS 0x0000000093400000, 0x0000000093500000| Untracked 
| 309|0x0000000093500000, 0x0000000093600000, 0x0000000093600000|100%| O|  |TAMS 0x0000000093500000, 0x0000000093600000| Untracked 
| 310|0x0000000093600000, 0x0000000093700000, 0x0000000093700000|100%| O|  |TAMS 0x0000000093600000, 0x0000000093700000| Untracked 
| 311|0x0000000093700000, 0x0000000093800000, 0x0000000093800000|100%| O|  |TAMS 0x0000000093700000, 0x0000000093800000| Untracked 
| 312|0x0000000093800000, 0x0000000093900000, 0x0000000093900000|100%| O|  |TAMS 0x0000000093800000, 0x0000000093900000| Untracked 
| 313|0x0000000093900000, 0x0000000093a00000, 0x0000000093a00000|100%| O|  |TAMS 0x0000000093900000, 0x0000000093a00000| Untracked 
| 314|0x0000000093a00000, 0x0000000093b00000, 0x0000000093b00000|100%| O|  |TAMS 0x0000000093a00000, 0x0000000093b00000| Untracked 
| 315|0x0000000093b00000, 0x0000000093c00000, 0x0000000093c00000|100%| O|  |TAMS 0x0000000093b00000, 0x0000000093c00000| Untracked 
| 316|0x0000000093c00000, 0x0000000093d00000, 0x0000000093d00000|100%| O|  |TAMS 0x0000000093c00000, 0x0000000093d00000| Untracked 
| 317|0x0000000093d00000, 0x0000000093e00000, 0x0000000093e00000|100%| O|  |TAMS 0x0000000093d00000, 0x0000000093e00000| Untracked 
| 318|0x0000000093e00000, 0x0000000093f00000, 0x0000000093f00000|100%| O|  |TAMS 0x0000000093e00000, 0x0000000093f00000| Untracked 
| 319|0x0000000093f00000, 0x0000000094000000, 0x0000000094000000|100%| O|  |TAMS 0x0000000093f00000, 0x0000000094000000| Untracked 
| 320|0x0000000094000000, 0x0000000094100000, 0x0000000094100000|100%| O|  |TAMS 0x0000000094000000, 0x0000000094100000| Untracked 
| 321|0x0000000094100000, 0x0000000094200000, 0x0000000094200000|100%| O|  |TAMS 0x0000000094100000, 0x0000000094200000| Untracked 
| 322|0x0000000094200000, 0x0000000094300000, 0x0000000094300000|100%| O|  |TAMS 0x0000000094200000, 0x0000000094300000| Untracked 
| 323|0x0000000094300000, 0x0000000094400000, 0x0000000094400000|100%| O|  |TAMS 0x0000000094300000, 0x0000000094400000| Untracked 
| 324|0x0000000094400000, 0x0000000094500000, 0x0000000094500000|100%| O|  |TAMS 0x0000000094400000, 0x0000000094500000| Untracked 
| 325|0x0000000094500000, 0x0000000094600000, 0x0000000094600000|100%| O|  |TAMS 0x0000000094500000, 0x0000000094600000| Untracked 
| 326|0x0000000094600000, 0x0000000094700000, 0x0000000094700000|100%| O|  |TAMS 0x0000000094600000, 0x0000000094700000| Untracked 
| 327|0x0000000094700000, 0x0000000094800000, 0x0000000094800000|100%| O|  |TAMS 0x0000000094700000, 0x0000000094800000| Untracked 
| 328|0x0000000094800000, 0x0000000094900000, 0x0000000094900000|100%|HS|  |TAMS 0x0000000094800000, 0x0000000094900000| Complete 
| 329|0x0000000094900000, 0x0000000094a00000, 0x0000000094a00000|100%| O|  |TAMS 0x0000000094900000, 0x0000000094a00000| Untracked 
| 330|0x0000000094a00000, 0x0000000094b00000, 0x0000000094b00000|100%| O|  |TAMS 0x0000000094a00000, 0x0000000094b00000| Untracked 
| 331|0x0000000094b00000, 0x0000000094c00000, 0x0000000094c00000|100%| O|  |TAMS 0x0000000094b00000, 0x0000000094c00000| Untracked 
| 332|0x0000000094c00000, 0x0000000094d00000, 0x0000000094d00000|100%| O|  |TAMS 0x0000000094c00000, 0x0000000094d00000| Untracked 
| 333|0x0000000094d00000, 0x0000000094e00000, 0x0000000094e00000|100%| O|  |TAMS 0x0000000094d00000, 0x0000000094e00000| Untracked 
| 334|0x0000000094e00000, 0x0000000094f00000, 0x0000000094f00000|100%| O|  |TAMS 0x0000000094e00000, 0x0000000094f00000| Untracked 
| 335|0x0000000094f00000, 0x0000000095000000, 0x0000000095000000|100%| O|  |TAMS 0x0000000094f00000, 0x0000000095000000| Untracked 
| 336|0x0000000095000000, 0x0000000095100000, 0x0000000095100000|100%| O|  |TAMS 0x0000000095000000, 0x0000000095100000| Untracked 
| 337|0x0000000095100000, 0x0000000095200000, 0x0000000095200000|100%| O|  |TAMS 0x0000000095100000, 0x0000000095200000| Untracked 
| 338|0x0000000095200000, 0x0000000095300000, 0x0000000095300000|100%| O|  |TAMS 0x0000000095200000, 0x0000000095300000| Untracked 
| 339|0x0000000095300000, 0x0000000095400000, 0x0000000095400000|100%| O|  |TAMS 0x0000000095300000, 0x0000000095400000| Untracked 
| 340|0x0000000095400000, 0x0000000095500000, 0x0000000095500000|100%| O|  |TAMS 0x0000000095400000, 0x0000000095500000| Untracked 
| 341|0x0000000095500000, 0x0000000095600000, 0x0000000095600000|100%| O|  |TAMS 0x0000000095500000, 0x0000000095600000| Untracked 
| 342|0x0000000095600000, 0x0000000095700000, 0x0000000095700000|100%| O|  |TAMS 0x0000000095600000, 0x0000000095700000| Untracked 
| 343|0x0000000095700000, 0x0000000095800000, 0x0000000095800000|100%| O|  |TAMS 0x0000000095700000, 0x0000000095800000| Untracked 
| 344|0x0000000095800000, 0x0000000095900000, 0x0000000095900000|100%| O|  |TAMS 0x0000000095800000, 0x0000000095900000| Untracked 
| 345|0x0000000095900000, 0x0000000095a00000, 0x0000000095a00000|100%| O|  |TAMS 0x0000000095900000, 0x0000000095a00000| Untracked 
| 346|0x0000000095a00000, 0x0000000095b00000, 0x0000000095b00000|100%| O|  |TAMS 0x0000000095a00000, 0x0000000095b00000| Untracked 
| 347|0x0000000095b00000, 0x0000000095c00000, 0x0000000095c00000|100%| O|  |TAMS 0x0000000095b00000, 0x0000000095c00000| Untracked 
| 348|0x0000000095c00000, 0x0000000095d00000, 0x0000000095d00000|100%| O|  |TAMS 0x0000000095c00000, 0x0000000095d00000| Untracked 
| 349|0x0000000095d00000, 0x0000000095e00000, 0x0000000095e00000|100%| O|  |TAMS 0x0000000095d00000, 0x0000000095e00000| Untracked 
| 350|0x0000000095e00000, 0x0000000095f00000, 0x0000000095f00000|100%| O|  |TAMS 0x0000000095e00000, 0x0000000095f00000| Untracked 
| 351|0x0000000095f00000, 0x0000000096000000, 0x0000000096000000|100%| O|  |TAMS 0x0000000095f00000, 0x0000000096000000| Untracked 
| 352|0x0000000096000000, 0x0000000096100000, 0x0000000096100000|100%| O|  |TAMS 0x0000000096000000, 0x0000000096100000| Untracked 
| 353|0x0000000096100000, 0x0000000096200000, 0x0000000096200000|100%| O|  |TAMS 0x0000000096100000, 0x0000000096200000| Untracked 
| 354|0x0000000096200000, 0x0000000096300000, 0x0000000096300000|100%| O|  |TAMS 0x0000000096200000, 0x0000000096300000| Untracked 
| 355|0x0000000096300000, 0x0000000096400000, 0x0000000096400000|100%| O|  |TAMS 0x0000000096300000, 0x0000000096400000| Untracked 
| 356|0x0000000096400000, 0x0000000096500000, 0x0000000096500000|100%| O|  |TAMS 0x0000000096400000, 0x0000000096500000| Untracked 
| 357|0x0000000096500000, 0x0000000096600000, 0x0000000096600000|100%| O|  |TAMS 0x0000000096500000, 0x0000000096600000| Untracked 
| 358|0x0000000096600000, 0x0000000096700000, 0x0000000096700000|100%| O|  |TAMS 0x0000000096600000, 0x0000000096700000| Untracked 
| 359|0x0000000096700000, 0x0000000096800000, 0x0000000096800000|100%| O|  |TAMS 0x0000000096700000, 0x0000000096800000| Untracked 
| 360|0x0000000096800000, 0x0000000096900000, 0x0000000096900000|100%| O|  |TAMS 0x0000000096800000, 0x0000000096900000| Untracked 
| 361|0x0000000096900000, 0x0000000096a00000, 0x0000000096a00000|100%| O|  |TAMS 0x0000000096900000, 0x0000000096a00000| Untracked 
| 362|0x0000000096a00000, 0x0000000096b00000, 0x0000000096b00000|100%| O|  |TAMS 0x0000000096a00000, 0x0000000096b00000| Untracked 
| 363|0x0000000096b00000, 0x0000000096c00000, 0x0000000096c00000|100%| O|  |TAMS 0x0000000096b00000, 0x0000000096c00000| Untracked 
| 364|0x0000000096c00000, 0x0000000096d00000, 0x0000000096d00000|100%| O|  |TAMS 0x0000000096c00000, 0x0000000096d00000| Untracked 
| 365|0x0000000096d00000, 0x0000000096e00000, 0x0000000096e00000|100%| O|  |TAMS 0x0000000096d00000, 0x0000000096e00000| Untracked 
| 366|0x0000000096e00000, 0x0000000096f00000, 0x0000000096f00000|100%| O|  |TAMS 0x0000000096e00000, 0x0000000096eab000| Untracked 
| 367|0x0000000096f00000, 0x0000000097000000, 0x0000000097000000|100%|HS|  |TAMS 0x0000000096f00000, 0x0000000096f00000| Complete 
| 368|0x0000000097000000, 0x0000000097100000, 0x0000000097100000|100%|HC|  |TAMS 0x0000000097000000, 0x0000000097000000| Complete 
| 369|0x0000000097100000, 0x0000000097200000, 0x0000000097200000|100%| O|  |TAMS 0x0000000097100000, 0x0000000097100000| Untracked 
| 370|0x0000000097200000, 0x0000000097300000, 0x0000000097300000|100%|HS|  |TAMS 0x0000000097200000, 0x0000000097200000| Complete 
| 371|0x0000000097300000, 0x0000000097400000, 0x0000000097400000|100%|HC|  |TAMS 0x0000000097300000, 0x0000000097300000| Complete 
| 372|0x0000000097400000, 0x0000000097500000, 0x0000000097500000|100%| O|  |TAMS 0x0000000097400000, 0x0000000097400000| Untracked 
| 373|0x0000000097500000, 0x0000000097600000, 0x0000000097600000|100%|HS|  |TAMS 0x0000000097500000, 0x0000000097500000| Complete 
| 374|0x0000000097600000, 0x0000000097700000, 0x0000000097700000|100%| O|  |TAMS 0x0000000097600000, 0x0000000097600000| Untracked 
| 375|0x0000000097700000, 0x0000000097800000, 0x0000000097800000|100%|HS|  |TAMS 0x0000000097700000, 0x0000000097800000| Complete 
| 376|0x0000000097800000, 0x0000000097900000, 0x0000000097900000|100%|HS|  |TAMS 0x0000000097800000, 0x0000000097900000| Complete 
| 377|0x0000000097900000, 0x0000000097a00000, 0x0000000097a00000|100%|HC|  |TAMS 0x0000000097900000, 0x0000000097a00000| Complete 
| 378|0x0000000097a00000, 0x0000000097b00000, 0x0000000097b00000|100%|HS|  |TAMS 0x0000000097a00000, 0x0000000097b00000| Complete 
| 379|0x0000000097b00000, 0x0000000097c00000, 0x0000000097c00000|100%|HC|  |TAMS 0x0000000097b00000, 0x0000000097c00000| Complete 
| 380|0x0000000097c00000, 0x0000000097d00000, 0x0000000097d00000|100%|HS|  |TAMS 0x0000000097c00000, 0x0000000097d00000| Complete 
| 381|0x0000000097d00000, 0x0000000097e00000, 0x0000000097e00000|100%|HS|  |TAMS 0x0000000097d00000, 0x0000000097e00000| Complete 
| 382|0x0000000097e00000, 0x0000000097f00000, 0x0000000097f00000|100%|HC|  |TAMS 0x0000000097e00000, 0x0000000097f00000| Complete 
| 383|0x0000000097f00000, 0x0000000098000000, 0x0000000098000000|100%|HS|  |TAMS 0x0000000097f00000, 0x0000000098000000| Complete 
| 384|0x0000000098000000, 0x0000000098100000, 0x0000000098100000|100%|HS|  |TAMS 0x0000000098000000, 0x0000000098100000| Complete 
| 385|0x0000000098100000, 0x0000000098200000, 0x0000000098200000|100%|HC|  |TAMS 0x0000000098100000, 0x0000000098200000| Complete 
| 386|0x0000000098200000, 0x0000000098300000, 0x0000000098300000|100%|HC|  |TAMS 0x0000000098200000, 0x0000000098300000| Complete 
| 387|0x0000000098300000, 0x0000000098400000, 0x0000000098400000|100%| O|  |TAMS 0x0000000098300000, 0x0000000098300000| Untracked 
| 388|0x0000000098400000, 0x0000000098500000, 0x0000000098500000|100%|HS|  |TAMS 0x0000000098400000, 0x0000000098500000| Complete 
| 389|0x0000000098500000, 0x0000000098600000, 0x0000000098600000|100%| O|  |TAMS 0x0000000098500000, 0x0000000098500000| Untracked 
| 390|0x0000000098600000, 0x0000000098700000, 0x0000000098700000|100%| O|  |TAMS 0x0000000098600000, 0x0000000098600000| Untracked 
| 391|0x0000000098700000, 0x0000000098800000, 0x0000000098800000|100%|HS|  |TAMS 0x0000000098700000, 0x0000000098700000| Complete 
| 392|0x0000000098800000, 0x0000000098900000, 0x0000000098900000|100%|HS|  |TAMS 0x0000000098800000, 0x0000000098900000| Complete 
| 393|0x0000000098900000, 0x0000000098a00000, 0x0000000098a00000|100%|HC|  |TAMS 0x0000000098900000, 0x0000000098a00000| Complete 
| 394|0x0000000098a00000, 0x0000000098b00000, 0x0000000098b00000|100%|HS|  |TAMS 0x0000000098a00000, 0x0000000098a00000| Complete 
| 395|0x0000000098b00000, 0x0000000098c00000, 0x0000000098c00000|100%|HC|  |TAMS 0x0000000098b00000, 0x0000000098b00000| Complete 
| 396|0x0000000098c00000, 0x0000000098d00000, 0x0000000098d00000|100%| O|  |TAMS 0x0000000098c00000, 0x0000000098c00000| Untracked 
| 397|0x0000000098d00000, 0x0000000098e00000, 0x0000000098e00000|100%| O|  |TAMS 0x0000000098d00000, 0x0000000098d00000| Untracked 
| 398|0x0000000098e00000, 0x0000000098f00000, 0x0000000098f00000|100%| O|  |TAMS 0x0000000098e00000, 0x0000000098e00000| Untracked 
| 399|0x0000000098f00000, 0x0000000099000000, 0x0000000099000000|100%| O|  |TAMS 0x0000000098f00000, 0x0000000098f00000| Untracked 
| 400|0x0000000099000000, 0x0000000099100000, 0x0000000099100000|100%| O|  |TAMS 0x0000000099000000, 0x0000000099000000| Untracked 
| 401|0x0000000099100000, 0x0000000099200000, 0x0000000099200000|100%| O|  |TAMS 0x0000000099100000, 0x0000000099100000| Untracked 
| 402|0x0000000099200000, 0x0000000099300000, 0x0000000099300000|100%|HS|  |TAMS 0x0000000099200000, 0x0000000099200000| Complete 
| 403|0x0000000099300000, 0x0000000099400000, 0x0000000099400000|100%|HC|  |TAMS 0x0000000099300000, 0x0000000099300000| Complete 
| 404|0x0000000099400000, 0x0000000099500000, 0x0000000099500000|100%|HC|  |TAMS 0x0000000099400000, 0x0000000099400000| Complete 
| 405|0x0000000099500000, 0x0000000099600000, 0x0000000099600000|100%|HS|  |TAMS 0x0000000099500000, 0x0000000099500000| Complete 
| 406|0x0000000099600000, 0x0000000099700000, 0x0000000099700000|100%|HS|  |TAMS 0x0000000099600000, 0x0000000099600000| Complete 
| 407|0x0000000099700000, 0x0000000099800000, 0x0000000099800000|100%| O|  |TAMS 0x0000000099700000, 0x0000000099700000| Untracked 
| 408|0x0000000099800000, 0x0000000099900000, 0x0000000099900000|100%| O|  |TAMS 0x0000000099800000, 0x0000000099800000| Untracked 
| 409|0x0000000099900000, 0x0000000099a00000, 0x0000000099a00000|100%| O|  |TAMS 0x0000000099900000, 0x0000000099900000| Untracked 
| 410|0x0000000099a00000, 0x0000000099b00000, 0x0000000099b00000|100%| O|  |TAMS 0x0000000099a00000, 0x0000000099a00000| Untracked 
| 411|0x0000000099b00000, 0x0000000099c00000, 0x0000000099c00000|100%| O|  |TAMS 0x0000000099b00000, 0x0000000099b00000| Untracked 
| 412|0x0000000099c00000, 0x0000000099d00000, 0x0000000099d00000|100%| O|  |TAMS 0x0000000099c00000, 0x0000000099c00000| Untracked 
| 413|0x0000000099d00000, 0x0000000099e00000, 0x0000000099e00000|100%| O|  |TAMS 0x0000000099d00000, 0x0000000099d00000| Untracked 
| 414|0x0000000099e00000, 0x0000000099f00000, 0x0000000099f00000|100%| O|  |TAMS 0x0000000099e00000, 0x0000000099e00000| Untracked 
| 415|0x0000000099f00000, 0x000000009a000000, 0x000000009a000000|100%| O|  |TAMS 0x0000000099f00000, 0x0000000099f00000| Untracked 
| 416|0x000000009a000000, 0x000000009a100000, 0x000000009a100000|100%| O|  |TAMS 0x000000009a000000, 0x000000009a000000| Untracked 
| 417|0x000000009a100000, 0x000000009a200000, 0x000000009a200000|100%| O|  |TAMS 0x000000009a100000, 0x000000009a100000| Untracked 
| 418|0x000000009a200000, 0x000000009a300000, 0x000000009a300000|100%| O|  |TAMS 0x000000009a200000, 0x000000009a200000| Untracked 
| 419|0x000000009a300000, 0x000000009a400000, 0x000000009a400000|100%| O|  |TAMS 0x000000009a300000, 0x000000009a300000| Untracked 
| 420|0x000000009a400000, 0x000000009a500000, 0x000000009a500000|100%| O|  |TAMS 0x000000009a400000, 0x000000009a400000| Untracked 
| 421|0x000000009a500000, 0x000000009a600000, 0x000000009a600000|100%| O|  |TAMS 0x000000009a500000, 0x000000009a500000| Untracked 
| 422|0x000000009a600000, 0x000000009a700000, 0x000000009a700000|100%| O|  |TAMS 0x000000009a600000, 0x000000009a600000| Untracked 
| 423|0x000000009a700000, 0x000000009a800000, 0x000000009a800000|100%| O|  |TAMS 0x000000009a700000, 0x000000009a700000| Untracked 
| 424|0x000000009a800000, 0x000000009a900000, 0x000000009a900000|100%| O|  |TAMS 0x000000009a800000, 0x000000009a800000| Untracked 
| 425|0x000000009a900000, 0x000000009aa00000, 0x000000009aa00000|100%| O|  |TAMS 0x000000009a900000, 0x000000009a900000| Untracked 
| 426|0x000000009aa00000, 0x000000009ab00000, 0x000000009ab00000|100%| O|  |TAMS 0x000000009aa00000, 0x000000009aa00000| Untracked 
| 427|0x000000009ab00000, 0x000000009ac00000, 0x000000009ac00000|100%| O|  |TAMS 0x000000009ab00000, 0x000000009ab00000| Untracked 
| 428|0x000000009ac00000, 0x000000009ad00000, 0x000000009ad00000|100%| O|  |TAMS 0x000000009ac00000, 0x000000009ac00000| Untracked 
| 429|0x000000009ad00000, 0x000000009ae00000, 0x000000009ae00000|100%| O|  |TAMS 0x000000009ad00000, 0x000000009ad00000| Untracked 
| 430|0x000000009ae00000, 0x000000009af00000, 0x000000009af00000|100%| O|  |TAMS 0x000000009ae00000, 0x000000009ae00000| Untracked 
| 431|0x000000009af00000, 0x000000009b000000, 0x000000009b000000|100%| O|  |TAMS 0x000000009af00000, 0x000000009af00000| Untracked 
| 432|0x000000009b000000, 0x000000009b100000, 0x000000009b100000|100%| O|  |TAMS 0x000000009b000000, 0x000000009b000000| Untracked 
| 433|0x000000009b100000, 0x000000009b200000, 0x000000009b200000|100%| O|  |TAMS 0x000000009b100000, 0x000000009b100000| Untracked 
| 434|0x000000009b200000, 0x000000009b300000, 0x000000009b300000|100%| O|  |TAMS 0x000000009b200000, 0x000000009b200000| Untracked 
| 435|0x000000009b300000, 0x000000009b400000, 0x000000009b400000|100%| O|  |TAMS 0x000000009b300000, 0x000000009b300000| Untracked 
| 436|0x000000009b400000, 0x000000009b500000, 0x000000009b500000|100%| O|  |TAMS 0x000000009b400000, 0x000000009b400000| Untracked 
| 437|0x000000009b500000, 0x000000009b600000, 0x000000009b600000|100%| O|  |TAMS 0x000000009b500000, 0x000000009b500000| Untracked 
| 438|0x000000009b600000, 0x000000009b700000, 0x000000009b700000|100%| O|  |TAMS 0x000000009b600000, 0x000000009b600000| Untracked 
| 439|0x000000009b700000, 0x000000009b800000, 0x000000009b800000|100%| O|  |TAMS 0x000000009b700000, 0x000000009b700000| Untracked 
| 440|0x000000009b800000, 0x000000009b900000, 0x000000009b900000|100%| O|  |TAMS 0x000000009b800000, 0x000000009b800000| Untracked 
| 441|0x000000009b900000, 0x000000009ba00000, 0x000000009ba00000|100%| O|  |TAMS 0x000000009b900000, 0x000000009b900000| Untracked 
| 442|0x000000009ba00000, 0x000000009bb00000, 0x000000009bb00000|100%| O|  |TAMS 0x000000009ba00000, 0x000000009ba00000| Untracked 
| 443|0x000000009bb00000, 0x000000009bc00000, 0x000000009bc00000|100%| O|  |TAMS 0x000000009bb00000, 0x000000009bb00000| Untracked 
| 444|0x000000009bc00000, 0x000000009bd00000, 0x000000009bd00000|100%| O|  |TAMS 0x000000009bc00000, 0x000000009bc00000| Untracked 
| 445|0x000000009bd00000, 0x000000009be00000, 0x000000009be00000|100%| O|  |TAMS 0x000000009bd00000, 0x000000009bd00000| Untracked 
| 446|0x000000009be00000, 0x000000009bf00000, 0x000000009bf00000|100%| O|  |TAMS 0x000000009be00000, 0x000000009be00000| Untracked 
| 447|0x000000009bf00000, 0x000000009c000000, 0x000000009c000000|100%| O|  |TAMS 0x000000009bf00000, 0x000000009bf00000| Untracked 
| 448|0x000000009c000000, 0x000000009c100000, 0x000000009c100000|100%| O|  |TAMS 0x000000009c000000, 0x000000009c000000| Untracked 
| 449|0x000000009c100000, 0x000000009c200000, 0x000000009c200000|100%| O|  |TAMS 0x000000009c100000, 0x000000009c100000| Untracked 
| 450|0x000000009c200000, 0x000000009c300000, 0x000000009c300000|100%| O|  |TAMS 0x000000009c200000, 0x000000009c200000| Untracked 
| 451|0x000000009c300000, 0x000000009c400000, 0x000000009c400000|100%| O|  |TAMS 0x000000009c300000, 0x000000009c300000| Untracked 
| 452|0x000000009c400000, 0x000000009c500000, 0x000000009c500000|100%| O|  |TAMS 0x000000009c400000, 0x000000009c400000| Untracked 
| 453|0x000000009c500000, 0x000000009c600000, 0x000000009c600000|100%| O|  |TAMS 0x000000009c500000, 0x000000009c500000| Untracked 
| 454|0x000000009c600000, 0x000000009c700000, 0x000000009c700000|100%| O|  |TAMS 0x000000009c600000, 0x000000009c600000| Untracked 
| 455|0x000000009c700000, 0x000000009c800000, 0x000000009c800000|100%| O|  |TAMS 0x000000009c700000, 0x000000009c700000| Untracked 
| 456|0x000000009c800000, 0x000000009c900000, 0x000000009c900000|100%| O|  |TAMS 0x000000009c800000, 0x000000009c800000| Untracked 
| 457|0x000000009c900000, 0x000000009ca00000, 0x000000009ca00000|100%| O|  |TAMS 0x000000009c900000, 0x000000009c900000| Untracked 
| 458|0x000000009ca00000, 0x000000009cb00000, 0x000000009cb00000|100%| O|  |TAMS 0x000000009ca00000, 0x000000009ca00000| Untracked 
| 459|0x000000009cb00000, 0x000000009cc00000, 0x000000009cc00000|100%| O|  |TAMS 0x000000009cb00000, 0x000000009cb00000| Untracked 
| 460|0x000000009cc00000, 0x000000009cd00000, 0x000000009cd00000|100%| O|  |TAMS 0x000000009cc00000, 0x000000009cc00000| Untracked 
| 461|0x000000009cd00000, 0x000000009ce00000, 0x000000009ce00000|100%| O|  |TAMS 0x000000009cd00000, 0x000000009cd00000| Untracked 
| 462|0x000000009ce00000, 0x000000009cf00000, 0x000000009cf00000|100%| O|  |TAMS 0x000000009ce00000, 0x000000009ce00000| Untracked 
| 463|0x000000009cf00000, 0x000000009d000000, 0x000000009d000000|100%| O|  |TAMS 0x000000009cf00000, 0x000000009cf00000| Untracked 
| 464|0x000000009d000000, 0x000000009d100000, 0x000000009d100000|100%| O|  |TAMS 0x000000009d000000, 0x000000009d000000| Untracked 
| 465|0x000000009d100000, 0x000000009d200000, 0x000000009d200000|100%| O|  |TAMS 0x000000009d100000, 0x000000009d100000| Untracked 
| 466|0x000000009d200000, 0x000000009d300000, 0x000000009d300000|100%| O|  |TAMS 0x000000009d200000, 0x000000009d200000| Untracked 
| 467|0x000000009d300000, 0x000000009d400000, 0x000000009d400000|100%| O|  |TAMS 0x000000009d300000, 0x000000009d300000| Untracked 
| 468|0x000000009d400000, 0x000000009d500000, 0x000000009d500000|100%| O|  |TAMS 0x000000009d400000, 0x000000009d400000| Untracked 
| 469|0x000000009d500000, 0x000000009d600000, 0x000000009d600000|100%| O|  |TAMS 0x000000009d500000, 0x000000009d500000| Untracked 
| 470|0x000000009d600000, 0x000000009d700000, 0x000000009d700000|100%| O|  |TAMS 0x000000009d600000, 0x000000009d600000| Untracked 
| 471|0x000000009d700000, 0x000000009d800000, 0x000000009d800000|100%| O|  |TAMS 0x000000009d700000, 0x000000009d700000| Untracked 
| 472|0x000000009d800000, 0x000000009d900000, 0x000000009d900000|100%| O|  |TAMS 0x000000009d800000, 0x000000009d800000| Untracked 
| 473|0x000000009d900000, 0x000000009da00000, 0x000000009da00000|100%| O|  |TAMS 0x000000009d900000, 0x000000009d900000| Untracked 
| 474|0x000000009da00000, 0x000000009db00000, 0x000000009db00000|100%| O|  |TAMS 0x000000009da00000, 0x000000009da00000| Untracked 
| 475|0x000000009db00000, 0x000000009dc00000, 0x000000009dc00000|100%| O|  |TAMS 0x000000009db00000, 0x000000009db00000| Untracked 
| 476|0x000000009dc00000, 0x000000009dd00000, 0x000000009dd00000|100%| O|  |TAMS 0x000000009dc00000, 0x000000009dc00000| Untracked 
| 477|0x000000009dd00000, 0x000000009de00000, 0x000000009de00000|100%| O|  |TAMS 0x000000009dd00000, 0x000000009dd00000| Untracked 
| 478|0x000000009de00000, 0x000000009df00000, 0x000000009df00000|100%| O|  |TAMS 0x000000009de00000, 0x000000009de00000| Untracked 
| 479|0x000000009df00000, 0x000000009e000000, 0x000000009e000000|100%| O|  |TAMS 0x000000009df00000, 0x000000009df00000| Untracked 
| 480|0x000000009e000000, 0x000000009e100000, 0x000000009e100000|100%| O|  |TAMS 0x000000009e000000, 0x000000009e000000| Untracked 
| 481|0x000000009e100000, 0x000000009e200000, 0x000000009e200000|100%| O|  |TAMS 0x000000009e100000, 0x000000009e100000| Untracked 
| 482|0x000000009e200000, 0x000000009e300000, 0x000000009e300000|100%| O|  |TAMS 0x000000009e200000, 0x000000009e200000| Untracked 
| 483|0x000000009e300000, 0x000000009e400000, 0x000000009e400000|100%| O|  |TAMS 0x000000009e300000, 0x000000009e300000| Untracked 
| 484|0x000000009e400000, 0x000000009e500000, 0x000000009e500000|100%| O|  |TAMS 0x000000009e400000, 0x000000009e400000| Untracked 
| 485|0x000000009e500000, 0x000000009e600000, 0x000000009e600000|100%| O|  |TAMS 0x000000009e500000, 0x000000009e500000| Untracked 
| 486|0x000000009e600000, 0x000000009e700000, 0x000000009e700000|100%| O|  |TAMS 0x000000009e600000, 0x000000009e600000| Untracked 
| 487|0x000000009e700000, 0x000000009e800000, 0x000000009e800000|100%| O|  |TAMS 0x000000009e700000, 0x000000009e700000| Untracked 
| 488|0x000000009e800000, 0x000000009e900000, 0x000000009e900000|100%| O|  |TAMS 0x000000009e800000, 0x000000009e800000| Untracked 
| 489|0x000000009e900000, 0x000000009ea00000, 0x000000009ea00000|100%| O|  |TAMS 0x000000009e900000, 0x000000009e900000| Untracked 
| 490|0x000000009ea00000, 0x000000009eb00000, 0x000000009eb00000|100%| O|  |TAMS 0x000000009ea00000, 0x000000009ea00000| Untracked 
| 491|0x000000009eb00000, 0x000000009ec00000, 0x000000009ec00000|100%| O|  |TAMS 0x000000009eb00000, 0x000000009eb00000| Untracked 
| 492|0x000000009ec00000, 0x000000009ed00000, 0x000000009ed00000|100%| O|  |TAMS 0x000000009ec00000, 0x000000009ec00000| Untracked 
| 493|0x000000009ed00000, 0x000000009ee00000, 0x000000009ee00000|100%| O|  |TAMS 0x000000009ed00000, 0x000000009ed00000| Untracked 
| 494|0x000000009ee00000, 0x000000009ef00000, 0x000000009ef00000|100%| O|  |TAMS 0x000000009ee00000, 0x000000009ee00000| Untracked 
| 495|0x000000009ef00000, 0x000000009f000000, 0x000000009f000000|100%| O|  |TAMS 0x000000009ef00000, 0x000000009ef00000| Untracked 
| 496|0x000000009f000000, 0x000000009f100000, 0x000000009f100000|100%| O|  |TAMS 0x000000009f000000, 0x000000009f000000| Untracked 
| 497|0x000000009f100000, 0x000000009f200000, 0x000000009f200000|100%| O|  |TAMS 0x000000009f100000, 0x000000009f100000| Untracked 
| 498|0x000000009f200000, 0x000000009f300000, 0x000000009f300000|100%| O|  |TAMS 0x000000009f200000, 0x000000009f200000| Untracked 
| 499|0x000000009f300000, 0x000000009f400000, 0x000000009f400000|100%| O|  |TAMS 0x000000009f300000, 0x000000009f300000| Untracked 
| 500|0x000000009f400000, 0x000000009f500000, 0x000000009f500000|100%| O|  |TAMS 0x000000009f400000, 0x000000009f400000| Untracked 
| 501|0x000000009f500000, 0x000000009f600000, 0x000000009f600000|100%| O|  |TAMS 0x000000009f500000, 0x000000009f500000| Untracked 
| 502|0x000000009f600000, 0x000000009f700000, 0x000000009f700000|100%| O|  |TAMS 0x000000009f600000, 0x000000009f600000| Untracked 
| 503|0x000000009f700000, 0x000000009f800000, 0x000000009f800000|100%| O|  |TAMS 0x000000009f700000, 0x000000009f700000| Untracked 
| 504|0x000000009f800000, 0x000000009f900000, 0x000000009f900000|100%|HS|  |TAMS 0x000000009f800000, 0x000000009f800000| Complete 
| 505|0x000000009f900000, 0x000000009fa00000, 0x000000009fa00000|100%|HS|  |TAMS 0x000000009f900000, 0x000000009f900000| Complete 
| 506|0x000000009fa00000, 0x000000009fb00000, 0x000000009fb00000|100%|HC|  |TAMS 0x000000009fa00000, 0x000000009fa00000| Complete 
| 507|0x000000009fb00000, 0x000000009fc00000, 0x000000009fc00000|100%| O|  |TAMS 0x000000009fb00000, 0x000000009fb00000| Untracked 
| 508|0x000000009fc00000, 0x000000009fd00000, 0x000000009fd00000|100%| O|  |TAMS 0x000000009fc00000, 0x000000009fc00000| Untracked 
| 509|0x000000009fd00000, 0x000000009fe00000, 0x000000009fe00000|100%| O|  |TAMS 0x000000009fd00000, 0x000000009fd00000| Untracked 
| 510|0x000000009fe00000, 0x000000009ff00000, 0x000000009ff00000|100%| O|  |TAMS 0x000000009fe00000, 0x000000009fe00000| Untracked 
| 511|0x000000009ff00000, 0x00000000a0000000, 0x00000000a0000000|100%| O|  |TAMS 0x000000009ff00000, 0x000000009ff00000| Untracked 
| 512|0x00000000a0000000, 0x00000000a0100000, 0x00000000a0100000|100%| O|  |TAMS 0x00000000a0000000, 0x00000000a0000000| Untracked 
| 513|0x00000000a0100000, 0x00000000a0200000, 0x00000000a0200000|100%| O|  |TAMS 0x00000000a0100000, 0x00000000a0100000| Untracked 
| 514|0x00000000a0200000, 0x00000000a0300000, 0x00000000a0300000|100%| O|  |TAMS 0x00000000a0200000, 0x00000000a0200000| Untracked 
| 515|0x00000000a0300000, 0x00000000a0400000, 0x00000000a0400000|100%| O|  |TAMS 0x00000000a0300000, 0x00000000a0300000| Untracked 
| 516|0x00000000a0400000, 0x00000000a0500000, 0x00000000a0500000|100%| O|  |TAMS 0x00000000a0400000, 0x00000000a0400000| Untracked 
| 517|0x00000000a0500000, 0x00000000a0600000, 0x00000000a0600000|100%| O|  |TAMS 0x00000000a0500000, 0x00000000a0500000| Untracked 
| 518|0x00000000a0600000, 0x00000000a0700000, 0x00000000a0700000|100%| O|  |TAMS 0x00000000a0600000, 0x00000000a0600000| Untracked 
| 519|0x00000000a0700000, 0x00000000a0800000, 0x00000000a0800000|100%|HS|  |TAMS 0x00000000a0700000, 0x00000000a0700000| Complete 
| 520|0x00000000a0800000, 0x00000000a0900000, 0x00000000a0900000|100%|HS|  |TAMS 0x00000000a0800000, 0x00000000a0800000| Complete 
| 521|0x00000000a0900000, 0x00000000a0a00000, 0x00000000a0a00000|100%|HS|  |TAMS 0x00000000a0900000, 0x00000000a0900000| Complete 
| 522|0x00000000a0a00000, 0x00000000a0b00000, 0x00000000a0b00000|100%|HS|  |TAMS 0x00000000a0a00000, 0x00000000a0a00000| Complete 
| 523|0x00000000a0b00000, 0x00000000a0c00000, 0x00000000a0c00000|100%|HC|  |TAMS 0x00000000a0b00000, 0x00000000a0b00000| Complete 
| 524|0x00000000a0c00000, 0x00000000a0d00000, 0x00000000a0d00000|100%|HC|  |TAMS 0x00000000a0c00000, 0x00000000a0c00000| Complete 
| 525|0x00000000a0d00000, 0x00000000a0e00000, 0x00000000a0e00000|100%|HS|  |TAMS 0x00000000a0d00000, 0x00000000a0d00000| Complete 
| 526|0x00000000a0e00000, 0x00000000a0f00000, 0x00000000a0f00000|100%|HS|  |TAMS 0x00000000a0e00000, 0x00000000a0e00000| Complete 
| 527|0x00000000a0f00000, 0x00000000a1000000, 0x00000000a1000000|100%| O|  |TAMS 0x00000000a0f00000, 0x00000000a0f00000| Untracked 
| 528|0x00000000a1000000, 0x00000000a1100000, 0x00000000a1100000|100%| O|  |TAMS 0x00000000a1000000, 0x00000000a1000000| Untracked 
| 529|0x00000000a1100000, 0x00000000a1200000, 0x00000000a1200000|100%|HS|  |TAMS 0x00000000a1100000, 0x00000000a1100000| Complete 
| 530|0x00000000a1200000, 0x00000000a1300000, 0x00000000a1300000|100%|HS|  |TAMS 0x00000000a1200000, 0x00000000a1200000| Complete 
| 531|0x00000000a1300000, 0x00000000a1400000, 0x00000000a1400000|100%|HS|  |TAMS 0x00000000a1300000, 0x00000000a1300000| Complete 
| 532|0x00000000a1400000, 0x00000000a1500000, 0x00000000a1500000|100%|HC|  |TAMS 0x00000000a1400000, 0x00000000a1400000| Complete 
| 533|0x00000000a1500000, 0x00000000a1600000, 0x00000000a1600000|100%|HS|  |TAMS 0x00000000a1500000, 0x00000000a1500000| Complete 
| 534|0x00000000a1600000, 0x00000000a1700000, 0x00000000a1700000|100%|HS|  |TAMS 0x00000000a1600000, 0x00000000a1600000| Complete 
| 535|0x00000000a1700000, 0x00000000a1700000, 0x00000000a1800000|  0%| F|  |TAMS 0x00000000a1700000, 0x00000000a1700000| Untracked 
| 536|0x00000000a1800000, 0x00000000a1900000, 0x00000000a1900000|100%|HS|  |TAMS 0x00000000a1800000, 0x00000000a1800000| Complete 
| 537|0x00000000a1900000, 0x00000000a1a00000, 0x00000000a1a00000|100%|HS|  |TAMS 0x00000000a1900000, 0x00000000a1900000| Complete 
| 538|0x00000000a1a00000, 0x00000000a1b00000, 0x00000000a1b00000|100%|HS|  |TAMS 0x00000000a1a00000, 0x00000000a1a00000| Complete 
| 539|0x00000000a1b00000, 0x00000000a1c00000, 0x00000000a1c00000|100%|HS|  |TAMS 0x00000000a1b00000, 0x00000000a1b00000| Complete 
| 540|0x00000000a1c00000, 0x00000000a1d00000, 0x00000000a1d00000|100%|HS|  |TAMS 0x00000000a1c00000, 0x00000000a1c00000| Complete 
| 541|0x00000000a1d00000, 0x00000000a1e00000, 0x00000000a1e00000|100%|HC|  |TAMS 0x00000000a1d00000, 0x00000000a1d00000| Complete 
| 542|0x00000000a1e00000, 0x00000000a1f00000, 0x00000000a1f00000|100%| O|  |TAMS 0x00000000a1e00000, 0x00000000a1e00000| Untracked 
| 543|0x00000000a1f00000, 0x00000000a2000000, 0x00000000a2000000|100%| O|  |TAMS 0x00000000a1f00000, 0x00000000a1f00000| Untracked 
| 544|0x00000000a2000000, 0x00000000a2100000, 0x00000000a2100000|100%| O|  |TAMS 0x00000000a2000000, 0x00000000a2000000| Untracked 
| 545|0x00000000a2100000, 0x00000000a2200000, 0x00000000a2200000|100%| O|  |TAMS 0x00000000a2100000, 0x00000000a2100000| Untracked 
| 546|0x00000000a2200000, 0x00000000a2300000, 0x00000000a2300000|100%| O|  |TAMS 0x00000000a2200000, 0x00000000a2200000| Untracked 
| 547|0x00000000a2300000, 0x00000000a2400000, 0x00000000a2400000|100%| O|  |TAMS 0x00000000a2300000, 0x00000000a2300000| Untracked 
| 548|0x00000000a2400000, 0x00000000a2500000, 0x00000000a2500000|100%| O|  |TAMS 0x00000000a2400000, 0x00000000a2400000| Untracked 
| 549|0x00000000a2500000, 0x00000000a2600000, 0x00000000a2600000|100%| O|  |TAMS 0x00000000a2500000, 0x00000000a2500000| Untracked 
| 550|0x00000000a2600000, 0x00000000a2700000, 0x00000000a2700000|100%| O|  |TAMS 0x00000000a2600000, 0x00000000a2600000| Untracked 
| 551|0x00000000a2700000, 0x00000000a2800000, 0x00000000a2800000|100%| O|  |TAMS 0x00000000a2700000, 0x00000000a2700000| Untracked 
| 552|0x00000000a2800000, 0x00000000a2900000, 0x00000000a2900000|100%| O|  |TAMS 0x00000000a2800000, 0x00000000a2800000| Untracked 
| 553|0x00000000a2900000, 0x00000000a2a00000, 0x00000000a2a00000|100%| O|  |TAMS 0x00000000a2900000, 0x00000000a2900000| Untracked 
| 554|0x00000000a2a00000, 0x00000000a2b00000, 0x00000000a2b00000|100%| O|  |TAMS 0x00000000a2a00000, 0x00000000a2a00000| Untracked 
| 555|0x00000000a2b00000, 0x00000000a2c00000, 0x00000000a2c00000|100%| O|  |TAMS 0x00000000a2b00000, 0x00000000a2b00000| Untracked 
| 556|0x00000000a2c00000, 0x00000000a2d00000, 0x00000000a2d00000|100%| O|  |TAMS 0x00000000a2c00000, 0x00000000a2c00000| Untracked 
| 557|0x00000000a2d00000, 0x00000000a2e00000, 0x00000000a2e00000|100%| O|  |TAMS 0x00000000a2d00000, 0x00000000a2d00000| Untracked 
| 558|0x00000000a2e00000, 0x00000000a2f00000, 0x00000000a2f00000|100%| O|  |TAMS 0x00000000a2e00000, 0x00000000a2e00000| Untracked 
| 559|0x00000000a2f00000, 0x00000000a3000000, 0x00000000a3000000|100%| O|  |TAMS 0x00000000a2f00000, 0x00000000a2f00000| Untracked 
| 560|0x00000000a3000000, 0x00000000a3100000, 0x00000000a3100000|100%| O|  |TAMS 0x00000000a3000000, 0x00000000a3000000| Untracked 
| 561|0x00000000a3100000, 0x00000000a3200000, 0x00000000a3200000|100%|HS|  |TAMS 0x00000000a3100000, 0x00000000a3100000| Complete 
| 562|0x00000000a3200000, 0x00000000a3300000, 0x00000000a3300000|100%|HS|  |TAMS 0x00000000a3200000, 0x00000000a3200000| Complete 
| 563|0x00000000a3300000, 0x00000000a3400000, 0x00000000a3400000|100%|HS|  |TAMS 0x00000000a3300000, 0x00000000a3300000| Complete 
| 564|0x00000000a3400000, 0x00000000a3500000, 0x00000000a3500000|100%|HS|  |TAMS 0x00000000a3400000, 0x00000000a3400000| Complete 
| 565|0x00000000a3500000, 0x00000000a3600000, 0x00000000a3600000|100%|HC|  |TAMS 0x00000000a3500000, 0x00000000a3500000| Complete 
| 566|0x00000000a3600000, 0x00000000a3700000, 0x00000000a3700000|100%| O|  |TAMS 0x00000000a3600000, 0x00000000a3600000| Untracked 
| 567|0x00000000a3700000, 0x00000000a3800000, 0x00000000a3800000|100%| O|  |TAMS 0x00000000a3700000, 0x00000000a3700000| Untracked 
| 568|0x00000000a3800000, 0x00000000a3900000, 0x00000000a3900000|100%| O|  |TAMS 0x00000000a3800000, 0x00000000a3800000| Untracked 
| 569|0x00000000a3900000, 0x00000000a3a00000, 0x00000000a3a00000|100%| O|  |TAMS 0x00000000a3900000, 0x00000000a3900000| Untracked 
| 570|0x00000000a3a00000, 0x00000000a3b00000, 0x00000000a3b00000|100%| O|  |TAMS 0x00000000a3a00000, 0x00000000a3a00000| Untracked 
| 571|0x00000000a3b00000, 0x00000000a3c00000, 0x00000000a3c00000|100%| O|  |TAMS 0x00000000a3b00000, 0x00000000a3b00000| Untracked 
| 572|0x00000000a3c00000, 0x00000000a3d00000, 0x00000000a3d00000|100%|HS|  |TAMS 0x00000000a3c00000, 0x00000000a3c00000| Complete 
| 573|0x00000000a3d00000, 0x00000000a3e00000, 0x00000000a3e00000|100%|HS|  |TAMS 0x00000000a3d00000, 0x00000000a3d00000| Complete 
| 574|0x00000000a3e00000, 0x00000000a3f00000, 0x00000000a3f00000|100%|HS|  |TAMS 0x00000000a3e00000, 0x00000000a3e00000| Complete 
| 575|0x00000000a3f00000, 0x00000000a4000000, 0x00000000a4000000|100%|HC|  |TAMS 0x00000000a3f00000, 0x00000000a3f00000| Complete 
| 576|0x00000000a4000000, 0x00000000a4100000, 0x00000000a4100000|100%| O|  |TAMS 0x00000000a4000000, 0x00000000a4000000| Untracked 
| 577|0x00000000a4100000, 0x00000000a4200000, 0x00000000a4200000|100%| O|  |TAMS 0x00000000a4100000, 0x00000000a4100000| Untracked 
| 578|0x00000000a4200000, 0x00000000a4300000, 0x00000000a4300000|100%| O|  |TAMS 0x00000000a4200000, 0x00000000a4200000| Untracked 
| 579|0x00000000a4300000, 0x00000000a4400000, 0x00000000a4400000|100%| O|  |TAMS 0x00000000a4300000, 0x00000000a4300000| Untracked 
| 580|0x00000000a4400000, 0x00000000a4500000, 0x00000000a4500000|100%| O|  |TAMS 0x00000000a4400000, 0x00000000a4400000| Untracked 
| 581|0x00000000a4500000, 0x00000000a4600000, 0x00000000a4600000|100%| O|  |TAMS 0x00000000a4500000, 0x00000000a4500000| Untracked 
| 582|0x00000000a4600000, 0x00000000a4700000, 0x00000000a4700000|100%| O|  |TAMS 0x00000000a4600000, 0x00000000a4600000| Untracked 
| 583|0x00000000a4700000, 0x00000000a4800000, 0x00000000a4800000|100%| O|  |TAMS 0x00000000a4700000, 0x00000000a4700000| Untracked 
| 584|0x00000000a4800000, 0x00000000a4900000, 0x00000000a4900000|100%| O|  |TAMS 0x00000000a4800000, 0x00000000a4800000| Untracked 
| 585|0x00000000a4900000, 0x00000000a4a00000, 0x00000000a4a00000|100%| O|  |TAMS 0x00000000a4900000, 0x00000000a4900000| Untracked 
| 586|0x00000000a4a00000, 0x00000000a4b00000, 0x00000000a4b00000|100%| O|  |TAMS 0x00000000a4a00000, 0x00000000a4a00000| Untracked 
| 587|0x00000000a4b00000, 0x00000000a4c00000, 0x00000000a4c00000|100%| O|  |TAMS 0x00000000a4b00000, 0x00000000a4b00000| Untracked 
| 588|0x00000000a4c00000, 0x00000000a4d00000, 0x00000000a4d00000|100%| O|  |TAMS 0x00000000a4c00000, 0x00000000a4c00000| Untracked 
| 589|0x00000000a4d00000, 0x00000000a4d00000, 0x00000000a4e00000|  0%| F|  |TAMS 0x00000000a4d00000, 0x00000000a4d00000| Untracked 
| 590|0x00000000a4e00000, 0x00000000a4e00000, 0x00000000a4f00000|  0%| F|  |TAMS 0x00000000a4e00000, 0x00000000a4e00000| Untracked 
| 591|0x00000000a4f00000, 0x00000000a4f00000, 0x00000000a5000000|  0%| F|  |TAMS 0x00000000a4f00000, 0x00000000a4f00000| Untracked 
| 592|0x00000000a5000000, 0x00000000a5000000, 0x00000000a5100000|  0%| F|  |TAMS 0x00000000a5000000, 0x00000000a5000000| Untracked 
| 593|0x00000000a5100000, 0x00000000a5100000, 0x00000000a5200000|  0%| F|  |TAMS 0x00000000a5100000, 0x00000000a5100000| Untracked 
| 594|0x00000000a5200000, 0x00000000a5200000, 0x00000000a5300000|  0%| F|  |TAMS 0x00000000a5200000, 0x00000000a5200000| Untracked 
| 595|0x00000000a5300000, 0x00000000a5300000, 0x00000000a5400000|  0%| F|  |TAMS 0x00000000a5300000, 0x00000000a5300000| Untracked 
| 596|0x00000000a5400000, 0x00000000a5400000, 0x00000000a5500000|  0%| F|  |TAMS 0x00000000a5400000, 0x00000000a5400000| Untracked 
| 597|0x00000000a5500000, 0x00000000a5500000, 0x00000000a5600000|  0%| F|  |TAMS 0x00000000a5500000, 0x00000000a5500000| Untracked 
| 598|0x00000000a5600000, 0x00000000a5600000, 0x00000000a5700000|  0%| F|  |TAMS 0x00000000a5600000, 0x00000000a5600000| Untracked 
| 599|0x00000000a5700000, 0x00000000a5700000, 0x00000000a5800000|  0%| F|  |TAMS 0x00000000a5700000, 0x00000000a5700000| Untracked 
| 600|0x00000000a5800000, 0x00000000a5800000, 0x00000000a5900000|  0%| F|  |TAMS 0x00000000a5800000, 0x00000000a5800000| Untracked 
| 601|0x00000000a5900000, 0x00000000a5900000, 0x00000000a5a00000|  0%| F|  |TAMS 0x00000000a5900000, 0x00000000a5900000| Untracked 
| 602|0x00000000a5a00000, 0x00000000a5a00000, 0x00000000a5b00000|  0%| F|  |TAMS 0x00000000a5a00000, 0x00000000a5a00000| Untracked 
| 603|0x00000000a5b00000, 0x00000000a5b00000, 0x00000000a5c00000|  0%| F|  |TAMS 0x00000000a5b00000, 0x00000000a5b00000| Untracked 
| 604|0x00000000a5c00000, 0x00000000a5c00000, 0x00000000a5d00000|  0%| F|  |TAMS 0x00000000a5c00000, 0x00000000a5c00000| Untracked 
| 605|0x00000000a5d00000, 0x00000000a5d00000, 0x00000000a5e00000|  0%| F|  |TAMS 0x00000000a5d00000, 0x00000000a5d00000| Untracked 
| 606|0x00000000a5e00000, 0x00000000a5e00000, 0x00000000a5f00000|  0%| F|  |TAMS 0x00000000a5e00000, 0x00000000a5e00000| Untracked 
| 607|0x00000000a5f00000, 0x00000000a5f00000, 0x00000000a6000000|  0%| F|  |TAMS 0x00000000a5f00000, 0x00000000a5f00000| Untracked 
| 608|0x00000000a6000000, 0x00000000a6000000, 0x00000000a6100000|  0%| F|  |TAMS 0x00000000a6000000, 0x00000000a6000000| Untracked 
| 609|0x00000000a6100000, 0x00000000a6200000, 0x00000000a6200000|100%| O|  |TAMS 0x00000000a6100000, 0x00000000a6100000| Untracked 
| 610|0x00000000a6200000, 0x00000000a6300000, 0x00000000a6300000|100%| O|  |TAMS 0x00000000a6200000, 0x00000000a6200000| Untracked 
| 611|0x00000000a6300000, 0x00000000a6400000, 0x00000000a6400000|100%| O|  |TAMS 0x00000000a6300000, 0x00000000a6300000| Untracked 
| 612|0x00000000a6400000, 0x00000000a6500000, 0x00000000a6500000|100%| O|  |TAMS 0x00000000a6400000, 0x00000000a6400000| Untracked 
| 613|0x00000000a6500000, 0x00000000a6600000, 0x00000000a6600000|100%| O|  |TAMS 0x00000000a6500000, 0x00000000a6500000| Untracked 
| 614|0x00000000a6600000, 0x00000000a6700000, 0x00000000a6700000|100%| O|  |TAMS 0x00000000a6600000, 0x00000000a6600000| Untracked 
| 615|0x00000000a6700000, 0x00000000a6800000, 0x00000000a6800000|100%| O|  |TAMS 0x00000000a6700000, 0x00000000a6700000| Untracked 
| 616|0x00000000a6800000, 0x00000000a6900000, 0x00000000a6900000|100%| O|  |TAMS 0x00000000a6800000, 0x00000000a6800000| Untracked 
| 617|0x00000000a6900000, 0x00000000a6a00000, 0x00000000a6a00000|100%| O|  |TAMS 0x00000000a6900000, 0x00000000a6900000| Untracked 
| 618|0x00000000a6a00000, 0x00000000a6b00000, 0x00000000a6b00000|100%| O|  |TAMS 0x00000000a6a00000, 0x00000000a6a00000| Untracked 
| 619|0x00000000a6b00000, 0x00000000a6b70200, 0x00000000a6c00000| 43%| O|  |TAMS 0x00000000a6b00000, 0x00000000a6b00000| Untracked 
| 620|0x00000000a6c00000, 0x00000000a6c00000, 0x00000000a6d00000|  0%| F|  |TAMS 0x00000000a6c00000, 0x00000000a6c00000| Untracked 
| 621|0x00000000a6d00000, 0x00000000a6d00000, 0x00000000a6e00000|  0%| F|  |TAMS 0x00000000a6d00000, 0x00000000a6d00000| Untracked 
| 622|0x00000000a6e00000, 0x00000000a6e00000, 0x00000000a6f00000|  0%| F|  |TAMS 0x00000000a6e00000, 0x00000000a6e00000| Untracked 
| 623|0x00000000a6f00000, 0x00000000a6f00000, 0x00000000a7000000|  0%| F|  |TAMS 0x00000000a6f00000, 0x00000000a6f00000| Untracked 
| 624|0x00000000a7000000, 0x00000000a7000000, 0x00000000a7100000|  0%| F|  |TAMS 0x00000000a7000000, 0x00000000a7000000| Untracked 
| 625|0x00000000a7100000, 0x00000000a7100000, 0x00000000a7200000|  0%| F|  |TAMS 0x00000000a7100000, 0x00000000a7100000| Untracked 
| 626|0x00000000a7200000, 0x00000000a7200000, 0x00000000a7300000|  0%| F|  |TAMS 0x00000000a7200000, 0x00000000a7200000| Untracked 
| 627|0x00000000a7300000, 0x00000000a7300000, 0x00000000a7400000|  0%| F|  |TAMS 0x00000000a7300000, 0x00000000a7300000| Untracked 
| 628|0x00000000a7400000, 0x00000000a7400000, 0x00000000a7500000|  0%| F|  |TAMS 0x00000000a7400000, 0x00000000a7400000| Untracked 
| 629|0x00000000a7500000, 0x00000000a7500000, 0x00000000a7600000|  0%| F|  |TAMS 0x00000000a7500000, 0x00000000a7500000| Untracked 
| 630|0x00000000a7600000, 0x00000000a7600000, 0x00000000a7700000|  0%| F|  |TAMS 0x00000000a7600000, 0x00000000a7600000| Untracked 
| 631|0x00000000a7700000, 0x00000000a7700000, 0x00000000a7800000|  0%| F|  |TAMS 0x00000000a7700000, 0x00000000a7700000| Untracked 
| 632|0x00000000a7800000, 0x00000000a7800000, 0x00000000a7900000|  0%| F|  |TAMS 0x00000000a7800000, 0x00000000a7800000| Untracked 
| 633|0x00000000a7900000, 0x00000000a7900000, 0x00000000a7a00000|  0%| F|  |TAMS 0x00000000a7900000, 0x00000000a7900000| Untracked 
| 634|0x00000000a7a00000, 0x00000000a7a00000, 0x00000000a7b00000|  0%| F|  |TAMS 0x00000000a7a00000, 0x00000000a7a00000| Untracked 
| 635|0x00000000a7b00000, 0x00000000a7b00000, 0x00000000a7c00000|  0%| F|  |TAMS 0x00000000a7b00000, 0x00000000a7b00000| Untracked 
| 636|0x00000000a7c00000, 0x00000000a7c00000, 0x00000000a7d00000|  0%| F|  |TAMS 0x00000000a7c00000, 0x00000000a7c00000| Untracked 
| 637|0x00000000a7d00000, 0x00000000a7d00000, 0x00000000a7e00000|  0%| F|  |TAMS 0x00000000a7d00000, 0x00000000a7d00000| Untracked 
| 638|0x00000000a7e00000, 0x00000000a7e00000, 0x00000000a7f00000|  0%| F|  |TAMS 0x00000000a7e00000, 0x00000000a7e00000| Untracked 
| 639|0x00000000a7f00000, 0x00000000a7f00000, 0x00000000a8000000|  0%| F|  |TAMS 0x00000000a7f00000, 0x00000000a7f00000| Untracked 
| 640|0x00000000a8000000, 0x00000000a8000000, 0x00000000a8100000|  0%| F|  |TAMS 0x00000000a8000000, 0x00000000a8000000| Untracked 
| 641|0x00000000a8100000, 0x00000000a8100000, 0x00000000a8200000|  0%| F|  |TAMS 0x00000000a8100000, 0x00000000a8100000| Untracked 
| 642|0x00000000a8200000, 0x00000000a8200000, 0x00000000a8300000|  0%| F|  |TAMS 0x00000000a8200000, 0x00000000a8200000| Untracked 
| 643|0x00000000a8300000, 0x00000000a8300000, 0x00000000a8400000|  0%| F|  |TAMS 0x00000000a8300000, 0x00000000a8300000| Untracked 
| 644|0x00000000a8400000, 0x00000000a8400000, 0x00000000a8500000|  0%| F|  |TAMS 0x00000000a8400000, 0x00000000a8400000| Untracked 
| 645|0x00000000a8500000, 0x00000000a8500000, 0x00000000a8600000|  0%| F|  |TAMS 0x00000000a8500000, 0x00000000a8500000| Untracked 
| 646|0x00000000a8600000, 0x00000000a8600000, 0x00000000a8700000|  0%| F|  |TAMS 0x00000000a8600000, 0x00000000a8600000| Untracked 
| 647|0x00000000a8700000, 0x00000000a8700000, 0x00000000a8800000|  0%| F|  |TAMS 0x00000000a8700000, 0x00000000a8700000| Untracked 
| 648|0x00000000a8800000, 0x00000000a8800000, 0x00000000a8900000|  0%| F|  |TAMS 0x00000000a8800000, 0x00000000a8800000| Untracked 
| 649|0x00000000a8900000, 0x00000000a8900000, 0x00000000a8a00000|  0%| F|  |TAMS 0x00000000a8900000, 0x00000000a8900000| Untracked 
| 650|0x00000000a8a00000, 0x00000000a8a00000, 0x00000000a8b00000|  0%| F|  |TAMS 0x00000000a8a00000, 0x00000000a8a00000| Untracked 
| 651|0x00000000a8b00000, 0x00000000a8b00000, 0x00000000a8c00000|  0%| F|  |TAMS 0x00000000a8b00000, 0x00000000a8b00000| Untracked 
| 652|0x00000000a8c00000, 0x00000000a8c00000, 0x00000000a8d00000|  0%| F|  |TAMS 0x00000000a8c00000, 0x00000000a8c00000| Untracked 
| 653|0x00000000a8d00000, 0x00000000a8d00000, 0x00000000a8e00000|  0%| F|  |TAMS 0x00000000a8d00000, 0x00000000a8d00000| Untracked 
| 654|0x00000000a8e00000, 0x00000000a8e00000, 0x00000000a8f00000|  0%| F|  |TAMS 0x00000000a8e00000, 0x00000000a8e00000| Untracked 
| 655|0x00000000a8f00000, 0x00000000a8f00000, 0x00000000a9000000|  0%| F|  |TAMS 0x00000000a8f00000, 0x00000000a8f00000| Untracked 
| 656|0x00000000a9000000, 0x00000000a9000000, 0x00000000a9100000|  0%| F|  |TAMS 0x00000000a9000000, 0x00000000a9000000| Untracked 
| 657|0x00000000a9100000, 0x00000000a9100000, 0x00000000a9200000|  0%| F|  |TAMS 0x00000000a9100000, 0x00000000a9100000| Untracked 
| 658|0x00000000a9200000, 0x00000000a9200000, 0x00000000a9300000|  0%| F|  |TAMS 0x00000000a9200000, 0x00000000a9200000| Untracked 
| 659|0x00000000a9300000, 0x00000000a9300000, 0x00000000a9400000|  0%| F|  |TAMS 0x00000000a9300000, 0x00000000a9300000| Untracked 
| 660|0x00000000a9400000, 0x00000000a9400000, 0x00000000a9500000|  0%| F|  |TAMS 0x00000000a9400000, 0x00000000a9400000| Untracked 
| 661|0x00000000a9500000, 0x00000000a9500000, 0x00000000a9600000|  0%| F|  |TAMS 0x00000000a9500000, 0x00000000a9500000| Untracked 
| 662|0x00000000a9600000, 0x00000000a9600000, 0x00000000a9700000|  0%| F|  |TAMS 0x00000000a9600000, 0x00000000a9600000| Untracked 
| 663|0x00000000a9700000, 0x00000000a9700000, 0x00000000a9800000|  0%| F|  |TAMS 0x00000000a9700000, 0x00000000a9700000| Untracked 
| 664|0x00000000a9800000, 0x00000000a9800000, 0x00000000a9900000|  0%| F|  |TAMS 0x00000000a9800000, 0x00000000a9800000| Untracked 
| 665|0x00000000a9900000, 0x00000000a9900000, 0x00000000a9a00000|  0%| F|  |TAMS 0x00000000a9900000, 0x00000000a9900000| Untracked 
| 666|0x00000000a9a00000, 0x00000000a9a00000, 0x00000000a9b00000|  0%| F|  |TAMS 0x00000000a9a00000, 0x00000000a9a00000| Untracked 
| 667|0x00000000a9b00000, 0x00000000a9b00000, 0x00000000a9c00000|  0%| F|  |TAMS 0x00000000a9b00000, 0x00000000a9b00000| Untracked 
| 668|0x00000000a9c00000, 0x00000000a9c00000, 0x00000000a9d00000|  0%| F|  |TAMS 0x00000000a9c00000, 0x00000000a9c00000| Untracked 
| 669|0x00000000a9d00000, 0x00000000a9d00000, 0x00000000a9e00000|  0%| F|  |TAMS 0x00000000a9d00000, 0x00000000a9d00000| Untracked 
| 670|0x00000000a9e00000, 0x00000000a9e00000, 0x00000000a9f00000|  0%| F|  |TAMS 0x00000000a9e00000, 0x00000000a9e00000| Untracked 
| 671|0x00000000a9f00000, 0x00000000a9f00000, 0x00000000aa000000|  0%| F|  |TAMS 0x00000000a9f00000, 0x00000000a9f00000| Untracked 
| 672|0x00000000aa000000, 0x00000000aa000000, 0x00000000aa100000|  0%| F|  |TAMS 0x00000000aa000000, 0x00000000aa000000| Untracked 
| 673|0x00000000aa100000, 0x00000000aa100000, 0x00000000aa200000|  0%| F|  |TAMS 0x00000000aa100000, 0x00000000aa100000| Untracked 
| 674|0x00000000aa200000, 0x00000000aa200000, 0x00000000aa300000|  0%| F|  |TAMS 0x00000000aa200000, 0x00000000aa200000| Untracked 
| 675|0x00000000aa300000, 0x00000000aa300000, 0x00000000aa400000|  0%| F|  |TAMS 0x00000000aa300000, 0x00000000aa300000| Untracked 
| 676|0x00000000aa400000, 0x00000000aa400000, 0x00000000aa500000|  0%| F|  |TAMS 0x00000000aa400000, 0x00000000aa400000| Untracked 
| 677|0x00000000aa500000, 0x00000000aa500000, 0x00000000aa600000|  0%| F|  |TAMS 0x00000000aa500000, 0x00000000aa500000| Untracked 
| 678|0x00000000aa600000, 0x00000000aa600000, 0x00000000aa700000|  0%| F|  |TAMS 0x00000000aa600000, 0x00000000aa600000| Untracked 
| 679|0x00000000aa700000, 0x00000000aa700000, 0x00000000aa800000|  0%| F|  |TAMS 0x00000000aa700000, 0x00000000aa700000| Untracked 
| 680|0x00000000aa800000, 0x00000000aa800000, 0x00000000aa900000|  0%| F|  |TAMS 0x00000000aa800000, 0x00000000aa800000| Untracked 
| 681|0x00000000aa900000, 0x00000000aa900000, 0x00000000aaa00000|  0%| F|  |TAMS 0x00000000aa900000, 0x00000000aa900000| Untracked 
| 682|0x00000000aaa00000, 0x00000000aaa00000, 0x00000000aab00000|  0%| F|  |TAMS 0x00000000aaa00000, 0x00000000aaa00000| Untracked 
| 683|0x00000000aab00000, 0x00000000aab00000, 0x00000000aac00000|  0%| F|  |TAMS 0x00000000aab00000, 0x00000000aab00000| Untracked 
| 684|0x00000000aac00000, 0x00000000aac00000, 0x00000000aad00000|  0%| F|  |TAMS 0x00000000aac00000, 0x00000000aac00000| Untracked 
| 685|0x00000000aad00000, 0x00000000aad00000, 0x00000000aae00000|  0%| F|  |TAMS 0x00000000aad00000, 0x00000000aad00000| Untracked 
| 686|0x00000000aae00000, 0x00000000aae00000, 0x00000000aaf00000|  0%| F|  |TAMS 0x00000000aae00000, 0x00000000aae00000| Untracked 
| 687|0x00000000aaf00000, 0x00000000aaf00000, 0x00000000ab000000|  0%| F|  |TAMS 0x00000000aaf00000, 0x00000000aaf00000| Untracked 
| 688|0x00000000ab000000, 0x00000000ab000000, 0x00000000ab100000|  0%| F|  |TAMS 0x00000000ab000000, 0x00000000ab000000| Untracked 
| 689|0x00000000ab100000, 0x00000000ab100000, 0x00000000ab200000|  0%| F|  |TAMS 0x00000000ab100000, 0x00000000ab100000| Untracked 
| 690|0x00000000ab200000, 0x00000000ab200000, 0x00000000ab300000|  0%| F|  |TAMS 0x00000000ab200000, 0x00000000ab200000| Untracked 
| 691|0x00000000ab300000, 0x00000000ab300000, 0x00000000ab400000|  0%| F|  |TAMS 0x00000000ab300000, 0x00000000ab300000| Untracked 
| 692|0x00000000ab400000, 0x00000000ab400000, 0x00000000ab500000|  0%| F|  |TAMS 0x00000000ab400000, 0x00000000ab400000| Untracked 
| 693|0x00000000ab500000, 0x00000000ab500000, 0x00000000ab600000|  0%| F|  |TAMS 0x00000000ab500000, 0x00000000ab500000| Untracked 
| 694|0x00000000ab600000, 0x00000000ab600000, 0x00000000ab700000|  0%| F|  |TAMS 0x00000000ab600000, 0x00000000ab600000| Untracked 
| 695|0x00000000ab700000, 0x00000000ab700000, 0x00000000ab800000|  0%| F|  |TAMS 0x00000000ab700000, 0x00000000ab700000| Untracked 
| 696|0x00000000ab800000, 0x00000000ab800000, 0x00000000ab900000|  0%| F|  |TAMS 0x00000000ab800000, 0x00000000ab800000| Untracked 
| 697|0x00000000ab900000, 0x00000000ab900000, 0x00000000aba00000|  0%| F|  |TAMS 0x00000000ab900000, 0x00000000ab900000| Untracked 
| 698|0x00000000aba00000, 0x00000000aba00000, 0x00000000abb00000|  0%| F|  |TAMS 0x00000000aba00000, 0x00000000aba00000| Untracked 
| 699|0x00000000abb00000, 0x00000000abb00000, 0x00000000abc00000|  0%| F|  |TAMS 0x00000000abb00000, 0x00000000abb00000| Untracked 
| 700|0x00000000abc00000, 0x00000000abc00000, 0x00000000abd00000|  0%| F|  |TAMS 0x00000000abc00000, 0x00000000abc00000| Untracked 
| 701|0x00000000abd00000, 0x00000000abd00000, 0x00000000abe00000|  0%| F|  |TAMS 0x00000000abd00000, 0x00000000abd00000| Untracked 
| 702|0x00000000abe00000, 0x00000000abe00000, 0x00000000abf00000|  0%| F|  |TAMS 0x00000000abe00000, 0x00000000abe00000| Untracked 
| 703|0x00000000abf00000, 0x00000000abf00000, 0x00000000ac000000|  0%| F|  |TAMS 0x00000000abf00000, 0x00000000abf00000| Untracked 
| 704|0x00000000ac000000, 0x00000000ac000000, 0x00000000ac100000|  0%| F|  |TAMS 0x00000000ac000000, 0x00000000ac000000| Untracked 
| 705|0x00000000ac100000, 0x00000000ac100000, 0x00000000ac200000|  0%| F|  |TAMS 0x00000000ac100000, 0x00000000ac100000| Untracked 
| 706|0x00000000ac200000, 0x00000000ac200000, 0x00000000ac300000|  0%| F|  |TAMS 0x00000000ac200000, 0x00000000ac200000| Untracked 
| 707|0x00000000ac300000, 0x00000000ac300000, 0x00000000ac400000|  0%| F|  |TAMS 0x00000000ac300000, 0x00000000ac300000| Untracked 
| 708|0x00000000ac400000, 0x00000000ac400000, 0x00000000ac500000|  0%| F|  |TAMS 0x00000000ac400000, 0x00000000ac400000| Untracked 
| 709|0x00000000ac500000, 0x00000000ac500000, 0x00000000ac600000|  0%| F|  |TAMS 0x00000000ac500000, 0x00000000ac500000| Untracked 
| 710|0x00000000ac600000, 0x00000000ac600000, 0x00000000ac700000|  0%| F|  |TAMS 0x00000000ac600000, 0x00000000ac600000| Untracked 
| 711|0x00000000ac700000, 0x00000000ac700000, 0x00000000ac800000|  0%| F|  |TAMS 0x00000000ac700000, 0x00000000ac700000| Untracked 
| 712|0x00000000ac800000, 0x00000000ac800000, 0x00000000ac900000|  0%| F|  |TAMS 0x00000000ac800000, 0x00000000ac800000| Untracked 
| 713|0x00000000ac900000, 0x00000000ac900000, 0x00000000aca00000|  0%| F|  |TAMS 0x00000000ac900000, 0x00000000ac900000| Untracked 
| 714|0x00000000aca00000, 0x00000000aca00000, 0x00000000acb00000|  0%| F|  |TAMS 0x00000000aca00000, 0x00000000aca00000| Untracked 
| 715|0x00000000acb00000, 0x00000000acb00000, 0x00000000acc00000|  0%| F|  |TAMS 0x00000000acb00000, 0x00000000acb00000| Untracked 
| 716|0x00000000acc00000, 0x00000000acc00000, 0x00000000acd00000|  0%| F|  |TAMS 0x00000000acc00000, 0x00000000acc00000| Untracked 
| 717|0x00000000acd00000, 0x00000000acd00000, 0x00000000ace00000|  0%| F|  |TAMS 0x00000000acd00000, 0x00000000acd00000| Untracked 
| 718|0x00000000ace00000, 0x00000000ace00000, 0x00000000acf00000|  0%| F|  |TAMS 0x00000000ace00000, 0x00000000ace00000| Untracked 
| 719|0x00000000acf00000, 0x00000000acf00000, 0x00000000ad000000|  0%| F|  |TAMS 0x00000000acf00000, 0x00000000acf00000| Untracked 
| 720|0x00000000ad000000, 0x00000000ad000000, 0x00000000ad100000|  0%| F|  |TAMS 0x00000000ad000000, 0x00000000ad000000| Untracked 
| 721|0x00000000ad100000, 0x00000000ad100000, 0x00000000ad200000|  0%| F|  |TAMS 0x00000000ad100000, 0x00000000ad100000| Untracked 
| 722|0x00000000ad200000, 0x00000000ad200000, 0x00000000ad300000|  0%| F|  |TAMS 0x00000000ad200000, 0x00000000ad200000| Untracked 
| 723|0x00000000ad300000, 0x00000000ad300000, 0x00000000ad400000|  0%| F|  |TAMS 0x00000000ad300000, 0x00000000ad300000| Untracked 
| 724|0x00000000ad400000, 0x00000000ad400000, 0x00000000ad500000|  0%| F|  |TAMS 0x00000000ad400000, 0x00000000ad400000| Untracked 
| 725|0x00000000ad500000, 0x00000000ad500000, 0x00000000ad600000|  0%| F|  |TAMS 0x00000000ad500000, 0x00000000ad500000| Untracked 
| 726|0x00000000ad600000, 0x00000000ad600000, 0x00000000ad700000|  0%| F|  |TAMS 0x00000000ad600000, 0x00000000ad600000| Untracked 
| 727|0x00000000ad700000, 0x00000000ad700000, 0x00000000ad800000|  0%| F|  |TAMS 0x00000000ad700000, 0x00000000ad700000| Untracked 
| 728|0x00000000ad800000, 0x00000000ad800000, 0x00000000ad900000|  0%| F|  |TAMS 0x00000000ad800000, 0x00000000ad800000| Untracked 
| 729|0x00000000ad900000, 0x00000000ad900000, 0x00000000ada00000|  0%| F|  |TAMS 0x00000000ad900000, 0x00000000ad900000| Untracked 
| 730|0x00000000ada00000, 0x00000000ada00000, 0x00000000adb00000|  0%| F|  |TAMS 0x00000000ada00000, 0x00000000ada00000| Untracked 
| 731|0x00000000adb00000, 0x00000000adb00000, 0x00000000adc00000|  0%| F|  |TAMS 0x00000000adb00000, 0x00000000adb00000| Untracked 
| 732|0x00000000adc00000, 0x00000000adc00000, 0x00000000add00000|  0%| F|  |TAMS 0x00000000adc00000, 0x00000000adc00000| Untracked 
| 733|0x00000000add00000, 0x00000000add00000, 0x00000000ade00000|  0%| F|  |TAMS 0x00000000add00000, 0x00000000add00000| Untracked 
| 734|0x00000000ade00000, 0x00000000ade00000, 0x00000000adf00000|  0%| F|  |TAMS 0x00000000ade00000, 0x00000000ade00000| Untracked 
| 735|0x00000000adf00000, 0x00000000adf00000, 0x00000000ae000000|  0%| F|  |TAMS 0x00000000adf00000, 0x00000000adf00000| Untracked 
| 736|0x00000000ae000000, 0x00000000ae000000, 0x00000000ae100000|  0%| F|  |TAMS 0x00000000ae000000, 0x00000000ae000000| Untracked 
| 737|0x00000000ae100000, 0x00000000ae100000, 0x00000000ae200000|  0%| F|  |TAMS 0x00000000ae100000, 0x00000000ae100000| Untracked 
| 738|0x00000000ae200000, 0x00000000ae200000, 0x00000000ae300000|  0%| F|  |TAMS 0x00000000ae200000, 0x00000000ae200000| Untracked 
| 739|0x00000000ae300000, 0x00000000ae300000, 0x00000000ae400000|  0%| F|  |TAMS 0x00000000ae300000, 0x00000000ae300000| Untracked 
| 740|0x00000000ae400000, 0x00000000ae400000, 0x00000000ae500000|  0%| F|  |TAMS 0x00000000ae400000, 0x00000000ae400000| Untracked 
| 741|0x00000000ae500000, 0x00000000ae500000, 0x00000000ae600000|  0%| F|  |TAMS 0x00000000ae500000, 0x00000000ae500000| Untracked 
| 742|0x00000000ae600000, 0x00000000ae600000, 0x00000000ae700000|  0%| F|  |TAMS 0x00000000ae600000, 0x00000000ae600000| Untracked 
| 743|0x00000000ae700000, 0x00000000ae700000, 0x00000000ae800000|  0%| F|  |TAMS 0x00000000ae700000, 0x00000000ae700000| Untracked 
| 744|0x00000000ae800000, 0x00000000ae800000, 0x00000000ae900000|  0%| F|  |TAMS 0x00000000ae800000, 0x00000000ae800000| Untracked 
| 745|0x00000000ae900000, 0x00000000ae900000, 0x00000000aea00000|  0%| F|  |TAMS 0x00000000ae900000, 0x00000000ae900000| Untracked 
| 746|0x00000000aea00000, 0x00000000aea00000, 0x00000000aeb00000|  0%| F|  |TAMS 0x00000000aea00000, 0x00000000aea00000| Untracked 
| 747|0x00000000aeb00000, 0x00000000aeb00000, 0x00000000aec00000|  0%| F|  |TAMS 0x00000000aeb00000, 0x00000000aeb00000| Untracked 
| 748|0x00000000aec00000, 0x00000000aec00000, 0x00000000aed00000|  0%| F|  |TAMS 0x00000000aec00000, 0x00000000aec00000| Untracked 
| 749|0x00000000aed00000, 0x00000000aed00000, 0x00000000aee00000|  0%| F|  |TAMS 0x00000000aed00000, 0x00000000aed00000| Untracked 
| 750|0x00000000aee00000, 0x00000000aee00000, 0x00000000aef00000|  0%| F|  |TAMS 0x00000000aee00000, 0x00000000aee00000| Untracked 
| 751|0x00000000aef00000, 0x00000000aef00000, 0x00000000af000000|  0%| F|  |TAMS 0x00000000aef00000, 0x00000000aef00000| Untracked 
| 752|0x00000000af000000, 0x00000000af000000, 0x00000000af100000|  0%| F|  |TAMS 0x00000000af000000, 0x00000000af000000| Untracked 
| 753|0x00000000af100000, 0x00000000af100000, 0x00000000af200000|  0%| F|  |TAMS 0x00000000af100000, 0x00000000af100000| Untracked 
| 754|0x00000000af200000, 0x00000000af200000, 0x00000000af300000|  0%| F|  |TAMS 0x00000000af200000, 0x00000000af200000| Untracked 
| 755|0x00000000af300000, 0x00000000af300000, 0x00000000af400000|  0%| F|  |TAMS 0x00000000af300000, 0x00000000af300000| Untracked 
| 756|0x00000000af400000, 0x00000000af400000, 0x00000000af500000|  0%| F|  |TAMS 0x00000000af400000, 0x00000000af400000| Untracked 
| 757|0x00000000af500000, 0x00000000af500000, 0x00000000af600000|  0%| F|  |TAMS 0x00000000af500000, 0x00000000af500000| Untracked 
| 758|0x00000000af600000, 0x00000000af600000, 0x00000000af700000|  0%| F|  |TAMS 0x00000000af600000, 0x00000000af600000| Untracked 
| 759|0x00000000af700000, 0x00000000af700000, 0x00000000af800000|  0%| F|  |TAMS 0x00000000af700000, 0x00000000af700000| Untracked 
| 760|0x00000000af800000, 0x00000000af800000, 0x00000000af900000|  0%| F|  |TAMS 0x00000000af800000, 0x00000000af800000| Untracked 
| 761|0x00000000af900000, 0x00000000af900000, 0x00000000afa00000|  0%| F|  |TAMS 0x00000000af900000, 0x00000000af900000| Untracked 
| 762|0x00000000afa00000, 0x00000000afa00000, 0x00000000afb00000|  0%| F|  |TAMS 0x00000000afa00000, 0x00000000afa00000| Untracked 
| 763|0x00000000afb00000, 0x00000000afb00000, 0x00000000afc00000|  0%| F|  |TAMS 0x00000000afb00000, 0x00000000afb00000| Untracked 
| 764|0x00000000afc00000, 0x00000000afc00000, 0x00000000afd00000|  0%| F|  |TAMS 0x00000000afc00000, 0x00000000afc00000| Untracked 
| 765|0x00000000afd00000, 0x00000000afd00000, 0x00000000afe00000|  0%| F|  |TAMS 0x00000000afd00000, 0x00000000afd00000| Untracked 
| 766|0x00000000afe00000, 0x00000000afe00000, 0x00000000aff00000|  0%| F|  |TAMS 0x00000000afe00000, 0x00000000afe00000| Untracked 
| 767|0x00000000aff00000, 0x00000000aff33eb8, 0x00000000b0000000| 20%| S|CS|TAMS 0x00000000aff00000, 0x00000000aff00000| Complete 
| 768|0x00000000b0000000, 0x00000000b0100000, 0x00000000b0100000|100%| S|CS|TAMS 0x00000000b0000000, 0x00000000b0000000| Complete 
| 769|0x00000000b0100000, 0x00000000b0100000, 0x00000000b0200000|  0%| F|  |TAMS 0x00000000b0100000, 0x00000000b0100000| Untracked 
| 770|0x00000000b0200000, 0x00000000b0200000, 0x00000000b0300000|  0%| F|  |TAMS 0x00000000b0200000, 0x00000000b0200000| Untracked 
| 771|0x00000000b0300000, 0x00000000b0300000, 0x00000000b0400000|  0%| F|  |TAMS 0x00000000b0300000, 0x00000000b0300000| Untracked 
| 772|0x00000000b0400000, 0x00000000b0400000, 0x00000000b0500000|  0%| F|  |TAMS 0x00000000b0400000, 0x00000000b0400000| Untracked 
| 773|0x00000000b0500000, 0x00000000b0500000, 0x00000000b0600000|  0%| F|  |TAMS 0x00000000b0500000, 0x00000000b0500000| Untracked 
| 774|0x00000000b0600000, 0x00000000b0600000, 0x00000000b0700000|  0%| F|  |TAMS 0x00000000b0600000, 0x00000000b0600000| Untracked 
| 775|0x00000000b0700000, 0x00000000b0700000, 0x00000000b0800000|  0%| F|  |TAMS 0x00000000b0700000, 0x00000000b0700000| Untracked 
| 776|0x00000000b0800000, 0x00000000b0800000, 0x00000000b0900000|  0%| F|  |TAMS 0x00000000b0800000, 0x00000000b0800000| Untracked 
| 777|0x00000000b0900000, 0x00000000b0900000, 0x00000000b0a00000|  0%| F|  |TAMS 0x00000000b0900000, 0x00000000b0900000| Untracked 
| 778|0x00000000b0a00000, 0x00000000b0a00000, 0x00000000b0b00000|  0%| F|  |TAMS 0x00000000b0a00000, 0x00000000b0a00000| Untracked 
| 779|0x00000000b0b00000, 0x00000000b0b00000, 0x00000000b0c00000|  0%| F|  |TAMS 0x00000000b0b00000, 0x00000000b0b00000| Untracked 
| 780|0x00000000b0c00000, 0x00000000b0c00000, 0x00000000b0d00000|  0%| F|  |TAMS 0x00000000b0c00000, 0x00000000b0c00000| Untracked 
| 781|0x00000000b0d00000, 0x00000000b0d00000, 0x00000000b0e00000|  0%| F|  |TAMS 0x00000000b0d00000, 0x00000000b0d00000| Untracked 
| 782|0x00000000b0e00000, 0x00000000b0e00000, 0x00000000b0f00000|  0%| F|  |TAMS 0x00000000b0e00000, 0x00000000b0e00000| Untracked 
| 783|0x00000000b0f00000, 0x00000000b0f00000, 0x00000000b1000000|  0%| F|  |TAMS 0x00000000b0f00000, 0x00000000b0f00000| Untracked 
| 784|0x00000000b1000000, 0x00000000b1000000, 0x00000000b1100000|  0%| F|  |TAMS 0x00000000b1000000, 0x00000000b1000000| Untracked 
| 785|0x00000000b1100000, 0x00000000b1100000, 0x00000000b1200000|  0%| F|  |TAMS 0x00000000b1100000, 0x00000000b1100000| Untracked 
| 786|0x00000000b1200000, 0x00000000b1200000, 0x00000000b1300000|  0%| F|  |TAMS 0x00000000b1200000, 0x00000000b1200000| Untracked 
| 787|0x00000000b1300000, 0x00000000b1300000, 0x00000000b1400000|  0%| F|  |TAMS 0x00000000b1300000, 0x00000000b1300000| Untracked 
| 788|0x00000000b1400000, 0x00000000b1400000, 0x00000000b1500000|  0%| F|  |TAMS 0x00000000b1400000, 0x00000000b1400000| Untracked 
| 789|0x00000000b1500000, 0x00000000b1500000, 0x00000000b1600000|  0%| F|  |TAMS 0x00000000b1500000, 0x00000000b1500000| Untracked 
| 790|0x00000000b1600000, 0x00000000b1600000, 0x00000000b1700000|  0%| F|  |TAMS 0x00000000b1600000, 0x00000000b1600000| Untracked 
| 791|0x00000000b1700000, 0x00000000b1700000, 0x00000000b1800000|  0%| F|  |TAMS 0x00000000b1700000, 0x00000000b1700000| Untracked 
| 792|0x00000000b1800000, 0x00000000b1800000, 0x00000000b1900000|  0%| F|  |TAMS 0x00000000b1800000, 0x00000000b1800000| Untracked 
| 793|0x00000000b1900000, 0x00000000b1900000, 0x00000000b1a00000|  0%| F|  |TAMS 0x00000000b1900000, 0x00000000b1900000| Untracked 
| 794|0x00000000b1a00000, 0x00000000b1a00000, 0x00000000b1b00000|  0%| F|  |TAMS 0x00000000b1a00000, 0x00000000b1a00000| Untracked 
| 795|0x00000000b1b00000, 0x00000000b1b00000, 0x00000000b1c00000|  0%| F|  |TAMS 0x00000000b1b00000, 0x00000000b1b00000| Untracked 
| 796|0x00000000b1c00000, 0x00000000b1c00000, 0x00000000b1d00000|  0%| F|  |TAMS 0x00000000b1c00000, 0x00000000b1c00000| Untracked 
| 797|0x00000000b1d00000, 0x00000000b1d00000, 0x00000000b1e00000|  0%| F|  |TAMS 0x00000000b1d00000, 0x00000000b1d00000| Untracked 
| 798|0x00000000b1e00000, 0x00000000b1e00000, 0x00000000b1f00000|  0%| F|  |TAMS 0x00000000b1e00000, 0x00000000b1e00000| Untracked 
| 799|0x00000000b1f00000, 0x00000000b1f00000, 0x00000000b2000000|  0%| F|  |TAMS 0x00000000b1f00000, 0x00000000b1f00000| Untracked 
| 800|0x00000000b2000000, 0x00000000b2000000, 0x00000000b2100000|  0%| F|  |TAMS 0x00000000b2000000, 0x00000000b2000000| Untracked 
| 801|0x00000000b2100000, 0x00000000b2100000, 0x00000000b2200000|  0%| F|  |TAMS 0x00000000b2100000, 0x00000000b2100000| Untracked 
| 802|0x00000000b2200000, 0x00000000b2200000, 0x00000000b2300000|  0%| F|  |TAMS 0x00000000b2200000, 0x00000000b2200000| Untracked 
| 803|0x00000000b2300000, 0x00000000b2300000, 0x00000000b2400000|  0%| F|  |TAMS 0x00000000b2300000, 0x00000000b2300000| Untracked 
| 804|0x00000000b2400000, 0x00000000b2400000, 0x00000000b2500000|  0%| F|  |TAMS 0x00000000b2400000, 0x00000000b2400000| Untracked 
| 805|0x00000000b2500000, 0x00000000b2500000, 0x00000000b2600000|  0%| F|  |TAMS 0x00000000b2500000, 0x00000000b2500000| Untracked 
| 806|0x00000000b2600000, 0x00000000b2600000, 0x00000000b2700000|  0%| F|  |TAMS 0x00000000b2600000, 0x00000000b2600000| Untracked 
| 807|0x00000000b2700000, 0x00000000b2700000, 0x00000000b2800000|  0%| F|  |TAMS 0x00000000b2700000, 0x00000000b2700000| Untracked 
| 808|0x00000000b2800000, 0x00000000b2800000, 0x00000000b2900000|  0%| F|  |TAMS 0x00000000b2800000, 0x00000000b2800000| Untracked 
| 809|0x00000000b2900000, 0x00000000b2900000, 0x00000000b2a00000|  0%| F|  |TAMS 0x00000000b2900000, 0x00000000b2900000| Untracked 
| 810|0x00000000b2a00000, 0x00000000b2a00000, 0x00000000b2b00000|  0%| F|  |TAMS 0x00000000b2a00000, 0x00000000b2a00000| Untracked 
| 811|0x00000000b2b00000, 0x00000000b2b00000, 0x00000000b2c00000|  0%| F|  |TAMS 0x00000000b2b00000, 0x00000000b2b00000| Untracked 
| 812|0x00000000b2c00000, 0x00000000b2c00000, 0x00000000b2d00000|  0%| F|  |TAMS 0x00000000b2c00000, 0x00000000b2c00000| Untracked 
| 813|0x00000000b2d00000, 0x00000000b2d00000, 0x00000000b2e00000|  0%| F|  |TAMS 0x00000000b2d00000, 0x00000000b2d00000| Untracked 
| 814|0x00000000b2e00000, 0x00000000b2e00000, 0x00000000b2f00000|  0%| F|  |TAMS 0x00000000b2e00000, 0x00000000b2e00000| Untracked 
| 815|0x00000000b2f00000, 0x00000000b2f00000, 0x00000000b3000000|  0%| F|  |TAMS 0x00000000b2f00000, 0x00000000b2f00000| Untracked 
| 816|0x00000000b3000000, 0x00000000b3000000, 0x00000000b3100000|  0%| F|  |TAMS 0x00000000b3000000, 0x00000000b3000000| Untracked 
| 817|0x00000000b3100000, 0x00000000b3100000, 0x00000000b3200000|  0%| F|  |TAMS 0x00000000b3100000, 0x00000000b3100000| Untracked 
| 818|0x00000000b3200000, 0x00000000b3200000, 0x00000000b3300000|  0%| F|  |TAMS 0x00000000b3200000, 0x00000000b3200000| Untracked 
| 819|0x00000000b3300000, 0x00000000b3300000, 0x00000000b3400000|  0%| F|  |TAMS 0x00000000b3300000, 0x00000000b3300000| Untracked 
| 820|0x00000000b3400000, 0x00000000b3400000, 0x00000000b3500000|  0%| F|  |TAMS 0x00000000b3400000, 0x00000000b3400000| Untracked 
| 821|0x00000000b3500000, 0x00000000b3500000, 0x00000000b3600000|  0%| F|  |TAMS 0x00000000b3500000, 0x00000000b3500000| Untracked 
| 822|0x00000000b3600000, 0x00000000b3700000, 0x00000000b3700000|100%| E|  |TAMS 0x00000000b3600000, 0x00000000b3600000| Complete 
| 823|0x00000000b3700000, 0x00000000b3800000, 0x00000000b3800000|100%| E|CS|TAMS 0x00000000b3700000, 0x00000000b3700000| Complete 
| 824|0x00000000b3800000, 0x00000000b3900000, 0x00000000b3900000|100%| E|CS|TAMS 0x00000000b3800000, 0x00000000b3800000| Complete 
| 825|0x00000000b3900000, 0x00000000b3a00000, 0x00000000b3a00000|100%| E|CS|TAMS 0x00000000b3900000, 0x00000000b3900000| Complete 
| 826|0x00000000b3a00000, 0x00000000b3b00000, 0x00000000b3b00000|100%| E|CS|TAMS 0x00000000b3a00000, 0x00000000b3a00000| Complete 
| 827|0x00000000b3b00000, 0x00000000b3c00000, 0x00000000b3c00000|100%| E|CS|TAMS 0x00000000b3b00000, 0x00000000b3b00000| Complete 
| 828|0x00000000b3c00000, 0x00000000b3d00000, 0x00000000b3d00000|100%| E|CS|TAMS 0x00000000b3c00000, 0x00000000b3c00000| Complete 
| 829|0x00000000b3d00000, 0x00000000b3e00000, 0x00000000b3e00000|100%| E|CS|TAMS 0x00000000b3d00000, 0x00000000b3d00000| Complete 
| 830|0x00000000b3e00000, 0x00000000b3f00000, 0x00000000b3f00000|100%| E|CS|TAMS 0x00000000b3e00000, 0x00000000b3e00000| Complete 
| 831|0x00000000b3f00000, 0x00000000b4000000, 0x00000000b4000000|100%| E|CS|TAMS 0x00000000b3f00000, 0x00000000b3f00000| Complete 
| 832|0x00000000b4000000, 0x00000000b4100000, 0x00000000b4100000|100%| E|CS|TAMS 0x00000000b4000000, 0x00000000b4000000| Complete 
| 833|0x00000000b4100000, 0x00000000b4200000, 0x00000000b4200000|100%| E|CS|TAMS 0x00000000b4100000, 0x00000000b4100000| Complete 
| 834|0x00000000b4200000, 0x00000000b4300000, 0x00000000b4300000|100%| E|CS|TAMS 0x00000000b4200000, 0x00000000b4200000| Complete 
| 835|0x00000000b4300000, 0x00000000b4400000, 0x00000000b4400000|100%| E|CS|TAMS 0x00000000b4300000, 0x00000000b4300000| Complete 
| 836|0x00000000b4400000, 0x00000000b4500000, 0x00000000b4500000|100%| E|CS|TAMS 0x00000000b4400000, 0x00000000b4400000| Complete 
| 837|0x00000000b4500000, 0x00000000b4600000, 0x00000000b4600000|100%| E|CS|TAMS 0x00000000b4500000, 0x00000000b4500000| Complete 
| 838|0x00000000b4600000, 0x00000000b4700000, 0x00000000b4700000|100%| E|CS|TAMS 0x00000000b4600000, 0x00000000b4600000| Complete 
| 839|0x00000000b4700000, 0x00000000b4800000, 0x00000000b4800000|100%| E|CS|TAMS 0x00000000b4700000, 0x00000000b4700000| Complete 
| 840|0x00000000b4800000, 0x00000000b4900000, 0x00000000b4900000|100%| E|CS|TAMS 0x00000000b4800000, 0x00000000b4800000| Complete 
| 841|0x00000000b4900000, 0x00000000b4a00000, 0x00000000b4a00000|100%| E|CS|TAMS 0x00000000b4900000, 0x00000000b4900000| Complete 
| 842|0x00000000b4a00000, 0x00000000b4b00000, 0x00000000b4b00000|100%| E|CS|TAMS 0x00000000b4a00000, 0x00000000b4a00000| Complete 
| 843|0x00000000b4b00000, 0x00000000b4c00000, 0x00000000b4c00000|100%| E|CS|TAMS 0x00000000b4b00000, 0x00000000b4b00000| Complete 
| 844|0x00000000b4c00000, 0x00000000b4d00000, 0x00000000b4d00000|100%| E|CS|TAMS 0x00000000b4c00000, 0x00000000b4c00000| Complete 
| 845|0x00000000b4d00000, 0x00000000b4e00000, 0x00000000b4e00000|100%| E|CS|TAMS 0x00000000b4d00000, 0x00000000b4d00000| Complete 
| 846|0x00000000b4e00000, 0x00000000b4f00000, 0x00000000b4f00000|100%| E|CS|TAMS 0x00000000b4e00000, 0x00000000b4e00000| Complete 
| 847|0x00000000b4f00000, 0x00000000b5000000, 0x00000000b5000000|100%| E|CS|TAMS 0x00000000b4f00000, 0x00000000b4f00000| Complete 
| 848|0x00000000b5000000, 0x00000000b5100000, 0x00000000b5100000|100%| E|CS|TAMS 0x00000000b5000000, 0x00000000b5000000| Complete 
| 849|0x00000000b5100000, 0x00000000b5200000, 0x00000000b5200000|100%| E|CS|TAMS 0x00000000b5100000, 0x00000000b5100000| Complete 
| 850|0x00000000b5200000, 0x00000000b5300000, 0x00000000b5300000|100%| E|CS|TAMS 0x00000000b5200000, 0x00000000b5200000| Complete 
| 851|0x00000000b5300000, 0x00000000b5400000, 0x00000000b5400000|100%| E|CS|TAMS 0x00000000b5300000, 0x00000000b5300000| Complete 
| 852|0x00000000b5400000, 0x00000000b5500000, 0x00000000b5500000|100%| E|CS|TAMS 0x00000000b5400000, 0x00000000b5400000| Complete 
| 853|0x00000000b5500000, 0x00000000b5600000, 0x00000000b5600000|100%| E|CS|TAMS 0x00000000b5500000, 0x00000000b5500000| Complete 
| 854|0x00000000b5600000, 0x00000000b5700000, 0x00000000b5700000|100%| E|CS|TAMS 0x00000000b5600000, 0x00000000b5600000| Complete 
| 855|0x00000000b5700000, 0x00000000b5800000, 0x00000000b5800000|100%| E|CS|TAMS 0x00000000b5700000, 0x00000000b5700000| Complete 
| 856|0x00000000b5800000, 0x00000000b5900000, 0x00000000b5900000|100%| E|CS|TAMS 0x00000000b5800000, 0x00000000b5800000| Complete 
| 857|0x00000000b5900000, 0x00000000b5a00000, 0x00000000b5a00000|100%| E|CS|TAMS 0x00000000b5900000, 0x00000000b5900000| Complete 
| 858|0x00000000b5a00000, 0x00000000b5b00000, 0x00000000b5b00000|100%| E|CS|TAMS 0x00000000b5a00000, 0x00000000b5a00000| Complete 
| 859|0x00000000b5b00000, 0x00000000b5c00000, 0x00000000b5c00000|100%| E|CS|TAMS 0x00000000b5b00000, 0x00000000b5b00000| Complete 
| 860|0x00000000b5c00000, 0x00000000b5d00000, 0x00000000b5d00000|100%| E|CS|TAMS 0x00000000b5c00000, 0x00000000b5c00000| Complete 
| 861|0x00000000b5d00000, 0x00000000b5e00000, 0x00000000b5e00000|100%| E|CS|TAMS 0x00000000b5d00000, 0x00000000b5d00000| Complete 
| 862|0x00000000b5e00000, 0x00000000b5f00000, 0x00000000b5f00000|100%| E|CS|TAMS 0x00000000b5e00000, 0x00000000b5e00000| Complete 
| 863|0x00000000b5f00000, 0x00000000b6000000, 0x00000000b6000000|100%| E|CS|TAMS 0x00000000b5f00000, 0x00000000b5f00000| Complete 
| 864|0x00000000b6000000, 0x00000000b6100000, 0x00000000b6100000|100%| E|CS|TAMS 0x00000000b6000000, 0x00000000b6000000| Complete 
| 865|0x00000000b6100000, 0x00000000b6200000, 0x00000000b6200000|100%| E|CS|TAMS 0x00000000b6100000, 0x00000000b6100000| Complete 
| 866|0x00000000b6200000, 0x00000000b6300000, 0x00000000b6300000|100%| E|CS|TAMS 0x00000000b6200000, 0x00000000b6200000| Complete 
| 867|0x00000000b6300000, 0x00000000b6400000, 0x00000000b6400000|100%| E|CS|TAMS 0x00000000b6300000, 0x00000000b6300000| Complete 
| 868|0x00000000b6400000, 0x00000000b6500000, 0x00000000b6500000|100%| E|CS|TAMS 0x00000000b6400000, 0x00000000b6400000| Complete 
| 869|0x00000000b6500000, 0x00000000b6600000, 0x00000000b6600000|100%| E|CS|TAMS 0x00000000b6500000, 0x00000000b6500000| Complete 
| 870|0x00000000b6600000, 0x00000000b6700000, 0x00000000b6700000|100%| E|CS|TAMS 0x00000000b6600000, 0x00000000b6600000| Complete 
| 871|0x00000000b6700000, 0x00000000b6800000, 0x00000000b6800000|100%| E|CS|TAMS 0x00000000b6700000, 0x00000000b6700000| Complete 
| 872|0x00000000b6800000, 0x00000000b6900000, 0x00000000b6900000|100%| E|CS|TAMS 0x00000000b6800000, 0x00000000b6800000| Complete 
| 873|0x00000000b6900000, 0x00000000b6a00000, 0x00000000b6a00000|100%| E|CS|TAMS 0x00000000b6900000, 0x00000000b6900000| Complete 
| 874|0x00000000b6a00000, 0x00000000b6b00000, 0x00000000b6b00000|100%| E|CS|TAMS 0x00000000b6a00000, 0x00000000b6a00000| Complete 
| 875|0x00000000b6b00000, 0x00000000b6c00000, 0x00000000b6c00000|100%| E|CS|TAMS 0x00000000b6b00000, 0x00000000b6b00000| Complete 
| 876|0x00000000b6c00000, 0x00000000b6d00000, 0x00000000b6d00000|100%| E|CS|TAMS 0x00000000b6c00000, 0x00000000b6c00000| Complete 
| 877|0x00000000b6d00000, 0x00000000b6e00000, 0x00000000b6e00000|100%| E|CS|TAMS 0x00000000b6d00000, 0x00000000b6d00000| Complete 
| 878|0x00000000b6e00000, 0x00000000b6f00000, 0x00000000b6f00000|100%| E|CS|TAMS 0x00000000b6e00000, 0x00000000b6e00000| Complete 
| 879|0x00000000b6f00000, 0x00000000b7000000, 0x00000000b7000000|100%| E|CS|TAMS 0x00000000b6f00000, 0x00000000b6f00000| Complete 
| 880|0x00000000b7000000, 0x00000000b7100000, 0x00000000b7100000|100%| E|CS|TAMS 0x00000000b7000000, 0x00000000b7000000| Complete 
| 881|0x00000000b7100000, 0x00000000b7200000, 0x00000000b7200000|100%| E|CS|TAMS 0x00000000b7100000, 0x00000000b7100000| Complete 
| 882|0x00000000b7200000, 0x00000000b7300000, 0x00000000b7300000|100%| E|CS|TAMS 0x00000000b7200000, 0x00000000b7200000| Complete 
| 883|0x00000000b7300000, 0x00000000b7400000, 0x00000000b7400000|100%| E|CS|TAMS 0x00000000b7300000, 0x00000000b7300000| Complete 
| 884|0x00000000b7400000, 0x00000000b7500000, 0x00000000b7500000|100%| E|CS|TAMS 0x00000000b7400000, 0x00000000b7400000| Complete 
| 885|0x00000000b7500000, 0x00000000b7600000, 0x00000000b7600000|100%| E|CS|TAMS 0x00000000b7500000, 0x00000000b7500000| Complete 
| 886|0x00000000b7600000, 0x00000000b7700000, 0x00000000b7700000|100%| E|CS|TAMS 0x00000000b7600000, 0x00000000b7600000| Complete 
| 887|0x00000000b7700000, 0x00000000b7800000, 0x00000000b7800000|100%| E|CS|TAMS 0x00000000b7700000, 0x00000000b7700000| Complete 
| 888|0x00000000b7800000, 0x00000000b7900000, 0x00000000b7900000|100%| E|CS|TAMS 0x00000000b7800000, 0x00000000b7800000| Complete 
| 889|0x00000000b7900000, 0x00000000b7a00000, 0x00000000b7a00000|100%| E|CS|TAMS 0x00000000b7900000, 0x00000000b7900000| Complete 
| 890|0x00000000b7a00000, 0x00000000b7b00000, 0x00000000b7b00000|100%| E|CS|TAMS 0x00000000b7a00000, 0x00000000b7a00000| Complete 
| 891|0x00000000b7b00000, 0x00000000b7c00000, 0x00000000b7c00000|100%| E|CS|TAMS 0x00000000b7b00000, 0x00000000b7b00000| Complete 
| 892|0x00000000b7c00000, 0x00000000b7d00000, 0x00000000b7d00000|100%| E|CS|TAMS 0x00000000b7c00000, 0x00000000b7c00000| Complete 
| 893|0x00000000b7d00000, 0x00000000b7e00000, 0x00000000b7e00000|100%| E|CS|TAMS 0x00000000b7d00000, 0x00000000b7d00000| Complete 
| 894|0x00000000b7e00000, 0x00000000b7f00000, 0x00000000b7f00000|100%| E|CS|TAMS 0x00000000b7e00000, 0x00000000b7e00000| Complete 
| 895|0x00000000b7f00000, 0x00000000b8000000, 0x00000000b8000000|100%| E|CS|TAMS 0x00000000b7f00000, 0x00000000b7f00000| Complete 
| 896|0x00000000b8000000, 0x00000000b8100000, 0x00000000b8100000|100%| E|CS|TAMS 0x00000000b8000000, 0x00000000b8000000| Complete 
| 897|0x00000000b8100000, 0x00000000b8200000, 0x00000000b8200000|100%| E|CS|TAMS 0x00000000b8100000, 0x00000000b8100000| Complete 
| 898|0x00000000b8200000, 0x00000000b8300000, 0x00000000b8300000|100%| E|CS|TAMS 0x00000000b8200000, 0x00000000b8200000| Complete 
| 899|0x00000000b8300000, 0x00000000b8400000, 0x00000000b8400000|100%| E|CS|TAMS 0x00000000b8300000, 0x00000000b8300000| Complete 
| 900|0x00000000b8400000, 0x00000000b8500000, 0x00000000b8500000|100%| E|CS|TAMS 0x00000000b8400000, 0x00000000b8400000| Complete 
| 901|0x00000000b8500000, 0x00000000b8600000, 0x00000000b8600000|100%| E|CS|TAMS 0x00000000b8500000, 0x00000000b8500000| Complete 
| 902|0x00000000b8600000, 0x00000000b8700000, 0x00000000b8700000|100%| E|CS|TAMS 0x00000000b8600000, 0x00000000b8600000| Complete 
| 903|0x00000000b8700000, 0x00000000b8800000, 0x00000000b8800000|100%| E|CS|TAMS 0x00000000b8700000, 0x00000000b8700000| Complete 
| 904|0x00000000b8800000, 0x00000000b8900000, 0x00000000b8900000|100%| E|CS|TAMS 0x00000000b8800000, 0x00000000b8800000| Complete 
| 905|0x00000000b8900000, 0x00000000b8a00000, 0x00000000b8a00000|100%| E|CS|TAMS 0x00000000b8900000, 0x00000000b8900000| Complete 
| 906|0x00000000b8a00000, 0x00000000b8b00000, 0x00000000b8b00000|100%| E|CS|TAMS 0x00000000b8a00000, 0x00000000b8a00000| Complete 
| 907|0x00000000b8b00000, 0x00000000b8c00000, 0x00000000b8c00000|100%| E|CS|TAMS 0x00000000b8b00000, 0x00000000b8b00000| Complete 
| 908|0x00000000b8c00000, 0x00000000b8d00000, 0x00000000b8d00000|100%| E|CS|TAMS 0x00000000b8c00000, 0x00000000b8c00000| Complete 
| 909|0x00000000b8d00000, 0x00000000b8e00000, 0x00000000b8e00000|100%| E|CS|TAMS 0x00000000b8d00000, 0x00000000b8d00000| Complete 
| 910|0x00000000b8e00000, 0x00000000b8f00000, 0x00000000b8f00000|100%| E|CS|TAMS 0x00000000b8e00000, 0x00000000b8e00000| Complete 
| 911|0x00000000b8f00000, 0x00000000b9000000, 0x00000000b9000000|100%| E|CS|TAMS 0x00000000b8f00000, 0x00000000b8f00000| Complete 
| 912|0x00000000b9000000, 0x00000000b9100000, 0x00000000b9100000|100%| E|CS|TAMS 0x00000000b9000000, 0x00000000b9000000| Complete 
| 913|0x00000000b9100000, 0x00000000b9200000, 0x00000000b9200000|100%| E|CS|TAMS 0x00000000b9100000, 0x00000000b9100000| Complete 
| 914|0x00000000b9200000, 0x00000000b9300000, 0x00000000b9300000|100%| E|CS|TAMS 0x00000000b9200000, 0x00000000b9200000| Complete 
| 915|0x00000000b9300000, 0x00000000b9400000, 0x00000000b9400000|100%| E|CS|TAMS 0x00000000b9300000, 0x00000000b9300000| Complete 
| 916|0x00000000b9400000, 0x00000000b9500000, 0x00000000b9500000|100%| E|CS|TAMS 0x00000000b9400000, 0x00000000b9400000| Complete 
| 917|0x00000000b9500000, 0x00000000b9600000, 0x00000000b9600000|100%| E|CS|TAMS 0x00000000b9500000, 0x00000000b9500000| Complete 
| 918|0x00000000b9600000, 0x00000000b9700000, 0x00000000b9700000|100%| E|CS|TAMS 0x00000000b9600000, 0x00000000b9600000| Complete 
| 919|0x00000000b9700000, 0x00000000b9800000, 0x00000000b9800000|100%| E|CS|TAMS 0x00000000b9700000, 0x00000000b9700000| Complete 
| 920|0x00000000b9800000, 0x00000000b9900000, 0x00000000b9900000|100%| E|CS|TAMS 0x00000000b9800000, 0x00000000b9800000| Complete 
| 921|0x00000000b9900000, 0x00000000b9a00000, 0x00000000b9a00000|100%| E|CS|TAMS 0x00000000b9900000, 0x00000000b9900000| Complete 
| 922|0x00000000b9a00000, 0x00000000b9b00000, 0x00000000b9b00000|100%| E|CS|TAMS 0x00000000b9a00000, 0x00000000b9a00000| Complete 
| 923|0x00000000b9b00000, 0x00000000b9c00000, 0x00000000b9c00000|100%| E|CS|TAMS 0x00000000b9b00000, 0x00000000b9b00000| Complete 
| 924|0x00000000b9c00000, 0x00000000b9d00000, 0x00000000b9d00000|100%| E|CS|TAMS 0x00000000b9c00000, 0x00000000b9c00000| Complete 
| 925|0x00000000b9d00000, 0x00000000b9e00000, 0x00000000b9e00000|100%| E|CS|TAMS 0x00000000b9d00000, 0x00000000b9d00000| Complete 
| 926|0x00000000b9e00000, 0x00000000b9f00000, 0x00000000b9f00000|100%| E|CS|TAMS 0x00000000b9e00000, 0x00000000b9e00000| Complete 
| 927|0x00000000b9f00000, 0x00000000ba000000, 0x00000000ba000000|100%| E|CS|TAMS 0x00000000b9f00000, 0x00000000b9f00000| Complete 
| 928|0x00000000ba000000, 0x00000000ba100000, 0x00000000ba100000|100%| E|CS|TAMS 0x00000000ba000000, 0x00000000ba000000| Complete 
| 929|0x00000000ba100000, 0x00000000ba200000, 0x00000000ba200000|100%| E|CS|TAMS 0x00000000ba100000, 0x00000000ba100000| Complete 
| 930|0x00000000ba200000, 0x00000000ba300000, 0x00000000ba300000|100%| E|CS|TAMS 0x00000000ba200000, 0x00000000ba200000| Complete 
| 931|0x00000000ba300000, 0x00000000ba400000, 0x00000000ba400000|100%| E|CS|TAMS 0x00000000ba300000, 0x00000000ba300000| Complete 
| 932|0x00000000ba400000, 0x00000000ba500000, 0x00000000ba500000|100%| E|CS|TAMS 0x00000000ba400000, 0x00000000ba400000| Complete 
| 933|0x00000000ba500000, 0x00000000ba600000, 0x00000000ba600000|100%| E|CS|TAMS 0x00000000ba500000, 0x00000000ba500000| Complete 
| 934|0x00000000ba600000, 0x00000000ba700000, 0x00000000ba700000|100%| E|CS|TAMS 0x00000000ba600000, 0x00000000ba600000| Complete 
| 935|0x00000000ba700000, 0x00000000ba800000, 0x00000000ba800000|100%| E|CS|TAMS 0x00000000ba700000, 0x00000000ba700000| Complete 
| 936|0x00000000ba800000, 0x00000000ba900000, 0x00000000ba900000|100%| E|CS|TAMS 0x00000000ba800000, 0x00000000ba800000| Complete 
| 937|0x00000000ba900000, 0x00000000baa00000, 0x00000000baa00000|100%| E|CS|TAMS 0x00000000ba900000, 0x00000000ba900000| Complete 
| 938|0x00000000baa00000, 0x00000000bab00000, 0x00000000bab00000|100%| E|CS|TAMS 0x00000000baa00000, 0x00000000baa00000| Complete 
| 939|0x00000000bab00000, 0x00000000bac00000, 0x00000000bac00000|100%| E|CS|TAMS 0x00000000bab00000, 0x00000000bab00000| Complete 
| 940|0x00000000bac00000, 0x00000000bad00000, 0x00000000bad00000|100%| E|CS|TAMS 0x00000000bac00000, 0x00000000bac00000| Complete 
| 941|0x00000000bad00000, 0x00000000bae00000, 0x00000000bae00000|100%| E|CS|TAMS 0x00000000bad00000, 0x00000000bad00000| Complete 
| 942|0x00000000bae00000, 0x00000000baf00000, 0x00000000baf00000|100%| E|CS|TAMS 0x00000000bae00000, 0x00000000bae00000| Complete 
| 943|0x00000000baf00000, 0x00000000bb000000, 0x00000000bb000000|100%| E|CS|TAMS 0x00000000baf00000, 0x00000000baf00000| Complete 
| 944|0x00000000bb000000, 0x00000000bb100000, 0x00000000bb100000|100%| E|CS|TAMS 0x00000000bb000000, 0x00000000bb000000| Complete 
| 945|0x00000000bb100000, 0x00000000bb200000, 0x00000000bb200000|100%| E|CS|TAMS 0x00000000bb100000, 0x00000000bb100000| Complete 
| 946|0x00000000bb200000, 0x00000000bb300000, 0x00000000bb300000|100%| E|CS|TAMS 0x00000000bb200000, 0x00000000bb200000| Complete 
| 947|0x00000000bb300000, 0x00000000bb400000, 0x00000000bb400000|100%| E|CS|TAMS 0x00000000bb300000, 0x00000000bb300000| Complete 
| 948|0x00000000bb400000, 0x00000000bb500000, 0x00000000bb500000|100%| E|CS|TAMS 0x00000000bb400000, 0x00000000bb400000| Complete 
| 949|0x00000000bb500000, 0x00000000bb600000, 0x00000000bb600000|100%| E|CS|TAMS 0x00000000bb500000, 0x00000000bb500000| Complete 
| 950|0x00000000bb600000, 0x00000000bb700000, 0x00000000bb700000|100%| E|CS|TAMS 0x00000000bb600000, 0x00000000bb600000| Complete 
| 951|0x00000000bb700000, 0x00000000bb800000, 0x00000000bb800000|100%| E|CS|TAMS 0x00000000bb700000, 0x00000000bb700000| Complete 
| 952|0x00000000bb800000, 0x00000000bb900000, 0x00000000bb900000|100%| E|CS|TAMS 0x00000000bb800000, 0x00000000bb800000| Complete 
| 953|0x00000000bb900000, 0x00000000bba00000, 0x00000000bba00000|100%| E|CS|TAMS 0x00000000bb900000, 0x00000000bb900000| Complete 
| 954|0x00000000bba00000, 0x00000000bbb00000, 0x00000000bbb00000|100%| E|CS|TAMS 0x00000000bba00000, 0x00000000bba00000| Complete 
| 955|0x00000000bbb00000, 0x00000000bbc00000, 0x00000000bbc00000|100%| E|CS|TAMS 0x00000000bbb00000, 0x00000000bbb00000| Complete 
| 956|0x00000000bbc00000, 0x00000000bbd00000, 0x00000000bbd00000|100%| E|CS|TAMS 0x00000000bbc00000, 0x00000000bbc00000| Complete 
| 957|0x00000000bbd00000, 0x00000000bbe00000, 0x00000000bbe00000|100%| E|CS|TAMS 0x00000000bbd00000, 0x00000000bbd00000| Complete 
| 958|0x00000000bbe00000, 0x00000000bbf00000, 0x00000000bbf00000|100%| E|CS|TAMS 0x00000000bbe00000, 0x00000000bbe00000| Complete 
| 959|0x00000000bbf00000, 0x00000000bc000000, 0x00000000bc000000|100%| E|CS|TAMS 0x00000000bbf00000, 0x00000000bbf00000| Complete 
| 960|0x00000000bc000000, 0x00000000bc100000, 0x00000000bc100000|100%| E|CS|TAMS 0x00000000bc000000, 0x00000000bc000000| Complete 
| 961|0x00000000bc100000, 0x00000000bc200000, 0x00000000bc200000|100%| E|CS|TAMS 0x00000000bc100000, 0x00000000bc100000| Complete 
| 962|0x00000000bc200000, 0x00000000bc300000, 0x00000000bc300000|100%| E|CS|TAMS 0x00000000bc200000, 0x00000000bc200000| Complete 
| 963|0x00000000bc300000, 0x00000000bc400000, 0x00000000bc400000|100%| E|CS|TAMS 0x00000000bc300000, 0x00000000bc300000| Complete 
|2043|0x00000000ffb00000, 0x00000000ffc00000, 0x00000000ffc00000|100%| O|  |TAMS 0x00000000ffc00000, 0x00000000ffc00000| Untracked 
|2044|0x00000000ffc00000, 0x00000000ffd00000, 0x00000000ffd00000|100%| O|  |TAMS 0x00000000ffd00000, 0x00000000ffd00000| Untracked 
|2045|0x00000000ffd00000, 0x00000000ffe00000, 0x00000000ffe00000|100%| O|  |TAMS 0x00000000ffe00000, 0x00000000ffe00000| Untracked 
|2046|0x00000000ffe00000, 0x00000000fff00000, 0x00000000fff00000|100%| O|  |TAMS 0x00000000fff00000, 0x00000000fff00000| Untracked 
|2047|0x00000000fff00000, 0x0000000100000000, 0x0000000100000000|100%| O|  |TAMS 0x0000000100000000, 0x0000000100000000| Untracked 

Card table byte_map: [0x000001dbebf90000,0x000001dbec390000] _byte_map_base: 0x000001dbebb90000

Marking Bits (Prev, Next): (CMBitMap*) 0x000001dbd506ca50, (CMBitMap*) 0x000001dbd506ca90
 Prev Bits: [0x000001dbec790000, 0x000001dbee790000)
 Next Bits: [0x000001dbee790000, 0x000001dbf0790000)

Polling page: 0x000001dbd3090000

Metaspace:

Usage:
  Non-class:    124.80 MB used.
      Class:     18.96 MB used.
       Both:    143.76 MB used.

Virtual space:
  Non-class space:      128.00 MB reserved,     125.44 MB ( 98%) committed,  2 nodes.
      Class space:        1.00 GB reserved,      19.56 MB (  2%) committed,  1 nodes.
             Both:        1.12 GB reserved,     145.00 MB ( 13%) committed. 

Chunk freelists:
   Non-Class:  2.56 MB
       Class:  12.35 MB
        Both:  14.91 MB

MaxMetaspaceSize: unlimited
CompressedClassSpaceSize: 1.00 GB
Initial GC threshold: 21.00 MB
Current GC threshold: 172.19 MB
CDS: on
MetaspaceReclaimPolicy: balanced
 - commit_granule_bytes: 65536.
 - commit_granule_words: 8192.
 - virtual_space_node_default_size: 8388608.
 - enlarge_chunks_in_place: 1.
 - new_chunks_are_fully_committed: 0.
 - uncommit_free_chunks: 1.
 - use_allocation_guard: 0.
 - handle_deallocations: 1.


Internal statistics:

num_allocs_failed_limit: 9.
num_arena_births: 2102.
num_arena_deaths: 0.
num_vsnodes_births: 3.
num_vsnodes_deaths: 0.
num_space_committed: 2318.
num_space_uncommitted: 0.
num_chunks_returned_to_freelist: 9.
num_chunks_taken_from_freelist: 8328.
num_chunk_merges: 6.
num_chunk_splits: 5530.
num_chunks_enlarged: 3740.
num_inconsistent_stats: 0.

CodeHeap 'non-profiled nmethods': size=120000Kb used=19457Kb max_used=21258Kb free=100542Kb
 bounds [0x000001dbe4660000, 0x000001dbe5b30000, 0x000001dbebb90000]
CodeHeap 'profiled nmethods': size=120000Kb used=46263Kb max_used=46400Kb free=73736Kb
 bounds [0x000001dbdcb90000, 0x000001dbdf930000, 0x000001dbe40c0000]
CodeHeap 'non-nmethods': size=5760Kb used=1870Kb max_used=2005Kb free=3889Kb
 bounds [0x000001dbe40c0000, 0x000001dbe4330000, 0x000001dbe4660000]
 total_blobs=24397 nmethods=23436 adapters=868
 compilation: enabled
              stopped_count=0, restarted_count=0
 full_count=0

Compilation events (20 events):
Event: 98.045 Thread 0x000001dbf2c599c0 nmethod 32116 0x000001dbdef57d10 code [0x000001dbdef57ea0, 0x000001dbdef57ff8]
Event: 98.045 Thread 0x000001dbf2c599c0 32133       2       org.jetbrains.org.objectweb.asm.tree.MethodNode::visitFieldInsn (20 bytes)
Event: 98.045 Thread 0x000001dbf2c599c0 nmethod 32133 0x000001dbdee09e10 code [0x000001dbdee09fc0, 0x000001dbdee0a288]
Event: 98.045 Thread 0x000001dbf2c599c0 32136       2       org.jetbrains.org.objectweb.asm.tree.FieldInsnNode::<init> (22 bytes)
Event: 98.045 Thread 0x000001dbf2c599c0 nmethod 32136 0x000001dbdee09990 code [0x000001dbdee09b40, 0x000001dbdee09d58]
Event: 98.045 Thread 0x000001dbf2c599c0 32151       3       kotlin.collections.ArraysKt___ArraysKt::toList (52 bytes)
Event: 98.046 Thread 0x000001dbf2c599c0 nmethod 32151 0x000001dbdf725d10 code [0x000001dbdf725fa0, 0x000001dbdf7269d8]
Event: 98.052 Thread 0x000001dbf2c599c0 32152       2       org.jetbrains.kotlin.incremental.classpathDiff.KotlinClassSnapshot::<init> (5 bytes)
Event: 98.052 Thread 0x000001dbf2c599c0 nmethod 32152 0x000001dbdee09610 code [0x000001dbdee097a0, 0x000001dbdee098b8]
Event: 98.052 Thread 0x000001dbf2c599c0 32153       2       org.jetbrains.kotlin.incremental.classpathDiff.KotlinClassSnapshot::<init> (6 bytes)
Event: 98.052 Thread 0x000001dbf2c599c0 nmethod 32153 0x000001dbdeb5ba10 code [0x000001dbdeb5bba0, 0x000001dbdeb5bc98]
Event: 98.054 Thread 0x000001dbf2c599c0 32154       2       java.util.concurrent.ConcurrentHashMap::getOrDefault (16 bytes)
Event: 98.055 Thread 0x000001dbf2c599c0 nmethod 32154 0x000001dbdee09290 code [0x000001dbdee09440, 0x000001dbdee09568]
Event: 98.055 Thread 0x000001dbf2c599c0 32155       2       sun.nio.cs.StreamDecoder::forInputStreamReader (11 bytes)
Event: 98.055 Thread 0x000001dbf2c599c0 nmethod 32155 0x000001dbdee08e10 code [0x000001dbdee08fc0, 0x000001dbdee09148]
Event: 98.063 Thread 0x000001dbf2c599c0 32156       2       kotlin.text.StringsKt__StringsKt::split$default (26 bytes)
Event: 98.064 Thread 0x000001dbf2c599c0 nmethod 32156 0x000001dbdf725990 code [0x000001dbdf725b40, 0x000001dbdf725c68]
Event: 98.064 Thread 0x000001dbf2c599c0 32157       2       kotlin.text.StringsKt__StringsKt::split (165 bytes)
Event: 98.065 Thread 0x000001dbf2c599c0 nmethod 32157 0x000001dbdf723f10 code [0x000001dbdf724280, 0x000001dbdf724ff8]
Event: 98.066 Thread 0x000001dbf2c590b0 nmethod 31753 0x000001dbe5449010 code [0x000001dbe5449660, 0x000001dbe544e408]

GC Heap History (20 events):
Event: 92.890 GC heap before
{Heap before GC invocations=154 (full 0):
 garbage-first heap   total 643072K, used 544761K [0x0000000080000000, 0x0000000100000000)
  region size 1024K, 84 young (86016K), 16 survivors (16384K)
 Metaspace       used 141488K, committed 142784K, reserved 1179648K
  class space    used 18957K, committed 19584K, reserved 1048576K
}
Event: 92.933 GC heap after
{Heap after GC invocations=155 (full 0):
 garbage-first heap   total 643072K, used 509952K [0x0000000080000000, 0x0000000100000000)
  region size 1024K, 11 young (11264K), 11 survivors (11264K)
 Metaspace       used 141488K, committed 142784K, reserved 1179648K
  class space    used 18957K, committed 19584K, reserved 1048576K
}
Event: 93.037 GC heap before
{Heap before GC invocations=155 (full 0):
 garbage-first heap   total 643072K, used 543744K [0x0000000080000000, 0x0000000100000000)
  region size 1024K, 45 young (46080K), 11 survivors (11264K)
 Metaspace       used 141488K, committed 142784K, reserved 1179648K
  class space    used 18957K, committed 19584K, reserved 1048576K
}
Event: 93.099 GC heap after
{Heap after GC invocations=156 (full 0):
 garbage-first heap   total 643072K, used 527360K [0x0000000080000000, 0x0000000100000000)
  region size 1024K, 6 young (6144K), 6 survivors (6144K)
 Metaspace       used 141488K, committed 142784K, reserved 1179648K
  class space    used 18957K, committed 19584K, reserved 1048576K
}
Event: 93.168 GC heap before
{Heap before GC invocations=156 (full 0):
 garbage-first heap   total 643072K, used 555008K [0x0000000080000000, 0x0000000100000000)
  region size 1024K, 31 young (31744K), 6 survivors (6144K)
 Metaspace       used 141488K, committed 142784K, reserved 1179648K
  class space    used 18957K, committed 19584K, reserved 1048576K
}
Event: 93.199 GC heap after
{Heap after GC invocations=157 (full 0):
 garbage-first heap   total 992256K, used 540160K [0x0000000080000000, 0x0000000100000000)
  region size 1024K, 4 young (4096K), 4 survivors (4096K)
 Metaspace       used 141488K, committed 142784K, reserved 1179648K
  class space    used 18957K, committed 19584K, reserved 1048576K
}
Event: 93.976 GC heap before
{Heap before GC invocations=157 (full 0):
 garbage-first heap   total 992256K, used 722432K [0x0000000080000000, 0x0000000100000000)
  region size 1024K, 182 young (186368K), 4 survivors (4096K)
 Metaspace       used 141579K, committed 142912K, reserved 1179648K
  class space    used 18961K, committed 19584K, reserved 1048576K
}
Event: 94.013 GC heap after
{Heap after GC invocations=158 (full 0):
 garbage-first heap   total 992256K, used 558832K [0x0000000080000000, 0x0000000100000000)
  region size 1024K, 22 young (22528K), 22 survivors (22528K)
 Metaspace       used 141579K, committed 142912K, reserved 1179648K
  class space    used 18961K, committed 19584K, reserved 1048576K
}
Event: 95.100 GC heap before
{Heap before GC invocations=158 (full 0):
 garbage-first heap   total 992256K, used 766704K [0x0000000080000000, 0x0000000100000000)
  region size 1024K, 204 young (208896K), 22 survivors (22528K)
 Metaspace       used 144871K, committed 146176K, reserved 1179648K
  class space    used 19205K, committed 19840K, reserved 1048576K
}
Event: 95.136 GC heap after
{Heap after GC invocations=159 (full 0):
 garbage-first heap   total 992256K, used 584895K [0x0000000080000000, 0x0000000100000000)
  region size 1024K, 13 young (13312K), 13 survivors (13312K)
 Metaspace       used 144871K, committed 146176K, reserved 1179648K
  class space    used 19205K, committed 19840K, reserved 1048576K
}
Event: 95.592 GC heap before
{Heap before GC invocations=159 (full 0):
 garbage-first heap   total 992256K, used 774335K [0x0000000080000000, 0x0000000100000000)
  region size 1024K, 194 young (198656K), 13 survivors (13312K)
 Metaspace       used 144996K, committed 146304K, reserved 1179648K
  class space    used 19210K, committed 19840K, reserved 1048576K
}
Event: 95.613 GC heap after
{Heap after GC invocations=160 (full 0):
 garbage-first heap   total 992256K, used 595903K [0x0000000080000000, 0x0000000100000000)
  region size 1024K, 18 young (18432K), 18 survivors (18432K)
 Metaspace       used 144996K, committed 146304K, reserved 1179648K
  class space    used 19210K, committed 19840K, reserved 1048576K
}
Event: 96.020 GC heap before
{Heap before GC invocations=160 (full 0):
 garbage-first heap   total 992256K, used 804799K [0x0000000080000000, 0x0000000100000000)
  region size 1024K, 206 young (210944K), 18 survivors (18432K)
 Metaspace       used 145013K, committed 146304K, reserved 1179648K
  class space    used 19212K, committed 19840K, reserved 1048576K
}
Event: 96.047 GC heap after
{Heap after GC invocations=161 (full 0):
 garbage-first heap   total 992256K, used 618682K [0x0000000080000000, 0x0000000100000000)
  region size 1024K, 12 young (12288K), 12 survivors (12288K)
 Metaspace       used 145013K, committed 146304K, reserved 1179648K
  class space    used 19212K, committed 19840K, reserved 1048576K
}
Event: 96.368 GC heap before
{Heap before GC invocations=161 (full 0):
 garbage-first heap   total 992256K, used 817338K [0x0000000080000000, 0x0000000100000000)
  region size 1024K, 197 young (201728K), 12 survivors (12288K)
 Metaspace       used 145020K, committed 146304K, reserved 1179648K
  class space    used 19212K, committed 19840K, reserved 1048576K
}
Event: 96.387 GC heap after
{Heap after GC invocations=162 (full 0):
 garbage-first heap   total 992256K, used 633350K [0x0000000080000000, 0x0000000100000000)
  region size 1024K, 25 young (25600K), 25 survivors (25600K)
 Metaspace       used 145020K, committed 146304K, reserved 1179648K
  class space    used 19212K, committed 19840K, reserved 1048576K
}
Event: 96.809 GC heap before
{Heap before GC invocations=162 (full 0):
 garbage-first heap   total 992256K, used 828934K [0x0000000080000000, 0x0000000100000000)
  region size 1024K, 205 young (209920K), 25 survivors (25600K)
 Metaspace       used 145041K, committed 146368K, reserved 1179648K
  class space    used 19214K, committed 19840K, reserved 1048576K
}
Event: 96.820 GC heap after
{Heap after GC invocations=163 (full 0):
 garbage-first heap   total 992256K, used 631232K [0x0000000080000000, 0x0000000100000000)
  region size 1024K, 2 young (2048K), 2 survivors (2048K)
 Metaspace       used 145041K, committed 146368K, reserved 1179648K
  class space    used 19214K, committed 19840K, reserved 1048576K
}
Event: 97.635 GC heap before
{Heap before GC invocations=163 (full 0):
 garbage-first heap   total 992256K, used 827840K [0x0000000080000000, 0x0000000100000000)
  region size 1024K, 195 young (199680K), 2 survivors (2048K)
 Metaspace       used 147058K, committed 148352K, reserved 1179648K
  class space    used 19412K, committed 20032K, reserved 1048576K
}
Event: 97.639 GC heap after
{Heap after GC invocations=164 (full 0):
 garbage-first heap   total 992256K, used 619152K [0x0000000080000000, 0x0000000100000000)
  region size 1024K, 2 young (2048K), 2 survivors (2048K)
 Metaspace       used 147058K, committed 148352K, reserved 1179648K
  class space    used 19412K, committed 20032K, reserved 1048576K
}

Dll operation events (15 events):
Event: 0.011 Loaded shared library C:\Program Files\Microsoft\jdk-17.0.18.8-hotspot\bin\java.dll
Event: 0.031 Loaded shared library C:\Program Files\Microsoft\jdk-17.0.18.8-hotspot\bin\jsvml.dll
Event: 0.080 Loaded shared library C:\Program Files\Microsoft\jdk-17.0.18.8-hotspot\bin\zip.dll
Event: 0.085 Loaded shared library C:\Program Files\Microsoft\jdk-17.0.18.8-hotspot\bin\instrument.dll
Event: 0.091 Loaded shared library C:\Program Files\Microsoft\jdk-17.0.18.8-hotspot\bin\net.dll
Event: 0.094 Loaded shared library C:\Program Files\Microsoft\jdk-17.0.18.8-hotspot\bin\nio.dll
Event: 0.096 Loaded shared library C:\Program Files\Microsoft\jdk-17.0.18.8-hotspot\bin\zip.dll
Event: 0.470 Loaded shared library C:\Program Files\Microsoft\jdk-17.0.18.8-hotspot\bin\jimage.dll
Event: 0.688 Loaded shared library C:\Program Files\Microsoft\jdk-17.0.18.8-hotspot\bin\verify.dll
Event: 0.726 Loaded shared library C:\Users\PC\.gradle\native\660c5614fbf4a5f2a75b1949f50a0caf5cd603558e7d8a26e50b933a0cfb79d1\windows-amd64\native-platform.dll
Event: 0.744 Loaded shared library C:\Users\PC\.gradle\native\0.2.8\x86_64-windows-gnu\gradle-fileevents.dll
Event: 1.805 Loaded shared library C:\Program Files\Microsoft\jdk-17.0.18.8-hotspot\bin\management.dll
Event: 1.811 Loaded shared library C:\Program Files\Microsoft\jdk-17.0.18.8-hotspot\bin\management_ext.dll
Event: 1.975 Loaded shared library C:\Program Files\Microsoft\jdk-17.0.18.8-hotspot\bin\extnet.dll
Event: 2.182 Loaded shared library C:\Program Files\Microsoft\jdk-17.0.18.8-hotspot\bin\sunmscapi.dll

Deoptimization events (20 events):
Event: 97.388 Thread 0x000001dbfc7a53e0 DEOPT PACKING pc=0x000001dbdefece41 sp=0x0000005da74fb100
Event: 97.388 Thread 0x000001dbfc7a53e0 DEOPT UNPACKING pc=0x000001dbe4117143 sp=0x0000005da74fa608 mode 0
Event: 97.474 Thread 0x000001dbfc7a4ed0 Uncommon trap: trap_request=0xffffffbe fr.pc=0x000001dbe55c7fa0 relative=0x000000000000a320
Event: 97.474 Thread 0x000001dbfc7a4ed0 Uncommon trap: reason=profile_predicate action=maybe_recompile pc=0x000001dbe55c7fa0 method=org.jetbrains.org.objectweb.asm.ClassReader.accept(Lorg/jetbrains/org/objectweb/asm/ClassVisitor;[Lorg/jetbrains/org/objectweb/asm/Attribute;I)V @ 898 c2
Event: 97.474 Thread 0x000001dbfc7a4ed0 DEOPT PACKING pc=0x000001dbe55c7fa0 sp=0x0000005da73fb060
Event: 97.474 Thread 0x000001dbfc7a4ed0 DEOPT UNPACKING pc=0x000001dbe41169a3 sp=0x0000005da73fb108 mode 2
Event: 97.474 Thread 0x000001dbfc7a4ed0 Uncommon trap: trap_request=0xffffffbe fr.pc=0x000001dbe55c7fa0 relative=0x000000000000a320
Event: 97.474 Thread 0x000001dbfc7a4ed0 Uncommon trap: reason=profile_predicate action=maybe_recompile pc=0x000001dbe55c7fa0 method=org.jetbrains.org.objectweb.asm.ClassReader.accept(Lorg/jetbrains/org/objectweb/asm/ClassVisitor;[Lorg/jetbrains/org/objectweb/asm/Attribute;I)V @ 898 c2
Event: 97.474 Thread 0x000001dbfc7a4ed0 DEOPT PACKING pc=0x000001dbe55c7fa0 sp=0x0000005da73fb060
Event: 97.474 Thread 0x000001dbfc7a4ed0 DEOPT UNPACKING pc=0x000001dbe41169a3 sp=0x0000005da73fb108 mode 2
Event: 97.584 Thread 0x000001dbfc7a4ed0 Uncommon trap: trap_request=0xffffff45 fr.pc=0x000001dbe4f9d994 relative=0x0000000000000454
Event: 97.584 Thread 0x000001dbfc7a4ed0 Uncommon trap: reason=unstable_if action=reinterpret pc=0x000001dbe4f9d994 method=java.io.WinNTFileSystem.isLetter(C)Z @ 21 c2
Event: 97.584 Thread 0x000001dbfc7a4ed0 DEOPT PACKING pc=0x000001dbe4f9d994 sp=0x0000005da73fb570
Event: 97.584 Thread 0x000001dbfc7a4ed0 DEOPT UNPACKING pc=0x000001dbe41169a3 sp=0x0000005da73fb430 mode 2
Event: 97.585 Thread 0x000001dbfc7a4ed0 Uncommon trap: trap_request=0xffffff45 fr.pc=0x000001dbe4b938fc relative=0x000000000000025c
Event: 97.585 Thread 0x000001dbfc7a4ed0 Uncommon trap: reason=unstable_if action=reinterpret pc=0x000001dbe4b938fc method=java.io.WinNTFileSystem.isLetter(C)Z @ 21 c2
Event: 97.585 Thread 0x000001dbfc7a4ed0 DEOPT PACKING pc=0x000001dbe4b938fc sp=0x0000005da73fb500
Event: 97.585 Thread 0x000001dbfc7a4ed0 DEOPT UNPACKING pc=0x000001dbe41169a3 sp=0x0000005da73fb420 mode 2
Event: 97.838 Thread 0x000001dbfc7a6d30 DEOPT PACKING pc=0x000001dbdf4d742a sp=0x0000005da68f7750
Event: 97.838 Thread 0x000001dbfc7a6d30 DEOPT UNPACKING pc=0x000001dbe4117143 sp=0x0000005da68f6c38 mode 0

Classes loaded (20 events):
Event: 45.280 Loading class java/util/AbstractMap$SimpleEntry
Event: 45.280 Loading class java/util/AbstractMap$SimpleEntry done
Event: 45.764 Loading class java/util/zip/ZipOutputStream
Event: 45.766 Loading class java/util/zip/ZipOutputStream done
Event: 45.768 Loading class java/util/zip/ZipOutputStream$XEntry
Event: 45.768 Loading class java/util/zip/ZipOutputStream$XEntry done
Event: 91.824 Loading class java/nio/BufferUnderflowException
Event: 91.824 Loading class java/nio/BufferUnderflowException done
Event: 92.450 Loading class java/util/concurrent/ForkJoinTask$AdaptedCallable
Event: 92.450 Loading class java/util/concurrent/ForkJoinTask$AdaptedCallable done
Event: 92.451 Loading class java/util/concurrent/ForkJoinPool$DefaultForkJoinWorkerThreadFactory$1
Event: 92.451 Loading class java/util/concurrent/ForkJoinPool$DefaultForkJoinWorkerThreadFactory$1 done
Event: 92.465 Loading class java/nio/HeapShortBuffer
Event: 92.465 Loading class java/nio/HeapShortBuffer done
Event: 93.810 Loading class java/util/regex/Pattern$1
Event: 93.811 Loading class java/util/regex/Pattern$1 done
Event: 94.504 Loading class java/rmi/RemoteException
Event: 94.505 Loading class java/rmi/RemoteException done
Event: 94.805 Loading class java/lang/reflect/InaccessibleObjectException
Event: 94.805 Loading class java/lang/reflect/InaccessibleObjectException done

Classes unloaded (0 events):
No events

Classes redefined (0 events):
No events

Internal exceptions (20 events):
Event: 97.290 Thread 0x000001dbfc7a6d30 Exception <a 'sun/nio/fs/WindowsException'{0x00000000b86d4820}> (0x00000000b86d4820) 
thrown [s\src\hotspot\share\prims\jni.cpp, line 516]
Event: 97.318 Thread 0x000001dbfc7a53e0 Exception <a 'sun/nio/fs/WindowsException'{0x00000000b83ad198}> (0x00000000b83ad198) 
thrown [s\src\hotspot\share\prims\jni.cpp, line 516]
Event: 97.411 Thread 0x000001dbfc7a4ed0 Exception <a 'sun/nio/fs/WindowsException'{0x00000000b823c530}> (0x00000000b823c530) 
thrown [s\src\hotspot\share\prims\jni.cpp, line 516]
Event: 97.451 Thread 0x000001dbfc7c2bb0 Exception <a 'sun/nio/fs/WindowsException'{0x00000000b89ab5a0}> (0x00000000b89ab5a0) 
thrown [s\src\hotspot\share\prims\jni.cpp, line 516]
Event: 97.496 Thread 0x000001dbfc7a6d30 Exception <a 'sun/nio/fs/WindowsException'{0x00000000b7fd2e10}> (0x00000000b7fd2e10) 
thrown [s\src\hotspot\share\prims\jni.cpp, line 516]
Event: 97.497 Thread 0x000001dbfc7a53e0 Exception <a 'sun/nio/fs/WindowsException'{0x00000000b4433d78}> (0x00000000b4433d78) 
thrown [s\src\hotspot\share\prims\jni.cpp, line 516]
Event: 97.575 Thread 0x000001dbfc7a6d30 Exception <a 'sun/nio/fs/WindowsException'{0x00000000b3296b90}> (0x00000000b3296b90) 
thrown [s\src\hotspot\share\prims\jni.cpp, line 516]
Event: 97.577 Thread 0x000001dbfc7a4ed0 Exception <a 'sun/nio/fs/WindowsException'{0x00000000b14ba4e0}> (0x00000000b14ba4e0) 
thrown [s\src\hotspot\share\prims\jni.cpp, line 516]
Event: 97.646 Thread 0x000001dbfc7a53e0 Exception <a 'sun/nio/fs/WindowsException'{0x00000000bc388260}> (0x00000000bc388260) 
thrown [s\src\hotspot\share\prims\jni.cpp, line 516]
Event: 97.731 Thread 0x000001dbfc7c2bb0 Exception <a 'sun/nio/fs/WindowsException'{0x00000000bb508e58}> (0x00000000bb508e58) 
thrown [s\src\hotspot\share\prims\jni.cpp, line 516]
Event: 97.747 Thread 0x000001dbfc7a6d30 Exception <a 'sun/nio/fs/WindowsException'{0x00000000bc209908}> (0x00000000bc209908) 
thrown [s\src\hotspot\share\prims\jni.cpp, line 516]
Event: 97.796 Thread 0x000001dbfc7a53e0 Exception <a 'sun/nio/fs/WindowsException'{0x00000000ba184048}> (0x00000000ba184048) 
thrown [s\src\hotspot\share\prims\jni.cpp, line 516]
Event: 97.798 Thread 0x000001dbfc7c2bb0 Exception <a 'sun/nio/fs/WindowsException'{0x00000000ba63d118}> (0x00000000ba63d118) 
thrown [s\src\hotspot\share\prims\jni.cpp, line 516]
Event: 97.821 Thread 0x000001dbfc7a6d30 Exception <a 'sun/nio/fs/WindowsException'{0x00000000ba16c828}> (0x00000000ba16c828) 
thrown [s\src\hotspot\share\prims\jni.cpp, line 516]
Event: 97.950 Thread 0x000001dbfc7a53e0 Exception <a 'sun/nio/fs/WindowsException'{0x00000000ba1f0b70}> (0x00000000ba1f0b70) 
thrown [s\src\hotspot\share\prims\jni.cpp, line 516]
Event: 97.982 Thread 0x000001dbfc7c2bb0 Exception <a 'sun/nio/fs/WindowsException'{0x00000000b9458558}> (0x00000000b9458558) 
thrown [s\src\hotspot\share\prims\jni.cpp, line 516]
Event: 98.033 Thread 0x000001dbfc7c2bb0 Exception <a 'sun/nio/fs/WindowsException'{0x00000000b4ea3778}> (0x00000000b4ea3778) 
thrown [s\src\hotspot\share\prims\jni.cpp, line 516]
Event: 98.050 Thread 0x000001dbfc7a6d30 Exception <a 'sun/nio/fs/WindowsException'{0x00000000b5042190}> (0x00000000b5042190) 
thrown [s\src\hotspot\share\prims\jni.cpp, line 516]
Event: 98.056 Thread 0x000001dbfc7a4ed0 Exception <a 'sun/nio/fs/WindowsException'{0x00000000b438c580}> (0x00000000b438c580) 
thrown [s\src\hotspot\share\prims\jni.cpp, line 516]
Event: 98.066 Thread 0x000001dbfc7a4ed0 Implicit null exception at 0x000001dbe544ac20 to 0x0000000000000000

VM Operations (20 events):
Event: 95.702 Executing VM operation: HandshakeAllThreads
Event: 95.703 Executing VM operation: HandshakeAllThreads done
Event: 95.703 Executing VM operation: HandshakeAllThreads
Event: 95.703 Executing VM operation: HandshakeAllThreads done
Event: 95.780 Executing VM operation: HandshakeAllThreads
Event: 95.793 Executing VM operation: HandshakeAllThreads done
Event: 95.848 Executing VM operation: HandshakeAllThreads
Event: 95.876 Executing VM operation: HandshakeAllThreads done
Event: 96.017 Executing VM operation: G1CollectForAllocation
Event: 96.018 Executing VM operation: G1CollectForAllocation done
Event: 96.020 Executing VM operation: G1CollectForAllocation
Event: 96.047 Executing VM operation: G1CollectForAllocation done
Event: 96.367 Executing VM operation: G1CollectForAllocation
Event: 96.387 Executing VM operation: G1CollectForAllocation done
Event: 96.809 Executing VM operation: G1CollectForAllocation
Event: 96.820 Executing VM operation: G1CollectForAllocation done
Event: 97.503 Executing VM operation: ICBufferFull
Event: 97.503 Executing VM operation: ICBufferFull done
Event: 97.635 Executing VM operation: G1CollectForAllocation
Event: 97.639 Executing VM operation: G1CollectForAllocation done

Memory protections (0 events):
No events

Nmethod flushes (20 events):
Event: 95.908 Thread 0x000001dbf2c5b2e0 flushing osr nmethod 0x000001dbdf6bd490
Event: 95.908 Thread 0x000001dbf2c5b2e0 flushing  nmethod 0x000001dbdf6be710
Event: 95.908 Thread 0x000001dbf2c5b2e0 flushing  nmethod 0x000001dbdf6cd490
Event: 95.908 Thread 0x000001dbf2c5b2e0 flushing  nmethod 0x000001dbdf6d9f10
Event: 95.908 Thread 0x000001dbf2c5b2e0 flushing  nmethod 0x000001dbdf6da590
Event: 95.908 Thread 0x000001dbf2c5b2e0 flushing osr nmethod 0x000001dbdf6fa390
Event: 95.909 Thread 0x000001dbf2c5b2e0 flushing  nmethod 0x000001dbdf769b90
Event: 95.909 Thread 0x000001dbf2c5b2e0 flushing  nmethod 0x000001dbdf7a3710
Event: 95.909 Thread 0x000001dbf2c5b2e0 flushing osr nmethod 0x000001dbdf7d2a90
Event: 95.909 Thread 0x000001dbf2c5b2e0 flushing  nmethod 0x000001dbdf7f8490
Event: 95.909 Thread 0x000001dbf2c5b2e0 flushing  nmethod 0x000001dbdf809490
Event: 95.909 Thread 0x000001dbf2c5b2e0 flushing  nmethod 0x000001dbdf814810
Event: 95.909 Thread 0x000001dbf2c5b2e0 flushing  nmethod 0x000001dbdf815290
Event: 95.909 Thread 0x000001dbf2c5b2e0 flushing osr nmethod 0x000001dbdf815d90
Event: 95.909 Thread 0x000001dbf2c5b2e0 flushing  nmethod 0x000001dbdf829b90
Event: 95.909 Thread 0x000001dbf2c5b2e0 flushing  nmethod 0x000001dbdf85c290
Event: 95.909 Thread 0x000001dbf2c5b2e0 flushing  nmethod 0x000001dbdf85ce90
Event: 95.909 Thread 0x000001dbf2c5b2e0 flushing  nmethod 0x000001dbdf860e90
Event: 95.909 Thread 0x000001dbf2c5b2e0 flushing  nmethod 0x000001dbdf862310
Event: 95.910 Thread 0x000001dbf2c5b2e0 flushing  nmethod 0x000001dbdf8f9310

Events (20 events):
Event: 35.009 Thread 0x000001dbfc7a8b90 Thread added: 0x000001dbfc7c4f20
Event: 35.009 Thread 0x000001dbfc7a8b90 Thread added: 0x000001dbfc7c5430
Event: 35.009 Thread 0x000001dbfc7a8b90 Thread added: 0x000001dbfc7c5940
Event: 37.286 Thread 0x000001dbfc7a6d30 Thread added: 0x000001dbfaa7e1e0
Event: 39.288 Thread 0x000001dbfaa7e1e0 Thread exited: 0x000001dbfaa7e1e0
Event: 39.466 Thread 0x000001dbfc7a6d30 Thread added: 0x000001dbfaa7cda0
Event: 39.544 Thread 0x000001dbfc7a6d30 Thread added: 0x000001dbfaa80f70
Event: 39.544 Thread 0x000001dbfc7a6d30 Thread added: 0x000001dbfaa7c380
Event: 39.985 Thread 0x000001dbfb668660 Thread added: 0x000001dbfaa7fb30
Event: 39.985 Thread 0x000001dbfb668660 Thread added: 0x000001dbfaa7d7c0
Event: 40.857 Thread 0x000001dbfc5c33d0 Thread exited: 0x000001dbfc5c33d0
Event: 41.562 Thread 0x000001dbf2c599c0 Thread added: 0x000001dbfb5ee9e0
Event: 42.656 Thread 0x000001dbfb5ee9e0 Thread exited: 0x000001dbfb5ee9e0
Event: 42.803 Thread 0x000001dbf2c590b0 Thread added: 0x000001dbfb5e7500
Event: 91.717 Thread 0x000001dbfc7a6310 Thread added: 0x000001dbc5b760f0
Event: 92.451 Thread 0x000001dbfc7a3fa0 Thread added: 0x000001dbc5fcd510
Event: 92.455 Thread 0x000001dbc5fcd510 Thread added: 0x000001dbc5b76b10
Event: 92.458 Thread 0x000001dbc5b76b10 Thread added: 0x000001dbc5fcd000
Event: 92.461 Thread 0x000001dbc5fcd000 Thread added: 0x000001dbfe0dbab0
Event: 93.726 Thread 0x000001dbfc7a2b60 Thread exited: 0x000001dbfc7a2b60


Dynamic libraries:
0x00007ff60f0b0000 - 0x00007ff60f0be000 	C:\Program Files\Microsoft\jdk-17.0.18.8-hotspot\bin\java.exe
0x00007ffef0350000 - 0x00007ffef0548000 	C:\Windows\SYSTEM32\ntdll.dll
0x00007ffeeea90000 - 0x00007ffeeeb52000 	C:\Windows\System32\KERNEL32.DLL
0x00007ffeedf90000 - 0x00007ffeee286000 	C:\Windows\System32\KERNELBASE.dll
0x00007ffeedde0000 - 0x00007ffeedee0000 	C:\Windows\System32\ucrtbase.dll
0x00007ffed0940000 - 0x00007ffed095e000 	C:\Program Files\Microsoft\jdk-17.0.18.8-hotspot\bin\VCRUNTIME140.dll
0x00007ffecf3d0000 - 0x00007ffecf3e8000 	C:\Program Files\Microsoft\jdk-17.0.18.8-hotspot\bin\jli.dll
0x00007ffeefc30000 - 0x00007ffeefdd1000 	C:\Windows\System32\USER32.dll
0x00007ffeedf60000 - 0x00007ffeedf82000 	C:\Windows\System32\win32u.dll
0x00007ffeeea60000 - 0x00007ffeeea8b000 	C:\Windows\System32\GDI32.dll
0x00007ffeecd10000 - 0x00007ffeecfab000 	C:\Windows\WinSxS\amd64_microsoft.windows.common-controls_6595b64144ccf1df_6.0.19041.6456_none_60b8a6cb71f64256\COMCTL32.dll
0x00007ffeedb60000 - 0x00007ffeedc79000 	C:\Windows\System32\gdi32full.dll
0x00007ffeee3a0000 - 0x00007ffeee43e000 	C:\Windows\System32\msvcrt.dll
0x00007ffeed9e0000 - 0x00007ffeeda7d000 	C:\Windows\System32\msvcp_win.dll
0x00007ffeee370000 - 0x00007ffeee39f000 	C:\Windows\System32\IMM32.DLL
0x00007ffecf3c0000 - 0x00007ffecf3cc000 	C:\Program Files\Microsoft\jdk-17.0.18.8-hotspot\bin\vcruntime140_1.dll
0x00007ffebb250000 - 0x00007ffebb2d9000 	C:\Program Files\Microsoft\jdk-17.0.18.8-hotspot\bin\msvcp140.dll
0x00007ffeb8060000 - 0x00007ffeb8cda000 	C:\Program Files\Microsoft\jdk-17.0.18.8-hotspot\bin\server\jvm.dll
0x00007ffeeff00000 - 0x00007ffeeffb1000 	C:\Windows\System32\ADVAPI32.dll
0x00007ffeee4a0000 - 0x00007ffeee53f000 	C:\Windows\System32\sechost.dll
0x00007ffeee8a0000 - 0x00007ffeee9c0000 	C:\Windows\System32\RPCRT4.dll
0x00007ffeeda80000 - 0x00007ffeedaa7000 	C:\Windows\System32\bcrypt.dll
0x00007ffeee9e0000 - 0x00007ffeeea4b000 	C:\Windows\System32\WS2_32.dll
0x00007ffeed790000 - 0x00007ffeed7db000 	C:\Windows\SYSTEM32\POWRPROF.dll
0x00007ffee71e0000 - 0x00007ffee71ea000 	C:\Windows\SYSTEM32\VERSION.dll
0x00007ffee0c70000 - 0x00007ffee0c97000 	C:\Windows\SYSTEM32\WINMM.dll
0x00007ffeed770000 - 0x00007ffeed782000 	C:\Windows\SYSTEM32\UMPDC.dll
0x00007ffeeb1d0000 - 0x00007ffeeb1e2000 	C:\Windows\SYSTEM32\kernel.appcore.dll
0x00007ffecf3b0000 - 0x00007ffecf3ba000 	C:\Program Files\Microsoft\jdk-17.0.18.8-hotspot\bin\jimage.dll
0x00007ffeed320000 - 0x00007ffeed521000 	C:\Windows\SYSTEM32\DBGHELP.DLL
0x00007ffeed0c0000 - 0x00007ffeed0f4000 	C:\Windows\SYSTEM32\dbgcore.DLL
0x00007ffeee290000 - 0x00007ffeee312000 	C:\Windows\System32\bcryptPrimitives.dll
0x00007ffecf3a0000 - 0x00007ffecf3af000 	C:\Program Files\Microsoft\jdk-17.0.18.8-hotspot\bin\instrument.dll
0x00007ffec1c10000 - 0x00007ffec1c36000 	C:\Program Files\Microsoft\jdk-17.0.18.8-hotspot\bin\java.dll
0x00007ffebb170000 - 0x00007ffebb246000 	C:\Program Files\Microsoft\jdk-17.0.18.8-hotspot\bin\jsvml.dll
0x00007ffeef250000 - 0x00007ffeef9c0000 	C:\Windows\System32\SHELL32.dll
0x00007ffeeb3d0000 - 0x00007ffeebb75000 	C:\Windows\SYSTEM32\windows.storage.dll
0x00007ffeee540000 - 0x00007ffeee894000 	C:\Windows\System32\combase.dll
0x00007ffeecc70000 - 0x00007ffeecc9b000 	C:\Windows\SYSTEM32\Wldp.dll
0x00007ffeeebc0000 - 0x00007ffeeec8d000 	C:\Windows\System32\OLEAUT32.dll
0x00007ffeefa50000 - 0x00007ffeefafd000 	C:\Windows\System32\SHCORE.dll
0x00007ffeef1e0000 - 0x00007ffeef23b000 	C:\Windows\System32\shlwapi.dll
0x00007ffeed910000 - 0x00007ffeed934000 	C:\Windows\SYSTEM32\profapi.dll
0x00007ffebf680000 - 0x00007ffebf698000 	C:\Program Files\Microsoft\jdk-17.0.18.8-hotspot\bin\zip.dll
0x00007ffebf540000 - 0x00007ffebf55b000 	C:\Program Files\Microsoft\jdk-17.0.18.8-hotspot\bin\net.dll
0x00007ffee62f0000 - 0x00007ffee63fa000 	C:\Windows\SYSTEM32\WINHTTP.dll
0x00007ffeecb40000 - 0x00007ffeecbaa000 	C:\Windows\system32\mswsock.dll
0x00007ffebec70000 - 0x00007ffebec86000 	C:\Program Files\Microsoft\jdk-17.0.18.8-hotspot\bin\nio.dll
0x00007ffec5960000 - 0x00007ffec5970000 	C:\Program Files\Microsoft\jdk-17.0.18.8-hotspot\bin\verify.dll
0x00007ffecf3f0000 - 0x00007ffecf417000 	C:\Users\PC\.gradle\native\660c5614fbf4a5f2a75b1949f50a0caf5cd603558e7d8a26e50b933a0cfb79d1\windows-amd64\native-platform.dll
0x00007ffebb0f0000 - 0x00007ffebb167000 	C:\Users\PC\.gradle\native\0.2.8\x86_64-windows-gnu\gradle-fileevents.dll
0x00007ffec5590000 - 0x00007ffec559a000 	C:\Program Files\Microsoft\jdk-17.0.18.8-hotspot\bin\management.dll
0x00007ffec5140000 - 0x00007ffec514c000 	C:\Program Files\Microsoft\jdk-17.0.18.8-hotspot\bin\management_ext.dll
0x00007ffef0150000 - 0x00007ffef0158000 	C:\Windows\System32\PSAPI.DLL
0x00007ffeec6b0000 - 0x00007ffeec6eb000 	C:\Windows\SYSTEM32\IPHLPAPI.DLL
0x00007ffeeea50000 - 0x00007ffeeea58000 	C:\Windows\System32\NSI.dll
0x00007ffee67c0000 - 0x00007ffee67d7000 	C:\Windows\SYSTEM32\dhcpcsvc6.DLL
0x00007ffee7080000 - 0x00007ffee709d000 	C:\Windows\SYSTEM32\dhcpcsvc.DLL
0x00007ffeec6f0000 - 0x00007ffeec7ba000 	C:\Windows\SYSTEM32\DNSAPI.dll
0x00007ffec41c0000 - 0x00007ffec41c9000 	C:\Program Files\Microsoft\jdk-17.0.18.8-hotspot\bin\extnet.dll
0x00007ffeed6e0000 - 0x00007ffeed6f8000 	C:\Windows\SYSTEM32\CRYPTSP.dll
0x00007ffeec350000 - 0x00007ffeec388000 	C:\Windows\system32\rsaenh.dll
0x00007ffeed8d0000 - 0x00007ffeed8fe000 	C:\Windows\SYSTEM32\USERENV.dll
0x00007ffeecc30000 - 0x00007ffeecc3c000 	C:\Windows\SYSTEM32\CRYPTBASE.dll
0x00007ffebec60000 - 0x00007ffebec6e000 	C:\Program Files\Microsoft\jdk-17.0.18.8-hotspot\bin\sunmscapi.dll
0x00007ffeedc80000 - 0x00007ffeedddd000 	C:\Windows\System32\CRYPT32.dll
0x00007ffeecce0000 - 0x00007ffeecd07000 	C:\Windows\SYSTEM32\ncrypt.dll
0x00007ffeecca0000 - 0x00007ffeeccdb000 	C:\Windows\SYSTEM32\NTASN1.dll
0x00007ffed1670000 - 0x00007ffed1677000 	C:\Windows\system32\wshunix.dll
0x00007ffee2270000 - 0x00007ffee227a000 	C:\Windows\System32\rasadhlp.dll
0x00007ffee2e20000 - 0x00007ffee2ea0000 	C:\Windows\System32\fwpuclnt.dll
0x00007ffeed5b0000 - 0x00007ffeed5e3000 	C:\Windows\SYSTEM32\ntmarta.dll
0x00007ffeea280000 - 0x00007ffeea314000 	C:\Windows\system32\apphelp.dll

dbghelp: loaded successfully - version: 4.0.5 - missing functions: none
symbol engine: initialized successfully - sym options: 0x614 - pdb path: .;C:\Program Files\Microsoft\jdk-17.0.18.8-hotspot\bin;C:\Windows\SYSTEM32;C:\Windows\WinSxS\amd64_microsoft.windows.common-controls_6595b64144ccf1df_6.0.19041.6456_none_60b8a6cb71f64256;C:\Program Files\Microsoft\jdk-17.0.18.8-hotspot\bin\server;C:\Users\PC\.gradle\native\660c5614fbf4a5f2a75b1949f50a0caf5cd603558e7d8a26e50b933a0cfb79d1\windows-amd64;C:\Users\PC\.gradle\native\0.2.8\x86_64-windows-gnu

VM Arguments:
jvm_args: --add-opens=java.base/java.lang=ALL-UNNAMED --add-opens=java.base/java.lang.invoke=ALL-UNNAMED --add-opens=java.base/java.util=ALL-UNNAMED --add-opens=java.prefs/java.util.prefs=ALL-UNNAMED --add-exports=jdk.compiler/com.sun.tools.javac.api=ALL-UNNAMED --add-exports=jdk.compiler/com.sun.tools.javac.util=ALL-UNNAMED --add-opens=java.base/java.util=ALL-UNNAMED --add-opens=java.prefs/java.util.prefs=ALL-UNNAMED --add-opens=java.base/java.nio.charset=ALL-UNNAMED --add-opens=java.base/java.net=ALL-UNNAMED --add-opens=java.base/java.util.concurrent=ALL-UNNAMED --add-opens=java.base/java.util.concurrent.atomic=ALL-UNNAMED --add-opens=java.xml/javax.xml.namespace=ALL-UNNAMED --add-opens=java.base/java.time=ALL-UNNAMED -Xmx2048m -Dfile.encoding=UTF-8 -Duser.country=IN -Duser.language=en -Duser.variant -javaagent:C:\Users\PC\.gradle\wrapper\dists\gradle-9.3.1-bin\23ovyewtku6u96viwx3xl3oks\gradle-9.3.1\lib\agents\gradle-instrumentation-agent-9.3.1.jar 
java_command: org.gradle.launcher.daemon.bootstrap.GradleDaemon 9.3.1
java_class_path (initial): C:\Users\PC\.gradle\wrapper\dists\gradle-9.3.1-bin\23ovyewtku6u96viwx3xl3oks\gradle-9.3.1\lib\gradle-daemon-main-9.3.1.jar
Launcher Type: SUN_STANDARD

[Global flags]
     intx CICompilerCount                          = 3                                         {product} {ergonomic}
     uint ConcGCThreads                            = 1                                         {product} {ergonomic}
     uint G1ConcRefinementThreads                  = 4                                         {product} {ergonomic}
   size_t G1HeapRegionSize                         = 1048576                                   {product} {ergonomic}
    uintx GCDrainStackTargetSize                   = 64                                        {product} {ergonomic}
   size_t InitialHeapSize                          = 134217728                                 {product} {ergonomic}
   size_t MarkStackSize                            = 4194304                                   {product} {ergonomic}
   size_t MaxHeapSize                              = 2147483648                                {product} {command line}
   size_t MaxNewSize                               = 1287651328                                {product} {ergonomic}
   size_t MinHeapDeltaBytes                        = 1048576                                   {product} {ergonomic}
   size_t MinHeapSize                              = 8388608                                   {product} {ergonomic}
    uintx NonNMethodCodeHeapSize                   = 5832780                                {pd product} {ergonomic}
    uintx NonProfiledCodeHeapSize                  = 122912730                              {pd product} {ergonomic}
    uintx ProfiledCodeHeapSize                     = 122912730                              {pd product} {ergonomic}
    uintx ReservedCodeCacheSize                    = 251658240                              {pd product} {ergonomic}
     bool SegmentedCodeCache                       = true                                      {product} {ergonomic}
   size_t SoftMaxHeapSize                          = 2147483648                             {manageable} {ergonomic}
     bool UseCompressedClassPointers               = true                           {product lp64_product} {ergonomic}
     bool UseCompressedOops                        = true                           {product lp64_product} {ergonomic}
     bool UseG1GC                                  = true                                      {product} {ergonomic}
     bool UseLargePagesIndividualAllocation        = false                                  {pd product} {ergonomic}

Logging:
Log output configuration:
 #0: stdout all=warning uptime,level,tags
 #1: stderr all=off uptime,level,tags

Environment Variables:
JAVA_HOME=C:\Program Files\Microsoft\jdk-17.0.18.8-hotspot
PATH=C:\Windows\system32;C:\Windows;C:\Windows\System32\Wbem;C:\Windows\System32\WindowsPowerShell\v1.0\;C:\Windows\System32\OpenSSH\;C:\Users\PC\AppData\Local\Android\Sdk\platforms;C:\Users\PC\AppData\Local\Android\Sdk\build-tools;C:\Users\PC\AppData\Local\Android\Sdk\emulator;C:\Users\PC\AppData\Local\Android\Sdk\platform-tools;C:\Program Files\Microsoft\jdk-17.0.18.8-hotspot;C:\Users\PC\AppData\Local\Android\Sdk;C:\Program Files\Microsoft\jdk-17.0.18.8-hotspot\bin;C:\Program Files\Microsoft SQL Server\170\Tools\Binn\;C:\Program Files\Microsoft SQL Server\Client SDK\ODBC\170\Tools\Binn\;C:\Program Files\dotnet\;C:\Users\PC\AppData\Local\nvm;C:\nvm4w\nodejs;C:\Program Files (x86)\Microsoft SQL Server\150\DTS\Binn\;C:\Users\PC\AppData\Local\Microsoft\WindowsApps;C:\Users\PC\AppData\Local\Programs\Microsoft VS Code\bin;C:\Users\PC\AppData\Local\Android\Sdk\platform-tools;C:\Program Files\Microsoft\jdk-17.0.18.8-hotspot;C:\Users\PC\AppData\Local\Android\Sdk;C:\Users\PC\AppData\Local\Android\Sdk\emulator;C:\Users\PC\AppData\Local\Android\Sdk\build-tools;C:\Users\PC\AppData\Local\Android\Sdk\platforms;C:\Program Files\Microsoft\jdk-17.0.18.8-hotspot\bin;C:\Users\PC\.dotnet\tools;C:\Users\PC\AppData\Local\nvm;C:\nvm4w\nodejs
USERNAME=PC
OS=Windows_NT
PROCESSOR_IDENTIFIER=Intel64 Family 6 Model 94 Stepping 3, GenuineIntel
TMP=C:\Users\PC\AppData\Local\Temp
TEMP=C:\Users\PC\AppData\Local\Temp



Periodic native trim disabled


---------------  S Y S T E M  ---------------

OS:
 Windows 10 , 64 bit Build 19041 (10.0.19041.5915)
OS uptime: 0 days 0:33 hours

CPU: total 4 (initial active 4) (4 cores per cpu, 1 threads per core) family 6 model 94 stepping 3 microcode 0xcc, cx8, cmov, fxsr, mmx, 3dnowpref, sse, sse2, sse3, ssse3, sse4.1, sse4.2, popcnt, lzcnt, tsc, tscinvbit, avx, avx2, aes, erms, clmul, bmi1, bmi2, adx, fma, vzeroupper, clflush, clflushopt
Processor Information for the first 4 processors :
  Max Mhz: 2712, Current Mhz: 2712, Mhz Limit: 2712

Memory: 4k page, system-wide physical 8072M (621M free)
TotalPageFile size 18312M (AvailPageFile size 9475M)
current process WorkingSet (physical memory assigned to process): 1316M, peak: 1324M
current process commit charge ("private bytes"): 1494M, peak: 1502M

vm_info: OpenJDK 64-Bit Server VM (17.0.18+8-LTS) for windows-amd64 JRE (17.0.18+8-LTS), built on Jan 15 2026 18:50:45 by "MicrosoftCorporation" with MS VC++ 17.14 (VS2022)

END.
